  0
SECTION
  2
BLOCKS
  0
ENDSEC
  0
SECTION
  2
ENTITIES
  0
LINE
  8
0
 10
120.65
 20
49.81
 11
82.65
 21
49.81
  0
LINE
  8
0
 10
82.65
 20
49.81
 11
82.65
 21
101.6
  0
LINE
  8
0
 10
82.65
 20
101.6
 11
-120.65
 21
101.6
  0
LINE
  8
0
 10
-120.65
 20
101.6
 11
-120.65
 21
-101.6
  0
LINE
  8
0
 10
-120.65
 20
-101.6
 11
120.65
 21
-101.6
  0
LINE
  8
0
 10
120.65
 20
-101.6
 11
120.65
 21
49.81
  0
LINE
  8
0
 10
-101.931
 20
24.5065
 11
-102.135
 21
24.5258
  0
LINE
  8
0
 10
-102.135
 20
24.5258
 11
-102.339
 21
24.558
  0
LINE
  8
0
 10
-102.339
 20
24.558
 11
-102.539
 21
24.6029
  0
LINE
  8
0
 10
-102.539
 20
24.6029
 11
-102.737
 21
24.6603
  0
LINE
  8
0
 10
-102.737
 20
24.6603
 11
-102.931
 21
24.73
  0
LINE
  8
0
 10
-102.931
 20
24.73
 11
-103.119
 21
24.8117
  0
LINE
  8
0
 10
-103.119
 20
24.8117
 11
-103.303
 21
24.9051
  0
LINE
  8
0
 10
-103.303
 20
24.9051
 11
-103.48
 21
25.0098
  0
LINE
  8
0
 10
-103.48
 20
25.0098
 11
-103.65
 21
25.1255
  0
LINE
  8
0
 10
-103.65
 20
25.1255
 11
-103.813
 21
25.2516
  0
LINE
  8
0
 10
-103.813
 20
25.2516
 11
-103.967
 21
25.3876
  0
LINE
  8
0
 10
-103.967
 20
25.3876
 11
-104.112
 21
25.5331
  0
LINE
  8
0
 10
-104.112
 20
25.5331
 11
-104.248
 21
25.6874
  0
LINE
  8
0
 10
-104.248
 20
25.6874
 11
-104.375
 21
25.85
  0
LINE
  8
0
 10
-104.375
 20
25.85
 11
-104.49
 21
26.0202
  0
LINE
  8
0
 10
-104.49
 20
26.0202
 11
-104.595
 21
26.1973
  0
LINE
  8
0
 10
-104.595
 20
26.1973
 11
-104.688
 21
26.3806
  0
LINE
  8
0
 10
-104.688
 20
26.3806
 11
-104.77
 21
26.5694
  0
LINE
  8
0
 10
-104.77
 20
26.5694
 11
-104.84
 21
26.763
  0
LINE
  8
0
 10
-104.84
 20
26.763
 11
-104.897
 21
26.9605
  0
LINE
  8
0
 10
-104.897
 20
26.9605
 11
-104.942
 21
27.1613
  0
LINE
  8
0
 10
-104.942
 20
27.1613
 11
-104.974
 21
27.3645
  0
LINE
  8
0
 10
-104.974
 20
27.3645
 11
-104.994
 21
27.5694
  0
LINE
  8
0
 10
-104.994
 20
27.5694
 11
-105
 21
27.775
  0
LINE
  8
0
 10
-105
 20
27.775
 11
-104.994
 21
27.9806
  0
LINE
  8
0
 10
-104.994
 20
27.9806
 11
-104.974
 21
28.1855
  0
LINE
  8
0
 10
-104.974
 20
28.1855
 11
-104.942
 21
28.3887
  0
LINE
  8
0
 10
-104.942
 20
28.3887
 11
-104.897
 21
28.5894
  0
LINE
  8
0
 10
-104.897
 20
28.5894
 11
-104.84
 21
28.787
  0
LINE
  8
0
 10
-104.84
 20
28.787
 11
-104.77
 21
28.9806
  0
LINE
  8
0
 10
-104.77
 20
28.9806
 11
-104.688
 21
29.1694
  0
LINE
  8
0
 10
-104.688
 20
29.1694
 11
-104.595
 21
29.3527
  0
LINE
  8
0
 10
-104.595
 20
29.3527
 11
-104.49
 21
29.5298
  0
LINE
  8
0
 10
-104.49
 20
29.5298
 11
-104.375
 21
29.7
  0
LINE
  8
0
 10
-104.375
 20
29.7
 11
-104.248
 21
29.8625
  0
LINE
  8
0
 10
-104.248
 20
29.8625
 11
-104.112
 21
30.0169
  0
LINE
  8
0
 10
-104.112
 20
30.0169
 11
-103.967
 21
30.1624
  0
LINE
  8
0
 10
-103.967
 20
30.1624
 11
-103.813
 21
30.2984
  0
LINE
  8
0
 10
-103.813
 20
30.2984
 11
-103.65
 21
30.4245
  0
LINE
  8
0
 10
-103.65
 20
30.4245
 11
-103.48
 21
30.5402
  0
LINE
  8
0
 10
-103.48
 20
30.5402
 11
-103.303
 21
30.6449
  0
LINE
  8
0
 10
-103.303
 20
30.6449
 11
-103.119
 21
30.7383
  0
LINE
  8
0
 10
-103.119
 20
30.7383
 11
-102.931
 21
30.82
  0
LINE
  8
0
 10
-102.931
 20
30.82
 11
-102.737
 21
30.8897
  0
LINE
  8
0
 10
-102.737
 20
30.8897
 11
-102.539
 21
30.9471
  0
LINE
  8
0
 10
-102.539
 20
30.9471
 11
-102.339
 21
30.992
  0
LINE
  8
0
 10
-102.339
 20
30.992
 11
-102.135
 21
31.0242
  0
LINE
  8
0
 10
-102.135
 20
31.0242
 11
-101.931
 21
31.0435
  0
LINE
  8
0
 10
-101.931
 20
31.0435
 11
-101.725
 21
31.05
  0
LINE
  8
0
 10
-101.725
 20
31.05
 11
-101.519
 21
31.0435
  0
LINE
  8
0
 10
-101.519
 20
31.0435
 11
-101.315
 21
31.0242
  0
LINE
  8
0
 10
-101.315
 20
31.0242
 11
-101.111
 21
30.992
  0
LINE
  8
0
 10
-101.111
 20
30.992
 11
-100.911
 21
30.9471
  0
LINE
  8
0
 10
-100.911
 20
30.9471
 11
-100.713
 21
30.8897
  0
LINE
  8
0
 10
-100.713
 20
30.8897
 11
-100.519
 21
30.82
  0
LINE
  8
0
 10
-100.519
 20
30.82
 11
-100.331
 21
30.7383
  0
LINE
  8
0
 10
-100.331
 20
30.7383
 11
-100.147
 21
30.6449
  0
LINE
  8
0
 10
-100.147
 20
30.6449
 11
-99.9702
 21
30.5402
  0
LINE
  8
0
 10
-99.9702
 20
30.5402
 11
-99.8
 21
30.4245
  0
LINE
  8
0
 10
-99.8
 20
30.4245
 11
-99.6374
 21
30.2984
  0
LINE
  8
0
 10
-99.6374
 20
30.2984
 11
-99.4831
 21
30.1624
  0
LINE
  8
0
 10
-99.4831
 20
30.1624
 11
-99.3376
 21
30.0169
  0
LINE
  8
0
 10
-99.3376
 20
30.0169
 11
-99.2016
 21
29.8625
  0
LINE
  8
0
 10
-99.2016
 20
29.8625
 11
-99.0755
 21
29.7
  0
LINE
  8
0
 10
-99.0755
 20
29.7
 11
-98.9598
 21
29.5298
  0
LINE
  8
0
 10
-98.9598
 20
29.5298
 11
-98.8551
 21
29.3527
  0
LINE
  8
0
 10
-98.8551
 20
29.3527
 11
-98.7617
 21
29.1694
  0
LINE
  8
0
 10
-98.7617
 20
29.1694
 11
-98.68
 21
28.9806
  0
LINE
  8
0
 10
-98.68
 20
28.9806
 11
-98.6103
 21
28.787
  0
LINE
  8
0
 10
-98.6103
 20
28.787
 11
-98.5529
 21
28.5894
  0
LINE
  8
0
 10
-98.5529
 20
28.5894
 11
-98.508
 21
28.3887
  0
LINE
  8
0
 10
-98.508
 20
28.3887
 11
-98.4758
 21
28.1855
  0
LINE
  8
0
 10
-98.4758
 20
28.1855
 11
-98.4565
 21
27.9806
  0
LINE
  8
0
 10
-98.4565
 20
27.9806
 11
-98.45
 21
27.775
  0
LINE
  8
0
 10
-98.45
 20
27.775
 11
-98.4565
 21
27.5694
  0
LINE
  8
0
 10
-98.4565
 20
27.5694
 11
-98.4758
 21
27.3645
  0
LINE
  8
0
 10
-98.4758
 20
27.3645
 11
-98.508
 21
27.1613
  0
LINE
  8
0
 10
-98.508
 20
27.1613
 11
-98.5529
 21
26.9605
  0
LINE
  8
0
 10
-98.5529
 20
26.9605
 11
-98.6103
 21
26.763
  0
LINE
  8
0
 10
-98.6103
 20
26.763
 11
-98.68
 21
26.5694
  0
LINE
  8
0
 10
-98.68
 20
26.5694
 11
-98.7617
 21
26.3806
  0
LINE
  8
0
 10
-98.7617
 20
26.3806
 11
-98.8551
 21
26.1973
  0
LINE
  8
0
 10
-98.8551
 20
26.1973
 11
-98.9598
 21
26.0202
  0
LINE
  8
0
 10
-98.9598
 20
26.0202
 11
-99.0755
 21
25.85
  0
LINE
  8
0
 10
-99.0755
 20
25.85
 11
-99.2016
 21
25.6874
  0
LINE
  8
0
 10
-99.2016
 20
25.6874
 11
-99.3376
 21
25.5331
  0
LINE
  8
0
 10
-99.3376
 20
25.5331
 11
-99.4831
 21
25.3876
  0
LINE
  8
0
 10
-99.4831
 20
25.3876
 11
-99.6374
 21
25.2516
  0
LINE
  8
0
 10
-99.6374
 20
25.2516
 11
-99.8
 21
25.1255
  0
LINE
  8
0
 10
-99.8
 20
25.1255
 11
-99.9702
 21
25.0098
  0
LINE
  8
0
 10
-99.9702
 20
25.0098
 11
-100.147
 21
24.9051
  0
LINE
  8
0
 10
-100.147
 20
24.9051
 11
-100.331
 21
24.8117
  0
LINE
  8
0
 10
-100.331
 20
24.8117
 11
-100.519
 21
24.73
  0
LINE
  8
0
 10
-100.519
 20
24.73
 11
-100.713
 21
24.6603
  0
LINE
  8
0
 10
-100.713
 20
24.6603
 11
-100.911
 21
24.6029
  0
LINE
  8
0
 10
-100.911
 20
24.6029
 11
-101.111
 21
24.558
  0
LINE
  8
0
 10
-101.111
 20
24.558
 11
-101.315
 21
24.5258
  0
LINE
  8
0
 10
-101.315
 20
24.5258
 11
-101.519
 21
24.5065
  0
LINE
  8
0
 10
-101.519
 20
24.5065
 11
-101.725
 21
24.5
  0
LINE
  8
0
 10
-101.725
 20
24.5
 11
-101.931
 21
24.5065
  0
LINE
  8
0
 10
-101.931
 20
-31.6435
 11
-102.135
 21
-31.6242
  0
LINE
  8
0
 10
-102.135
 20
-31.6242
 11
-102.339
 21
-31.592
  0
LINE
  8
0
 10
-102.339
 20
-31.592
 11
-102.539
 21
-31.5471
  0
LINE
  8
0
 10
-102.539
 20
-31.5471
 11
-102.737
 21
-31.4897
  0
LINE
  8
0
 10
-102.737
 20
-31.4897
 11
-102.931
 21
-31.42
  0
LINE
  8
0
 10
-102.931
 20
-31.42
 11
-103.119
 21
-31.3383
  0
LINE
  8
0
 10
-103.119
 20
-31.3383
 11
-103.303
 21
-31.2449
  0
LINE
  8
0
 10
-103.303
 20
-31.2449
 11
-103.48
 21
-31.1402
  0
LINE
  8
0
 10
-103.48
 20
-31.1402
 11
-103.65
 21
-31.0245
  0
LINE
  8
0
 10
-103.65
 20
-31.0245
 11
-103.813
 21
-30.8984
  0
LINE
  8
0
 10
-103.813
 20
-30.8984
 11
-103.967
 21
-30.7624
  0
LINE
  8
0
 10
-103.967
 20
-30.7624
 11
-104.112
 21
-30.6169
  0
LINE
  8
0
 10
-104.112
 20
-30.6169
 11
-104.248
 21
-30.4626
  0
LINE
  8
0
 10
-104.248
 20
-30.4626
 11
-104.375
 21
-30.3
  0
LINE
  8
0
 10
-104.375
 20
-30.3
 11
-104.49
 21
-30.1298
  0
LINE
  8
0
 10
-104.49
 20
-30.1298
 11
-104.595
 21
-29.9527
  0
LINE
  8
0
 10
-104.595
 20
-29.9527
 11
-104.688
 21
-29.7694
  0
LINE
  8
0
 10
-104.688
 20
-29.7694
 11
-104.77
 21
-29.5806
  0
LINE
  8
0
 10
-104.77
 20
-29.5806
 11
-104.84
 21
-29.387
  0
LINE
  8
0
 10
-104.84
 20
-29.387
 11
-104.897
 21
-29.1895
  0
LINE
  8
0
 10
-104.897
 20
-29.1895
 11
-104.942
 21
-28.9887
  0
LINE
  8
0
 10
-104.942
 20
-28.9887
 11
-104.974
 21
-28.7855
  0
LINE
  8
0
 10
-104.974
 20
-28.7855
 11
-104.994
 21
-28.5806
  0
LINE
  8
0
 10
-104.994
 20
-28.5806
 11
-105
 21
-28.375
  0
LINE
  8
0
 10
-105
 20
-28.375
 11
-104.994
 21
-28.1694
  0
LINE
  8
0
 10
-104.994
 20
-28.1694
 11
-104.974
 21
-27.9645
  0
LINE
  8
0
 10
-104.974
 20
-27.9645
 11
-104.942
 21
-27.7613
  0
LINE
  8
0
 10
-104.942
 20
-27.7613
 11
-104.897
 21
-27.5605
  0
LINE
  8
0
 10
-104.897
 20
-27.5605
 11
-104.84
 21
-27.363
  0
LINE
  8
0
 10
-104.84
 20
-27.363
 11
-104.77
 21
-27.1694
  0
LINE
  8
0
 10
-104.77
 20
-27.1694
 11
-104.688
 21
-26.9806
  0
LINE
  8
0
 10
-104.688
 20
-26.9806
 11
-104.595
 21
-26.7973
  0
LINE
  8
0
 10
-104.595
 20
-26.7973
 11
-104.49
 21
-26.6202
  0
LINE
  8
0
 10
-104.49
 20
-26.6202
 11
-104.375
 21
-26.45
  0
LINE
  8
0
 10
-104.375
 20
-26.45
 11
-104.248
 21
-26.2874
  0
LINE
  8
0
 10
-104.248
 20
-26.2874
 11
-104.112
 21
-26.1331
  0
LINE
  8
0
 10
-104.112
 20
-26.1331
 11
-103.967
 21
-25.9876
  0
LINE
  8
0
 10
-103.967
 20
-25.9876
 11
-103.813
 21
-25.8516
  0
LINE
  8
0
 10
-103.813
 20
-25.8516
 11
-103.65
 21
-25.7255
  0
LINE
  8
0
 10
-103.65
 20
-25.7255
 11
-103.48
 21
-25.6098
  0
LINE
  8
0
 10
-103.48
 20
-25.6098
 11
-103.303
 21
-25.5051
  0
LINE
  8
0
 10
-103.303
 20
-25.5051
 11
-103.119
 21
-25.4117
  0
LINE
  8
0
 10
-103.119
 20
-25.4117
 11
-102.931
 21
-25.33
  0
LINE
  8
0
 10
-102.931
 20
-25.33
 11
-102.737
 21
-25.2603
  0
LINE
  8
0
 10
-102.737
 20
-25.2603
 11
-102.539
 21
-25.2029
  0
LINE
  8
0
 10
-102.539
 20
-25.2029
 11
-102.339
 21
-25.158
  0
LINE
  8
0
 10
-102.339
 20
-25.158
 11
-102.135
 21
-25.1258
  0
LINE
  8
0
 10
-102.135
 20
-25.1258
 11
-101.931
 21
-25.1065
  0
LINE
  8
0
 10
-101.931
 20
-25.1065
 11
-101.725
 21
-25.1
  0
LINE
  8
0
 10
-101.725
 20
-25.1
 11
-101.519
 21
-25.1065
  0
LINE
  8
0
 10
-101.519
 20
-25.1065
 11
-101.315
 21
-25.1258
  0
LINE
  8
0
 10
-101.315
 20
-25.1258
 11
-101.111
 21
-25.158
  0
LINE
  8
0
 10
-101.111
 20
-25.158
 11
-100.911
 21
-25.2029
  0
LINE
  8
0
 10
-100.911
 20
-25.2029
 11
-100.713
 21
-25.2603
  0
LINE
  8
0
 10
-100.713
 20
-25.2603
 11
-100.519
 21
-25.33
  0
LINE
  8
0
 10
-100.519
 20
-25.33
 11
-100.331
 21
-25.4117
  0
LINE
  8
0
 10
-100.331
 20
-25.4117
 11
-100.147
 21
-25.5051
  0
LINE
  8
0
 10
-100.147
 20
-25.5051
 11
-99.9702
 21
-25.6098
  0
LINE
  8
0
 10
-99.9702
 20
-25.6098
 11
-99.8
 21
-25.7255
  0
LINE
  8
0
 10
-99.8
 20
-25.7255
 11
-99.6374
 21
-25.8516
  0
LINE
  8
0
 10
-99.6374
 20
-25.8516
 11
-99.4831
 21
-25.9876
  0
LINE
  8
0
 10
-99.4831
 20
-25.9876
 11
-99.3376
 21
-26.1331
  0
LINE
  8
0
 10
-99.3376
 20
-26.1331
 11
-99.2016
 21
-26.2874
  0
LINE
  8
0
 10
-99.2016
 20
-26.2874
 11
-99.0755
 21
-26.45
  0
LINE
  8
0
 10
-99.0755
 20
-26.45
 11
-98.9598
 21
-26.6202
  0
LINE
  8
0
 10
-98.9598
 20
-26.6202
 11
-98.8551
 21
-26.7973
  0
LINE
  8
0
 10
-98.8551
 20
-26.7973
 11
-98.7617
 21
-26.9806
  0
LINE
  8
0
 10
-98.7617
 20
-26.9806
 11
-98.68
 21
-27.1694
  0
LINE
  8
0
 10
-98.68
 20
-27.1694
 11
-98.6103
 21
-27.363
  0
LINE
  8
0
 10
-98.6103
 20
-27.363
 11
-98.5529
 21
-27.5605
  0
LINE
  8
0
 10
-98.5529
 20
-27.5605
 11
-98.508
 21
-27.7613
  0
LINE
  8
0
 10
-98.508
 20
-27.7613
 11
-98.4758
 21
-27.9645
  0
LINE
  8
0
 10
-98.4758
 20
-27.9645
 11
-98.4565
 21
-28.1694
  0
LINE
  8
0
 10
-98.4565
 20
-28.1694
 11
-98.45
 21
-28.375
  0
LINE
  8
0
 10
-98.45
 20
-28.375
 11
-98.4565
 21
-28.5806
  0
LINE
  8
0
 10
-98.4565
 20
-28.5806
 11
-98.4758
 21
-28.7855
  0
LINE
  8
0
 10
-98.4758
 20
-28.7855
 11
-98.508
 21
-28.9887
  0
LINE
  8
0
 10
-98.508
 20
-28.9887
 11
-98.5529
 21
-29.1895
  0
LINE
  8
0
 10
-98.5529
 20
-29.1895
 11
-98.6103
 21
-29.387
  0
LINE
  8
0
 10
-98.6103
 20
-29.387
 11
-98.68
 21
-29.5806
  0
LINE
  8
0
 10
-98.68
 20
-29.5806
 11
-98.7617
 21
-29.7694
  0
LINE
  8
0
 10
-98.7617
 20
-29.7694
 11
-98.8551
 21
-29.9527
  0
LINE
  8
0
 10
-98.8551
 20
-29.9527
 11
-98.9598
 21
-30.1298
  0
LINE
  8
0
 10
-98.9598
 20
-30.1298
 11
-99.0755
 21
-30.3
  0
LINE
  8
0
 10
-99.0755
 20
-30.3
 11
-99.2016
 21
-30.4626
  0
LINE
  8
0
 10
-99.2016
 20
-30.4626
 11
-99.3376
 21
-30.6169
  0
LINE
  8
0
 10
-99.3376
 20
-30.6169
 11
-99.4831
 21
-30.7624
  0
LINE
  8
0
 10
-99.4831
 20
-30.7624
 11
-99.6374
 21
-30.8984
  0
LINE
  8
0
 10
-99.6374
 20
-30.8984
 11
-99.8
 21
-31.0245
  0
LINE
  8
0
 10
-99.8
 20
-31.0245
 11
-99.9702
 21
-31.1402
  0
LINE
  8
0
 10
-99.9702
 20
-31.1402
 11
-100.147
 21
-31.2449
  0
LINE
  8
0
 10
-100.147
 20
-31.2449
 11
-100.331
 21
-31.3383
  0
LINE
  8
0
 10
-100.331
 20
-31.3383
 11
-100.519
 21
-31.42
  0
LINE
  8
0
 10
-100.519
 20
-31.42
 11
-100.713
 21
-31.4897
  0
LINE
  8
0
 10
-100.713
 20
-31.4897
 11
-100.911
 21
-31.5471
  0
LINE
  8
0
 10
-100.911
 20
-31.5471
 11
-101.111
 21
-31.592
  0
LINE
  8
0
 10
-101.111
 20
-31.592
 11
-101.315
 21
-31.6242
  0
LINE
  8
0
 10
-101.315
 20
-31.6242
 11
-101.519
 21
-31.6435
  0
LINE
  8
0
 10
-101.519
 20
-31.6435
 11
-101.725
 21
-31.65
  0
LINE
  8
0
 10
-101.725
 20
-31.65
 11
-101.931
 21
-31.6435
  0
LINE
  8
0
 10
366.95
 20
49.81
 11
328.95
 21
49.81
  0
LINE
  8
0
 10
328.95
 20
49.81
 11
328.95
 21
101.6
  0
LINE
  8
0
 10
328.95
 20
101.6
 11
125.65
 21
101.6
  0
LINE
  8
0
 10
125.65
 20
101.6
 11
125.65
 21
-101.6
  0
LINE
  8
0
 10
125.65
 20
-101.6
 11
366.95
 21
-101.6
  0
LINE
  8
0
 10
366.95
 20
-101.6
 11
366.95
 21
49.81
  0
LINE
  8
0
 10
144.369
 20
24.5065
 11
144.165
 21
24.5258
  0
LINE
  8
0
 10
144.165
 20
24.5258
 11
143.961
 21
24.558
  0
LINE
  8
0
 10
143.961
 20
24.558
 11
143.761
 21
24.6029
  0
LINE
  8
0
 10
143.761
 20
24.6029
 11
143.563
 21
24.6603
  0
LINE
  8
0
 10
143.563
 20
24.6603
 11
143.369
 21
24.73
  0
LINE
  8
0
 10
143.369
 20
24.73
 11
143.181
 21
24.8117
  0
LINE
  8
0
 10
143.181
 20
24.8117
 11
142.997
 21
24.9051
  0
LINE
  8
0
 10
142.997
 20
24.9051
 11
142.82
 21
25.0098
  0
LINE
  8
0
 10
142.82
 20
25.0098
 11
142.65
 21
25.1255
  0
LINE
  8
0
 10
142.65
 20
25.1255
 11
142.487
 21
25.2516
  0
LINE
  8
0
 10
142.487
 20
25.2516
 11
142.333
 21
25.3876
  0
LINE
  8
0
 10
142.333
 20
25.3876
 11
142.188
 21
25.5331
  0
LINE
  8
0
 10
142.188
 20
25.5331
 11
142.052
 21
25.6874
  0
LINE
  8
0
 10
142.052
 20
25.6874
 11
141.925
 21
25.85
  0
LINE
  8
0
 10
141.925
 20
25.85
 11
141.81
 21
26.0202
  0
LINE
  8
0
 10
141.81
 20
26.0202
 11
141.705
 21
26.1973
  0
LINE
  8
0
 10
141.705
 20
26.1973
 11
141.612
 21
26.3806
  0
LINE
  8
0
 10
141.612
 20
26.3806
 11
141.53
 21
26.5694
  0
LINE
  8
0
 10
141.53
 20
26.5694
 11
141.46
 21
26.763
  0
LINE
  8
0
 10
141.46
 20
26.763
 11
141.403
 21
26.9605
  0
LINE
  8
0
 10
141.403
 20
26.9605
 11
141.358
 21
27.1613
  0
LINE
  8
0
 10
141.358
 20
27.1613
 11
141.326
 21
27.3645
  0
LINE
  8
0
 10
141.326
 20
27.3645
 11
141.306
 21
27.5694
  0
LINE
  8
0
 10
141.306
 20
27.5694
 11
141.3
 21
27.775
  0
LINE
  8
0
 10
141.3
 20
27.775
 11
141.306
 21
27.9806
  0
LINE
  8
0
 10
141.306
 20
27.9806
 11
141.326
 21
28.1855
  0
LINE
  8
0
 10
141.326
 20
28.1855
 11
141.358
 21
28.3887
  0
LINE
  8
0
 10
141.358
 20
28.3887
 11
141.403
 21
28.5894
  0
LINE
  8
0
 10
141.403
 20
28.5894
 11
141.46
 21
28.787
  0
LINE
  8
0
 10
141.46
 20
28.787
 11
141.53
 21
28.9806
  0
LINE
  8
0
 10
141.53
 20
28.9806
 11
141.612
 21
29.1694
  0
LINE
  8
0
 10
141.612
 20
29.1694
 11
141.705
 21
29.3527
  0
LINE
  8
0
 10
141.705
 20
29.3527
 11
141.81
 21
29.5298
  0
LINE
  8
0
 10
141.81
 20
29.5298
 11
141.925
 21
29.7
  0
LINE
  8
0
 10
141.925
 20
29.7
 11
142.052
 21
29.8625
  0
LINE
  8
0
 10
142.052
 20
29.8625
 11
142.188
 21
30.0169
  0
LINE
  8
0
 10
142.188
 20
30.0169
 11
142.333
 21
30.1624
  0
LINE
  8
0
 10
142.333
 20
30.1624
 11
142.487
 21
30.2984
  0
LINE
  8
0
 10
142.487
 20
30.2984
 11
142.65
 21
30.4245
  0
LINE
  8
0
 10
142.65
 20
30.4245
 11
142.82
 21
30.5402
  0
LINE
  8
0
 10
142.82
 20
30.5402
 11
142.997
 21
30.6449
  0
LINE
  8
0
 10
142.997
 20
30.6449
 11
143.181
 21
30.7383
  0
LINE
  8
0
 10
143.181
 20
30.7383
 11
143.369
 21
30.82
  0
LINE
  8
0
 10
143.369
 20
30.82
 11
143.563
 21
30.8897
  0
LINE
  8
0
 10
143.563
 20
30.8897
 11
143.761
 21
30.9471
  0
LINE
  8
0
 10
143.761
 20
30.9471
 11
143.961
 21
30.992
  0
LINE
  8
0
 10
143.961
 20
30.992
 11
144.165
 21
31.0242
  0
LINE
  8
0
 10
144.165
 20
31.0242
 11
144.369
 21
31.0435
  0
LINE
  8
0
 10
144.369
 20
31.0435
 11
144.575
 21
31.05
  0
LINE
  8
0
 10
144.575
 20
31.05
 11
144.781
 21
31.0435
  0
LINE
  8
0
 10
144.781
 20
31.0435
 11
144.985
 21
31.0242
  0
LINE
  8
0
 10
144.985
 20
31.0242
 11
145.189
 21
30.992
  0
LINE
  8
0
 10
145.189
 20
30.992
 11
145.389
 21
30.9471
  0
LINE
  8
0
 10
145.389
 20
30.9471
 11
145.587
 21
30.8897
  0
LINE
  8
0
 10
145.587
 20
30.8897
 11
145.781
 21
30.82
  0
LINE
  8
0
 10
145.781
 20
30.82
 11
145.969
 21
30.7383
  0
LINE
  8
0
 10
145.969
 20
30.7383
 11
146.153
 21
30.6449
  0
LINE
  8
0
 10
146.153
 20
30.6449
 11
146.33
 21
30.5402
  0
LINE
  8
0
 10
146.33
 20
30.5402
 11
146.5
 21
30.4245
  0
LINE
  8
0
 10
146.5
 20
30.4245
 11
146.663
 21
30.2984
  0
LINE
  8
0
 10
146.663
 20
30.2984
 11
146.817
 21
30.1624
  0
LINE
  8
0
 10
146.817
 20
30.1624
 11
146.962
 21
30.0169
  0
LINE
  8
0
 10
146.962
 20
30.0169
 11
147.098
 21
29.8625
  0
LINE
  8
0
 10
147.098
 20
29.8625
 11
147.225
 21
29.7
  0
LINE
  8
0
 10
147.225
 20
29.7
 11
147.34
 21
29.5298
  0
LINE
  8
0
 10
147.34
 20
29.5298
 11
147.445
 21
29.3527
  0
LINE
  8
0
 10
147.445
 20
29.3527
 11
147.538
 21
29.1694
  0
LINE
  8
0
 10
147.538
 20
29.1694
 11
147.62
 21
28.9806
  0
LINE
  8
0
 10
147.62
 20
28.9806
 11
147.69
 21
28.787
  0
LINE
  8
0
 10
147.69
 20
28.787
 11
147.747
 21
28.5894
  0
LINE
  8
0
 10
147.747
 20
28.5894
 11
147.792
 21
28.3887
  0
LINE
  8
0
 10
147.792
 20
28.3887
 11
147.824
 21
28.1855
  0
LINE
  8
0
 10
147.824
 20
28.1855
 11
147.844
 21
27.9806
  0
LINE
  8
0
 10
147.844
 20
27.9806
 11
147.85
 21
27.775
  0
LINE
  8
0
 10
147.85
 20
27.775
 11
147.844
 21
27.5694
  0
LINE
  8
0
 10
147.844
 20
27.5694
 11
147.824
 21
27.3645
  0
LINE
  8
0
 10
147.824
 20
27.3645
 11
147.792
 21
27.1613
  0
LINE
  8
0
 10
147.792
 20
27.1613
 11
147.747
 21
26.9605
  0
LINE
  8
0
 10
147.747
 20
26.9605
 11
147.69
 21
26.763
  0
LINE
  8
0
 10
147.69
 20
26.763
 11
147.62
 21
26.5694
  0
LINE
  8
0
 10
147.62
 20
26.5694
 11
147.538
 21
26.3806
  0
LINE
  8
0
 10
147.538
 20
26.3806
 11
147.445
 21
26.1973
  0
LINE
  8
0
 10
147.445
 20
26.1973
 11
147.34
 21
26.0202
  0
LINE
  8
0
 10
147.34
 20
26.0202
 11
147.225
 21
25.85
  0
LINE
  8
0
 10
147.225
 20
25.85
 11
147.098
 21
25.6874
  0
LINE
  8
0
 10
147.098
 20
25.6874
 11
146.962
 21
25.5331
  0
LINE
  8
0
 10
146.962
 20
25.5331
 11
146.817
 21
25.3876
  0
LINE
  8
0
 10
146.817
 20
25.3876
 11
146.663
 21
25.2516
  0
LINE
  8
0
 10
146.663
 20
25.2516
 11
146.5
 21
25.1255
  0
LINE
  8
0
 10
146.5
 20
25.1255
 11
146.33
 21
25.0098
  0
LINE
  8
0
 10
146.33
 20
25.0098
 11
146.153
 21
24.9051
  0
LINE
  8
0
 10
146.153
 20
24.9051
 11
145.969
 21
24.8117
  0
LINE
  8
0
 10
145.969
 20
24.8117
 11
145.781
 21
24.73
  0
LINE
  8
0
 10
145.781
 20
24.73
 11
145.587
 21
24.6603
  0
LINE
  8
0
 10
145.587
 20
24.6603
 11
145.389
 21
24.6029
  0
LINE
  8
0
 10
145.389
 20
24.6029
 11
145.189
 21
24.558
  0
LINE
  8
0
 10
145.189
 20
24.558
 11
144.985
 21
24.5258
  0
LINE
  8
0
 10
144.985
 20
24.5258
 11
144.781
 21
24.5065
  0
LINE
  8
0
 10
144.781
 20
24.5065
 11
144.575
 21
24.5
  0
LINE
  8
0
 10
144.575
 20
24.5
 11
144.369
 21
24.5065
  0
LINE
  8
0
 10
144.369
 20
-31.6435
 11
144.165
 21
-31.6242
  0
LINE
  8
0
 10
144.165
 20
-31.6242
 11
143.961
 21
-31.592
  0
LINE
  8
0
 10
143.961
 20
-31.592
 11
143.761
 21
-31.5471
  0
LINE
  8
0
 10
143.761
 20
-31.5471
 11
143.563
 21
-31.4897
  0
LINE
  8
0
 10
143.563
 20
-31.4897
 11
143.369
 21
-31.42
  0
LINE
  8
0
 10
143.369
 20
-31.42
 11
143.181
 21
-31.3383
  0
LINE
  8
0
 10
143.181
 20
-31.3383
 11
142.997
 21
-31.2449
  0
LINE
  8
0
 10
142.997
 20
-31.2449
 11
142.82
 21
-31.1402
  0
LINE
  8
0
 10
142.82
 20
-31.1402
 11
142.65
 21
-31.0245
  0
LINE
  8
0
 10
142.65
 20
-31.0245
 11
142.487
 21
-30.8984
  0
LINE
  8
0
 10
142.487
 20
-30.8984
 11
142.333
 21
-30.7624
  0
LINE
  8
0
 10
142.333
 20
-30.7624
 11
142.188
 21
-30.6169
  0
LINE
  8
0
 10
142.188
 20
-30.6169
 11
142.052
 21
-30.4626
  0
LINE
  8
0
 10
142.052
 20
-30.4626
 11
141.925
 21
-30.3
  0
LINE
  8
0
 10
141.925
 20
-30.3
 11
141.81
 21
-30.1298
  0
LINE
  8
0
 10
141.81
 20
-30.1298
 11
141.705
 21
-29.9527
  0
LINE
  8
0
 10
141.705
 20
-29.9527
 11
141.612
 21
-29.7694
  0
LINE
  8
0
 10
141.612
 20
-29.7694
 11
141.53
 21
-29.5806
  0
LINE
  8
0
 10
141.53
 20
-29.5806
 11
141.46
 21
-29.387
  0
LINE
  8
0
 10
141.46
 20
-29.387
 11
141.403
 21
-29.1895
  0
LINE
  8
0
 10
141.403
 20
-29.1895
 11
141.358
 21
-28.9887
  0
LINE
  8
0
 10
141.358
 20
-28.9887
 11
141.326
 21
-28.7855
  0
LINE
  8
0
 10
141.326
 20
-28.7855
 11
141.306
 21
-28.5806
  0
LINE
  8
0
 10
141.306
 20
-28.5806
 11
141.3
 21
-28.375
  0
LINE
  8
0
 10
141.3
 20
-28.375
 11
141.306
 21
-28.1694
  0
LINE
  8
0
 10
141.306
 20
-28.1694
 11
141.326
 21
-27.9645
  0
LINE
  8
0
 10
141.326
 20
-27.9645
 11
141.358
 21
-27.7613
  0
LINE
  8
0
 10
141.358
 20
-27.7613
 11
141.403
 21
-27.5605
  0
LINE
  8
0
 10
141.403
 20
-27.5605
 11
141.46
 21
-27.363
  0
LINE
  8
0
 10
141.46
 20
-27.363
 11
141.53
 21
-27.1694
  0
LINE
  8
0
 10
141.53
 20
-27.1694
 11
141.612
 21
-26.9806
  0
LINE
  8
0
 10
141.612
 20
-26.9806
 11
141.705
 21
-26.7973
  0
LINE
  8
0
 10
141.705
 20
-26.7973
 11
141.81
 21
-26.6202
  0
LINE
  8
0
 10
141.81
 20
-26.6202
 11
141.925
 21
-26.45
  0
LINE
  8
0
 10
141.925
 20
-26.45
 11
142.052
 21
-26.2874
  0
LINE
  8
0
 10
142.052
 20
-26.2874
 11
142.188
 21
-26.1331
  0
LINE
  8
0
 10
142.188
 20
-26.1331
 11
142.333
 21
-25.9876
  0
LINE
  8
0
 10
142.333
 20
-25.9876
 11
142.487
 21
-25.8516
  0
LINE
  8
0
 10
142.487
 20
-25.8516
 11
142.65
 21
-25.7255
  0
LINE
  8
0
 10
142.65
 20
-25.7255
 11
142.82
 21
-25.6098
  0
LINE
  8
0
 10
142.82
 20
-25.6098
 11
142.997
 21
-25.5051
  0
LINE
  8
0
 10
142.997
 20
-25.5051
 11
143.181
 21
-25.4117
  0
LINE
  8
0
 10
143.181
 20
-25.4117
 11
143.369
 21
-25.33
  0
LINE
  8
0
 10
143.369
 20
-25.33
 11
143.563
 21
-25.2603
  0
LINE
  8
0
 10
143.563
 20
-25.2603
 11
143.761
 21
-25.2029
  0
LINE
  8
0
 10
143.761
 20
-25.2029
 11
143.961
 21
-25.158
  0
LINE
  8
0
 10
143.961
 20
-25.158
 11
144.165
 21
-25.1258
  0
LINE
  8
0
 10
144.165
 20
-25.1258
 11
144.369
 21
-25.1065
  0
LINE
  8
0
 10
144.369
 20
-25.1065
 11
144.575
 21
-25.1
  0
LINE
  8
0
 10
144.575
 20
-25.1
 11
144.781
 21
-25.1065
  0
LINE
  8
0
 10
144.781
 20
-25.1065
 11
144.985
 21
-25.1258
  0
LINE
  8
0
 10
144.985
 20
-25.1258
 11
145.189
 21
-25.158
  0
LINE
  8
0
 10
145.189
 20
-25.158
 11
145.389
 21
-25.2029
  0
LINE
  8
0
 10
145.389
 20
-25.2029
 11
145.587
 21
-25.2603
  0
LINE
  8
0
 10
145.587
 20
-25.2603
 11
145.781
 21
-25.33
  0
LINE
  8
0
 10
145.781
 20
-25.33
 11
145.969
 21
-25.4117
  0
LINE
  8
0
 10
145.969
 20
-25.4117
 11
146.153
 21
-25.5051
  0
LINE
  8
0
 10
146.153
 20
-25.5051
 11
146.33
 21
-25.6098
  0
LINE
  8
0
 10
146.33
 20
-25.6098
 11
146.5
 21
-25.7255
  0
LINE
  8
0
 10
146.5
 20
-25.7255
 11
146.663
 21
-25.8516
  0
LINE
  8
0
 10
146.663
 20
-25.8516
 11
146.817
 21
-25.9876
  0
LINE
  8
0
 10
146.817
 20
-25.9876
 11
146.962
 21
-26.1331
  0
LINE
  8
0
 10
146.962
 20
-26.1331
 11
147.098
 21
-26.2874
  0
LINE
  8
0
 10
147.098
 20
-26.2874
 11
147.225
 21
-26.45
  0
LINE
  8
0
 10
147.225
 20
-26.45
 11
147.34
 21
-26.6202
  0
LINE
  8
0
 10
147.34
 20
-26.6202
 11
147.445
 21
-26.7973
  0
LINE
  8
0
 10
147.445
 20
-26.7973
 11
147.538
 21
-26.9806
  0
LINE
  8
0
 10
147.538
 20
-26.9806
 11
147.62
 21
-27.1694
  0
LINE
  8
0
 10
147.62
 20
-27.1694
 11
147.69
 21
-27.363
  0
LINE
  8
0
 10
147.69
 20
-27.363
 11
147.747
 21
-27.5605
  0
LINE
  8
0
 10
147.747
 20
-27.5605
 11
147.792
 21
-27.7613
  0
LINE
  8
0
 10
147.792
 20
-27.7613
 11
147.824
 21
-27.9645
  0
LINE
  8
0
 10
147.824
 20
-27.9645
 11
147.844
 21
-28.1694
  0
LINE
  8
0
 10
147.844
 20
-28.1694
 11
147.85
 21
-28.375
  0
LINE
  8
0
 10
147.85
 20
-28.375
 11
147.844
 21
-28.5806
  0
LINE
  8
0
 10
147.844
 20
-28.5806
 11
147.824
 21
-28.7855
  0
LINE
  8
0
 10
147.824
 20
-28.7855
 11
147.792
 21
-28.9887
  0
LINE
  8
0
 10
147.792
 20
-28.9887
 11
147.747
 21
-29.1895
  0
LINE
  8
0
 10
147.747
 20
-29.1895
 11
147.69
 21
-29.387
  0
LINE
  8
0
 10
147.69
 20
-29.387
 11
147.62
 21
-29.5806
  0
LINE
  8
0
 10
147.62
 20
-29.5806
 11
147.538
 21
-29.7694
  0
LINE
  8
0
 10
147.538
 20
-29.7694
 11
147.445
 21
-29.9527
  0
LINE
  8
0
 10
147.445
 20
-29.9527
 11
147.34
 21
-30.1298
  0
LINE
  8
0
 10
147.34
 20
-30.1298
 11
147.225
 21
-30.3
  0
LINE
  8
0
 10
147.225
 20
-30.3
 11
147.098
 21
-30.4626
  0
LINE
  8
0
 10
147.098
 20
-30.4626
 11
146.962
 21
-30.6169
  0
LINE
  8
0
 10
146.962
 20
-30.6169
 11
146.817
 21
-30.7624
  0
LINE
  8
0
 10
146.817
 20
-30.7624
 11
146.663
 21
-30.8984
  0
LINE
  8
0
 10
146.663
 20
-30.8984
 11
146.5
 21
-31.0245
  0
LINE
  8
0
 10
146.5
 20
-31.0245
 11
146.33
 21
-31.1402
  0
LINE
  8
0
 10
146.33
 20
-31.1402
 11
146.153
 21
-31.2449
  0
LINE
  8
0
 10
146.153
 20
-31.2449
 11
145.969
 21
-31.3383
  0
LINE
  8
0
 10
145.969
 20
-31.3383
 11
145.781
 21
-31.42
  0
LINE
  8
0
 10
145.781
 20
-31.42
 11
145.587
 21
-31.4897
  0
LINE
  8
0
 10
145.587
 20
-31.4897
 11
145.389
 21
-31.5471
  0
LINE
  8
0
 10
145.389
 20
-31.5471
 11
145.189
 21
-31.592
  0
LINE
  8
0
 10
145.189
 20
-31.592
 11
144.985
 21
-31.6242
  0
LINE
  8
0
 10
144.985
 20
-31.6242
 11
144.781
 21
-31.6435
  0
LINE
  8
0
 10
144.781
 20
-31.6435
 11
144.575
 21
-31.65
  0
LINE
  8
0
 10
144.575
 20
-31.65
 11
144.369
 21
-31.6435
  0
LINE
  8
0
 10
456.5
 20
101.6
 11
431.1
 21
101.6
  0
LINE
  8
0
 10
431.1
 20
101.6
 11
431.1
 21
0
  0
LINE
  8
0
 10
431.1
 20
0
 11
456.5
 21
0
  0
LINE
  8
0
 10
456.5
 20
0
 11
456.5
 21
101.6
  0
LINE
  8
0
 10
443.588
 20
85.5316
 11
443.377
 21
85.5516
  0
LINE
  8
0
 10
443.377
 20
85.5516
 11
443.168
 21
85.5848
  0
LINE
  8
0
 10
443.168
 20
85.5848
 11
442.961
 21
85.631
  0
LINE
  8
0
 10
442.961
 20
85.631
 11
442.757
 21
85.6902
  0
LINE
  8
0
 10
442.757
 20
85.6902
 11
442.558
 21
85.762
  0
LINE
  8
0
 10
442.558
 20
85.762
 11
442.363
 21
85.8462
  0
LINE
  8
0
 10
442.363
 20
85.8462
 11
442.174
 21
85.9424
  0
LINE
  8
0
 10
442.174
 20
85.9424
 11
441.992
 21
86.0504
  0
LINE
  8
0
 10
441.992
 20
86.0504
 11
441.816
 21
86.1695
  0
LINE
  8
0
 10
441.816
 20
86.1695
 11
441.649
 21
86.2995
  0
LINE
  8
0
 10
441.649
 20
86.2995
 11
441.49
 21
86.4397
  0
LINE
  8
0
 10
441.49
 20
86.4397
 11
441.34
 21
86.5896
  0
LINE
  8
0
 10
441.34
 20
86.5896
 11
441.2
 21
86.7487
  0
LINE
  8
0
 10
441.2
 20
86.7487
 11
441.07
 21
86.9162
  0
LINE
  8
0
 10
441.07
 20
86.9162
 11
440.95
 21
87.0916
  0
LINE
  8
0
 10
440.95
 20
87.0916
 11
440.842
 21
87.2741
  0
LINE
  8
0
 10
440.842
 20
87.2741
 11
440.746
 21
87.463
  0
LINE
  8
0
 10
440.746
 20
87.463
 11
440.662
 21
87.6576
  0
LINE
  8
0
 10
440.662
 20
87.6576
 11
440.59
 21
87.857
  0
LINE
  8
0
 10
440.59
 20
87.857
 11
440.531
 21
88.0607
  0
LINE
  8
0
 10
440.531
 20
88.0607
 11
440.485
 21
88.2676
  0
LINE
  8
0
 10
440.485
 20
88.2676
 11
440.452
 21
88.477
  0
LINE
  8
0
 10
440.452
 20
88.477
 11
440.432
 21
88.6881
  0
LINE
  8
0
 10
440.432
 20
88.6881
 11
440.425
 21
88.9
  0
LINE
  8
0
 10
440.425
 20
88.9
 11
440.432
 21
89.1119
  0
LINE
  8
0
 10
440.432
 20
89.1119
 11
440.452
 21
89.323
  0
LINE
  8
0
 10
440.452
 20
89.323
 11
440.485
 21
89.5324
  0
LINE
  8
0
 10
440.485
 20
89.5324
 11
440.531
 21
89.7393
  0
LINE
  8
0
 10
440.531
 20
89.7393
 11
440.59
 21
89.9429
  0
LINE
  8
0
 10
440.59
 20
89.9429
 11
440.662
 21
90.1424
  0
LINE
  8
0
 10
440.662
 20
90.1424
 11
440.746
 21
90.337
  0
LINE
  8
0
 10
440.746
 20
90.337
 11
440.842
 21
90.5259
  0
LINE
  8
0
 10
440.842
 20
90.5259
 11
440.95
 21
90.7084
  0
LINE
  8
0
 10
440.95
 20
90.7084
 11
441.07
 21
90.8838
  0
LINE
  8
0
 10
441.07
 20
90.8838
 11
441.2
 21
91.0513
  0
LINE
  8
0
 10
441.2
 20
91.0513
 11
441.34
 21
91.2103
  0
LINE
  8
0
 10
441.34
 20
91.2103
 11
441.49
 21
91.3602
  0
LINE
  8
0
 10
441.49
 20
91.3602
 11
441.649
 21
91.5005
  0
LINE
  8
0
 10
441.649
 20
91.5005
 11
441.816
 21
91.6304
  0
LINE
  8
0
 10
441.816
 20
91.6304
 11
441.992
 21
91.7496
  0
LINE
  8
0
 10
441.992
 20
91.7496
 11
442.174
 21
91.8575
  0
LINE
  8
0
 10
442.174
 20
91.8575
 11
442.363
 21
91.9538
  0
LINE
  8
0
 10
442.363
 20
91.9538
 11
442.558
 21
92.038
  0
LINE
  8
0
 10
442.558
 20
92.038
 11
442.757
 21
92.1098
  0
LINE
  8
0
 10
442.757
 20
92.1098
 11
442.961
 21
92.1689
  0
LINE
  8
0
 10
442.961
 20
92.1689
 11
443.168
 21
92.2152
  0
LINE
  8
0
 10
443.168
 20
92.2152
 11
443.377
 21
92.2484
  0
LINE
  8
0
 10
443.377
 20
92.2484
 11
443.588
 21
92.2683
  0
LINE
  8
0
 10
443.588
 20
92.2683
 11
443.8
 21
92.275
  0
LINE
  8
0
 10
443.8
 20
92.275
 11
444.012
 21
92.2683
  0
LINE
  8
0
 10
444.012
 20
92.2683
 11
444.223
 21
92.2484
  0
LINE
  8
0
 10
444.223
 20
92.2484
 11
444.432
 21
92.2152
  0
LINE
  8
0
 10
444.432
 20
92.2152
 11
444.639
 21
92.1689
  0
LINE
  8
0
 10
444.639
 20
92.1689
 11
444.843
 21
92.1098
  0
LINE
  8
0
 10
444.843
 20
92.1098
 11
445.042
 21
92.038
  0
LINE
  8
0
 10
445.042
 20
92.038
 11
445.237
 21
91.9538
  0
LINE
  8
0
 10
445.237
 20
91.9538
 11
445.426
 21
91.8575
  0
LINE
  8
0
 10
445.426
 20
91.8575
 11
445.608
 21
91.7496
  0
LINE
  8
0
 10
445.608
 20
91.7496
 11
445.784
 21
91.6304
  0
LINE
  8
0
 10
445.784
 20
91.6304
 11
445.951
 21
91.5005
  0
LINE
  8
0
 10
445.951
 20
91.5005
 11
446.11
 21
91.3602
  0
LINE
  8
0
 10
446.11
 20
91.3602
 11
446.26
 21
91.2103
  0
LINE
  8
0
 10
446.26
 20
91.2103
 11
446.4
 21
91.0513
  0
LINE
  8
0
 10
446.4
 20
91.0513
 11
446.53
 21
90.8838
  0
LINE
  8
0
 10
446.53
 20
90.8838
 11
446.65
 21
90.7084
  0
LINE
  8
0
 10
446.65
 20
90.7084
 11
446.758
 21
90.5259
  0
LINE
  8
0
 10
446.758
 20
90.5259
 11
446.854
 21
90.337
  0
LINE
  8
0
 10
446.854
 20
90.337
 11
446.938
 21
90.1424
  0
LINE
  8
0
 10
446.938
 20
90.1424
 11
447.01
 21
89.9429
  0
LINE
  8
0
 10
447.01
 20
89.9429
 11
447.069
 21
89.7393
  0
LINE
  8
0
 10
447.069
 20
89.7393
 11
447.115
 21
89.5324
  0
LINE
  8
0
 10
447.115
 20
89.5324
 11
447.148
 21
89.323
  0
LINE
  8
0
 10
447.148
 20
89.323
 11
447.168
 21
89.1119
  0
LINE
  8
0
 10
447.168
 20
89.1119
 11
447.175
 21
88.9
  0
LINE
  8
0
 10
447.175
 20
88.9
 11
447.168
 21
88.6881
  0
LINE
  8
0
 10
447.168
 20
88.6881
 11
447.148
 21
88.477
  0
LINE
  8
0
 10
447.148
 20
88.477
 11
447.115
 21
88.2676
  0
LINE
  8
0
 10
447.115
 20
88.2676
 11
447.069
 21
88.0607
  0
LINE
  8
0
 10
447.069
 20
88.0607
 11
447.01
 21
87.857
  0
LINE
  8
0
 10
447.01
 20
87.857
 11
446.938
 21
87.6576
  0
LINE
  8
0
 10
446.938
 20
87.6576
 11
446.854
 21
87.463
  0
LINE
  8
0
 10
446.854
 20
87.463
 11
446.758
 21
87.2741
  0
LINE
  8
0
 10
446.758
 20
87.2741
 11
446.65
 21
87.0916
  0
LINE
  8
0
 10
446.65
 20
87.0916
 11
446.53
 21
86.9162
  0
LINE
  8
0
 10
446.53
 20
86.9162
 11
446.4
 21
86.7487
  0
LINE
  8
0
 10
446.4
 20
86.7487
 11
446.26
 21
86.5896
  0
LINE
  8
0
 10
446.26
 20
86.5896
 11
446.11
 21
86.4397
  0
LINE
  8
0
 10
446.11
 20
86.4397
 11
445.951
 21
86.2995
  0
LINE
  8
0
 10
445.951
 20
86.2995
 11
445.784
 21
86.1695
  0
LINE
  8
0
 10
445.784
 20
86.1695
 11
445.608
 21
86.0504
  0
LINE
  8
0
 10
445.608
 20
86.0504
 11
445.426
 21
85.9424
  0
LINE
  8
0
 10
445.426
 20
85.9424
 11
445.237
 21
85.8462
  0
LINE
  8
0
 10
445.237
 20
85.8462
 11
445.042
 21
85.762
  0
LINE
  8
0
 10
445.042
 20
85.762
 11
444.843
 21
85.6902
  0
LINE
  8
0
 10
444.843
 20
85.6902
 11
444.639
 21
85.631
  0
LINE
  8
0
 10
444.639
 20
85.631
 11
444.432
 21
85.5848
  0
LINE
  8
0
 10
444.432
 20
85.5848
 11
444.223
 21
85.5516
  0
LINE
  8
0
 10
444.223
 20
85.5516
 11
444.012
 21
85.5316
  0
LINE
  8
0
 10
444.012
 20
85.5316
 11
443.8
 21
85.525
  0
LINE
  8
0
 10
443.8
 20
85.525
 11
443.588
 21
85.5316
  0
LINE
  8
0
 10
443.588
 20
60.1316
 11
443.377
 21
60.1516
  0
LINE
  8
0
 10
443.377
 20
60.1516
 11
443.168
 21
60.1848
  0
LINE
  8
0
 10
443.168
 20
60.1848
 11
442.961
 21
60.231
  0
LINE
  8
0
 10
442.961
 20
60.231
 11
442.757
 21
60.2902
  0
LINE
  8
0
 10
442.757
 20
60.2902
 11
442.558
 21
60.362
  0
LINE
  8
0
 10
442.558
 20
60.362
 11
442.363
 21
60.4462
  0
LINE
  8
0
 10
442.363
 20
60.4462
 11
442.174
 21
60.5424
  0
LINE
  8
0
 10
442.174
 20
60.5424
 11
441.992
 21
60.6504
  0
LINE
  8
0
 10
441.992
 20
60.6504
 11
441.816
 21
60.7695
  0
LINE
  8
0
 10
441.816
 20
60.7695
 11
441.649
 21
60.8995
  0
LINE
  8
0
 10
441.649
 20
60.8995
 11
441.49
 21
61.0397
  0
LINE
  8
0
 10
441.49
 20
61.0397
 11
441.34
 21
61.1896
  0
LINE
  8
0
 10
441.34
 20
61.1896
 11
441.2
 21
61.3487
  0
LINE
  8
0
 10
441.2
 20
61.3487
 11
441.07
 21
61.5162
  0
LINE
  8
0
 10
441.07
 20
61.5162
 11
440.95
 21
61.6916
  0
LINE
  8
0
 10
440.95
 20
61.6916
 11
440.842
 21
61.8741
  0
LINE
  8
0
 10
440.842
 20
61.8741
 11
440.746
 21
62.063
  0
LINE
  8
0
 10
440.746
 20
62.063
 11
440.662
 21
62.2576
  0
LINE
  8
0
 10
440.662
 20
62.2576
 11
440.59
 21
62.457
  0
LINE
  8
0
 10
440.59
 20
62.457
 11
440.531
 21
62.6606
  0
LINE
  8
0
 10
440.531
 20
62.6606
 11
440.485
 21
62.8676
  0
LINE
  8
0
 10
440.485
 20
62.8676
 11
440.452
 21
63.077
  0
LINE
  8
0
 10
440.452
 20
63.077
 11
440.432
 21
63.2881
  0
LINE
  8
0
 10
440.432
 20
63.2881
 11
440.425
 21
63.5
  0
LINE
  8
0
 10
440.425
 20
63.5
 11
440.432
 21
63.7119
  0
LINE
  8
0
 10
440.432
 20
63.7119
 11
440.452
 21
63.923
  0
LINE
  8
0
 10
440.452
 20
63.923
 11
440.485
 21
64.1324
  0
LINE
  8
0
 10
440.485
 20
64.1324
 11
440.531
 21
64.3393
  0
LINE
  8
0
 10
440.531
 20
64.3393
 11
440.59
 21
64.5429
  0
LINE
  8
0
 10
440.59
 20
64.5429
 11
440.662
 21
64.7424
  0
LINE
  8
0
 10
440.662
 20
64.7424
 11
440.746
 21
64.937
  0
LINE
  8
0
 10
440.746
 20
64.937
 11
440.842
 21
65.1259
  0
LINE
  8
0
 10
440.842
 20
65.1259
 11
440.95
 21
65.3084
  0
LINE
  8
0
 10
440.95
 20
65.3084
 11
441.07
 21
65.4837
  0
LINE
  8
0
 10
441.07
 20
65.4837
 11
441.2
 21
65.6513
  0
LINE
  8
0
 10
441.2
 20
65.6513
 11
441.34
 21
65.8103
  0
LINE
  8
0
 10
441.34
 20
65.8103
 11
441.49
 21
65.9603
  0
LINE
  8
0
 10
441.49
 20
65.9603
 11
441.649
 21
66.1005
  0
LINE
  8
0
 10
441.649
 20
66.1005
 11
441.816
 21
66.2304
  0
LINE
  8
0
 10
441.816
 20
66.2304
 11
441.992
 21
66.3496
  0
LINE
  8
0
 10
441.992
 20
66.3496
 11
442.174
 21
66.4575
  0
LINE
  8
0
 10
442.174
 20
66.4575
 11
442.363
 21
66.5538
  0
LINE
  8
0
 10
442.363
 20
66.5538
 11
442.558
 21
66.638
  0
LINE
  8
0
 10
442.558
 20
66.638
 11
442.757
 21
66.7098
  0
LINE
  8
0
 10
442.757
 20
66.7098
 11
442.961
 21
66.769
  0
LINE
  8
0
 10
442.961
 20
66.769
 11
443.168
 21
66.8152
  0
LINE
  8
0
 10
443.168
 20
66.8152
 11
443.377
 21
66.8484
  0
LINE
  8
0
 10
443.377
 20
66.8484
 11
443.588
 21
66.8683
  0
LINE
  8
0
 10
443.588
 20
66.8683
 11
443.8
 21
66.875
  0
LINE
  8
0
 10
443.8
 20
66.875
 11
444.012
 21
66.8683
  0
LINE
  8
0
 10
444.012
 20
66.8683
 11
444.223
 21
66.8484
  0
LINE
  8
0
 10
444.223
 20
66.8484
 11
444.432
 21
66.8152
  0
LINE
  8
0
 10
444.432
 20
66.8152
 11
444.639
 21
66.769
  0
LINE
  8
0
 10
444.639
 20
66.769
 11
444.843
 21
66.7098
  0
LINE
  8
0
 10
444.843
 20
66.7098
 11
445.042
 21
66.638
  0
LINE
  8
0
 10
445.042
 20
66.638
 11
445.237
 21
66.5538
  0
LINE
  8
0
 10
445.237
 20
66.5538
 11
445.426
 21
66.4575
  0
LINE
  8
0
 10
445.426
 20
66.4575
 11
445.608
 21
66.3496
  0
LINE
  8
0
 10
445.608
 20
66.3496
 11
445.784
 21
66.2304
  0
LINE
  8
0
 10
445.784
 20
66.2304
 11
445.951
 21
66.1005
  0
LINE
  8
0
 10
445.951
 20
66.1005
 11
446.11
 21
65.9603
  0
LINE
  8
0
 10
446.11
 20
65.9603
 11
446.26
 21
65.8103
  0
LINE
  8
0
 10
446.26
 20
65.8103
 11
446.4
 21
65.6513
  0
LINE
  8
0
 10
446.4
 20
65.6513
 11
446.53
 21
65.4837
  0
LINE
  8
0
 10
446.53
 20
65.4837
 11
446.65
 21
65.3084
  0
LINE
  8
0
 10
446.65
 20
65.3084
 11
446.758
 21
65.1259
  0
LINE
  8
0
 10
446.758
 20
65.1259
 11
446.854
 21
64.937
  0
LINE
  8
0
 10
446.854
 20
64.937
 11
446.938
 21
64.7424
  0
LINE
  8
0
 10
446.938
 20
64.7424
 11
447.01
 21
64.5429
  0
LINE
  8
0
 10
447.01
 20
64.5429
 11
447.069
 21
64.3393
  0
LINE
  8
0
 10
447.069
 20
64.3393
 11
447.115
 21
64.1324
  0
LINE
  8
0
 10
447.115
 20
64.1324
 11
447.148
 21
63.923
  0
LINE
  8
0
 10
447.148
 20
63.923
 11
447.168
 21
63.7119
  0
LINE
  8
0
 10
447.168
 20
63.7119
 11
447.175
 21
63.5
  0
LINE
  8
0
 10
447.175
 20
63.5
 11
447.168
 21
63.2881
  0
LINE
  8
0
 10
447.168
 20
63.2881
 11
447.148
 21
63.077
  0
LINE
  8
0
 10
447.148
 20
63.077
 11
447.115
 21
62.8676
  0
LINE
  8
0
 10
447.115
 20
62.8676
 11
447.069
 21
62.6606
  0
LINE
  8
0
 10
447.069
 20
62.6606
 11
447.01
 21
62.457
  0
LINE
  8
0
 10
447.01
 20
62.457
 11
446.938
 21
62.2576
  0
LINE
  8
0
 10
446.938
 20
62.2576
 11
446.854
 21
62.063
  0
LINE
  8
0
 10
446.854
 20
62.063
 11
446.758
 21
61.8741
  0
LINE
  8
0
 10
446.758
 20
61.8741
 11
446.65
 21
61.6916
  0
LINE
  8
0
 10
446.65
 20
61.6916
 11
446.53
 21
61.5162
  0
LINE
  8
0
 10
446.53
 20
61.5162
 11
446.4
 21
61.3487
  0
LINE
  8
0
 10
446.4
 20
61.3487
 11
446.26
 21
61.1896
  0
LINE
  8
0
 10
446.26
 20
61.1896
 11
446.11
 21
61.0397
  0
LINE
  8
0
 10
446.11
 20
61.0397
 11
445.951
 21
60.8995
  0
LINE
  8
0
 10
445.951
 20
60.8995
 11
445.784
 21
60.7695
  0
LINE
  8
0
 10
445.784
 20
60.7695
 11
445.608
 21
60.6504
  0
LINE
  8
0
 10
445.608
 20
60.6504
 11
445.426
 21
60.5424
  0
LINE
  8
0
 10
445.426
 20
60.5424
 11
445.237
 21
60.4462
  0
LINE
  8
0
 10
445.237
 20
60.4462
 11
445.042
 21
60.362
  0
LINE
  8
0
 10
445.042
 20
60.362
 11
444.843
 21
60.2902
  0
LINE
  8
0
 10
444.843
 20
60.2902
 11
444.639
 21
60.231
  0
LINE
  8
0
 10
444.639
 20
60.231
 11
444.432
 21
60.1848
  0
LINE
  8
0
 10
444.432
 20
60.1848
 11
444.223
 21
60.1516
  0
LINE
  8
0
 10
444.223
 20
60.1516
 11
444.012
 21
60.1316
  0
LINE
  8
0
 10
444.012
 20
60.1316
 11
443.8
 21
60.125
  0
LINE
  8
0
 10
443.8
 20
60.125
 11
443.588
 21
60.1316
  0
LINE
  8
0
 10
443.588
 20
34.7317
 11
443.377
 21
34.7516
  0
LINE
  8
0
 10
443.377
 20
34.7516
 11
443.168
 21
34.7848
  0
LINE
  8
0
 10
443.168
 20
34.7848
 11
442.961
 21
34.831
  0
LINE
  8
0
 10
442.961
 20
34.831
 11
442.757
 21
34.8902
  0
LINE
  8
0
 10
442.757
 20
34.8902
 11
442.558
 21
34.962
  0
LINE
  8
0
 10
442.558
 20
34.962
 11
442.363
 21
35.0462
  0
LINE
  8
0
 10
442.363
 20
35.0462
 11
442.174
 21
35.1425
  0
LINE
  8
0
 10
442.174
 20
35.1425
 11
441.992
 21
35.2504
  0
LINE
  8
0
 10
441.992
 20
35.2504
 11
441.816
 21
35.3696
  0
LINE
  8
0
 10
441.816
 20
35.3696
 11
441.649
 21
35.4995
  0
LINE
  8
0
 10
441.649
 20
35.4995
 11
441.49
 21
35.6397
  0
LINE
  8
0
 10
441.49
 20
35.6397
 11
441.34
 21
35.7896
  0
LINE
  8
0
 10
441.34
 20
35.7896
 11
441.2
 21
35.9487
  0
LINE
  8
0
 10
441.2
 20
35.9487
 11
441.07
 21
36.1162
  0
LINE
  8
0
 10
441.07
 20
36.1162
 11
440.95
 21
36.2916
  0
LINE
  8
0
 10
440.95
 20
36.2916
 11
440.842
 21
36.4741
  0
LINE
  8
0
 10
440.842
 20
36.4741
 11
440.746
 21
36.663
  0
LINE
  8
0
 10
440.746
 20
36.663
 11
440.662
 21
36.8576
  0
LINE
  8
0
 10
440.662
 20
36.8576
 11
440.59
 21
37.0571
  0
LINE
  8
0
 10
440.59
 20
37.0571
 11
440.531
 21
37.2607
  0
LINE
  8
0
 10
440.531
 20
37.2607
 11
440.485
 21
37.4676
  0
LINE
  8
0
 10
440.485
 20
37.4676
 11
440.452
 21
37.677
  0
LINE
  8
0
 10
440.452
 20
37.677
 11
440.432
 21
37.8881
  0
LINE
  8
0
 10
440.432
 20
37.8881
 11
440.425
 21
38.1
  0
LINE
  8
0
 10
440.425
 20
38.1
 11
440.432
 21
38.3119
  0
LINE
  8
0
 10
440.432
 20
38.3119
 11
440.452
 21
38.523
  0
LINE
  8
0
 10
440.452
 20
38.523
 11
440.485
 21
38.7324
  0
LINE
  8
0
 10
440.485
 20
38.7324
 11
440.531
 21
38.9393
  0
LINE
  8
0
 10
440.531
 20
38.9393
 11
440.59
 21
39.1429
  0
LINE
  8
0
 10
440.59
 20
39.1429
 11
440.662
 21
39.3424
  0
LINE
  8
0
 10
440.662
 20
39.3424
 11
440.746
 21
39.537
  0
LINE
  8
0
 10
440.746
 20
39.537
 11
440.842
 21
39.7259
  0
LINE
  8
0
 10
440.842
 20
39.7259
 11
440.95
 21
39.9084
  0
LINE
  8
0
 10
440.95
 20
39.9084
 11
441.07
 21
40.0838
  0
LINE
  8
0
 10
441.07
 20
40.0838
 11
441.2
 21
40.2513
  0
LINE
  8
0
 10
441.2
 20
40.2513
 11
441.34
 21
40.4103
  0
LINE
  8
0
 10
441.34
 20
40.4103
 11
441.49
 21
40.5603
  0
LINE
  8
0
 10
441.49
 20
40.5603
 11
441.649
 21
40.7005
  0
LINE
  8
0
 10
441.649
 20
40.7005
 11
441.816
 21
40.8304
  0
LINE
  8
0
 10
441.816
 20
40.8304
 11
441.992
 21
40.9496
  0
LINE
  8
0
 10
441.992
 20
40.9496
 11
442.174
 21
41.0575
  0
LINE
  8
0
 10
442.174
 20
41.0575
 11
442.363
 21
41.1538
  0
LINE
  8
0
 10
442.363
 20
41.1538
 11
442.558
 21
41.238
  0
LINE
  8
0
 10
442.558
 20
41.238
 11
442.757
 21
41.3098
  0
LINE
  8
0
 10
442.757
 20
41.3098
 11
442.961
 21
41.369
  0
LINE
  8
0
 10
442.961
 20
41.369
 11
443.168
 21
41.4152
  0
LINE
  8
0
 10
443.168
 20
41.4152
 11
443.377
 21
41.4484
  0
LINE
  8
0
 10
443.377
 20
41.4484
 11
443.588
 21
41.4683
  0
LINE
  8
0
 10
443.588
 20
41.4683
 11
443.8
 21
41.475
  0
LINE
  8
0
 10
443.8
 20
41.475
 11
444.012
 21
41.4683
  0
LINE
  8
0
 10
444.012
 20
41.4683
 11
444.223
 21
41.4484
  0
LINE
  8
0
 10
444.223
 20
41.4484
 11
444.432
 21
41.4152
  0
LINE
  8
0
 10
444.432
 20
41.4152
 11
444.639
 21
41.369
  0
LINE
  8
0
 10
444.639
 20
41.369
 11
444.843
 21
41.3098
  0
LINE
  8
0
 10
444.843
 20
41.3098
 11
445.042
 21
41.238
  0
LINE
  8
0
 10
445.042
 20
41.238
 11
445.237
 21
41.1538
  0
LINE
  8
0
 10
445.237
 20
41.1538
 11
445.426
 21
41.0575
  0
LINE
  8
0
 10
445.426
 20
41.0575
 11
445.608
 21
40.9496
  0
LINE
  8
0
 10
445.608
 20
40.9496
 11
445.784
 21
40.8304
  0
LINE
  8
0
 10
445.784
 20
40.8304
 11
445.951
 21
40.7005
  0
LINE
  8
0
 10
445.951
 20
40.7005
 11
446.11
 21
40.5603
  0
LINE
  8
0
 10
446.11
 20
40.5603
 11
446.26
 21
40.4103
  0
LINE
  8
0
 10
446.26
 20
40.4103
 11
446.4
 21
40.2513
  0
LINE
  8
0
 10
446.4
 20
40.2513
 11
446.53
 21
40.0838
  0
LINE
  8
0
 10
446.53
 20
40.0838
 11
446.65
 21
39.9084
  0
LINE
  8
0
 10
446.65
 20
39.9084
 11
446.758
 21
39.7259
  0
LINE
  8
0
 10
446.758
 20
39.7259
 11
446.854
 21
39.537
  0
LINE
  8
0
 10
446.854
 20
39.537
 11
446.938
 21
39.3424
  0
LINE
  8
0
 10
446.938
 20
39.3424
 11
447.01
 21
39.1429
  0
LINE
  8
0
 10
447.01
 20
39.1429
 11
447.069
 21
38.9393
  0
LINE
  8
0
 10
447.069
 20
38.9393
 11
447.115
 21
38.7324
  0
LINE
  8
0
 10
447.115
 20
38.7324
 11
447.148
 21
38.523
  0
LINE
  8
0
 10
447.148
 20
38.523
 11
447.168
 21
38.3119
  0
LINE
  8
0
 10
447.168
 20
38.3119
 11
447.175
 21
38.1
  0
LINE
  8
0
 10
447.175
 20
38.1
 11
447.168
 21
37.8881
  0
LINE
  8
0
 10
447.168
 20
37.8881
 11
447.148
 21
37.677
  0
LINE
  8
0
 10
447.148
 20
37.677
 11
447.115
 21
37.4676
  0
LINE
  8
0
 10
447.115
 20
37.4676
 11
447.069
 21
37.2607
  0
LINE
  8
0
 10
447.069
 20
37.2607
 11
447.01
 21
37.0571
  0
LINE
  8
0
 10
447.01
 20
37.0571
 11
446.938
 21
36.8576
  0
LINE
  8
0
 10
446.938
 20
36.8576
 11
446.854
 21
36.663
  0
LINE
  8
0
 10
446.854
 20
36.663
 11
446.758
 21
36.4741
  0
LINE
  8
0
 10
446.758
 20
36.4741
 11
446.65
 21
36.2916
  0
LINE
  8
0
 10
446.65
 20
36.2916
 11
446.53
 21
36.1162
  0
LINE
  8
0
 10
446.53
 20
36.1162
 11
446.4
 21
35.9487
  0
LINE
  8
0
 10
446.4
 20
35.9487
 11
446.26
 21
35.7896
  0
LINE
  8
0
 10
446.26
 20
35.7896
 11
446.11
 21
35.6397
  0
LINE
  8
0
 10
446.11
 20
35.6397
 11
445.951
 21
35.4995
  0
LINE
  8
0
 10
445.951
 20
35.4995
 11
445.784
 21
35.3696
  0
LINE
  8
0
 10
445.784
 20
35.3696
 11
445.608
 21
35.2504
  0
LINE
  8
0
 10
445.608
 20
35.2504
 11
445.426
 21
35.1425
  0
LINE
  8
0
 10
445.426
 20
35.1425
 11
445.237
 21
35.0462
  0
LINE
  8
0
 10
445.237
 20
35.0462
 11
445.042
 21
34.962
  0
LINE
  8
0
 10
445.042
 20
34.962
 11
444.843
 21
34.8902
  0
LINE
  8
0
 10
444.843
 20
34.8902
 11
444.639
 21
34.831
  0
LINE
  8
0
 10
444.639
 20
34.831
 11
444.432
 21
34.7848
  0
LINE
  8
0
 10
444.432
 20
34.7848
 11
444.223
 21
34.7516
  0
LINE
  8
0
 10
444.223
 20
34.7516
 11
444.012
 21
34.7317
  0
LINE
  8
0
 10
444.012
 20
34.7317
 11
443.8
 21
34.725
  0
LINE
  8
0
 10
443.8
 20
34.725
 11
443.588
 21
34.7317
  0
LINE
  8
0
 10
443.588
 20
9.33165
 11
443.377
 21
9.35161
  0
LINE
  8
0
 10
443.377
 20
9.35161
 11
443.168
 21
9.38478
  0
LINE
  8
0
 10
443.168
 20
9.38478
 11
442.961
 21
9.43103
  0
LINE
  8
0
 10
442.961
 20
9.43103
 11
442.757
 21
9.49017
  0
LINE
  8
0
 10
442.757
 20
9.49017
 11
442.558
 21
9.562
  0
LINE
  8
0
 10
442.558
 20
9.562
 11
442.363
 21
9.64621
  0
LINE
  8
0
 10
442.363
 20
9.64621
 11
442.174
 21
9.74246
  0
LINE
  8
0
 10
442.174
 20
9.74246
 11
441.992
 21
9.85039
  0
LINE
  8
0
 10
441.992
 20
9.85039
 11
441.816
 21
9.96956
  0
LINE
  8
0
 10
441.816
 20
9.96956
 11
441.649
 21
10.0995
  0
LINE
  8
0
 10
441.649
 20
10.0995
 11
441.49
 21
10.2397
  0
LINE
  8
0
 10
441.49
 20
10.2397
 11
441.34
 21
10.3896
  0
LINE
  8
0
 10
441.34
 20
10.3896
 11
441.2
 21
10.5487
  0
LINE
  8
0
 10
441.2
 20
10.5487
 11
441.07
 21
10.7162
  0
LINE
  8
0
 10
441.07
 20
10.7162
 11
440.95
 21
10.8916
  0
LINE
  8
0
 10
440.95
 20
10.8916
 11
440.842
 21
11.0741
  0
LINE
  8
0
 10
440.842
 20
11.0741
 11
440.746
 21
11.263
  0
LINE
  8
0
 10
440.746
 20
11.263
 11
440.662
 21
11.4576
  0
LINE
  8
0
 10
440.662
 20
11.4576
 11
440.59
 21
11.6571
  0
LINE
  8
0
 10
440.59
 20
11.6571
 11
440.531
 21
11.8607
  0
LINE
  8
0
 10
440.531
 20
11.8607
 11
440.485
 21
12.0676
  0
LINE
  8
0
 10
440.485
 20
12.0676
 11
440.452
 21
12.277
  0
LINE
  8
0
 10
440.452
 20
12.277
 11
440.432
 21
12.4881
  0
LINE
  8
0
 10
440.432
 20
12.4881
 11
440.425
 21
12.7
  0
LINE
  8
0
 10
440.425
 20
12.7
 11
440.432
 21
12.9119
  0
LINE
  8
0
 10
440.432
 20
12.9119
 11
440.452
 21
13.123
  0
LINE
  8
0
 10
440.452
 20
13.123
 11
440.485
 21
13.3324
  0
LINE
  8
0
 10
440.485
 20
13.3324
 11
440.531
 21
13.5393
  0
LINE
  8
0
 10
440.531
 20
13.5393
 11
440.59
 21
13.7429
  0
LINE
  8
0
 10
440.59
 20
13.7429
 11
440.662
 21
13.9424
  0
LINE
  8
0
 10
440.662
 20
13.9424
 11
440.746
 21
14.137
  0
LINE
  8
0
 10
440.746
 20
14.137
 11
440.842
 21
14.3259
  0
LINE
  8
0
 10
440.842
 20
14.3259
 11
440.95
 21
14.5084
  0
LINE
  8
0
 10
440.95
 20
14.5084
 11
441.07
 21
14.6838
  0
LINE
  8
0
 10
441.07
 20
14.6838
 11
441.2
 21
14.8513
  0
LINE
  8
0
 10
441.2
 20
14.8513
 11
441.34
 21
15.0103
  0
LINE
  8
0
 10
441.34
 20
15.0103
 11
441.49
 21
15.1603
  0
LINE
  8
0
 10
441.49
 20
15.1603
 11
441.649
 21
15.3005
  0
LINE
  8
0
 10
441.649
 20
15.3005
 11
441.816
 21
15.4304
  0
LINE
  8
0
 10
441.816
 20
15.4304
 11
441.992
 21
15.5496
  0
LINE
  8
0
 10
441.992
 20
15.5496
 11
442.174
 21
15.6575
  0
LINE
  8
0
 10
442.174
 20
15.6575
 11
442.363
 21
15.7538
  0
LINE
  8
0
 10
442.363
 20
15.7538
 11
442.558
 21
15.838
  0
LINE
  8
0
 10
442.558
 20
15.838
 11
442.757
 21
15.9098
  0
LINE
  8
0
 10
442.757
 20
15.9098
 11
442.961
 21
15.969
  0
LINE
  8
0
 10
442.961
 20
15.969
 11
443.168
 21
16.0152
  0
LINE
  8
0
 10
443.168
 20
16.0152
 11
443.377
 21
16.0484
  0
LINE
  8
0
 10
443.377
 20
16.0484
 11
443.588
 21
16.0683
  0
LINE
  8
0
 10
443.588
 20
16.0683
 11
443.8
 21
16.075
  0
LINE
  8
0
 10
443.8
 20
16.075
 11
444.012
 21
16.0683
  0
LINE
  8
0
 10
444.012
 20
16.0683
 11
444.223
 21
16.0484
  0
LINE
  8
0
 10
444.223
 20
16.0484
 11
444.432
 21
16.0152
  0
LINE
  8
0
 10
444.432
 20
16.0152
 11
444.639
 21
15.969
  0
LINE
  8
0
 10
444.639
 20
15.969
 11
444.843
 21
15.9098
  0
LINE
  8
0
 10
444.843
 20
15.9098
 11
445.042
 21
15.838
  0
LINE
  8
0
 10
445.042
 20
15.838
 11
445.237
 21
15.7538
  0
LINE
  8
0
 10
445.237
 20
15.7538
 11
445.426
 21
15.6575
  0
LINE
  8
0
 10
445.426
 20
15.6575
 11
445.608
 21
15.5496
  0
LINE
  8
0
 10
445.608
 20
15.5496
 11
445.784
 21
15.4304
  0
LINE
  8
0
 10
445.784
 20
15.4304
 11
445.951
 21
15.3005
  0
LINE
  8
0
 10
445.951
 20
15.3005
 11
446.11
 21
15.1603
  0
LINE
  8
0
 10
446.11
 20
15.1603
 11
446.26
 21
15.0103
  0
LINE
  8
0
 10
446.26
 20
15.0103
 11
446.4
 21
14.8513
  0
LINE
  8
0
 10
446.4
 20
14.8513
 11
446.53
 21
14.6838
  0
LINE
  8
0
 10
446.53
 20
14.6838
 11
446.65
 21
14.5084
  0
LINE
  8
0
 10
446.65
 20
14.5084
 11
446.758
 21
14.3259
  0
LINE
  8
0
 10
446.758
 20
14.3259
 11
446.854
 21
14.137
  0
LINE
  8
0
 10
446.854
 20
14.137
 11
446.938
 21
13.9424
  0
LINE
  8
0
 10
446.938
 20
13.9424
 11
447.01
 21
13.7429
  0
LINE
  8
0
 10
447.01
 20
13.7429
 11
447.069
 21
13.5393
  0
LINE
  8
0
 10
447.069
 20
13.5393
 11
447.115
 21
13.3324
  0
LINE
  8
0
 10
447.115
 20
13.3324
 11
447.148
 21
13.123
  0
LINE
  8
0
 10
447.148
 20
13.123
 11
447.168
 21
12.9119
  0
LINE
  8
0
 10
447.168
 20
12.9119
 11
447.175
 21
12.7
  0
LINE
  8
0
 10
447.175
 20
12.7
 11
447.168
 21
12.4881
  0
LINE
  8
0
 10
447.168
 20
12.4881
 11
447.148
 21
12.277
  0
LINE
  8
0
 10
447.148
 20
12.277
 11
447.115
 21
12.0676
  0
LINE
  8
0
 10
447.115
 20
12.0676
 11
447.069
 21
11.8607
  0
LINE
  8
0
 10
447.069
 20
11.8607
 11
447.01
 21
11.6571
  0
LINE
  8
0
 10
447.01
 20
11.6571
 11
446.938
 21
11.4576
  0
LINE
  8
0
 10
446.938
 20
11.4576
 11
446.854
 21
11.263
  0
LINE
  8
0
 10
446.854
 20
11.263
 11
446.758
 21
11.0741
  0
LINE
  8
0
 10
446.758
 20
11.0741
 11
446.65
 21
10.8916
  0
LINE
  8
0
 10
446.65
 20
10.8916
 11
446.53
 21
10.7162
  0
LINE
  8
0
 10
446.53
 20
10.7162
 11
446.4
 21
10.5487
  0
LINE
  8
0
 10
446.4
 20
10.5487
 11
446.26
 21
10.3896
  0
LINE
  8
0
 10
446.26
 20
10.3896
 11
446.11
 21
10.2397
  0
LINE
  8
0
 10
446.11
 20
10.2397
 11
445.951
 21
10.0995
  0
LINE
  8
0
 10
445.951
 20
10.0995
 11
445.784
 21
9.96956
  0
LINE
  8
0
 10
445.784
 20
9.96956
 11
445.608
 21
9.85039
  0
LINE
  8
0
 10
445.608
 20
9.85039
 11
445.426
 21
9.74246
  0
LINE
  8
0
 10
445.426
 20
9.74246
 11
445.237
 21
9.64621
  0
LINE
  8
0
 10
445.237
 20
9.64621
 11
445.042
 21
9.562
  0
LINE
  8
0
 10
445.042
 20
9.562
 11
444.843
 21
9.49017
  0
LINE
  8
0
 10
444.843
 20
9.49017
 11
444.639
 21
9.43103
  0
LINE
  8
0
 10
444.639
 20
9.43103
 11
444.432
 21
9.38478
  0
LINE
  8
0
 10
444.432
 20
9.38478
 11
444.223
 21
9.35161
  0
LINE
  8
0
 10
444.223
 20
9.35161
 11
444.012
 21
9.33165
  0
LINE
  8
0
 10
444.012
 20
9.33165
 11
443.8
 21
9.325
  0
LINE
  8
0
 10
443.8
 20
9.325
 11
443.588
 21
9.33165
  0
LINE
  8
0
 10
426.1
 20
101.6
 11
400.7
 21
101.6
  0
LINE
  8
0
 10
400.7
 20
101.6
 11
400.7
 21
0
  0
LINE
  8
0
 10
400.7
 20
0
 11
426.1
 21
0
  0
LINE
  8
0
 10
426.1
 20
0
 11
426.1
 21
101.6
  0
LINE
  8
0
 10
413.188
 20
85.5316
 11
412.977
 21
85.5516
  0
LINE
  8
0
 10
412.977
 20
85.5516
 11
412.768
 21
85.5848
  0
LINE
  8
0
 10
412.768
 20
85.5848
 11
412.561
 21
85.631
  0
LINE
  8
0
 10
412.561
 20
85.631
 11
412.357
 21
85.6902
  0
LINE
  8
0
 10
412.357
 20
85.6902
 11
412.158
 21
85.762
  0
LINE
  8
0
 10
412.158
 20
85.762
 11
411.963
 21
85.8462
  0
LINE
  8
0
 10
411.963
 20
85.8462
 11
411.774
 21
85.9424
  0
LINE
  8
0
 10
411.774
 20
85.9424
 11
411.592
 21
86.0504
  0
LINE
  8
0
 10
411.592
 20
86.0504
 11
411.416
 21
86.1695
  0
LINE
  8
0
 10
411.416
 20
86.1695
 11
411.249
 21
86.2995
  0
LINE
  8
0
 10
411.249
 20
86.2995
 11
411.09
 21
86.4397
  0
LINE
  8
0
 10
411.09
 20
86.4397
 11
410.94
 21
86.5896
  0
LINE
  8
0
 10
410.94
 20
86.5896
 11
410.8
 21
86.7487
  0
LINE
  8
0
 10
410.8
 20
86.7487
 11
410.67
 21
86.9162
  0
LINE
  8
0
 10
410.67
 20
86.9162
 11
410.55
 21
87.0916
  0
LINE
  8
0
 10
410.55
 20
87.0916
 11
410.442
 21
87.2741
  0
LINE
  8
0
 10
410.442
 20
87.2741
 11
410.346
 21
87.463
  0
LINE
  8
0
 10
410.346
 20
87.463
 11
410.262
 21
87.6576
  0
LINE
  8
0
 10
410.262
 20
87.6576
 11
410.19
 21
87.857
  0
LINE
  8
0
 10
410.19
 20
87.857
 11
410.131
 21
88.0607
  0
LINE
  8
0
 10
410.131
 20
88.0607
 11
410.085
 21
88.2676
  0
LINE
  8
0
 10
410.085
 20
88.2676
 11
410.052
 21
88.477
  0
LINE
  8
0
 10
410.052
 20
88.477
 11
410.032
 21
88.6881
  0
LINE
  8
0
 10
410.032
 20
88.6881
 11
410.025
 21
88.9
  0
LINE
  8
0
 10
410.025
 20
88.9
 11
410.032
 21
89.1119
  0
LINE
  8
0
 10
410.032
 20
89.1119
 11
410.052
 21
89.323
  0
LINE
  8
0
 10
410.052
 20
89.323
 11
410.085
 21
89.5324
  0
LINE
  8
0
 10
410.085
 20
89.5324
 11
410.131
 21
89.7393
  0
LINE
  8
0
 10
410.131
 20
89.7393
 11
410.19
 21
89.9429
  0
LINE
  8
0
 10
410.19
 20
89.9429
 11
410.262
 21
90.1424
  0
LINE
  8
0
 10
410.262
 20
90.1424
 11
410.346
 21
90.337
  0
LINE
  8
0
 10
410.346
 20
90.337
 11
410.442
 21
90.5259
  0
LINE
  8
0
 10
410.442
 20
90.5259
 11
410.55
 21
90.7084
  0
LINE
  8
0
 10
410.55
 20
90.7084
 11
410.67
 21
90.8838
  0
LINE
  8
0
 10
410.67
 20
90.8838
 11
410.8
 21
91.0513
  0
LINE
  8
0
 10
410.8
 20
91.0513
 11
410.94
 21
91.2103
  0
LINE
  8
0
 10
410.94
 20
91.2103
 11
411.09
 21
91.3602
  0
LINE
  8
0
 10
411.09
 20
91.3602
 11
411.249
 21
91.5005
  0
LINE
  8
0
 10
411.249
 20
91.5005
 11
411.416
 21
91.6304
  0
LINE
  8
0
 10
411.416
 20
91.6304
 11
411.592
 21
91.7496
  0
LINE
  8
0
 10
411.592
 20
91.7496
 11
411.774
 21
91.8575
  0
LINE
  8
0
 10
411.774
 20
91.8575
 11
411.963
 21
91.9538
  0
LINE
  8
0
 10
411.963
 20
91.9538
 11
412.158
 21
92.038
  0
LINE
  8
0
 10
412.158
 20
92.038
 11
412.357
 21
92.1098
  0
LINE
  8
0
 10
412.357
 20
92.1098
 11
412.561
 21
92.1689
  0
LINE
  8
0
 10
412.561
 20
92.1689
 11
412.768
 21
92.2152
  0
LINE
  8
0
 10
412.768
 20
92.2152
 11
412.977
 21
92.2484
  0
LINE
  8
0
 10
412.977
 20
92.2484
 11
413.188
 21
92.2683
  0
LINE
  8
0
 10
413.188
 20
92.2683
 11
413.4
 21
92.275
  0
LINE
  8
0
 10
413.4
 20
92.275
 11
413.612
 21
92.2683
  0
LINE
  8
0
 10
413.612
 20
92.2683
 11
413.823
 21
92.2484
  0
LINE
  8
0
 10
413.823
 20
92.2484
 11
414.032
 21
92.2152
  0
LINE
  8
0
 10
414.032
 20
92.2152
 11
414.239
 21
92.1689
  0
LINE
  8
0
 10
414.239
 20
92.1689
 11
414.443
 21
92.1098
  0
LINE
  8
0
 10
414.443
 20
92.1098
 11
414.642
 21
92.038
  0
LINE
  8
0
 10
414.642
 20
92.038
 11
414.837
 21
91.9538
  0
LINE
  8
0
 10
414.837
 20
91.9538
 11
415.026
 21
91.8575
  0
LINE
  8
0
 10
415.026
 20
91.8575
 11
415.208
 21
91.7496
  0
LINE
  8
0
 10
415.208
 20
91.7496
 11
415.384
 21
91.6304
  0
LINE
  8
0
 10
415.384
 20
91.6304
 11
415.551
 21
91.5005
  0
LINE
  8
0
 10
415.551
 20
91.5005
 11
415.71
 21
91.3602
  0
LINE
  8
0
 10
415.71
 20
91.3602
 11
415.86
 21
91.2103
  0
LINE
  8
0
 10
415.86
 20
91.2103
 11
416
 21
91.0513
  0
LINE
  8
0
 10
416
 20
91.0513
 11
416.13
 21
90.8838
  0
LINE
  8
0
 10
416.13
 20
90.8838
 11
416.25
 21
90.7084
  0
LINE
  8
0
 10
416.25
 20
90.7084
 11
416.358
 21
90.5259
  0
LINE
  8
0
 10
416.358
 20
90.5259
 11
416.454
 21
90.337
  0
LINE
  8
0
 10
416.454
 20
90.337
 11
416.538
 21
90.1424
  0
LINE
  8
0
 10
416.538
 20
90.1424
 11
416.61
 21
89.9429
  0
LINE
  8
0
 10
416.61
 20
89.9429
 11
416.669
 21
89.7393
  0
LINE
  8
0
 10
416.669
 20
89.7393
 11
416.715
 21
89.5324
  0
LINE
  8
0
 10
416.715
 20
89.5324
 11
416.748
 21
89.323
  0
LINE
  8
0
 10
416.748
 20
89.323
 11
416.768
 21
89.1119
  0
LINE
  8
0
 10
416.768
 20
89.1119
 11
416.775
 21
88.9
  0
LINE
  8
0
 10
416.775
 20
88.9
 11
416.768
 21
88.6881
  0
LINE
  8
0
 10
416.768
 20
88.6881
 11
416.748
 21
88.477
  0
LINE
  8
0
 10
416.748
 20
88.477
 11
416.715
 21
88.2676
  0
LINE
  8
0
 10
416.715
 20
88.2676
 11
416.669
 21
88.0607
  0
LINE
  8
0
 10
416.669
 20
88.0607
 11
416.61
 21
87.857
  0
LINE
  8
0
 10
416.61
 20
87.857
 11
416.538
 21
87.6576
  0
LINE
  8
0
 10
416.538
 20
87.6576
 11
416.454
 21
87.463
  0
LINE
  8
0
 10
416.454
 20
87.463
 11
416.358
 21
87.2741
  0
LINE
  8
0
 10
416.358
 20
87.2741
 11
416.25
 21
87.0916
  0
LINE
  8
0
 10
416.25
 20
87.0916
 11
416.13
 21
86.9162
  0
LINE
  8
0
 10
416.13
 20
86.9162
 11
416
 21
86.7487
  0
LINE
  8
0
 10
416
 20
86.7487
 11
415.86
 21
86.5896
  0
LINE
  8
0
 10
415.86
 20
86.5896
 11
415.71
 21
86.4397
  0
LINE
  8
0
 10
415.71
 20
86.4397
 11
415.551
 21
86.2995
  0
LINE
  8
0
 10
415.551
 20
86.2995
 11
415.384
 21
86.1695
  0
LINE
  8
0
 10
415.384
 20
86.1695
 11
415.208
 21
86.0504
  0
LINE
  8
0
 10
415.208
 20
86.0504
 11
415.026
 21
85.9424
  0
LINE
  8
0
 10
415.026
 20
85.9424
 11
414.837
 21
85.8462
  0
LINE
  8
0
 10
414.837
 20
85.8462
 11
414.642
 21
85.762
  0
LINE
  8
0
 10
414.642
 20
85.762
 11
414.443
 21
85.6902
  0
LINE
  8
0
 10
414.443
 20
85.6902
 11
414.239
 21
85.631
  0
LINE
  8
0
 10
414.239
 20
85.631
 11
414.032
 21
85.5848
  0
LINE
  8
0
 10
414.032
 20
85.5848
 11
413.823
 21
85.5516
  0
LINE
  8
0
 10
413.823
 20
85.5516
 11
413.612
 21
85.5316
  0
LINE
  8
0
 10
413.612
 20
85.5316
 11
413.4
 21
85.525
  0
LINE
  8
0
 10
413.4
 20
85.525
 11
413.188
 21
85.5316
  0
LINE
  8
0
 10
413.188
 20
60.1316
 11
412.977
 21
60.1516
  0
LINE
  8
0
 10
412.977
 20
60.1516
 11
412.768
 21
60.1848
  0
LINE
  8
0
 10
412.768
 20
60.1848
 11
412.561
 21
60.231
  0
LINE
  8
0
 10
412.561
 20
60.231
 11
412.357
 21
60.2902
  0
LINE
  8
0
 10
412.357
 20
60.2902
 11
412.158
 21
60.362
  0
LINE
  8
0
 10
412.158
 20
60.362
 11
411.963
 21
60.4462
  0
LINE
  8
0
 10
411.963
 20
60.4462
 11
411.774
 21
60.5424
  0
LINE
  8
0
 10
411.774
 20
60.5424
 11
411.592
 21
60.6504
  0
LINE
  8
0
 10
411.592
 20
60.6504
 11
411.416
 21
60.7695
  0
LINE
  8
0
 10
411.416
 20
60.7695
 11
411.249
 21
60.8995
  0
LINE
  8
0
 10
411.249
 20
60.8995
 11
411.09
 21
61.0397
  0
LINE
  8
0
 10
411.09
 20
61.0397
 11
410.94
 21
61.1896
  0
LINE
  8
0
 10
410.94
 20
61.1896
 11
410.8
 21
61.3487
  0
LINE
  8
0
 10
410.8
 20
61.3487
 11
410.67
 21
61.5162
  0
LINE
  8
0
 10
410.67
 20
61.5162
 11
410.55
 21
61.6916
  0
LINE
  8
0
 10
410.55
 20
61.6916
 11
410.442
 21
61.8741
  0
LINE
  8
0
 10
410.442
 20
61.8741
 11
410.346
 21
62.063
  0
LINE
  8
0
 10
410.346
 20
62.063
 11
410.262
 21
62.2576
  0
LINE
  8
0
 10
410.262
 20
62.2576
 11
410.19
 21
62.457
  0
LINE
  8
0
 10
410.19
 20
62.457
 11
410.131
 21
62.6606
  0
LINE
  8
0
 10
410.131
 20
62.6606
 11
410.085
 21
62.8676
  0
LINE
  8
0
 10
410.085
 20
62.8676
 11
410.052
 21
63.077
  0
LINE
  8
0
 10
410.052
 20
63.077
 11
410.032
 21
63.2881
  0
LINE
  8
0
 10
410.032
 20
63.2881
 11
410.025
 21
63.5
  0
LINE
  8
0
 10
410.025
 20
63.5
 11
410.032
 21
63.7119
  0
LINE
  8
0
 10
410.032
 20
63.7119
 11
410.052
 21
63.923
  0
LINE
  8
0
 10
410.052
 20
63.923
 11
410.085
 21
64.1324
  0
LINE
  8
0
 10
410.085
 20
64.1324
 11
410.131
 21
64.3393
  0
LINE
  8
0
 10
410.131
 20
64.3393
 11
410.19
 21
64.5429
  0
LINE
  8
0
 10
410.19
 20
64.5429
 11
410.262
 21
64.7424
  0
LINE
  8
0
 10
410.262
 20
64.7424
 11
410.346
 21
64.937
  0
LINE
  8
0
 10
410.346
 20
64.937
 11
410.442
 21
65.1259
  0
LINE
  8
0
 10
410.442
 20
65.1259
 11
410.55
 21
65.3084
  0
LINE
  8
0
 10
410.55
 20
65.3084
 11
410.67
 21
65.4837
  0
LINE
  8
0
 10
410.67
 20
65.4837
 11
410.8
 21
65.6513
  0
LINE
  8
0
 10
410.8
 20
65.6513
 11
410.94
 21
65.8103
  0
LINE
  8
0
 10
410.94
 20
65.8103
 11
411.09
 21
65.9603
  0
LINE
  8
0
 10
411.09
 20
65.9603
 11
411.249
 21
66.1005
  0
LINE
  8
0
 10
411.249
 20
66.1005
 11
411.416
 21
66.2304
  0
LINE
  8
0
 10
411.416
 20
66.2304
 11
411.592
 21
66.3496
  0
LINE
  8
0
 10
411.592
 20
66.3496
 11
411.774
 21
66.4575
  0
LINE
  8
0
 10
411.774
 20
66.4575
 11
411.963
 21
66.5538
  0
LINE
  8
0
 10
411.963
 20
66.5538
 11
412.158
 21
66.638
  0
LINE
  8
0
 10
412.158
 20
66.638
 11
412.357
 21
66.7098
  0
LINE
  8
0
 10
412.357
 20
66.7098
 11
412.561
 21
66.769
  0
LINE
  8
0
 10
412.561
 20
66.769
 11
412.768
 21
66.8152
  0
LINE
  8
0
 10
412.768
 20
66.8152
 11
412.977
 21
66.8484
  0
LINE
  8
0
 10
412.977
 20
66.8484
 11
413.188
 21
66.8683
  0
LINE
  8
0
 10
413.188
 20
66.8683
 11
413.4
 21
66.875
  0
LINE
  8
0
 10
413.4
 20
66.875
 11
413.612
 21
66.8683
  0
LINE
  8
0
 10
413.612
 20
66.8683
 11
413.823
 21
66.8484
  0
LINE
  8
0
 10
413.823
 20
66.8484
 11
414.032
 21
66.8152
  0
LINE
  8
0
 10
414.032
 20
66.8152
 11
414.239
 21
66.769
  0
LINE
  8
0
 10
414.239
 20
66.769
 11
414.443
 21
66.7098
  0
LINE
  8
0
 10
414.443
 20
66.7098
 11
414.642
 21
66.638
  0
LINE
  8
0
 10
414.642
 20
66.638
 11
414.837
 21
66.5538
  0
LINE
  8
0
 10
414.837
 20
66.5538
 11
415.026
 21
66.4575
  0
LINE
  8
0
 10
415.026
 20
66.4575
 11
415.208
 21
66.3496
  0
LINE
  8
0
 10
415.208
 20
66.3496
 11
415.384
 21
66.2304
  0
LINE
  8
0
 10
415.384
 20
66.2304
 11
415.551
 21
66.1005
  0
LINE
  8
0
 10
415.551
 20
66.1005
 11
415.71
 21
65.9603
  0
LINE
  8
0
 10
415.71
 20
65.9603
 11
415.86
 21
65.8103
  0
LINE
  8
0
 10
415.86
 20
65.8103
 11
416
 21
65.6513
  0
LINE
  8
0
 10
416
 20
65.6513
 11
416.13
 21
65.4837
  0
LINE
  8
0
 10
416.13
 20
65.4837
 11
416.25
 21
65.3084
  0
LINE
  8
0
 10
416.25
 20
65.3084
 11
416.358
 21
65.1259
  0
LINE
  8
0
 10
416.358
 20
65.1259
 11
416.454
 21
64.937
  0
LINE
  8
0
 10
416.454
 20
64.937
 11
416.538
 21
64.7424
  0
LINE
  8
0
 10
416.538
 20
64.7424
 11
416.61
 21
64.5429
  0
LINE
  8
0
 10
416.61
 20
64.5429
 11
416.669
 21
64.3393
  0
LINE
  8
0
 10
416.669
 20
64.3393
 11
416.715
 21
64.1324
  0
LINE
  8
0
 10
416.715
 20
64.1324
 11
416.748
 21
63.923
  0
LINE
  8
0
 10
416.748
 20
63.923
 11
416.768
 21
63.7119
  0
LINE
  8
0
 10
416.768
 20
63.7119
 11
416.775
 21
63.5
  0
LINE
  8
0
 10
416.775
 20
63.5
 11
416.768
 21
63.2881
  0
LINE
  8
0
 10
416.768
 20
63.2881
 11
416.748
 21
63.077
  0
LINE
  8
0
 10
416.748
 20
63.077
 11
416.715
 21
62.8676
  0
LINE
  8
0
 10
416.715
 20
62.8676
 11
416.669
 21
62.6606
  0
LINE
  8
0
 10
416.669
 20
62.6606
 11
416.61
 21
62.457
  0
LINE
  8
0
 10
416.61
 20
62.457
 11
416.538
 21
62.2576
  0
LINE
  8
0
 10
416.538
 20
62.2576
 11
416.454
 21
62.063
  0
LINE
  8
0
 10
416.454
 20
62.063
 11
416.358
 21
61.8741
  0
LINE
  8
0
 10
416.358
 20
61.8741
 11
416.25
 21
61.6916
  0
LINE
  8
0
 10
416.25
 20
61.6916
 11
416.13
 21
61.5162
  0
LINE
  8
0
 10
416.13
 20
61.5162
 11
416
 21
61.3487
  0
LINE
  8
0
 10
416
 20
61.3487
 11
415.86
 21
61.1896
  0
LINE
  8
0
 10
415.86
 20
61.1896
 11
415.71
 21
61.0397
  0
LINE
  8
0
 10
415.71
 20
61.0397
 11
415.551
 21
60.8995
  0
LINE
  8
0
 10
415.551
 20
60.8995
 11
415.384
 21
60.7695
  0
LINE
  8
0
 10
415.384
 20
60.7695
 11
415.208
 21
60.6504
  0
LINE
  8
0
 10
415.208
 20
60.6504
 11
415.026
 21
60.5424
  0
LINE
  8
0
 10
415.026
 20
60.5424
 11
414.837
 21
60.4462
  0
LINE
  8
0
 10
414.837
 20
60.4462
 11
414.642
 21
60.362
  0
LINE
  8
0
 10
414.642
 20
60.362
 11
414.443
 21
60.2902
  0
LINE
  8
0
 10
414.443
 20
60.2902
 11
414.239
 21
60.231
  0
LINE
  8
0
 10
414.239
 20
60.231
 11
414.032
 21
60.1848
  0
LINE
  8
0
 10
414.032
 20
60.1848
 11
413.823
 21
60.1516
  0
LINE
  8
0
 10
413.823
 20
60.1516
 11
413.612
 21
60.1316
  0
LINE
  8
0
 10
413.612
 20
60.1316
 11
413.4
 21
60.125
  0
LINE
  8
0
 10
413.4
 20
60.125
 11
413.188
 21
60.1316
  0
LINE
  8
0
 10
413.188
 20
34.7317
 11
412.977
 21
34.7516
  0
LINE
  8
0
 10
412.977
 20
34.7516
 11
412.768
 21
34.7848
  0
LINE
  8
0
 10
412.768
 20
34.7848
 11
412.561
 21
34.831
  0
LINE
  8
0
 10
412.561
 20
34.831
 11
412.357
 21
34.8902
  0
LINE
  8
0
 10
412.357
 20
34.8902
 11
412.158
 21
34.962
  0
LINE
  8
0
 10
412.158
 20
34.962
 11
411.963
 21
35.0462
  0
LINE
  8
0
 10
411.963
 20
35.0462
 11
411.774
 21
35.1425
  0
LINE
  8
0
 10
411.774
 20
35.1425
 11
411.592
 21
35.2504
  0
LINE
  8
0
 10
411.592
 20
35.2504
 11
411.416
 21
35.3696
  0
LINE
  8
0
 10
411.416
 20
35.3696
 11
411.249
 21
35.4995
  0
LINE
  8
0
 10
411.249
 20
35.4995
 11
411.09
 21
35.6397
  0
LINE
  8
0
 10
411.09
 20
35.6397
 11
410.94
 21
35.7896
  0
LINE
  8
0
 10
410.94
 20
35.7896
 11
410.8
 21
35.9487
  0
LINE
  8
0
 10
410.8
 20
35.9487
 11
410.67
 21
36.1162
  0
LINE
  8
0
 10
410.67
 20
36.1162
 11
410.55
 21
36.2916
  0
LINE
  8
0
 10
410.55
 20
36.2916
 11
410.442
 21
36.4741
  0
LINE
  8
0
 10
410.442
 20
36.4741
 11
410.346
 21
36.663
  0
LINE
  8
0
 10
410.346
 20
36.663
 11
410.262
 21
36.8576
  0
LINE
  8
0
 10
410.262
 20
36.8576
 11
410.19
 21
37.0571
  0
LINE
  8
0
 10
410.19
 20
37.0571
 11
410.131
 21
37.2607
  0
LINE
  8
0
 10
410.131
 20
37.2607
 11
410.085
 21
37.4676
  0
LINE
  8
0
 10
410.085
 20
37.4676
 11
410.052
 21
37.677
  0
LINE
  8
0
 10
410.052
 20
37.677
 11
410.032
 21
37.8881
  0
LINE
  8
0
 10
410.032
 20
37.8881
 11
410.025
 21
38.1
  0
LINE
  8
0
 10
410.025
 20
38.1
 11
410.032
 21
38.3119
  0
LINE
  8
0
 10
410.032
 20
38.3119
 11
410.052
 21
38.523
  0
LINE
  8
0
 10
410.052
 20
38.523
 11
410.085
 21
38.7324
  0
LINE
  8
0
 10
410.085
 20
38.7324
 11
410.131
 21
38.9393
  0
LINE
  8
0
 10
410.131
 20
38.9393
 11
410.19
 21
39.1429
  0
LINE
  8
0
 10
410.19
 20
39.1429
 11
410.262
 21
39.3424
  0
LINE
  8
0
 10
410.262
 20
39.3424
 11
410.346
 21
39.537
  0
LINE
  8
0
 10
410.346
 20
39.537
 11
410.442
 21
39.7259
  0
LINE
  8
0
 10
410.442
 20
39.7259
 11
410.55
 21
39.9084
  0
LINE
  8
0
 10
410.55
 20
39.9084
 11
410.67
 21
40.0838
  0
LINE
  8
0
 10
410.67
 20
40.0838
 11
410.8
 21
40.2513
  0
LINE
  8
0
 10
410.8
 20
40.2513
 11
410.94
 21
40.4103
  0
LINE
  8
0
 10
410.94
 20
40.4103
 11
411.09
 21
40.5603
  0
LINE
  8
0
 10
411.09
 20
40.5603
 11
411.249
 21
40.7005
  0
LINE
  8
0
 10
411.249
 20
40.7005
 11
411.416
 21
40.8304
  0
LINE
  8
0
 10
411.416
 20
40.8304
 11
411.592
 21
40.9496
  0
LINE
  8
0
 10
411.592
 20
40.9496
 11
411.774
 21
41.0575
  0
LINE
  8
0
 10
411.774
 20
41.0575
 11
411.963
 21
41.1538
  0
LINE
  8
0
 10
411.963
 20
41.1538
 11
412.158
 21
41.238
  0
LINE
  8
0
 10
412.158
 20
41.238
 11
412.357
 21
41.3098
  0
LINE
  8
0
 10
412.357
 20
41.3098
 11
412.561
 21
41.369
  0
LINE
  8
0
 10
412.561
 20
41.369
 11
412.768
 21
41.4152
  0
LINE
  8
0
 10
412.768
 20
41.4152
 11
412.977
 21
41.4484
  0
LINE
  8
0
 10
412.977
 20
41.4484
 11
413.188
 21
41.4683
  0
LINE
  8
0
 10
413.188
 20
41.4683
 11
413.4
 21
41.475
  0
LINE
  8
0
 10
413.4
 20
41.475
 11
413.612
 21
41.4683
  0
LINE
  8
0
 10
413.612
 20
41.4683
 11
413.823
 21
41.4484
  0
LINE
  8
0
 10
413.823
 20
41.4484
 11
414.032
 21
41.4152
  0
LINE
  8
0
 10
414.032
 20
41.4152
 11
414.239
 21
41.369
  0
LINE
  8
0
 10
414.239
 20
41.369
 11
414.443
 21
41.3098
  0
LINE
  8
0
 10
414.443
 20
41.3098
 11
414.642
 21
41.238
  0
LINE
  8
0
 10
414.642
 20
41.238
 11
414.837
 21
41.1538
  0
LINE
  8
0
 10
414.837
 20
41.1538
 11
415.026
 21
41.0575
  0
LINE
  8
0
 10
415.026
 20
41.0575
 11
415.208
 21
40.9496
  0
LINE
  8
0
 10
415.208
 20
40.9496
 11
415.384
 21
40.8304
  0
LINE
  8
0
 10
415.384
 20
40.8304
 11
415.551
 21
40.7005
  0
LINE
  8
0
 10
415.551
 20
40.7005
 11
415.71
 21
40.5603
  0
LINE
  8
0
 10
415.71
 20
40.5603
 11
415.86
 21
40.4103
  0
LINE
  8
0
 10
415.86
 20
40.4103
 11
416
 21
40.2513
  0
LINE
  8
0
 10
416
 20
40.2513
 11
416.13
 21
40.0838
  0
LINE
  8
0
 10
416.13
 20
40.0838
 11
416.25
 21
39.9084
  0
LINE
  8
0
 10
416.25
 20
39.9084
 11
416.358
 21
39.7259
  0
LINE
  8
0
 10
416.358
 20
39.7259
 11
416.454
 21
39.537
  0
LINE
  8
0
 10
416.454
 20
39.537
 11
416.538
 21
39.3424
  0
LINE
  8
0
 10
416.538
 20
39.3424
 11
416.61
 21
39.1429
  0
LINE
  8
0
 10
416.61
 20
39.1429
 11
416.669
 21
38.9393
  0
LINE
  8
0
 10
416.669
 20
38.9393
 11
416.715
 21
38.7324
  0
LINE
  8
0
 10
416.715
 20
38.7324
 11
416.748
 21
38.523
  0
LINE
  8
0
 10
416.748
 20
38.523
 11
416.768
 21
38.3119
  0
LINE
  8
0
 10
416.768
 20
38.3119
 11
416.775
 21
38.1
  0
LINE
  8
0
 10
416.775
 20
38.1
 11
416.768
 21
37.8881
  0
LINE
  8
0
 10
416.768
 20
37.8881
 11
416.748
 21
37.677
  0
LINE
  8
0
 10
416.748
 20
37.677
 11
416.715
 21
37.4676
  0
LINE
  8
0
 10
416.715
 20
37.4676
 11
416.669
 21
37.2607
  0
LINE
  8
0
 10
416.669
 20
37.2607
 11
416.61
 21
37.0571
  0
LINE
  8
0
 10
416.61
 20
37.0571
 11
416.538
 21
36.8576
  0
LINE
  8
0
 10
416.538
 20
36.8576
 11
416.454
 21
36.663
  0
LINE
  8
0
 10
416.454
 20
36.663
 11
416.358
 21
36.4741
  0
LINE
  8
0
 10
416.358
 20
36.4741
 11
416.25
 21
36.2916
  0
LINE
  8
0
 10
416.25
 20
36.2916
 11
416.13
 21
36.1162
  0
LINE
  8
0
 10
416.13
 20
36.1162
 11
416
 21
35.9487
  0
LINE
  8
0
 10
416
 20
35.9487
 11
415.86
 21
35.7896
  0
LINE
  8
0
 10
415.86
 20
35.7896
 11
415.71
 21
35.6397
  0
LINE
  8
0
 10
415.71
 20
35.6397
 11
415.551
 21
35.4995
  0
LINE
  8
0
 10
415.551
 20
35.4995
 11
415.384
 21
35.3696
  0
LINE
  8
0
 10
415.384
 20
35.3696
 11
415.208
 21
35.2504
  0
LINE
  8
0
 10
415.208
 20
35.2504
 11
415.026
 21
35.1425
  0
LINE
  8
0
 10
415.026
 20
35.1425
 11
414.837
 21
35.0462
  0
LINE
  8
0
 10
414.837
 20
35.0462
 11
414.642
 21
34.962
  0
LINE
  8
0
 10
414.642
 20
34.962
 11
414.443
 21
34.8902
  0
LINE
  8
0
 10
414.443
 20
34.8902
 11
414.239
 21
34.831
  0
LINE
  8
0
 10
414.239
 20
34.831
 11
414.032
 21
34.7848
  0
LINE
  8
0
 10
414.032
 20
34.7848
 11
413.823
 21
34.7516
  0
LINE
  8
0
 10
413.823
 20
34.7516
 11
413.612
 21
34.7317
  0
LINE
  8
0
 10
413.612
 20
34.7317
 11
413.4
 21
34.725
  0
LINE
  8
0
 10
413.4
 20
34.725
 11
413.188
 21
34.7317
  0
LINE
  8
0
 10
413.188
 20
9.33165
 11
412.977
 21
9.35161
  0
LINE
  8
0
 10
412.977
 20
9.35161
 11
412.768
 21
9.38478
  0
LINE
  8
0
 10
412.768
 20
9.38478
 11
412.561
 21
9.43103
  0
LINE
  8
0
 10
412.561
 20
9.43103
 11
412.357
 21
9.49017
  0
LINE
  8
0
 10
412.357
 20
9.49017
 11
412.158
 21
9.562
  0
LINE
  8
0
 10
412.158
 20
9.562
 11
411.963
 21
9.64621
  0
LINE
  8
0
 10
411.963
 20
9.64621
 11
411.774
 21
9.74246
  0
LINE
  8
0
 10
411.774
 20
9.74246
 11
411.592
 21
9.85039
  0
LINE
  8
0
 10
411.592
 20
9.85039
 11
411.416
 21
9.96956
  0
LINE
  8
0
 10
411.416
 20
9.96956
 11
411.249
 21
10.0995
  0
LINE
  8
0
 10
411.249
 20
10.0995
 11
411.09
 21
10.2397
  0
LINE
  8
0
 10
411.09
 20
10.2397
 11
410.94
 21
10.3896
  0
LINE
  8
0
 10
410.94
 20
10.3896
 11
410.8
 21
10.5487
  0
LINE
  8
0
 10
410.8
 20
10.5487
 11
410.67
 21
10.7162
  0
LINE
  8
0
 10
410.67
 20
10.7162
 11
410.55
 21
10.8916
  0
LINE
  8
0
 10
410.55
 20
10.8916
 11
410.442
 21
11.0741
  0
LINE
  8
0
 10
410.442
 20
11.0741
 11
410.346
 21
11.263
  0
LINE
  8
0
 10
410.346
 20
11.263
 11
410.262
 21
11.4576
  0
LINE
  8
0
 10
410.262
 20
11.4576
 11
410.19
 21
11.6571
  0
LINE
  8
0
 10
410.19
 20
11.6571
 11
410.131
 21
11.8607
  0
LINE
  8
0
 10
410.131
 20
11.8607
 11
410.085
 21
12.0676
  0
LINE
  8
0
 10
410.085
 20
12.0676
 11
410.052
 21
12.277
  0
LINE
  8
0
 10
410.052
 20
12.277
 11
410.032
 21
12.4881
  0
LINE
  8
0
 10
410.032
 20
12.4881
 11
410.025
 21
12.7
  0
LINE
  8
0
 10
410.025
 20
12.7
 11
410.032
 21
12.9119
  0
LINE
  8
0
 10
410.032
 20
12.9119
 11
410.052
 21
13.123
  0
LINE
  8
0
 10
410.052
 20
13.123
 11
410.085
 21
13.3324
  0
LINE
  8
0
 10
410.085
 20
13.3324
 11
410.131
 21
13.5393
  0
LINE
  8
0
 10
410.131
 20
13.5393
 11
410.19
 21
13.7429
  0
LINE
  8
0
 10
410.19
 20
13.7429
 11
410.262
 21
13.9424
  0
LINE
  8
0
 10
410.262
 20
13.9424
 11
410.346
 21
14.137
  0
LINE
  8
0
 10
410.346
 20
14.137
 11
410.442
 21
14.3259
  0
LINE
  8
0
 10
410.442
 20
14.3259
 11
410.55
 21
14.5084
  0
LINE
  8
0
 10
410.55
 20
14.5084
 11
410.67
 21
14.6838
  0
LINE
  8
0
 10
410.67
 20
14.6838
 11
410.8
 21
14.8513
  0
LINE
  8
0
 10
410.8
 20
14.8513
 11
410.94
 21
15.0103
  0
LINE
  8
0
 10
410.94
 20
15.0103
 11
411.09
 21
15.1603
  0
LINE
  8
0
 10
411.09
 20
15.1603
 11
411.249
 21
15.3005
  0
LINE
  8
0
 10
411.249
 20
15.3005
 11
411.416
 21
15.4304
  0
LINE
  8
0
 10
411.416
 20
15.4304
 11
411.592
 21
15.5496
  0
LINE
  8
0
 10
411.592
 20
15.5496
 11
411.774
 21
15.6575
  0
LINE
  8
0
 10
411.774
 20
15.6575
 11
411.963
 21
15.7538
  0
LINE
  8
0
 10
411.963
 20
15.7538
 11
412.158
 21
15.838
  0
LINE
  8
0
 10
412.158
 20
15.838
 11
412.357
 21
15.9098
  0
LINE
  8
0
 10
412.357
 20
15.9098
 11
412.561
 21
15.969
  0
LINE
  8
0
 10
412.561
 20
15.969
 11
412.768
 21
16.0152
  0
LINE
  8
0
 10
412.768
 20
16.0152
 11
412.977
 21
16.0484
  0
LINE
  8
0
 10
412.977
 20
16.0484
 11
413.188
 21
16.0683
  0
LINE
  8
0
 10
413.188
 20
16.0683
 11
413.4
 21
16.075
  0
LINE
  8
0
 10
413.4
 20
16.075
 11
413.612
 21
16.0683
  0
LINE
  8
0
 10
413.612
 20
16.0683
 11
413.823
 21
16.0484
  0
LINE
  8
0
 10
413.823
 20
16.0484
 11
414.032
 21
16.0152
  0
LINE
  8
0
 10
414.032
 20
16.0152
 11
414.239
 21
15.969
  0
LINE
  8
0
 10
414.239
 20
15.969
 11
414.443
 21
15.9098
  0
LINE
  8
0
 10
414.443
 20
15.9098
 11
414.642
 21
15.838
  0
LINE
  8
0
 10
414.642
 20
15.838
 11
414.837
 21
15.7538
  0
LINE
  8
0
 10
414.837
 20
15.7538
 11
415.026
 21
15.6575
  0
LINE
  8
0
 10
415.026
 20
15.6575
 11
415.208
 21
15.5496
  0
LINE
  8
0
 10
415.208
 20
15.5496
 11
415.384
 21
15.4304
  0
LINE
  8
0
 10
415.384
 20
15.4304
 11
415.551
 21
15.3005
  0
LINE
  8
0
 10
415.551
 20
15.3005
 11
415.71
 21
15.1603
  0
LINE
  8
0
 10
415.71
 20
15.1603
 11
415.86
 21
15.0103
  0
LINE
  8
0
 10
415.86
 20
15.0103
 11
416
 21
14.8513
  0
LINE
  8
0
 10
416
 20
14.8513
 11
416.13
 21
14.6838
  0
LINE
  8
0
 10
416.13
 20
14.6838
 11
416.25
 21
14.5084
  0
LINE
  8
0
 10
416.25
 20
14.5084
 11
416.358
 21
14.3259
  0
LINE
  8
0
 10
416.358
 20
14.3259
 11
416.454
 21
14.137
  0
LINE
  8
0
 10
416.454
 20
14.137
 11
416.538
 21
13.9424
  0
LINE
  8
0
 10
416.538
 20
13.9424
 11
416.61
 21
13.7429
  0
LINE
  8
0
 10
416.61
 20
13.7429
 11
416.669
 21
13.5393
  0
LINE
  8
0
 10
416.669
 20
13.5393
 11
416.715
 21
13.3324
  0
LINE
  8
0
 10
416.715
 20
13.3324
 11
416.748
 21
13.123
  0
LINE
  8
0
 10
416.748
 20
13.123
 11
416.768
 21
12.9119
  0
LINE
  8
0
 10
416.768
 20
12.9119
 11
416.775
 21
12.7
  0
LINE
  8
0
 10
416.775
 20
12.7
 11
416.768
 21
12.4881
  0
LINE
  8
0
 10
416.768
 20
12.4881
 11
416.748
 21
12.277
  0
LINE
  8
0
 10
416.748
 20
12.277
 11
416.715
 21
12.0676
  0
LINE
  8
0
 10
416.715
 20
12.0676
 11
416.669
 21
11.8607
  0
LINE
  8
0
 10
416.669
 20
11.8607
 11
416.61
 21
11.6571
  0
LINE
  8
0
 10
416.61
 20
11.6571
 11
416.538
 21
11.4576
  0
LINE
  8
0
 10
416.538
 20
11.4576
 11
416.454
 21
11.263
  0
LINE
  8
0
 10
416.454
 20
11.263
 11
416.358
 21
11.0741
  0
LINE
  8
0
 10
416.358
 20
11.0741
 11
416.25
 21
10.8916
  0
LINE
  8
0
 10
416.25
 20
10.8916
 11
416.13
 21
10.7162
  0
LINE
  8
0
 10
416.13
 20
10.7162
 11
416
 21
10.5487
  0
LINE
  8
0
 10
416
 20
10.5487
 11
415.86
 21
10.3896
  0
LINE
  8
0
 10
415.86
 20
10.3896
 11
415.71
 21
10.2397
  0
LINE
  8
0
 10
415.71
 20
10.2397
 11
415.551
 21
10.0995
  0
LINE
  8
0
 10
415.551
 20
10.0995
 11
415.384
 21
9.96956
  0
LINE
  8
0
 10
415.384
 20
9.96956
 11
415.208
 21
9.85039
  0
LINE
  8
0
 10
415.208
 20
9.85039
 11
415.026
 21
9.74246
  0
LINE
  8
0
 10
415.026
 20
9.74246
 11
414.837
 21
9.64621
  0
LINE
  8
0
 10
414.837
 20
9.64621
 11
414.642
 21
9.562
  0
LINE
  8
0
 10
414.642
 20
9.562
 11
414.443
 21
9.49017
  0
LINE
  8
0
 10
414.443
 20
9.49017
 11
414.239
 21
9.43103
  0
LINE
  8
0
 10
414.239
 20
9.43103
 11
414.032
 21
9.38478
  0
LINE
  8
0
 10
414.032
 20
9.38478
 11
413.823
 21
9.35161
  0
LINE
  8
0
 10
413.823
 20
9.35161
 11
413.612
 21
9.33165
  0
LINE
  8
0
 10
413.612
 20
9.33165
 11
413.4
 21
9.325
  0
LINE
  8
0
 10
413.4
 20
9.325
 11
413.188
 21
9.33165
  0
LINE
  8
0
 10
395.7
 20
101.6
 11
370.3
 21
101.6
  0
LINE
  8
0
 10
370.3
 20
101.6
 11
370.3
 21
0
  0
LINE
  8
0
 10
370.3
 20
0
 11
395.7
 21
0
  0
LINE
  8
0
 10
395.7
 20
0
 11
395.7
 21
101.6
  0
LINE
  8
0
 10
382.788
 20
85.5316
 11
382.577
 21
85.5516
  0
LINE
  8
0
 10
382.577
 20
85.5516
 11
382.368
 21
85.5848
  0
LINE
  8
0
 10
382.368
 20
85.5848
 11
382.161
 21
85.631
  0
LINE
  8
0
 10
382.161
 20
85.631
 11
381.957
 21
85.6902
  0
LINE
  8
0
 10
381.957
 20
85.6902
 11
381.758
 21
85.762
  0
LINE
  8
0
 10
381.758
 20
85.762
 11
381.563
 21
85.8462
  0
LINE
  8
0
 10
381.563
 20
85.8462
 11
381.374
 21
85.9424
  0
LINE
  8
0
 10
381.374
 20
85.9424
 11
381.192
 21
86.0504
  0
LINE
  8
0
 10
381.192
 20
86.0504
 11
381.016
 21
86.1695
  0
LINE
  8
0
 10
381.016
 20
86.1695
 11
380.849
 21
86.2995
  0
LINE
  8
0
 10
380.849
 20
86.2995
 11
380.69
 21
86.4397
  0
LINE
  8
0
 10
380.69
 20
86.4397
 11
380.54
 21
86.5896
  0
LINE
  8
0
 10
380.54
 20
86.5896
 11
380.4
 21
86.7487
  0
LINE
  8
0
 10
380.4
 20
86.7487
 11
380.27
 21
86.9162
  0
LINE
  8
0
 10
380.27
 20
86.9162
 11
380.15
 21
87.0916
  0
LINE
  8
0
 10
380.15
 20
87.0916
 11
380.042
 21
87.2741
  0
LINE
  8
0
 10
380.042
 20
87.2741
 11
379.946
 21
87.463
  0
LINE
  8
0
 10
379.946
 20
87.463
 11
379.862
 21
87.6576
  0
LINE
  8
0
 10
379.862
 20
87.6576
 11
379.79
 21
87.857
  0
LINE
  8
0
 10
379.79
 20
87.857
 11
379.731
 21
88.0607
  0
LINE
  8
0
 10
379.731
 20
88.0607
 11
379.685
 21
88.2676
  0
LINE
  8
0
 10
379.685
 20
88.2676
 11
379.652
 21
88.477
  0
LINE
  8
0
 10
379.652
 20
88.477
 11
379.632
 21
88.6881
  0
LINE
  8
0
 10
379.632
 20
88.6881
 11
379.625
 21
88.9
  0
LINE
  8
0
 10
379.625
 20
88.9
 11
379.632
 21
89.1119
  0
LINE
  8
0
 10
379.632
 20
89.1119
 11
379.652
 21
89.323
  0
LINE
  8
0
 10
379.652
 20
89.323
 11
379.685
 21
89.5324
  0
LINE
  8
0
 10
379.685
 20
89.5324
 11
379.731
 21
89.7393
  0
LINE
  8
0
 10
379.731
 20
89.7393
 11
379.79
 21
89.9429
  0
LINE
  8
0
 10
379.79
 20
89.9429
 11
379.862
 21
90.1424
  0
LINE
  8
0
 10
379.862
 20
90.1424
 11
379.946
 21
90.337
  0
LINE
  8
0
 10
379.946
 20
90.337
 11
380.042
 21
90.5259
  0
LINE
  8
0
 10
380.042
 20
90.5259
 11
380.15
 21
90.7084
  0
LINE
  8
0
 10
380.15
 20
90.7084
 11
380.27
 21
90.8838
  0
LINE
  8
0
 10
380.27
 20
90.8838
 11
380.4
 21
91.0513
  0
LINE
  8
0
 10
380.4
 20
91.0513
 11
380.54
 21
91.2103
  0
LINE
  8
0
 10
380.54
 20
91.2103
 11
380.69
 21
91.3602
  0
LINE
  8
0
 10
380.69
 20
91.3602
 11
380.849
 21
91.5005
  0
LINE
  8
0
 10
380.849
 20
91.5005
 11
381.016
 21
91.6304
  0
LINE
  8
0
 10
381.016
 20
91.6304
 11
381.192
 21
91.7496
  0
LINE
  8
0
 10
381.192
 20
91.7496
 11
381.374
 21
91.8575
  0
LINE
  8
0
 10
381.374
 20
91.8575
 11
381.563
 21
91.9538
  0
LINE
  8
0
 10
381.563
 20
91.9538
 11
381.758
 21
92.038
  0
LINE
  8
0
 10
381.758
 20
92.038
 11
381.957
 21
92.1098
  0
LINE
  8
0
 10
381.957
 20
92.1098
 11
382.161
 21
92.1689
  0
LINE
  8
0
 10
382.161
 20
92.1689
 11
382.368
 21
92.2152
  0
LINE
  8
0
 10
382.368
 20
92.2152
 11
382.577
 21
92.2484
  0
LINE
  8
0
 10
382.577
 20
92.2484
 11
382.788
 21
92.2683
  0
LINE
  8
0
 10
382.788
 20
92.2683
 11
383
 21
92.275
  0
LINE
  8
0
 10
383
 20
92.275
 11
383.212
 21
92.2683
  0
LINE
  8
0
 10
383.212
 20
92.2683
 11
383.423
 21
92.2484
  0
LINE
  8
0
 10
383.423
 20
92.2484
 11
383.632
 21
92.2152
  0
LINE
  8
0
 10
383.632
 20
92.2152
 11
383.839
 21
92.1689
  0
LINE
  8
0
 10
383.839
 20
92.1689
 11
384.043
 21
92.1098
  0
LINE
  8
0
 10
384.043
 20
92.1098
 11
384.242
 21
92.038
  0
LINE
  8
0
 10
384.242
 20
92.038
 11
384.437
 21
91.9538
  0
LINE
  8
0
 10
384.437
 20
91.9538
 11
384.626
 21
91.8575
  0
LINE
  8
0
 10
384.626
 20
91.8575
 11
384.808
 21
91.7496
  0
LINE
  8
0
 10
384.808
 20
91.7496
 11
384.984
 21
91.6304
  0
LINE
  8
0
 10
384.984
 20
91.6304
 11
385.151
 21
91.5005
  0
LINE
  8
0
 10
385.151
 20
91.5005
 11
385.31
 21
91.3602
  0
LINE
  8
0
 10
385.31
 20
91.3602
 11
385.46
 21
91.2103
  0
LINE
  8
0
 10
385.46
 20
91.2103
 11
385.6
 21
91.0513
  0
LINE
  8
0
 10
385.6
 20
91.0513
 11
385.73
 21
90.8838
  0
LINE
  8
0
 10
385.73
 20
90.8838
 11
385.85
 21
90.7084
  0
LINE
  8
0
 10
385.85
 20
90.7084
 11
385.958
 21
90.5259
  0
LINE
  8
0
 10
385.958
 20
90.5259
 11
386.054
 21
90.337
  0
LINE
  8
0
 10
386.054
 20
90.337
 11
386.138
 21
90.1424
  0
LINE
  8
0
 10
386.138
 20
90.1424
 11
386.21
 21
89.9429
  0
LINE
  8
0
 10
386.21
 20
89.9429
 11
386.269
 21
89.7393
  0
LINE
  8
0
 10
386.269
 20
89.7393
 11
386.315
 21
89.5324
  0
LINE
  8
0
 10
386.315
 20
89.5324
 11
386.348
 21
89.323
  0
LINE
  8
0
 10
386.348
 20
89.323
 11
386.368
 21
89.1119
  0
LINE
  8
0
 10
386.368
 20
89.1119
 11
386.375
 21
88.9
  0
LINE
  8
0
 10
386.375
 20
88.9
 11
386.368
 21
88.6881
  0
LINE
  8
0
 10
386.368
 20
88.6881
 11
386.348
 21
88.477
  0
LINE
  8
0
 10
386.348
 20
88.477
 11
386.315
 21
88.2676
  0
LINE
  8
0
 10
386.315
 20
88.2676
 11
386.269
 21
88.0607
  0
LINE
  8
0
 10
386.269
 20
88.0607
 11
386.21
 21
87.857
  0
LINE
  8
0
 10
386.21
 20
87.857
 11
386.138
 21
87.6576
  0
LINE
  8
0
 10
386.138
 20
87.6576
 11
386.054
 21
87.463
  0
LINE
  8
0
 10
386.054
 20
87.463
 11
385.958
 21
87.2741
  0
LINE
  8
0
 10
385.958
 20
87.2741
 11
385.85
 21
87.0916
  0
LINE
  8
0
 10
385.85
 20
87.0916
 11
385.73
 21
86.9162
  0
LINE
  8
0
 10
385.73
 20
86.9162
 11
385.6
 21
86.7487
  0
LINE
  8
0
 10
385.6
 20
86.7487
 11
385.46
 21
86.5896
  0
LINE
  8
0
 10
385.46
 20
86.5896
 11
385.31
 21
86.4397
  0
LINE
  8
0
 10
385.31
 20
86.4397
 11
385.151
 21
86.2995
  0
LINE
  8
0
 10
385.151
 20
86.2995
 11
384.984
 21
86.1695
  0
LINE
  8
0
 10
384.984
 20
86.1695
 11
384.808
 21
86.0504
  0
LINE
  8
0
 10
384.808
 20
86.0504
 11
384.626
 21
85.9424
  0
LINE
  8
0
 10
384.626
 20
85.9424
 11
384.437
 21
85.8462
  0
LINE
  8
0
 10
384.437
 20
85.8462
 11
384.242
 21
85.762
  0
LINE
  8
0
 10
384.242
 20
85.762
 11
384.043
 21
85.6902
  0
LINE
  8
0
 10
384.043
 20
85.6902
 11
383.839
 21
85.631
  0
LINE
  8
0
 10
383.839
 20
85.631
 11
383.632
 21
85.5848
  0
LINE
  8
0
 10
383.632
 20
85.5848
 11
383.423
 21
85.5516
  0
LINE
  8
0
 10
383.423
 20
85.5516
 11
383.212
 21
85.5316
  0
LINE
  8
0
 10
383.212
 20
85.5316
 11
383
 21
85.525
  0
LINE
  8
0
 10
383
 20
85.525
 11
382.788
 21
85.5316
  0
LINE
  8
0
 10
382.788
 20
60.1316
 11
382.577
 21
60.1516
  0
LINE
  8
0
 10
382.577
 20
60.1516
 11
382.368
 21
60.1848
  0
LINE
  8
0
 10
382.368
 20
60.1848
 11
382.161
 21
60.231
  0
LINE
  8
0
 10
382.161
 20
60.231
 11
381.957
 21
60.2902
  0
LINE
  8
0
 10
381.957
 20
60.2902
 11
381.758
 21
60.362
  0
LINE
  8
0
 10
381.758
 20
60.362
 11
381.563
 21
60.4462
  0
LINE
  8
0
 10
381.563
 20
60.4462
 11
381.374
 21
60.5424
  0
LINE
  8
0
 10
381.374
 20
60.5424
 11
381.192
 21
60.6504
  0
LINE
  8
0
 10
381.192
 20
60.6504
 11
381.016
 21
60.7695
  0
LINE
  8
0
 10
381.016
 20
60.7695
 11
380.849
 21
60.8995
  0
LINE
  8
0
 10
380.849
 20
60.8995
 11
380.69
 21
61.0397
  0
LINE
  8
0
 10
380.69
 20
61.0397
 11
380.54
 21
61.1896
  0
LINE
  8
0
 10
380.54
 20
61.1896
 11
380.4
 21
61.3487
  0
LINE
  8
0
 10
380.4
 20
61.3487
 11
380.27
 21
61.5162
  0
LINE
  8
0
 10
380.27
 20
61.5162
 11
380.15
 21
61.6916
  0
LINE
  8
0
 10
380.15
 20
61.6916
 11
380.042
 21
61.8741
  0
LINE
  8
0
 10
380.042
 20
61.8741
 11
379.946
 21
62.063
  0
LINE
  8
0
 10
379.946
 20
62.063
 11
379.862
 21
62.2576
  0
LINE
  8
0
 10
379.862
 20
62.2576
 11
379.79
 21
62.457
  0
LINE
  8
0
 10
379.79
 20
62.457
 11
379.731
 21
62.6606
  0
LINE
  8
0
 10
379.731
 20
62.6606
 11
379.685
 21
62.8676
  0
LINE
  8
0
 10
379.685
 20
62.8676
 11
379.652
 21
63.077
  0
LINE
  8
0
 10
379.652
 20
63.077
 11
379.632
 21
63.2881
  0
LINE
  8
0
 10
379.632
 20
63.2881
 11
379.625
 21
63.5
  0
LINE
  8
0
 10
379.625
 20
63.5
 11
379.632
 21
63.7119
  0
LINE
  8
0
 10
379.632
 20
63.7119
 11
379.652
 21
63.923
  0
LINE
  8
0
 10
379.652
 20
63.923
 11
379.685
 21
64.1324
  0
LINE
  8
0
 10
379.685
 20
64.1324
 11
379.731
 21
64.3393
  0
LINE
  8
0
 10
379.731
 20
64.3393
 11
379.79
 21
64.5429
  0
LINE
  8
0
 10
379.79
 20
64.5429
 11
379.862
 21
64.7424
  0
LINE
  8
0
 10
379.862
 20
64.7424
 11
379.946
 21
64.937
  0
LINE
  8
0
 10
379.946
 20
64.937
 11
380.042
 21
65.1259
  0
LINE
  8
0
 10
380.042
 20
65.1259
 11
380.15
 21
65.3084
  0
LINE
  8
0
 10
380.15
 20
65.3084
 11
380.27
 21
65.4837
  0
LINE
  8
0
 10
380.27
 20
65.4837
 11
380.4
 21
65.6513
  0
LINE
  8
0
 10
380.4
 20
65.6513
 11
380.54
 21
65.8103
  0
LINE
  8
0
 10
380.54
 20
65.8103
 11
380.69
 21
65.9603
  0
LINE
  8
0
 10
380.69
 20
65.9603
 11
380.849
 21
66.1005
  0
LINE
  8
0
 10
380.849
 20
66.1005
 11
381.016
 21
66.2304
  0
LINE
  8
0
 10
381.016
 20
66.2304
 11
381.192
 21
66.3496
  0
LINE
  8
0
 10
381.192
 20
66.3496
 11
381.374
 21
66.4575
  0
LINE
  8
0
 10
381.374
 20
66.4575
 11
381.563
 21
66.5538
  0
LINE
  8
0
 10
381.563
 20
66.5538
 11
381.758
 21
66.638
  0
LINE
  8
0
 10
381.758
 20
66.638
 11
381.957
 21
66.7098
  0
LINE
  8
0
 10
381.957
 20
66.7098
 11
382.161
 21
66.769
  0
LINE
  8
0
 10
382.161
 20
66.769
 11
382.368
 21
66.8152
  0
LINE
  8
0
 10
382.368
 20
66.8152
 11
382.577
 21
66.8484
  0
LINE
  8
0
 10
382.577
 20
66.8484
 11
382.788
 21
66.8683
  0
LINE
  8
0
 10
382.788
 20
66.8683
 11
383
 21
66.875
  0
LINE
  8
0
 10
383
 20
66.875
 11
383.212
 21
66.8683
  0
LINE
  8
0
 10
383.212
 20
66.8683
 11
383.423
 21
66.8484
  0
LINE
  8
0
 10
383.423
 20
66.8484
 11
383.632
 21
66.8152
  0
LINE
  8
0
 10
383.632
 20
66.8152
 11
383.839
 21
66.769
  0
LINE
  8
0
 10
383.839
 20
66.769
 11
384.043
 21
66.7098
  0
LINE
  8
0
 10
384.043
 20
66.7098
 11
384.242
 21
66.638
  0
LINE
  8
0
 10
384.242
 20
66.638
 11
384.437
 21
66.5538
  0
LINE
  8
0
 10
384.437
 20
66.5538
 11
384.626
 21
66.4575
  0
LINE
  8
0
 10
384.626
 20
66.4575
 11
384.808
 21
66.3496
  0
LINE
  8
0
 10
384.808
 20
66.3496
 11
384.984
 21
66.2304
  0
LINE
  8
0
 10
384.984
 20
66.2304
 11
385.151
 21
66.1005
  0
LINE
  8
0
 10
385.151
 20
66.1005
 11
385.31
 21
65.9603
  0
LINE
  8
0
 10
385.31
 20
65.9603
 11
385.46
 21
65.8103
  0
LINE
  8
0
 10
385.46
 20
65.8103
 11
385.6
 21
65.6513
  0
LINE
  8
0
 10
385.6
 20
65.6513
 11
385.73
 21
65.4837
  0
LINE
  8
0
 10
385.73
 20
65.4837
 11
385.85
 21
65.3084
  0
LINE
  8
0
 10
385.85
 20
65.3084
 11
385.958
 21
65.1259
  0
LINE
  8
0
 10
385.958
 20
65.1259
 11
386.054
 21
64.937
  0
LINE
  8
0
 10
386.054
 20
64.937
 11
386.138
 21
64.7424
  0
LINE
  8
0
 10
386.138
 20
64.7424
 11
386.21
 21
64.5429
  0
LINE
  8
0
 10
386.21
 20
64.5429
 11
386.269
 21
64.3393
  0
LINE
  8
0
 10
386.269
 20
64.3393
 11
386.315
 21
64.1324
  0
LINE
  8
0
 10
386.315
 20
64.1324
 11
386.348
 21
63.923
  0
LINE
  8
0
 10
386.348
 20
63.923
 11
386.368
 21
63.7119
  0
LINE
  8
0
 10
386.368
 20
63.7119
 11
386.375
 21
63.5
  0
LINE
  8
0
 10
386.375
 20
63.5
 11
386.368
 21
63.2881
  0
LINE
  8
0
 10
386.368
 20
63.2881
 11
386.348
 21
63.077
  0
LINE
  8
0
 10
386.348
 20
63.077
 11
386.315
 21
62.8676
  0
LINE
  8
0
 10
386.315
 20
62.8676
 11
386.269
 21
62.6606
  0
LINE
  8
0
 10
386.269
 20
62.6606
 11
386.21
 21
62.457
  0
LINE
  8
0
 10
386.21
 20
62.457
 11
386.138
 21
62.2576
  0
LINE
  8
0
 10
386.138
 20
62.2576
 11
386.054
 21
62.063
  0
LINE
  8
0
 10
386.054
 20
62.063
 11
385.958
 21
61.8741
  0
LINE
  8
0
 10
385.958
 20
61.8741
 11
385.85
 21
61.6916
  0
LINE
  8
0
 10
385.85
 20
61.6916
 11
385.73
 21
61.5162
  0
LINE
  8
0
 10
385.73
 20
61.5162
 11
385.6
 21
61.3487
  0
LINE
  8
0
 10
385.6
 20
61.3487
 11
385.46
 21
61.1896
  0
LINE
  8
0
 10
385.46
 20
61.1896
 11
385.31
 21
61.0397
  0
LINE
  8
0
 10
385.31
 20
61.0397
 11
385.151
 21
60.8995
  0
LINE
  8
0
 10
385.151
 20
60.8995
 11
384.984
 21
60.7695
  0
LINE
  8
0
 10
384.984
 20
60.7695
 11
384.808
 21
60.6504
  0
LINE
  8
0
 10
384.808
 20
60.6504
 11
384.626
 21
60.5424
  0
LINE
  8
0
 10
384.626
 20
60.5424
 11
384.437
 21
60.4462
  0
LINE
  8
0
 10
384.437
 20
60.4462
 11
384.242
 21
60.362
  0
LINE
  8
0
 10
384.242
 20
60.362
 11
384.043
 21
60.2902
  0
LINE
  8
0
 10
384.043
 20
60.2902
 11
383.839
 21
60.231
  0
LINE
  8
0
 10
383.839
 20
60.231
 11
383.632
 21
60.1848
  0
LINE
  8
0
 10
383.632
 20
60.1848
 11
383.423
 21
60.1516
  0
LINE
  8
0
 10
383.423
 20
60.1516
 11
383.212
 21
60.1316
  0
LINE
  8
0
 10
383.212
 20
60.1316
 11
383
 21
60.125
  0
LINE
  8
0
 10
383
 20
60.125
 11
382.788
 21
60.1316
  0
LINE
  8
0
 10
382.788
 20
34.7317
 11
382.577
 21
34.7516
  0
LINE
  8
0
 10
382.577
 20
34.7516
 11
382.368
 21
34.7848
  0
LINE
  8
0
 10
382.368
 20
34.7848
 11
382.161
 21
34.831
  0
LINE
  8
0
 10
382.161
 20
34.831
 11
381.957
 21
34.8902
  0
LINE
  8
0
 10
381.957
 20
34.8902
 11
381.758
 21
34.962
  0
LINE
  8
0
 10
381.758
 20
34.962
 11
381.563
 21
35.0462
  0
LINE
  8
0
 10
381.563
 20
35.0462
 11
381.374
 21
35.1425
  0
LINE
  8
0
 10
381.374
 20
35.1425
 11
381.192
 21
35.2504
  0
LINE
  8
0
 10
381.192
 20
35.2504
 11
381.016
 21
35.3696
  0
LINE
  8
0
 10
381.016
 20
35.3696
 11
380.849
 21
35.4995
  0
LINE
  8
0
 10
380.849
 20
35.4995
 11
380.69
 21
35.6397
  0
LINE
  8
0
 10
380.69
 20
35.6397
 11
380.54
 21
35.7896
  0
LINE
  8
0
 10
380.54
 20
35.7896
 11
380.4
 21
35.9487
  0
LINE
  8
0
 10
380.4
 20
35.9487
 11
380.27
 21
36.1162
  0
LINE
  8
0
 10
380.27
 20
36.1162
 11
380.15
 21
36.2916
  0
LINE
  8
0
 10
380.15
 20
36.2916
 11
380.042
 21
36.4741
  0
LINE
  8
0
 10
380.042
 20
36.4741
 11
379.946
 21
36.663
  0
LINE
  8
0
 10
379.946
 20
36.663
 11
379.862
 21
36.8576
  0
LINE
  8
0
 10
379.862
 20
36.8576
 11
379.79
 21
37.0571
  0
LINE
  8
0
 10
379.79
 20
37.0571
 11
379.731
 21
37.2607
  0
LINE
  8
0
 10
379.731
 20
37.2607
 11
379.685
 21
37.4676
  0
LINE
  8
0
 10
379.685
 20
37.4676
 11
379.652
 21
37.677
  0
LINE
  8
0
 10
379.652
 20
37.677
 11
379.632
 21
37.8881
  0
LINE
  8
0
 10
379.632
 20
37.8881
 11
379.625
 21
38.1
  0
LINE
  8
0
 10
379.625
 20
38.1
 11
379.632
 21
38.3119
  0
LINE
  8
0
 10
379.632
 20
38.3119
 11
379.652
 21
38.523
  0
LINE
  8
0
 10
379.652
 20
38.523
 11
379.685
 21
38.7324
  0
LINE
  8
0
 10
379.685
 20
38.7324
 11
379.731
 21
38.9393
  0
LINE
  8
0
 10
379.731
 20
38.9393
 11
379.79
 21
39.1429
  0
LINE
  8
0
 10
379.79
 20
39.1429
 11
379.862
 21
39.3424
  0
LINE
  8
0
 10
379.862
 20
39.3424
 11
379.946
 21
39.537
  0
LINE
  8
0
 10
379.946
 20
39.537
 11
380.042
 21
39.7259
  0
LINE
  8
0
 10
380.042
 20
39.7259
 11
380.15
 21
39.9084
  0
LINE
  8
0
 10
380.15
 20
39.9084
 11
380.27
 21
40.0838
  0
LINE
  8
0
 10
380.27
 20
40.0838
 11
380.4
 21
40.2513
  0
LINE
  8
0
 10
380.4
 20
40.2513
 11
380.54
 21
40.4103
  0
LINE
  8
0
 10
380.54
 20
40.4103
 11
380.69
 21
40.5603
  0
LINE
  8
0
 10
380.69
 20
40.5603
 11
380.849
 21
40.7005
  0
LINE
  8
0
 10
380.849
 20
40.7005
 11
381.016
 21
40.8304
  0
LINE
  8
0
 10
381.016
 20
40.8304
 11
381.192
 21
40.9496
  0
LINE
  8
0
 10
381.192
 20
40.9496
 11
381.374
 21
41.0575
  0
LINE
  8
0
 10
381.374
 20
41.0575
 11
381.563
 21
41.1538
  0
LINE
  8
0
 10
381.563
 20
41.1538
 11
381.758
 21
41.238
  0
LINE
  8
0
 10
381.758
 20
41.238
 11
381.957
 21
41.3098
  0
LINE
  8
0
 10
381.957
 20
41.3098
 11
382.161
 21
41.369
  0
LINE
  8
0
 10
382.161
 20
41.369
 11
382.368
 21
41.4152
  0
LINE
  8
0
 10
382.368
 20
41.4152
 11
382.577
 21
41.4484
  0
LINE
  8
0
 10
382.577
 20
41.4484
 11
382.788
 21
41.4683
  0
LINE
  8
0
 10
382.788
 20
41.4683
 11
383
 21
41.475
  0
LINE
  8
0
 10
383
 20
41.475
 11
383.212
 21
41.4683
  0
LINE
  8
0
 10
383.212
 20
41.4683
 11
383.423
 21
41.4484
  0
LINE
  8
0
 10
383.423
 20
41.4484
 11
383.632
 21
41.4152
  0
LINE
  8
0
 10
383.632
 20
41.4152
 11
383.839
 21
41.369
  0
LINE
  8
0
 10
383.839
 20
41.369
 11
384.043
 21
41.3098
  0
LINE
  8
0
 10
384.043
 20
41.3098
 11
384.242
 21
41.238
  0
LINE
  8
0
 10
384.242
 20
41.238
 11
384.437
 21
41.1538
  0
LINE
  8
0
 10
384.437
 20
41.1538
 11
384.626
 21
41.0575
  0
LINE
  8
0
 10
384.626
 20
41.0575
 11
384.808
 21
40.9496
  0
LINE
  8
0
 10
384.808
 20
40.9496
 11
384.984
 21
40.8304
  0
LINE
  8
0
 10
384.984
 20
40.8304
 11
385.151
 21
40.7005
  0
LINE
  8
0
 10
385.151
 20
40.7005
 11
385.31
 21
40.5603
  0
LINE
  8
0
 10
385.31
 20
40.5603
 11
385.46
 21
40.4103
  0
LINE
  8
0
 10
385.46
 20
40.4103
 11
385.6
 21
40.2513
  0
LINE
  8
0
 10
385.6
 20
40.2513
 11
385.73
 21
40.0838
  0
LINE
  8
0
 10
385.73
 20
40.0838
 11
385.85
 21
39.9084
  0
LINE
  8
0
 10
385.85
 20
39.9084
 11
385.958
 21
39.7259
  0
LINE
  8
0
 10
385.958
 20
39.7259
 11
386.054
 21
39.537
  0
LINE
  8
0
 10
386.054
 20
39.537
 11
386.138
 21
39.3424
  0
LINE
  8
0
 10
386.138
 20
39.3424
 11
386.21
 21
39.1429
  0
LINE
  8
0
 10
386.21
 20
39.1429
 11
386.269
 21
38.9393
  0
LINE
  8
0
 10
386.269
 20
38.9393
 11
386.315
 21
38.7324
  0
LINE
  8
0
 10
386.315
 20
38.7324
 11
386.348
 21
38.523
  0
LINE
  8
0
 10
386.348
 20
38.523
 11
386.368
 21
38.3119
  0
LINE
  8
0
 10
386.368
 20
38.3119
 11
386.375
 21
38.1
  0
LINE
  8
0
 10
386.375
 20
38.1
 11
386.368
 21
37.8881
  0
LINE
  8
0
 10
386.368
 20
37.8881
 11
386.348
 21
37.677
  0
LINE
  8
0
 10
386.348
 20
37.677
 11
386.315
 21
37.4676
  0
LINE
  8
0
 10
386.315
 20
37.4676
 11
386.269
 21
37.2607
  0
LINE
  8
0
 10
386.269
 20
37.2607
 11
386.21
 21
37.0571
  0
LINE
  8
0
 10
386.21
 20
37.0571
 11
386.138
 21
36.8576
  0
LINE
  8
0
 10
386.138
 20
36.8576
 11
386.054
 21
36.663
  0
LINE
  8
0
 10
386.054
 20
36.663
 11
385.958
 21
36.4741
  0
LINE
  8
0
 10
385.958
 20
36.4741
 11
385.85
 21
36.2916
  0
LINE
  8
0
 10
385.85
 20
36.2916
 11
385.73
 21
36.1162
  0
LINE
  8
0
 10
385.73
 20
36.1162
 11
385.6
 21
35.9487
  0
LINE
  8
0
 10
385.6
 20
35.9487
 11
385.46
 21
35.7896
  0
LINE
  8
0
 10
385.46
 20
35.7896
 11
385.31
 21
35.6397
  0
LINE
  8
0
 10
385.31
 20
35.6397
 11
385.151
 21
35.4995
  0
LINE
  8
0
 10
385.151
 20
35.4995
 11
384.984
 21
35.3696
  0
LINE
  8
0
 10
384.984
 20
35.3696
 11
384.808
 21
35.2504
  0
LINE
  8
0
 10
384.808
 20
35.2504
 11
384.626
 21
35.1425
  0
LINE
  8
0
 10
384.626
 20
35.1425
 11
384.437
 21
35.0462
  0
LINE
  8
0
 10
384.437
 20
35.0462
 11
384.242
 21
34.962
  0
LINE
  8
0
 10
384.242
 20
34.962
 11
384.043
 21
34.8902
  0
LINE
  8
0
 10
384.043
 20
34.8902
 11
383.839
 21
34.831
  0
LINE
  8
0
 10
383.839
 20
34.831
 11
383.632
 21
34.7848
  0
LINE
  8
0
 10
383.632
 20
34.7848
 11
383.423
 21
34.7516
  0
LINE
  8
0
 10
383.423
 20
34.7516
 11
383.212
 21
34.7317
  0
LINE
  8
0
 10
383.212
 20
34.7317
 11
383
 21
34.725
  0
LINE
  8
0
 10
383
 20
34.725
 11
382.788
 21
34.7317
  0
LINE
  8
0
 10
382.788
 20
9.33165
 11
382.577
 21
9.35161
  0
LINE
  8
0
 10
382.577
 20
9.35161
 11
382.368
 21
9.38478
  0
LINE
  8
0
 10
382.368
 20
9.38478
 11
382.161
 21
9.43103
  0
LINE
  8
0
 10
382.161
 20
9.43103
 11
381.957
 21
9.49017
  0
LINE
  8
0
 10
381.957
 20
9.49017
 11
381.758
 21
9.562
  0
LINE
  8
0
 10
381.758
 20
9.562
 11
381.563
 21
9.64621
  0
LINE
  8
0
 10
381.563
 20
9.64621
 11
381.374
 21
9.74246
  0
LINE
  8
0
 10
381.374
 20
9.74246
 11
381.192
 21
9.85039
  0
LINE
  8
0
 10
381.192
 20
9.85039
 11
381.016
 21
9.96956
  0
LINE
  8
0
 10
381.016
 20
9.96956
 11
380.849
 21
10.0995
  0
LINE
  8
0
 10
380.849
 20
10.0995
 11
380.69
 21
10.2397
  0
LINE
  8
0
 10
380.69
 20
10.2397
 11
380.54
 21
10.3896
  0
LINE
  8
0
 10
380.54
 20
10.3896
 11
380.4
 21
10.5487
  0
LINE
  8
0
 10
380.4
 20
10.5487
 11
380.27
 21
10.7162
  0
LINE
  8
0
 10
380.27
 20
10.7162
 11
380.15
 21
10.8916
  0
LINE
  8
0
 10
380.15
 20
10.8916
 11
380.042
 21
11.0741
  0
LINE
  8
0
 10
380.042
 20
11.0741
 11
379.946
 21
11.263
  0
LINE
  8
0
 10
379.946
 20
11.263
 11
379.862
 21
11.4576
  0
LINE
  8
0
 10
379.862
 20
11.4576
 11
379.79
 21
11.6571
  0
LINE
  8
0
 10
379.79
 20
11.6571
 11
379.731
 21
11.8607
  0
LINE
  8
0
 10
379.731
 20
11.8607
 11
379.685
 21
12.0676
  0
LINE
  8
0
 10
379.685
 20
12.0676
 11
379.652
 21
12.277
  0
LINE
  8
0
 10
379.652
 20
12.277
 11
379.632
 21
12.4881
  0
LINE
  8
0
 10
379.632
 20
12.4881
 11
379.625
 21
12.7
  0
LINE
  8
0
 10
379.625
 20
12.7
 11
379.632
 21
12.9119
  0
LINE
  8
0
 10
379.632
 20
12.9119
 11
379.652
 21
13.123
  0
LINE
  8
0
 10
379.652
 20
13.123
 11
379.685
 21
13.3324
  0
LINE
  8
0
 10
379.685
 20
13.3324
 11
379.731
 21
13.5393
  0
LINE
  8
0
 10
379.731
 20
13.5393
 11
379.79
 21
13.7429
  0
LINE
  8
0
 10
379.79
 20
13.7429
 11
379.862
 21
13.9424
  0
LINE
  8
0
 10
379.862
 20
13.9424
 11
379.946
 21
14.137
  0
LINE
  8
0
 10
379.946
 20
14.137
 11
380.042
 21
14.3259
  0
LINE
  8
0
 10
380.042
 20
14.3259
 11
380.15
 21
14.5084
  0
LINE
  8
0
 10
380.15
 20
14.5084
 11
380.27
 21
14.6838
  0
LINE
  8
0
 10
380.27
 20
14.6838
 11
380.4
 21
14.8513
  0
LINE
  8
0
 10
380.4
 20
14.8513
 11
380.54
 21
15.0103
  0
LINE
  8
0
 10
380.54
 20
15.0103
 11
380.69
 21
15.1603
  0
LINE
  8
0
 10
380.69
 20
15.1603
 11
380.849
 21
15.3005
  0
LINE
  8
0
 10
380.849
 20
15.3005
 11
381.016
 21
15.4304
  0
LINE
  8
0
 10
381.016
 20
15.4304
 11
381.192
 21
15.5496
  0
LINE
  8
0
 10
381.192
 20
15.5496
 11
381.374
 21
15.6575
  0
LINE
  8
0
 10
381.374
 20
15.6575
 11
381.563
 21
15.7538
  0
LINE
  8
0
 10
381.563
 20
15.7538
 11
381.758
 21
15.838
  0
LINE
  8
0
 10
381.758
 20
15.838
 11
381.957
 21
15.9098
  0
LINE
  8
0
 10
381.957
 20
15.9098
 11
382.161
 21
15.969
  0
LINE
  8
0
 10
382.161
 20
15.969
 11
382.368
 21
16.0152
  0
LINE
  8
0
 10
382.368
 20
16.0152
 11
382.577
 21
16.0484
  0
LINE
  8
0
 10
382.577
 20
16.0484
 11
382.788
 21
16.0683
  0
LINE
  8
0
 10
382.788
 20
16.0683
 11
383
 21
16.075
  0
LINE
  8
0
 10
383
 20
16.075
 11
383.212
 21
16.0683
  0
LINE
  8
0
 10
383.212
 20
16.0683
 11
383.423
 21
16.0484
  0
LINE
  8
0
 10
383.423
 20
16.0484
 11
383.632
 21
16.0152
  0
LINE
  8
0
 10
383.632
 20
16.0152
 11
383.839
 21
15.969
  0
LINE
  8
0
 10
383.839
 20
15.969
 11
384.043
 21
15.9098
  0
LINE
  8
0
 10
384.043
 20
15.9098
 11
384.242
 21
15.838
  0
LINE
  8
0
 10
384.242
 20
15.838
 11
384.437
 21
15.7538
  0
LINE
  8
0
 10
384.437
 20
15.7538
 11
384.626
 21
15.6575
  0
LINE
  8
0
 10
384.626
 20
15.6575
 11
384.808
 21
15.5496
  0
LINE
  8
0
 10
384.808
 20
15.5496
 11
384.984
 21
15.4304
  0
LINE
  8
0
 10
384.984
 20
15.4304
 11
385.151
 21
15.3005
  0
LINE
  8
0
 10
385.151
 20
15.3005
 11
385.31
 21
15.1603
  0
LINE
  8
0
 10
385.31
 20
15.1603
 11
385.46
 21
15.0103
  0
LINE
  8
0
 10
385.46
 20
15.0103
 11
385.6
 21
14.8513
  0
LINE
  8
0
 10
385.6
 20
14.8513
 11
385.73
 21
14.6838
  0
LINE
  8
0
 10
385.73
 20
14.6838
 11
385.85
 21
14.5084
  0
LINE
  8
0
 10
385.85
 20
14.5084
 11
385.958
 21
14.3259
  0
LINE
  8
0
 10
385.958
 20
14.3259
 11
386.054
 21
14.137
  0
LINE
  8
0
 10
386.054
 20
14.137
 11
386.138
 21
13.9424
  0
LINE
  8
0
 10
386.138
 20
13.9424
 11
386.21
 21
13.7429
  0
LINE
  8
0
 10
386.21
 20
13.7429
 11
386.269
 21
13.5393
  0
LINE
  8
0
 10
386.269
 20
13.5393
 11
386.315
 21
13.3324
  0
LINE
  8
0
 10
386.315
 20
13.3324
 11
386.348
 21
13.123
  0
LINE
  8
0
 10
386.348
 20
13.123
 11
386.368
 21
12.9119
  0
LINE
  8
0
 10
386.368
 20
12.9119
 11
386.375
 21
12.7
  0
LINE
  8
0
 10
386.375
 20
12.7
 11
386.368
 21
12.4881
  0
LINE
  8
0
 10
386.368
 20
12.4881
 11
386.348
 21
12.277
  0
LINE
  8
0
 10
386.348
 20
12.277
 11
386.315
 21
12.0676
  0
LINE
  8
0
 10
386.315
 20
12.0676
 11
386.269
 21
11.8607
  0
LINE
  8
0
 10
386.269
 20
11.8607
 11
386.21
 21
11.6571
  0
LINE
  8
0
 10
386.21
 20
11.6571
 11
386.138
 21
11.4576
  0
LINE
  8
0
 10
386.138
 20
11.4576
 11
386.054
 21
11.263
  0
LINE
  8
0
 10
386.054
 20
11.263
 11
385.958
 21
11.0741
  0
LINE
  8
0
 10
385.958
 20
11.0741
 11
385.85
 21
10.8916
  0
LINE
  8
0
 10
385.85
 20
10.8916
 11
385.73
 21
10.7162
  0
LINE
  8
0
 10
385.73
 20
10.7162
 11
385.6
 21
10.5487
  0
LINE
  8
0
 10
385.6
 20
10.5487
 11
385.46
 21
10.3896
  0
LINE
  8
0
 10
385.46
 20
10.3896
 11
385.31
 21
10.2397
  0
LINE
  8
0
 10
385.31
 20
10.2397
 11
385.151
 21
10.0995
  0
LINE
  8
0
 10
385.151
 20
10.0995
 11
384.984
 21
9.96956
  0
LINE
  8
0
 10
384.984
 20
9.96956
 11
384.808
 21
9.85039
  0
LINE
  8
0
 10
384.808
 20
9.85039
 11
384.626
 21
9.74246
  0
LINE
  8
0
 10
384.626
 20
9.74246
 11
384.437
 21
9.64621
  0
LINE
  8
0
 10
384.437
 20
9.64621
 11
384.242
 21
9.562
  0
LINE
  8
0
 10
384.242
 20
9.562
 11
384.043
 21
9.49017
  0
LINE
  8
0
 10
384.043
 20
9.49017
 11
383.839
 21
9.43103
  0
LINE
  8
0
 10
383.839
 20
9.43103
 11
383.632
 21
9.38478
  0
LINE
  8
0
 10
383.632
 20
9.38478
 11
383.423
 21
9.35161
  0
LINE
  8
0
 10
383.423
 20
9.35161
 11
383.212
 21
9.33165
  0
LINE
  8
0
 10
383.212
 20
9.33165
 11
383
 21
9.325
  0
LINE
  8
0
 10
383
 20
9.325
 11
382.788
 21
9.33165
  0
LINE
  8
0
 10
395.7
 20
-2
 11
370.3
 21
-2
  0
LINE
  8
0
 10
370.3
 20
-2
 11
370.3
 21
-103.6
  0
LINE
  8
0
 10
370.3
 20
-103.6
 11
395.7
 21
-103.6
  0
LINE
  8
0
 10
395.7
 20
-103.6
 11
395.7
 21
-2
  0
LINE
  8
0
 10
382.788
 20
-18.0683
 11
382.577
 21
-18.0484
  0
LINE
  8
0
 10
382.577
 20
-18.0484
 11
382.368
 21
-18.0152
  0
LINE
  8
0
 10
382.368
 20
-18.0152
 11
382.161
 21
-17.969
  0
LINE
  8
0
 10
382.161
 20
-17.969
 11
381.957
 21
-17.9098
  0
LINE
  8
0
 10
381.957
 20
-17.9098
 11
381.758
 21
-17.838
  0
LINE
  8
0
 10
381.758
 20
-17.838
 11
381.563
 21
-17.7538
  0
LINE
  8
0
 10
381.563
 20
-17.7538
 11
381.374
 21
-17.6575
  0
LINE
  8
0
 10
381.374
 20
-17.6575
 11
381.192
 21
-17.5496
  0
LINE
  8
0
 10
381.192
 20
-17.5496
 11
381.016
 21
-17.4304
  0
LINE
  8
0
 10
381.016
 20
-17.4304
 11
380.849
 21
-17.3005
  0
LINE
  8
0
 10
380.849
 20
-17.3005
 11
380.69
 21
-17.1603
  0
LINE
  8
0
 10
380.69
 20
-17.1603
 11
380.54
 21
-17.0103
  0
LINE
  8
0
 10
380.54
 20
-17.0103
 11
380.4
 21
-16.8513
  0
LINE
  8
0
 10
380.4
 20
-16.8513
 11
380.27
 21
-16.6838
  0
LINE
  8
0
 10
380.27
 20
-16.6838
 11
380.15
 21
-16.5084
  0
LINE
  8
0
 10
380.15
 20
-16.5084
 11
380.042
 21
-16.3259
  0
LINE
  8
0
 10
380.042
 20
-16.3259
 11
379.946
 21
-16.137
  0
LINE
  8
0
 10
379.946
 20
-16.137
 11
379.862
 21
-15.9424
  0
LINE
  8
0
 10
379.862
 20
-15.9424
 11
379.79
 21
-15.7429
  0
LINE
  8
0
 10
379.79
 20
-15.7429
 11
379.731
 21
-15.5393
  0
LINE
  8
0
 10
379.731
 20
-15.5393
 11
379.685
 21
-15.3324
  0
LINE
  8
0
 10
379.685
 20
-15.3324
 11
379.652
 21
-15.123
  0
LINE
  8
0
 10
379.652
 20
-15.123
 11
379.632
 21
-14.9119
  0
LINE
  8
0
 10
379.632
 20
-14.9119
 11
379.625
 21
-14.7
  0
LINE
  8
0
 10
379.625
 20
-14.7
 11
379.632
 21
-14.4881
  0
LINE
  8
0
 10
379.632
 20
-14.4881
 11
379.652
 21
-14.277
  0
LINE
  8
0
 10
379.652
 20
-14.277
 11
379.685
 21
-14.0676
  0
LINE
  8
0
 10
379.685
 20
-14.0676
 11
379.731
 21
-13.8607
  0
LINE
  8
0
 10
379.731
 20
-13.8607
 11
379.79
 21
-13.6571
  0
LINE
  8
0
 10
379.79
 20
-13.6571
 11
379.862
 21
-13.4576
  0
LINE
  8
0
 10
379.862
 20
-13.4576
 11
379.946
 21
-13.263
  0
LINE
  8
0
 10
379.946
 20
-13.263
 11
380.042
 21
-13.0741
  0
LINE
  8
0
 10
380.042
 20
-13.0741
 11
380.15
 21
-12.8916
  0
LINE
  8
0
 10
380.15
 20
-12.8916
 11
380.27
 21
-12.7162
  0
LINE
  8
0
 10
380.27
 20
-12.7162
 11
380.4
 21
-12.5487
  0
LINE
  8
0
 10
380.4
 20
-12.5487
 11
380.54
 21
-12.3896
  0
LINE
  8
0
 10
380.54
 20
-12.3896
 11
380.69
 21
-12.2397
  0
LINE
  8
0
 10
380.69
 20
-12.2397
 11
380.849
 21
-12.0995
  0
LINE
  8
0
 10
380.849
 20
-12.0995
 11
381.016
 21
-11.9696
  0
LINE
  8
0
 10
381.016
 20
-11.9696
 11
381.192
 21
-11.8504
  0
LINE
  8
0
 10
381.192
 20
-11.8504
 11
381.374
 21
-11.7425
  0
LINE
  8
0
 10
381.374
 20
-11.7425
 11
381.563
 21
-11.6462
  0
LINE
  8
0
 10
381.563
 20
-11.6462
 11
381.758
 21
-11.562
  0
LINE
  8
0
 10
381.758
 20
-11.562
 11
381.957
 21
-11.4902
  0
LINE
  8
0
 10
381.957
 20
-11.4902
 11
382.161
 21
-11.431
  0
LINE
  8
0
 10
382.161
 20
-11.431
 11
382.368
 21
-11.3848
  0
LINE
  8
0
 10
382.368
 20
-11.3848
 11
382.577
 21
-11.3516
  0
LINE
  8
0
 10
382.577
 20
-11.3516
 11
382.788
 21
-11.3316
  0
LINE
  8
0
 10
382.788
 20
-11.3316
 11
383
 21
-11.325
  0
LINE
  8
0
 10
383
 20
-11.325
 11
383.212
 21
-11.3316
  0
LINE
  8
0
 10
383.212
 20
-11.3316
 11
383.423
 21
-11.3516
  0
LINE
  8
0
 10
383.423
 20
-11.3516
 11
383.632
 21
-11.3848
  0
LINE
  8
0
 10
383.632
 20
-11.3848
 11
383.839
 21
-11.431
  0
LINE
  8
0
 10
383.839
 20
-11.431
 11
384.043
 21
-11.4902
  0
LINE
  8
0
 10
384.043
 20
-11.4902
 11
384.242
 21
-11.562
  0
LINE
  8
0
 10
384.242
 20
-11.562
 11
384.437
 21
-11.6462
  0
LINE
  8
0
 10
384.437
 20
-11.6462
 11
384.626
 21
-11.7425
  0
LINE
  8
0
 10
384.626
 20
-11.7425
 11
384.808
 21
-11.8504
  0
LINE
  8
0
 10
384.808
 20
-11.8504
 11
384.984
 21
-11.9696
  0
LINE
  8
0
 10
384.984
 20
-11.9696
 11
385.151
 21
-12.0995
  0
LINE
  8
0
 10
385.151
 20
-12.0995
 11
385.31
 21
-12.2397
  0
LINE
  8
0
 10
385.31
 20
-12.2397
 11
385.46
 21
-12.3896
  0
LINE
  8
0
 10
385.46
 20
-12.3896
 11
385.6
 21
-12.5487
  0
LINE
  8
0
 10
385.6
 20
-12.5487
 11
385.73
 21
-12.7162
  0
LINE
  8
0
 10
385.73
 20
-12.7162
 11
385.85
 21
-12.8916
  0
LINE
  8
0
 10
385.85
 20
-12.8916
 11
385.958
 21
-13.0741
  0
LINE
  8
0
 10
385.958
 20
-13.0741
 11
386.054
 21
-13.263
  0
LINE
  8
0
 10
386.054
 20
-13.263
 11
386.138
 21
-13.4576
  0
LINE
  8
0
 10
386.138
 20
-13.4576
 11
386.21
 21
-13.6571
  0
LINE
  8
0
 10
386.21
 20
-13.6571
 11
386.269
 21
-13.8607
  0
LINE
  8
0
 10
386.269
 20
-13.8607
 11
386.315
 21
-14.0676
  0
LINE
  8
0
 10
386.315
 20
-14.0676
 11
386.348
 21
-14.277
  0
LINE
  8
0
 10
386.348
 20
-14.277
 11
386.368
 21
-14.4881
  0
LINE
  8
0
 10
386.368
 20
-14.4881
 11
386.375
 21
-14.7
  0
LINE
  8
0
 10
386.375
 20
-14.7
 11
386.368
 21
-14.9119
  0
LINE
  8
0
 10
386.368
 20
-14.9119
 11
386.348
 21
-15.123
  0
LINE
  8
0
 10
386.348
 20
-15.123
 11
386.315
 21
-15.3324
  0
LINE
  8
0
 10
386.315
 20
-15.3324
 11
386.269
 21
-15.5393
  0
LINE
  8
0
 10
386.269
 20
-15.5393
 11
386.21
 21
-15.7429
  0
LINE
  8
0
 10
386.21
 20
-15.7429
 11
386.138
 21
-15.9424
  0
LINE
  8
0
 10
386.138
 20
-15.9424
 11
386.054
 21
-16.137
  0
LINE
  8
0
 10
386.054
 20
-16.137
 11
385.958
 21
-16.3259
  0
LINE
  8
0
 10
385.958
 20
-16.3259
 11
385.85
 21
-16.5084
  0
LINE
  8
0
 10
385.85
 20
-16.5084
 11
385.73
 21
-16.6838
  0
LINE
  8
0
 10
385.73
 20
-16.6838
 11
385.6
 21
-16.8513
  0
LINE
  8
0
 10
385.6
 20
-16.8513
 11
385.46
 21
-17.0103
  0
LINE
  8
0
 10
385.46
 20
-17.0103
 11
385.31
 21
-17.1603
  0
LINE
  8
0
 10
385.31
 20
-17.1603
 11
385.151
 21
-17.3005
  0
LINE
  8
0
 10
385.151
 20
-17.3005
 11
384.984
 21
-17.4304
  0
LINE
  8
0
 10
384.984
 20
-17.4304
 11
384.808
 21
-17.5496
  0
LINE
  8
0
 10
384.808
 20
-17.5496
 11
384.626
 21
-17.6575
  0
LINE
  8
0
 10
384.626
 20
-17.6575
 11
384.437
 21
-17.7538
  0
LINE
  8
0
 10
384.437
 20
-17.7538
 11
384.242
 21
-17.838
  0
LINE
  8
0
 10
384.242
 20
-17.838
 11
384.043
 21
-17.9098
  0
LINE
  8
0
 10
384.043
 20
-17.9098
 11
383.839
 21
-17.969
  0
LINE
  8
0
 10
383.839
 20
-17.969
 11
383.632
 21
-18.0152
  0
LINE
  8
0
 10
383.632
 20
-18.0152
 11
383.423
 21
-18.0484
  0
LINE
  8
0
 10
383.423
 20
-18.0484
 11
383.212
 21
-18.0683
  0
LINE
  8
0
 10
383.212
 20
-18.0683
 11
383
 21
-18.075
  0
LINE
  8
0
 10
383
 20
-18.075
 11
382.788
 21
-18.0683
  0
LINE
  8
0
 10
382.788
 20
-43.4683
 11
382.577
 21
-43.4484
  0
LINE
  8
0
 10
382.577
 20
-43.4484
 11
382.368
 21
-43.4152
  0
LINE
  8
0
 10
382.368
 20
-43.4152
 11
382.161
 21
-43.369
  0
LINE
  8
0
 10
382.161
 20
-43.369
 11
381.957
 21
-43.3098
  0
LINE
  8
0
 10
381.957
 20
-43.3098
 11
381.758
 21
-43.238
  0
LINE
  8
0
 10
381.758
 20
-43.238
 11
381.563
 21
-43.1538
  0
LINE
  8
0
 10
381.563
 20
-43.1538
 11
381.374
 21
-43.0575
  0
LINE
  8
0
 10
381.374
 20
-43.0575
 11
381.192
 21
-42.9496
  0
LINE
  8
0
 10
381.192
 20
-42.9496
 11
381.016
 21
-42.8304
  0
LINE
  8
0
 10
381.016
 20
-42.8304
 11
380.849
 21
-42.7005
  0
LINE
  8
0
 10
380.849
 20
-42.7005
 11
380.69
 21
-42.5603
  0
LINE
  8
0
 10
380.69
 20
-42.5603
 11
380.54
 21
-42.4103
  0
LINE
  8
0
 10
380.54
 20
-42.4103
 11
380.4
 21
-42.2513
  0
LINE
  8
0
 10
380.4
 20
-42.2513
 11
380.27
 21
-42.0838
  0
LINE
  8
0
 10
380.27
 20
-42.0838
 11
380.15
 21
-41.9084
  0
LINE
  8
0
 10
380.15
 20
-41.9084
 11
380.042
 21
-41.7259
  0
LINE
  8
0
 10
380.042
 20
-41.7259
 11
379.946
 21
-41.537
  0
LINE
  8
0
 10
379.946
 20
-41.537
 11
379.862
 21
-41.3424
  0
LINE
  8
0
 10
379.862
 20
-41.3424
 11
379.79
 21
-41.1429
  0
LINE
  8
0
 10
379.79
 20
-41.1429
 11
379.731
 21
-40.9393
  0
LINE
  8
0
 10
379.731
 20
-40.9393
 11
379.685
 21
-40.7324
  0
LINE
  8
0
 10
379.685
 20
-40.7324
 11
379.652
 21
-40.523
  0
LINE
  8
0
 10
379.652
 20
-40.523
 11
379.632
 21
-40.3119
  0
LINE
  8
0
 10
379.632
 20
-40.3119
 11
379.625
 21
-40.1
  0
LINE
  8
0
 10
379.625
 20
-40.1
 11
379.632
 21
-39.8881
  0
LINE
  8
0
 10
379.632
 20
-39.8881
 11
379.652
 21
-39.677
  0
LINE
  8
0
 10
379.652
 20
-39.677
 11
379.685
 21
-39.4676
  0
LINE
  8
0
 10
379.685
 20
-39.4676
 11
379.731
 21
-39.2607
  0
LINE
  8
0
 10
379.731
 20
-39.2607
 11
379.79
 21
-39.0571
  0
LINE
  8
0
 10
379.79
 20
-39.0571
 11
379.862
 21
-38.8576
  0
LINE
  8
0
 10
379.862
 20
-38.8576
 11
379.946
 21
-38.663
  0
LINE
  8
0
 10
379.946
 20
-38.663
 11
380.042
 21
-38.4741
  0
LINE
  8
0
 10
380.042
 20
-38.4741
 11
380.15
 21
-38.2916
  0
LINE
  8
0
 10
380.15
 20
-38.2916
 11
380.27
 21
-38.1162
  0
LINE
  8
0
 10
380.27
 20
-38.1162
 11
380.4
 21
-37.9487
  0
LINE
  8
0
 10
380.4
 20
-37.9487
 11
380.54
 21
-37.7896
  0
LINE
  8
0
 10
380.54
 20
-37.7896
 11
380.69
 21
-37.6397
  0
LINE
  8
0
 10
380.69
 20
-37.6397
 11
380.849
 21
-37.4995
  0
LINE
  8
0
 10
380.849
 20
-37.4995
 11
381.016
 21
-37.3696
  0
LINE
  8
0
 10
381.016
 20
-37.3696
 11
381.192
 21
-37.2504
  0
LINE
  8
0
 10
381.192
 20
-37.2504
 11
381.374
 21
-37.1425
  0
LINE
  8
0
 10
381.374
 20
-37.1425
 11
381.563
 21
-37.0462
  0
LINE
  8
0
 10
381.563
 20
-37.0462
 11
381.758
 21
-36.962
  0
LINE
  8
0
 10
381.758
 20
-36.962
 11
381.957
 21
-36.8902
  0
LINE
  8
0
 10
381.957
 20
-36.8902
 11
382.161
 21
-36.831
  0
LINE
  8
0
 10
382.161
 20
-36.831
 11
382.368
 21
-36.7848
  0
LINE
  8
0
 10
382.368
 20
-36.7848
 11
382.577
 21
-36.7516
  0
LINE
  8
0
 10
382.577
 20
-36.7516
 11
382.788
 21
-36.7317
  0
LINE
  8
0
 10
382.788
 20
-36.7317
 11
383
 21
-36.725
  0
LINE
  8
0
 10
383
 20
-36.725
 11
383.212
 21
-36.7317
  0
LINE
  8
0
 10
383.212
 20
-36.7317
 11
383.423
 21
-36.7516
  0
LINE
  8
0
 10
383.423
 20
-36.7516
 11
383.632
 21
-36.7848
  0
LINE
  8
0
 10
383.632
 20
-36.7848
 11
383.839
 21
-36.831
  0
LINE
  8
0
 10
383.839
 20
-36.831
 11
384.043
 21
-36.8902
  0
LINE
  8
0
 10
384.043
 20
-36.8902
 11
384.242
 21
-36.962
  0
LINE
  8
0
 10
384.242
 20
-36.962
 11
384.437
 21
-37.0462
  0
LINE
  8
0
 10
384.437
 20
-37.0462
 11
384.626
 21
-37.1425
  0
LINE
  8
0
 10
384.626
 20
-37.1425
 11
384.808
 21
-37.2504
  0
LINE
  8
0
 10
384.808
 20
-37.2504
 11
384.984
 21
-37.3696
  0
LINE
  8
0
 10
384.984
 20
-37.3696
 11
385.151
 21
-37.4995
  0
LINE
  8
0
 10
385.151
 20
-37.4995
 11
385.31
 21
-37.6397
  0
LINE
  8
0
 10
385.31
 20
-37.6397
 11
385.46
 21
-37.7896
  0
LINE
  8
0
 10
385.46
 20
-37.7896
 11
385.6
 21
-37.9487
  0
LINE
  8
0
 10
385.6
 20
-37.9487
 11
385.73
 21
-38.1162
  0
LINE
  8
0
 10
385.73
 20
-38.1162
 11
385.85
 21
-38.2916
  0
LINE
  8
0
 10
385.85
 20
-38.2916
 11
385.958
 21
-38.4741
  0
LINE
  8
0
 10
385.958
 20
-38.4741
 11
386.054
 21
-38.663
  0
LINE
  8
0
 10
386.054
 20
-38.663
 11
386.138
 21
-38.8576
  0
LINE
  8
0
 10
386.138
 20
-38.8576
 11
386.21
 21
-39.0571
  0
LINE
  8
0
 10
386.21
 20
-39.0571
 11
386.269
 21
-39.2607
  0
LINE
  8
0
 10
386.269
 20
-39.2607
 11
386.315
 21
-39.4676
  0
LINE
  8
0
 10
386.315
 20
-39.4676
 11
386.348
 21
-39.677
  0
LINE
  8
0
 10
386.348
 20
-39.677
 11
386.368
 21
-39.8881
  0
LINE
  8
0
 10
386.368
 20
-39.8881
 11
386.375
 21
-40.1
  0
LINE
  8
0
 10
386.375
 20
-40.1
 11
386.368
 21
-40.3119
  0
LINE
  8
0
 10
386.368
 20
-40.3119
 11
386.348
 21
-40.523
  0
LINE
  8
0
 10
386.348
 20
-40.523
 11
386.315
 21
-40.7324
  0
LINE
  8
0
 10
386.315
 20
-40.7324
 11
386.269
 21
-40.9393
  0
LINE
  8
0
 10
386.269
 20
-40.9393
 11
386.21
 21
-41.1429
  0
LINE
  8
0
 10
386.21
 20
-41.1429
 11
386.138
 21
-41.3424
  0
LINE
  8
0
 10
386.138
 20
-41.3424
 11
386.054
 21
-41.537
  0
LINE
  8
0
 10
386.054
 20
-41.537
 11
385.958
 21
-41.7259
  0
LINE
  8
0
 10
385.958
 20
-41.7259
 11
385.85
 21
-41.9084
  0
LINE
  8
0
 10
385.85
 20
-41.9084
 11
385.73
 21
-42.0838
  0
LINE
  8
0
 10
385.73
 20
-42.0838
 11
385.6
 21
-42.2513
  0
LINE
  8
0
 10
385.6
 20
-42.2513
 11
385.46
 21
-42.4103
  0
LINE
  8
0
 10
385.46
 20
-42.4103
 11
385.31
 21
-42.5603
  0
LINE
  8
0
 10
385.31
 20
-42.5603
 11
385.151
 21
-42.7005
  0
LINE
  8
0
 10
385.151
 20
-42.7005
 11
384.984
 21
-42.8304
  0
LINE
  8
0
 10
384.984
 20
-42.8304
 11
384.808
 21
-42.9496
  0
LINE
  8
0
 10
384.808
 20
-42.9496
 11
384.626
 21
-43.0575
  0
LINE
  8
0
 10
384.626
 20
-43.0575
 11
384.437
 21
-43.1538
  0
LINE
  8
0
 10
384.437
 20
-43.1538
 11
384.242
 21
-43.238
  0
LINE
  8
0
 10
384.242
 20
-43.238
 11
384.043
 21
-43.3098
  0
LINE
  8
0
 10
384.043
 20
-43.3098
 11
383.839
 21
-43.369
  0
LINE
  8
0
 10
383.839
 20
-43.369
 11
383.632
 21
-43.4152
  0
LINE
  8
0
 10
383.632
 20
-43.4152
 11
383.423
 21
-43.4484
  0
LINE
  8
0
 10
383.423
 20
-43.4484
 11
383.212
 21
-43.4683
  0
LINE
  8
0
 10
383.212
 20
-43.4683
 11
383
 21
-43.475
  0
LINE
  8
0
 10
383
 20
-43.475
 11
382.788
 21
-43.4683
  0
LINE
  8
0
 10
382.788
 20
-68.8683
 11
382.577
 21
-68.8484
  0
LINE
  8
0
 10
382.577
 20
-68.8484
 11
382.368
 21
-68.8152
  0
LINE
  8
0
 10
382.368
 20
-68.8152
 11
382.161
 21
-68.769
  0
LINE
  8
0
 10
382.161
 20
-68.769
 11
381.957
 21
-68.7098
  0
LINE
  8
0
 10
381.957
 20
-68.7098
 11
381.758
 21
-68.638
  0
LINE
  8
0
 10
381.758
 20
-68.638
 11
381.563
 21
-68.5538
  0
LINE
  8
0
 10
381.563
 20
-68.5538
 11
381.374
 21
-68.4575
  0
LINE
  8
0
 10
381.374
 20
-68.4575
 11
381.192
 21
-68.3496
  0
LINE
  8
0
 10
381.192
 20
-68.3496
 11
381.016
 21
-68.2304
  0
LINE
  8
0
 10
381.016
 20
-68.2304
 11
380.849
 21
-68.1005
  0
LINE
  8
0
 10
380.849
 20
-68.1005
 11
380.69
 21
-67.9603
  0
LINE
  8
0
 10
380.69
 20
-67.9603
 11
380.54
 21
-67.8103
  0
LINE
  8
0
 10
380.54
 20
-67.8103
 11
380.4
 21
-67.6513
  0
LINE
  8
0
 10
380.4
 20
-67.6513
 11
380.27
 21
-67.4837
  0
LINE
  8
0
 10
380.27
 20
-67.4837
 11
380.15
 21
-67.3084
  0
LINE
  8
0
 10
380.15
 20
-67.3084
 11
380.042
 21
-67.1259
  0
LINE
  8
0
 10
380.042
 20
-67.1259
 11
379.946
 21
-66.937
  0
LINE
  8
0
 10
379.946
 20
-66.937
 11
379.862
 21
-66.7424
  0
LINE
  8
0
 10
379.862
 20
-66.7424
 11
379.79
 21
-66.5429
  0
LINE
  8
0
 10
379.79
 20
-66.5429
 11
379.731
 21
-66.3393
  0
LINE
  8
0
 10
379.731
 20
-66.3393
 11
379.685
 21
-66.1324
  0
LINE
  8
0
 10
379.685
 20
-66.1324
 11
379.652
 21
-65.923
  0
LINE
  8
0
 10
379.652
 20
-65.923
 11
379.632
 21
-65.7119
  0
LINE
  8
0
 10
379.632
 20
-65.7119
 11
379.625
 21
-65.5
  0
LINE
  8
0
 10
379.625
 20
-65.5
 11
379.632
 21
-65.2881
  0
LINE
  8
0
 10
379.632
 20
-65.2881
 11
379.652
 21
-65.077
  0
LINE
  8
0
 10
379.652
 20
-65.077
 11
379.685
 21
-64.8676
  0
LINE
  8
0
 10
379.685
 20
-64.8676
 11
379.731
 21
-64.6606
  0
LINE
  8
0
 10
379.731
 20
-64.6606
 11
379.79
 21
-64.457
  0
LINE
  8
0
 10
379.79
 20
-64.457
 11
379.862
 21
-64.2576
  0
LINE
  8
0
 10
379.862
 20
-64.2576
 11
379.946
 21
-64.063
  0
LINE
  8
0
 10
379.946
 20
-64.063
 11
380.042
 21
-63.8741
  0
LINE
  8
0
 10
380.042
 20
-63.8741
 11
380.15
 21
-63.6916
  0
LINE
  8
0
 10
380.15
 20
-63.6916
 11
380.27
 21
-63.5162
  0
LINE
  8
0
 10
380.27
 20
-63.5162
 11
380.4
 21
-63.3487
  0
LINE
  8
0
 10
380.4
 20
-63.3487
 11
380.54
 21
-63.1896
  0
LINE
  8
0
 10
380.54
 20
-63.1896
 11
380.69
 21
-63.0397
  0
LINE
  8
0
 10
380.69
 20
-63.0397
 11
380.849
 21
-62.8995
  0
LINE
  8
0
 10
380.849
 20
-62.8995
 11
381.016
 21
-62.7695
  0
LINE
  8
0
 10
381.016
 20
-62.7695
 11
381.192
 21
-62.6504
  0
LINE
  8
0
 10
381.192
 20
-62.6504
 11
381.374
 21
-62.5424
  0
LINE
  8
0
 10
381.374
 20
-62.5424
 11
381.563
 21
-62.4462
  0
LINE
  8
0
 10
381.563
 20
-62.4462
 11
381.758
 21
-62.362
  0
LINE
  8
0
 10
381.758
 20
-62.362
 11
381.957
 21
-62.2902
  0
LINE
  8
0
 10
381.957
 20
-62.2902
 11
382.161
 21
-62.231
  0
LINE
  8
0
 10
382.161
 20
-62.231
 11
382.368
 21
-62.1848
  0
LINE
  8
0
 10
382.368
 20
-62.1848
 11
382.577
 21
-62.1516
  0
LINE
  8
0
 10
382.577
 20
-62.1516
 11
382.788
 21
-62.1316
  0
LINE
  8
0
 10
382.788
 20
-62.1316
 11
383
 21
-62.125
  0
LINE
  8
0
 10
383
 20
-62.125
 11
383.212
 21
-62.1316
  0
LINE
  8
0
 10
383.212
 20
-62.1316
 11
383.423
 21
-62.1516
  0
LINE
  8
0
 10
383.423
 20
-62.1516
 11
383.632
 21
-62.1848
  0
LINE
  8
0
 10
383.632
 20
-62.1848
 11
383.839
 21
-62.231
  0
LINE
  8
0
 10
383.839
 20
-62.231
 11
384.043
 21
-62.2902
  0
LINE
  8
0
 10
384.043
 20
-62.2902
 11
384.242
 21
-62.362
  0
LINE
  8
0
 10
384.242
 20
-62.362
 11
384.437
 21
-62.4462
  0
LINE
  8
0
 10
384.437
 20
-62.4462
 11
384.626
 21
-62.5424
  0
LINE
  8
0
 10
384.626
 20
-62.5424
 11
384.808
 21
-62.6504
  0
LINE
  8
0
 10
384.808
 20
-62.6504
 11
384.984
 21
-62.7695
  0
LINE
  8
0
 10
384.984
 20
-62.7695
 11
385.151
 21
-62.8995
  0
LINE
  8
0
 10
385.151
 20
-62.8995
 11
385.31
 21
-63.0397
  0
LINE
  8
0
 10
385.31
 20
-63.0397
 11
385.46
 21
-63.1896
  0
LINE
  8
0
 10
385.46
 20
-63.1896
 11
385.6
 21
-63.3487
  0
LINE
  8
0
 10
385.6
 20
-63.3487
 11
385.73
 21
-63.5162
  0
LINE
  8
0
 10
385.73
 20
-63.5162
 11
385.85
 21
-63.6916
  0
LINE
  8
0
 10
385.85
 20
-63.6916
 11
385.958
 21
-63.8741
  0
LINE
  8
0
 10
385.958
 20
-63.8741
 11
386.054
 21
-64.063
  0
LINE
  8
0
 10
386.054
 20
-64.063
 11
386.138
 21
-64.2576
  0
LINE
  8
0
 10
386.138
 20
-64.2576
 11
386.21
 21
-64.457
  0
LINE
  8
0
 10
386.21
 20
-64.457
 11
386.269
 21
-64.6606
  0
LINE
  8
0
 10
386.269
 20
-64.6606
 11
386.315
 21
-64.8676
  0
LINE
  8
0
 10
386.315
 20
-64.8676
 11
386.348
 21
-65.077
  0
LINE
  8
0
 10
386.348
 20
-65.077
 11
386.368
 21
-65.2881
  0
LINE
  8
0
 10
386.368
 20
-65.2881
 11
386.375
 21
-65.5
  0
LINE
  8
0
 10
386.375
 20
-65.5
 11
386.368
 21
-65.7119
  0
LINE
  8
0
 10
386.368
 20
-65.7119
 11
386.348
 21
-65.923
  0
LINE
  8
0
 10
386.348
 20
-65.923
 11
386.315
 21
-66.1324
  0
LINE
  8
0
 10
386.315
 20
-66.1324
 11
386.269
 21
-66.3393
  0
LINE
  8
0
 10
386.269
 20
-66.3393
 11
386.21
 21
-66.5429
  0
LINE
  8
0
 10
386.21
 20
-66.5429
 11
386.138
 21
-66.7424
  0
LINE
  8
0
 10
386.138
 20
-66.7424
 11
386.054
 21
-66.937
  0
LINE
  8
0
 10
386.054
 20
-66.937
 11
385.958
 21
-67.1259
  0
LINE
  8
0
 10
385.958
 20
-67.1259
 11
385.85
 21
-67.3084
  0
LINE
  8
0
 10
385.85
 20
-67.3084
 11
385.73
 21
-67.4837
  0
LINE
  8
0
 10
385.73
 20
-67.4837
 11
385.6
 21
-67.6513
  0
LINE
  8
0
 10
385.6
 20
-67.6513
 11
385.46
 21
-67.8103
  0
LINE
  8
0
 10
385.46
 20
-67.8103
 11
385.31
 21
-67.9603
  0
LINE
  8
0
 10
385.31
 20
-67.9603
 11
385.151
 21
-68.1005
  0
LINE
  8
0
 10
385.151
 20
-68.1005
 11
384.984
 21
-68.2304
  0
LINE
  8
0
 10
384.984
 20
-68.2304
 11
384.808
 21
-68.3496
  0
LINE
  8
0
 10
384.808
 20
-68.3496
 11
384.626
 21
-68.4575
  0
LINE
  8
0
 10
384.626
 20
-68.4575
 11
384.437
 21
-68.5538
  0
LINE
  8
0
 10
384.437
 20
-68.5538
 11
384.242
 21
-68.638
  0
LINE
  8
0
 10
384.242
 20
-68.638
 11
384.043
 21
-68.7098
  0
LINE
  8
0
 10
384.043
 20
-68.7098
 11
383.839
 21
-68.769
  0
LINE
  8
0
 10
383.839
 20
-68.769
 11
383.632
 21
-68.8152
  0
LINE
  8
0
 10
383.632
 20
-68.8152
 11
383.423
 21
-68.8484
  0
LINE
  8
0
 10
383.423
 20
-68.8484
 11
383.212
 21
-68.8683
  0
LINE
  8
0
 10
383.212
 20
-68.8683
 11
383
 21
-68.875
  0
LINE
  8
0
 10
383
 20
-68.875
 11
382.788
 21
-68.8683
  0
LINE
  8
0
 10
382.788
 20
-94.2683
 11
382.577
 21
-94.2484
  0
LINE
  8
0
 10
382.577
 20
-94.2484
 11
382.368
 21
-94.2152
  0
LINE
  8
0
 10
382.368
 20
-94.2152
 11
382.161
 21
-94.1689
  0
LINE
  8
0
 10
382.161
 20
-94.1689
 11
381.957
 21
-94.1098
  0
LINE
  8
0
 10
381.957
 20
-94.1098
 11
381.758
 21
-94.038
  0
LINE
  8
0
 10
381.758
 20
-94.038
 11
381.563
 21
-93.9538
  0
LINE
  8
0
 10
381.563
 20
-93.9538
 11
381.374
 21
-93.8575
  0
LINE
  8
0
 10
381.374
 20
-93.8575
 11
381.192
 21
-93.7496
  0
LINE
  8
0
 10
381.192
 20
-93.7496
 11
381.016
 21
-93.6304
  0
LINE
  8
0
 10
381.016
 20
-93.6304
 11
380.849
 21
-93.5005
  0
LINE
  8
0
 10
380.849
 20
-93.5005
 11
380.69
 21
-93.3602
  0
LINE
  8
0
 10
380.69
 20
-93.3602
 11
380.54
 21
-93.2103
  0
LINE
  8
0
 10
380.54
 20
-93.2103
 11
380.4
 21
-93.0513
  0
LINE
  8
0
 10
380.4
 20
-93.0513
 11
380.27
 21
-92.8838
  0
LINE
  8
0
 10
380.27
 20
-92.8838
 11
380.15
 21
-92.7084
  0
LINE
  8
0
 10
380.15
 20
-92.7084
 11
380.042
 21
-92.5259
  0
LINE
  8
0
 10
380.042
 20
-92.5259
 11
379.946
 21
-92.337
  0
LINE
  8
0
 10
379.946
 20
-92.337
 11
379.862
 21
-92.1424
  0
LINE
  8
0
 10
379.862
 20
-92.1424
 11
379.79
 21
-91.9429
  0
LINE
  8
0
 10
379.79
 20
-91.9429
 11
379.731
 21
-91.7393
  0
LINE
  8
0
 10
379.731
 20
-91.7393
 11
379.685
 21
-91.5324
  0
LINE
  8
0
 10
379.685
 20
-91.5324
 11
379.652
 21
-91.323
  0
LINE
  8
0
 10
379.652
 20
-91.323
 11
379.632
 21
-91.1119
  0
LINE
  8
0
 10
379.632
 20
-91.1119
 11
379.625
 21
-90.9
  0
LINE
  8
0
 10
379.625
 20
-90.9
 11
379.632
 21
-90.6881
  0
LINE
  8
0
 10
379.632
 20
-90.6881
 11
379.652
 21
-90.477
  0
LINE
  8
0
 10
379.652
 20
-90.477
 11
379.685
 21
-90.2676
  0
LINE
  8
0
 10
379.685
 20
-90.2676
 11
379.731
 21
-90.0607
  0
LINE
  8
0
 10
379.731
 20
-90.0607
 11
379.79
 21
-89.857
  0
LINE
  8
0
 10
379.79
 20
-89.857
 11
379.862
 21
-89.6576
  0
LINE
  8
0
 10
379.862
 20
-89.6576
 11
379.946
 21
-89.463
  0
LINE
  8
0
 10
379.946
 20
-89.463
 11
380.042
 21
-89.2741
  0
LINE
  8
0
 10
380.042
 20
-89.2741
 11
380.15
 21
-89.0916
  0
LINE
  8
0
 10
380.15
 20
-89.0916
 11
380.27
 21
-88.9162
  0
LINE
  8
0
 10
380.27
 20
-88.9162
 11
380.4
 21
-88.7487
  0
LINE
  8
0
 10
380.4
 20
-88.7487
 11
380.54
 21
-88.5896
  0
LINE
  8
0
 10
380.54
 20
-88.5896
 11
380.69
 21
-88.4397
  0
LINE
  8
0
 10
380.69
 20
-88.4397
 11
380.849
 21
-88.2995
  0
LINE
  8
0
 10
380.849
 20
-88.2995
 11
381.016
 21
-88.1695
  0
LINE
  8
0
 10
381.016
 20
-88.1695
 11
381.192
 21
-88.0504
  0
LINE
  8
0
 10
381.192
 20
-88.0504
 11
381.374
 21
-87.9424
  0
LINE
  8
0
 10
381.374
 20
-87.9424
 11
381.563
 21
-87.8462
  0
LINE
  8
0
 10
381.563
 20
-87.8462
 11
381.758
 21
-87.762
  0
LINE
  8
0
 10
381.758
 20
-87.762
 11
381.957
 21
-87.6902
  0
LINE
  8
0
 10
381.957
 20
-87.6902
 11
382.161
 21
-87.631
  0
LINE
  8
0
 10
382.161
 20
-87.631
 11
382.368
 21
-87.5848
  0
LINE
  8
0
 10
382.368
 20
-87.5848
 11
382.577
 21
-87.5516
  0
LINE
  8
0
 10
382.577
 20
-87.5516
 11
382.788
 21
-87.5316
  0
LINE
  8
0
 10
382.788
 20
-87.5316
 11
383
 21
-87.525
  0
LINE
  8
0
 10
383
 20
-87.525
 11
383.212
 21
-87.5316
  0
LINE
  8
0
 10
383.212
 20
-87.5316
 11
383.423
 21
-87.5516
  0
LINE
  8
0
 10
383.423
 20
-87.5516
 11
383.632
 21
-87.5848
  0
LINE
  8
0
 10
383.632
 20
-87.5848
 11
383.839
 21
-87.631
  0
LINE
  8
0
 10
383.839
 20
-87.631
 11
384.043
 21
-87.6902
  0
LINE
  8
0
 10
384.043
 20
-87.6902
 11
384.242
 21
-87.762
  0
LINE
  8
0
 10
384.242
 20
-87.762
 11
384.437
 21
-87.8462
  0
LINE
  8
0
 10
384.437
 20
-87.8462
 11
384.626
 21
-87.9424
  0
LINE
  8
0
 10
384.626
 20
-87.9424
 11
384.808
 21
-88.0504
  0
LINE
  8
0
 10
384.808
 20
-88.0504
 11
384.984
 21
-88.1695
  0
LINE
  8
0
 10
384.984
 20
-88.1695
 11
385.151
 21
-88.2995
  0
LINE
  8
0
 10
385.151
 20
-88.2995
 11
385.31
 21
-88.4397
  0
LINE
  8
0
 10
385.31
 20
-88.4397
 11
385.46
 21
-88.5896
  0
LINE
  8
0
 10
385.46
 20
-88.5896
 11
385.6
 21
-88.7487
  0
LINE
  8
0
 10
385.6
 20
-88.7487
 11
385.73
 21
-88.9162
  0
LINE
  8
0
 10
385.73
 20
-88.9162
 11
385.85
 21
-89.0916
  0
LINE
  8
0
 10
385.85
 20
-89.0916
 11
385.958
 21
-89.2741
  0
LINE
  8
0
 10
385.958
 20
-89.2741
 11
386.054
 21
-89.463
  0
LINE
  8
0
 10
386.054
 20
-89.463
 11
386.138
 21
-89.6576
  0
LINE
  8
0
 10
386.138
 20
-89.6576
 11
386.21
 21
-89.857
  0
LINE
  8
0
 10
386.21
 20
-89.857
 11
386.269
 21
-90.0607
  0
LINE
  8
0
 10
386.269
 20
-90.0607
 11
386.315
 21
-90.2676
  0
LINE
  8
0
 10
386.315
 20
-90.2676
 11
386.348
 21
-90.477
  0
LINE
  8
0
 10
386.348
 20
-90.477
 11
386.368
 21
-90.6881
  0
LINE
  8
0
 10
386.368
 20
-90.6881
 11
386.375
 21
-90.9
  0
LINE
  8
0
 10
386.375
 20
-90.9
 11
386.368
 21
-91.1119
  0
LINE
  8
0
 10
386.368
 20
-91.1119
 11
386.348
 21
-91.323
  0
LINE
  8
0
 10
386.348
 20
-91.323
 11
386.315
 21
-91.5324
  0
LINE
  8
0
 10
386.315
 20
-91.5324
 11
386.269
 21
-91.7393
  0
LINE
  8
0
 10
386.269
 20
-91.7393
 11
386.21
 21
-91.9429
  0
LINE
  8
0
 10
386.21
 20
-91.9429
 11
386.138
 21
-92.1424
  0
LINE
  8
0
 10
386.138
 20
-92.1424
 11
386.054
 21
-92.337
  0
LINE
  8
0
 10
386.054
 20
-92.337
 11
385.958
 21
-92.5259
  0
LINE
  8
0
 10
385.958
 20
-92.5259
 11
385.85
 21
-92.7084
  0
LINE
  8
0
 10
385.85
 20
-92.7084
 11
385.73
 21
-92.8838
  0
LINE
  8
0
 10
385.73
 20
-92.8838
 11
385.6
 21
-93.0513
  0
LINE
  8
0
 10
385.6
 20
-93.0513
 11
385.46
 21
-93.2103
  0
LINE
  8
0
 10
385.46
 20
-93.2103
 11
385.31
 21
-93.3602
  0
LINE
  8
0
 10
385.31
 20
-93.3602
 11
385.151
 21
-93.5005
  0
LINE
  8
0
 10
385.151
 20
-93.5005
 11
384.984
 21
-93.6304
  0
LINE
  8
0
 10
384.984
 20
-93.6304
 11
384.808
 21
-93.7496
  0
LINE
  8
0
 10
384.808
 20
-93.7496
 11
384.626
 21
-93.8575
  0
LINE
  8
0
 10
384.626
 20
-93.8575
 11
384.437
 21
-93.9538
  0
LINE
  8
0
 10
384.437
 20
-93.9538
 11
384.242
 21
-94.038
  0
LINE
  8
0
 10
384.242
 20
-94.038
 11
384.043
 21
-94.1098
  0
LINE
  8
0
 10
384.043
 20
-94.1098
 11
383.839
 21
-94.1689
  0
LINE
  8
0
 10
383.839
 20
-94.1689
 11
383.632
 21
-94.2152
  0
LINE
  8
0
 10
383.632
 20
-94.2152
 11
383.423
 21
-94.2484
  0
LINE
  8
0
 10
383.423
 20
-94.2484
 11
383.212
 21
-94.2683
  0
LINE
  8
0
 10
383.212
 20
-94.2683
 11
383
 21
-94.275
  0
LINE
  8
0
 10
383
 20
-94.275
 11
382.788
 21
-94.2683
  0
LINE
  8
0
 10
426.1
 20
-2
 11
400.7
 21
-2
  0
LINE
  8
0
 10
400.7
 20
-2
 11
400.7
 21
-103.6
  0
LINE
  8
0
 10
400.7
 20
-103.6
 11
426.1
 21
-103.6
  0
LINE
  8
0
 10
426.1
 20
-103.6
 11
426.1
 21
-2
  0
LINE
  8
0
 10
413.188
 20
-18.0683
 11
412.977
 21
-18.0484
  0
LINE
  8
0
 10
412.977
 20
-18.0484
 11
412.768
 21
-18.0152
  0
LINE
  8
0
 10
412.768
 20
-18.0152
 11
412.561
 21
-17.969
  0
LINE
  8
0
 10
412.561
 20
-17.969
 11
412.357
 21
-17.9098
  0
LINE
  8
0
 10
412.357
 20
-17.9098
 11
412.158
 21
-17.838
  0
LINE
  8
0
 10
412.158
 20
-17.838
 11
411.963
 21
-17.7538
  0
LINE
  8
0
 10
411.963
 20
-17.7538
 11
411.774
 21
-17.6575
  0
LINE
  8
0
 10
411.774
 20
-17.6575
 11
411.592
 21
-17.5496
  0
LINE
  8
0
 10
411.592
 20
-17.5496
 11
411.416
 21
-17.4304
  0
LINE
  8
0
 10
411.416
 20
-17.4304
 11
411.249
 21
-17.3005
  0
LINE
  8
0
 10
411.249
 20
-17.3005
 11
411.09
 21
-17.1603
  0
LINE
  8
0
 10
411.09
 20
-17.1603
 11
410.94
 21
-17.0103
  0
LINE
  8
0
 10
410.94
 20
-17.0103
 11
410.8
 21
-16.8513
  0
LINE
  8
0
 10
410.8
 20
-16.8513
 11
410.67
 21
-16.6838
  0
LINE
  8
0
 10
410.67
 20
-16.6838
 11
410.55
 21
-16.5084
  0
LINE
  8
0
 10
410.55
 20
-16.5084
 11
410.442
 21
-16.3259
  0
LINE
  8
0
 10
410.442
 20
-16.3259
 11
410.346
 21
-16.137
  0
LINE
  8
0
 10
410.346
 20
-16.137
 11
410.262
 21
-15.9424
  0
LINE
  8
0
 10
410.262
 20
-15.9424
 11
410.19
 21
-15.7429
  0
LINE
  8
0
 10
410.19
 20
-15.7429
 11
410.131
 21
-15.5393
  0
LINE
  8
0
 10
410.131
 20
-15.5393
 11
410.085
 21
-15.3324
  0
LINE
  8
0
 10
410.085
 20
-15.3324
 11
410.052
 21
-15.123
  0
LINE
  8
0
 10
410.052
 20
-15.123
 11
410.032
 21
-14.9119
  0
LINE
  8
0
 10
410.032
 20
-14.9119
 11
410.025
 21
-14.7
  0
LINE
  8
0
 10
410.025
 20
-14.7
 11
410.032
 21
-14.4881
  0
LINE
  8
0
 10
410.032
 20
-14.4881
 11
410.052
 21
-14.277
  0
LINE
  8
0
 10
410.052
 20
-14.277
 11
410.085
 21
-14.0676
  0
LINE
  8
0
 10
410.085
 20
-14.0676
 11
410.131
 21
-13.8607
  0
LINE
  8
0
 10
410.131
 20
-13.8607
 11
410.19
 21
-13.6571
  0
LINE
  8
0
 10
410.19
 20
-13.6571
 11
410.262
 21
-13.4576
  0
LINE
  8
0
 10
410.262
 20
-13.4576
 11
410.346
 21
-13.263
  0
LINE
  8
0
 10
410.346
 20
-13.263
 11
410.442
 21
-13.0741
  0
LINE
  8
0
 10
410.442
 20
-13.0741
 11
410.55
 21
-12.8916
  0
LINE
  8
0
 10
410.55
 20
-12.8916
 11
410.67
 21
-12.7162
  0
LINE
  8
0
 10
410.67
 20
-12.7162
 11
410.8
 21
-12.5487
  0
LINE
  8
0
 10
410.8
 20
-12.5487
 11
410.94
 21
-12.3896
  0
LINE
  8
0
 10
410.94
 20
-12.3896
 11
411.09
 21
-12.2397
  0
LINE
  8
0
 10
411.09
 20
-12.2397
 11
411.249
 21
-12.0995
  0
LINE
  8
0
 10
411.249
 20
-12.0995
 11
411.416
 21
-11.9696
  0
LINE
  8
0
 10
411.416
 20
-11.9696
 11
411.592
 21
-11.8504
  0
LINE
  8
0
 10
411.592
 20
-11.8504
 11
411.774
 21
-11.7425
  0
LINE
  8
0
 10
411.774
 20
-11.7425
 11
411.963
 21
-11.6462
  0
LINE
  8
0
 10
411.963
 20
-11.6462
 11
412.158
 21
-11.562
  0
LINE
  8
0
 10
412.158
 20
-11.562
 11
412.357
 21
-11.4902
  0
LINE
  8
0
 10
412.357
 20
-11.4902
 11
412.561
 21
-11.431
  0
LINE
  8
0
 10
412.561
 20
-11.431
 11
412.768
 21
-11.3848
  0
LINE
  8
0
 10
412.768
 20
-11.3848
 11
412.977
 21
-11.3516
  0
LINE
  8
0
 10
412.977
 20
-11.3516
 11
413.188
 21
-11.3316
  0
LINE
  8
0
 10
413.188
 20
-11.3316
 11
413.4
 21
-11.325
  0
LINE
  8
0
 10
413.4
 20
-11.325
 11
413.612
 21
-11.3316
  0
LINE
  8
0
 10
413.612
 20
-11.3316
 11
413.823
 21
-11.3516
  0
LINE
  8
0
 10
413.823
 20
-11.3516
 11
414.032
 21
-11.3848
  0
LINE
  8
0
 10
414.032
 20
-11.3848
 11
414.239
 21
-11.431
  0
LINE
  8
0
 10
414.239
 20
-11.431
 11
414.443
 21
-11.4902
  0
LINE
  8
0
 10
414.443
 20
-11.4902
 11
414.642
 21
-11.562
  0
LINE
  8
0
 10
414.642
 20
-11.562
 11
414.837
 21
-11.6462
  0
LINE
  8
0
 10
414.837
 20
-11.6462
 11
415.026
 21
-11.7425
  0
LINE
  8
0
 10
415.026
 20
-11.7425
 11
415.208
 21
-11.8504
  0
LINE
  8
0
 10
415.208
 20
-11.8504
 11
415.384
 21
-11.9696
  0
LINE
  8
0
 10
415.384
 20
-11.9696
 11
415.551
 21
-12.0995
  0
LINE
  8
0
 10
415.551
 20
-12.0995
 11
415.71
 21
-12.2397
  0
LINE
  8
0
 10
415.71
 20
-12.2397
 11
415.86
 21
-12.3896
  0
LINE
  8
0
 10
415.86
 20
-12.3896
 11
416
 21
-12.5487
  0
LINE
  8
0
 10
416
 20
-12.5487
 11
416.13
 21
-12.7162
  0
LINE
  8
0
 10
416.13
 20
-12.7162
 11
416.25
 21
-12.8916
  0
LINE
  8
0
 10
416.25
 20
-12.8916
 11
416.358
 21
-13.0741
  0
LINE
  8
0
 10
416.358
 20
-13.0741
 11
416.454
 21
-13.263
  0
LINE
  8
0
 10
416.454
 20
-13.263
 11
416.538
 21
-13.4576
  0
LINE
  8
0
 10
416.538
 20
-13.4576
 11
416.61
 21
-13.6571
  0
LINE
  8
0
 10
416.61
 20
-13.6571
 11
416.669
 21
-13.8607
  0
LINE
  8
0
 10
416.669
 20
-13.8607
 11
416.715
 21
-14.0676
  0
LINE
  8
0
 10
416.715
 20
-14.0676
 11
416.748
 21
-14.277
  0
LINE
  8
0
 10
416.748
 20
-14.277
 11
416.768
 21
-14.4881
  0
LINE
  8
0
 10
416.768
 20
-14.4881
 11
416.775
 21
-14.7
  0
LINE
  8
0
 10
416.775
 20
-14.7
 11
416.768
 21
-14.9119
  0
LINE
  8
0
 10
416.768
 20
-14.9119
 11
416.748
 21
-15.123
  0
LINE
  8
0
 10
416.748
 20
-15.123
 11
416.715
 21
-15.3324
  0
LINE
  8
0
 10
416.715
 20
-15.3324
 11
416.669
 21
-15.5393
  0
LINE
  8
0
 10
416.669
 20
-15.5393
 11
416.61
 21
-15.7429
  0
LINE
  8
0
 10
416.61
 20
-15.7429
 11
416.538
 21
-15.9424
  0
LINE
  8
0
 10
416.538
 20
-15.9424
 11
416.454
 21
-16.137
  0
LINE
  8
0
 10
416.454
 20
-16.137
 11
416.358
 21
-16.3259
  0
LINE
  8
0
 10
416.358
 20
-16.3259
 11
416.25
 21
-16.5084
  0
LINE
  8
0
 10
416.25
 20
-16.5084
 11
416.13
 21
-16.6838
  0
LINE
  8
0
 10
416.13
 20
-16.6838
 11
416
 21
-16.8513
  0
LINE
  8
0
 10
416
 20
-16.8513
 11
415.86
 21
-17.0103
  0
LINE
  8
0
 10
415.86
 20
-17.0103
 11
415.71
 21
-17.1603
  0
LINE
  8
0
 10
415.71
 20
-17.1603
 11
415.551
 21
-17.3005
  0
LINE
  8
0
 10
415.551
 20
-17.3005
 11
415.384
 21
-17.4304
  0
LINE
  8
0
 10
415.384
 20
-17.4304
 11
415.208
 21
-17.5496
  0
LINE
  8
0
 10
415.208
 20
-17.5496
 11
415.026
 21
-17.6575
  0
LINE
  8
0
 10
415.026
 20
-17.6575
 11
414.837
 21
-17.7538
  0
LINE
  8
0
 10
414.837
 20
-17.7538
 11
414.642
 21
-17.838
  0
LINE
  8
0
 10
414.642
 20
-17.838
 11
414.443
 21
-17.9098
  0
LINE
  8
0
 10
414.443
 20
-17.9098
 11
414.239
 21
-17.969
  0
LINE
  8
0
 10
414.239
 20
-17.969
 11
414.032
 21
-18.0152
  0
LINE
  8
0
 10
414.032
 20
-18.0152
 11
413.823
 21
-18.0484
  0
LINE
  8
0
 10
413.823
 20
-18.0484
 11
413.612
 21
-18.0683
  0
LINE
  8
0
 10
413.612
 20
-18.0683
 11
413.4
 21
-18.075
  0
LINE
  8
0
 10
413.4
 20
-18.075
 11
413.188
 21
-18.0683
  0
LINE
  8
0
 10
413.188
 20
-43.4683
 11
412.977
 21
-43.4484
  0
LINE
  8
0
 10
412.977
 20
-43.4484
 11
412.768
 21
-43.4152
  0
LINE
  8
0
 10
412.768
 20
-43.4152
 11
412.561
 21
-43.369
  0
LINE
  8
0
 10
412.561
 20
-43.369
 11
412.357
 21
-43.3098
  0
LINE
  8
0
 10
412.357
 20
-43.3098
 11
412.158
 21
-43.238
  0
LINE
  8
0
 10
412.158
 20
-43.238
 11
411.963
 21
-43.1538
  0
LINE
  8
0
 10
411.963
 20
-43.1538
 11
411.774
 21
-43.0575
  0
LINE
  8
0
 10
411.774
 20
-43.0575
 11
411.592
 21
-42.9496
  0
LINE
  8
0
 10
411.592
 20
-42.9496
 11
411.416
 21
-42.8304
  0
LINE
  8
0
 10
411.416
 20
-42.8304
 11
411.249
 21
-42.7005
  0
LINE
  8
0
 10
411.249
 20
-42.7005
 11
411.09
 21
-42.5603
  0
LINE
  8
0
 10
411.09
 20
-42.5603
 11
410.94
 21
-42.4103
  0
LINE
  8
0
 10
410.94
 20
-42.4103
 11
410.8
 21
-42.2513
  0
LINE
  8
0
 10
410.8
 20
-42.2513
 11
410.67
 21
-42.0838
  0
LINE
  8
0
 10
410.67
 20
-42.0838
 11
410.55
 21
-41.9084
  0
LINE
  8
0
 10
410.55
 20
-41.9084
 11
410.442
 21
-41.7259
  0
LINE
  8
0
 10
410.442
 20
-41.7259
 11
410.346
 21
-41.537
  0
LINE
  8
0
 10
410.346
 20
-41.537
 11
410.262
 21
-41.3424
  0
LINE
  8
0
 10
410.262
 20
-41.3424
 11
410.19
 21
-41.1429
  0
LINE
  8
0
 10
410.19
 20
-41.1429
 11
410.131
 21
-40.9393
  0
LINE
  8
0
 10
410.131
 20
-40.9393
 11
410.085
 21
-40.7324
  0
LINE
  8
0
 10
410.085
 20
-40.7324
 11
410.052
 21
-40.523
  0
LINE
  8
0
 10
410.052
 20
-40.523
 11
410.032
 21
-40.3119
  0
LINE
  8
0
 10
410.032
 20
-40.3119
 11
410.025
 21
-40.1
  0
LINE
  8
0
 10
410.025
 20
-40.1
 11
410.032
 21
-39.8881
  0
LINE
  8
0
 10
410.032
 20
-39.8881
 11
410.052
 21
-39.677
  0
LINE
  8
0
 10
410.052
 20
-39.677
 11
410.085
 21
-39.4676
  0
LINE
  8
0
 10
410.085
 20
-39.4676
 11
410.131
 21
-39.2607
  0
LINE
  8
0
 10
410.131
 20
-39.2607
 11
410.19
 21
-39.0571
  0
LINE
  8
0
 10
410.19
 20
-39.0571
 11
410.262
 21
-38.8576
  0
LINE
  8
0
 10
410.262
 20
-38.8576
 11
410.346
 21
-38.663
  0
LINE
  8
0
 10
410.346
 20
-38.663
 11
410.442
 21
-38.4741
  0
LINE
  8
0
 10
410.442
 20
-38.4741
 11
410.55
 21
-38.2916
  0
LINE
  8
0
 10
410.55
 20
-38.2916
 11
410.67
 21
-38.1162
  0
LINE
  8
0
 10
410.67
 20
-38.1162
 11
410.8
 21
-37.9487
  0
LINE
  8
0
 10
410.8
 20
-37.9487
 11
410.94
 21
-37.7896
  0
LINE
  8
0
 10
410.94
 20
-37.7896
 11
411.09
 21
-37.6397
  0
LINE
  8
0
 10
411.09
 20
-37.6397
 11
411.249
 21
-37.4995
  0
LINE
  8
0
 10
411.249
 20
-37.4995
 11
411.416
 21
-37.3696
  0
LINE
  8
0
 10
411.416
 20
-37.3696
 11
411.592
 21
-37.2504
  0
LINE
  8
0
 10
411.592
 20
-37.2504
 11
411.774
 21
-37.1425
  0
LINE
  8
0
 10
411.774
 20
-37.1425
 11
411.963
 21
-37.0462
  0
LINE
  8
0
 10
411.963
 20
-37.0462
 11
412.158
 21
-36.962
  0
LINE
  8
0
 10
412.158
 20
-36.962
 11
412.357
 21
-36.8902
  0
LINE
  8
0
 10
412.357
 20
-36.8902
 11
412.561
 21
-36.831
  0
LINE
  8
0
 10
412.561
 20
-36.831
 11
412.768
 21
-36.7848
  0
LINE
  8
0
 10
412.768
 20
-36.7848
 11
412.977
 21
-36.7516
  0
LINE
  8
0
 10
412.977
 20
-36.7516
 11
413.188
 21
-36.7317
  0
LINE
  8
0
 10
413.188
 20
-36.7317
 11
413.4
 21
-36.725
  0
LINE
  8
0
 10
413.4
 20
-36.725
 11
413.612
 21
-36.7317
  0
LINE
  8
0
 10
413.612
 20
-36.7317
 11
413.823
 21
-36.7516
  0
LINE
  8
0
 10
413.823
 20
-36.7516
 11
414.032
 21
-36.7848
  0
LINE
  8
0
 10
414.032
 20
-36.7848
 11
414.239
 21
-36.831
  0
LINE
  8
0
 10
414.239
 20
-36.831
 11
414.443
 21
-36.8902
  0
LINE
  8
0
 10
414.443
 20
-36.8902
 11
414.642
 21
-36.962
  0
LINE
  8
0
 10
414.642
 20
-36.962
 11
414.837
 21
-37.0462
  0
LINE
  8
0
 10
414.837
 20
-37.0462
 11
415.026
 21
-37.1425
  0
LINE
  8
0
 10
415.026
 20
-37.1425
 11
415.208
 21
-37.2504
  0
LINE
  8
0
 10
415.208
 20
-37.2504
 11
415.384
 21
-37.3696
  0
LINE
  8
0
 10
415.384
 20
-37.3696
 11
415.551
 21
-37.4995
  0
LINE
  8
0
 10
415.551
 20
-37.4995
 11
415.71
 21
-37.6397
  0
LINE
  8
0
 10
415.71
 20
-37.6397
 11
415.86
 21
-37.7896
  0
LINE
  8
0
 10
415.86
 20
-37.7896
 11
416
 21
-37.9487
  0
LINE
  8
0
 10
416
 20
-37.9487
 11
416.13
 21
-38.1162
  0
LINE
  8
0
 10
416.13
 20
-38.1162
 11
416.25
 21
-38.2916
  0
LINE
  8
0
 10
416.25
 20
-38.2916
 11
416.358
 21
-38.4741
  0
LINE
  8
0
 10
416.358
 20
-38.4741
 11
416.454
 21
-38.663
  0
LINE
  8
0
 10
416.454
 20
-38.663
 11
416.538
 21
-38.8576
  0
LINE
  8
0
 10
416.538
 20
-38.8576
 11
416.61
 21
-39.0571
  0
LINE
  8
0
 10
416.61
 20
-39.0571
 11
416.669
 21
-39.2607
  0
LINE
  8
0
 10
416.669
 20
-39.2607
 11
416.715
 21
-39.4676
  0
LINE
  8
0
 10
416.715
 20
-39.4676
 11
416.748
 21
-39.677
  0
LINE
  8
0
 10
416.748
 20
-39.677
 11
416.768
 21
-39.8881
  0
LINE
  8
0
 10
416.768
 20
-39.8881
 11
416.775
 21
-40.1
  0
LINE
  8
0
 10
416.775
 20
-40.1
 11
416.768
 21
-40.3119
  0
LINE
  8
0
 10
416.768
 20
-40.3119
 11
416.748
 21
-40.523
  0
LINE
  8
0
 10
416.748
 20
-40.523
 11
416.715
 21
-40.7324
  0
LINE
  8
0
 10
416.715
 20
-40.7324
 11
416.669
 21
-40.9393
  0
LINE
  8
0
 10
416.669
 20
-40.9393
 11
416.61
 21
-41.1429
  0
LINE
  8
0
 10
416.61
 20
-41.1429
 11
416.538
 21
-41.3424
  0
LINE
  8
0
 10
416.538
 20
-41.3424
 11
416.454
 21
-41.537
  0
LINE
  8
0
 10
416.454
 20
-41.537
 11
416.358
 21
-41.7259
  0
LINE
  8
0
 10
416.358
 20
-41.7259
 11
416.25
 21
-41.9084
  0
LINE
  8
0
 10
416.25
 20
-41.9084
 11
416.13
 21
-42.0838
  0
LINE
  8
0
 10
416.13
 20
-42.0838
 11
416
 21
-42.2513
  0
LINE
  8
0
 10
416
 20
-42.2513
 11
415.86
 21
-42.4103
  0
LINE
  8
0
 10
415.86
 20
-42.4103
 11
415.71
 21
-42.5603
  0
LINE
  8
0
 10
415.71
 20
-42.5603
 11
415.551
 21
-42.7005
  0
LINE
  8
0
 10
415.551
 20
-42.7005
 11
415.384
 21
-42.8304
  0
LINE
  8
0
 10
415.384
 20
-42.8304
 11
415.208
 21
-42.9496
  0
LINE
  8
0
 10
415.208
 20
-42.9496
 11
415.026
 21
-43.0575
  0
LINE
  8
0
 10
415.026
 20
-43.0575
 11
414.837
 21
-43.1538
  0
LINE
  8
0
 10
414.837
 20
-43.1538
 11
414.642
 21
-43.238
  0
LINE
  8
0
 10
414.642
 20
-43.238
 11
414.443
 21
-43.3098
  0
LINE
  8
0
 10
414.443
 20
-43.3098
 11
414.239
 21
-43.369
  0
LINE
  8
0
 10
414.239
 20
-43.369
 11
414.032
 21
-43.4152
  0
LINE
  8
0
 10
414.032
 20
-43.4152
 11
413.823
 21
-43.4484
  0
LINE
  8
0
 10
413.823
 20
-43.4484
 11
413.612
 21
-43.4683
  0
LINE
  8
0
 10
413.612
 20
-43.4683
 11
413.4
 21
-43.475
  0
LINE
  8
0
 10
413.4
 20
-43.475
 11
413.188
 21
-43.4683
  0
LINE
  8
0
 10
413.188
 20
-68.8683
 11
412.977
 21
-68.8484
  0
LINE
  8
0
 10
412.977
 20
-68.8484
 11
412.768
 21
-68.8152
  0
LINE
  8
0
 10
412.768
 20
-68.8152
 11
412.561
 21
-68.769
  0
LINE
  8
0
 10
412.561
 20
-68.769
 11
412.357
 21
-68.7098
  0
LINE
  8
0
 10
412.357
 20
-68.7098
 11
412.158
 21
-68.638
  0
LINE
  8
0
 10
412.158
 20
-68.638
 11
411.963
 21
-68.5538
  0
LINE
  8
0
 10
411.963
 20
-68.5538
 11
411.774
 21
-68.4575
  0
LINE
  8
0
 10
411.774
 20
-68.4575
 11
411.592
 21
-68.3496
  0
LINE
  8
0
 10
411.592
 20
-68.3496
 11
411.416
 21
-68.2304
  0
LINE
  8
0
 10
411.416
 20
-68.2304
 11
411.249
 21
-68.1005
  0
LINE
  8
0
 10
411.249
 20
-68.1005
 11
411.09
 21
-67.9603
  0
LINE
  8
0
 10
411.09
 20
-67.9603
 11
410.94
 21
-67.8103
  0
LINE
  8
0
 10
410.94
 20
-67.8103
 11
410.8
 21
-67.6513
  0
LINE
  8
0
 10
410.8
 20
-67.6513
 11
410.67
 21
-67.4837
  0
LINE
  8
0
 10
410.67
 20
-67.4837
 11
410.55
 21
-67.3084
  0
LINE
  8
0
 10
410.55
 20
-67.3084
 11
410.442
 21
-67.1259
  0
LINE
  8
0
 10
410.442
 20
-67.1259
 11
410.346
 21
-66.937
  0
LINE
  8
0
 10
410.346
 20
-66.937
 11
410.262
 21
-66.7424
  0
LINE
  8
0
 10
410.262
 20
-66.7424
 11
410.19
 21
-66.5429
  0
LINE
  8
0
 10
410.19
 20
-66.5429
 11
410.131
 21
-66.3393
  0
LINE
  8
0
 10
410.131
 20
-66.3393
 11
410.085
 21
-66.1324
  0
LINE
  8
0
 10
410.085
 20
-66.1324
 11
410.052
 21
-65.923
  0
LINE
  8
0
 10
410.052
 20
-65.923
 11
410.032
 21
-65.7119
  0
LINE
  8
0
 10
410.032
 20
-65.7119
 11
410.025
 21
-65.5
  0
LINE
  8
0
 10
410.025
 20
-65.5
 11
410.032
 21
-65.2881
  0
LINE
  8
0
 10
410.032
 20
-65.2881
 11
410.052
 21
-65.077
  0
LINE
  8
0
 10
410.052
 20
-65.077
 11
410.085
 21
-64.8676
  0
LINE
  8
0
 10
410.085
 20
-64.8676
 11
410.131
 21
-64.6606
  0
LINE
  8
0
 10
410.131
 20
-64.6606
 11
410.19
 21
-64.457
  0
LINE
  8
0
 10
410.19
 20
-64.457
 11
410.262
 21
-64.2576
  0
LINE
  8
0
 10
410.262
 20
-64.2576
 11
410.346
 21
-64.063
  0
LINE
  8
0
 10
410.346
 20
-64.063
 11
410.442
 21
-63.8741
  0
LINE
  8
0
 10
410.442
 20
-63.8741
 11
410.55
 21
-63.6916
  0
LINE
  8
0
 10
410.55
 20
-63.6916
 11
410.67
 21
-63.5162
  0
LINE
  8
0
 10
410.67
 20
-63.5162
 11
410.8
 21
-63.3487
  0
LINE
  8
0
 10
410.8
 20
-63.3487
 11
410.94
 21
-63.1896
  0
LINE
  8
0
 10
410.94
 20
-63.1896
 11
411.09
 21
-63.0397
  0
LINE
  8
0
 10
411.09
 20
-63.0397
 11
411.249
 21
-62.8995
  0
LINE
  8
0
 10
411.249
 20
-62.8995
 11
411.416
 21
-62.7695
  0
LINE
  8
0
 10
411.416
 20
-62.7695
 11
411.592
 21
-62.6504
  0
LINE
  8
0
 10
411.592
 20
-62.6504
 11
411.774
 21
-62.5424
  0
LINE
  8
0
 10
411.774
 20
-62.5424
 11
411.963
 21
-62.4462
  0
LINE
  8
0
 10
411.963
 20
-62.4462
 11
412.158
 21
-62.362
  0
LINE
  8
0
 10
412.158
 20
-62.362
 11
412.357
 21
-62.2902
  0
LINE
  8
0
 10
412.357
 20
-62.2902
 11
412.561
 21
-62.231
  0
LINE
  8
0
 10
412.561
 20
-62.231
 11
412.768
 21
-62.1848
  0
LINE
  8
0
 10
412.768
 20
-62.1848
 11
412.977
 21
-62.1516
  0
LINE
  8
0
 10
412.977
 20
-62.1516
 11
413.188
 21
-62.1316
  0
LINE
  8
0
 10
413.188
 20
-62.1316
 11
413.4
 21
-62.125
  0
LINE
  8
0
 10
413.4
 20
-62.125
 11
413.612
 21
-62.1316
  0
LINE
  8
0
 10
413.612
 20
-62.1316
 11
413.823
 21
-62.1516
  0
LINE
  8
0
 10
413.823
 20
-62.1516
 11
414.032
 21
-62.1848
  0
LINE
  8
0
 10
414.032
 20
-62.1848
 11
414.239
 21
-62.231
  0
LINE
  8
0
 10
414.239
 20
-62.231
 11
414.443
 21
-62.2902
  0
LINE
  8
0
 10
414.443
 20
-62.2902
 11
414.642
 21
-62.362
  0
LINE
  8
0
 10
414.642
 20
-62.362
 11
414.837
 21
-62.4462
  0
LINE
  8
0
 10
414.837
 20
-62.4462
 11
415.026
 21
-62.5424
  0
LINE
  8
0
 10
415.026
 20
-62.5424
 11
415.208
 21
-62.6504
  0
LINE
  8
0
 10
415.208
 20
-62.6504
 11
415.384
 21
-62.7695
  0
LINE
  8
0
 10
415.384
 20
-62.7695
 11
415.551
 21
-62.8995
  0
LINE
  8
0
 10
415.551
 20
-62.8995
 11
415.71
 21
-63.0397
  0
LINE
  8
0
 10
415.71
 20
-63.0397
 11
415.86
 21
-63.1896
  0
LINE
  8
0
 10
415.86
 20
-63.1896
 11
416
 21
-63.3487
  0
LINE
  8
0
 10
416
 20
-63.3487
 11
416.13
 21
-63.5162
  0
LINE
  8
0
 10
416.13
 20
-63.5162
 11
416.25
 21
-63.6916
  0
LINE
  8
0
 10
416.25
 20
-63.6916
 11
416.358
 21
-63.8741
  0
LINE
  8
0
 10
416.358
 20
-63.8741
 11
416.454
 21
-64.063
  0
LINE
  8
0
 10
416.454
 20
-64.063
 11
416.538
 21
-64.2576
  0
LINE
  8
0
 10
416.538
 20
-64.2576
 11
416.61
 21
-64.457
  0
LINE
  8
0
 10
416.61
 20
-64.457
 11
416.669
 21
-64.6606
  0
LINE
  8
0
 10
416.669
 20
-64.6606
 11
416.715
 21
-64.8676
  0
LINE
  8
0
 10
416.715
 20
-64.8676
 11
416.748
 21
-65.077
  0
LINE
  8
0
 10
416.748
 20
-65.077
 11
416.768
 21
-65.2881
  0
LINE
  8
0
 10
416.768
 20
-65.2881
 11
416.775
 21
-65.5
  0
LINE
  8
0
 10
416.775
 20
-65.5
 11
416.768
 21
-65.7119
  0
LINE
  8
0
 10
416.768
 20
-65.7119
 11
416.748
 21
-65.923
  0
LINE
  8
0
 10
416.748
 20
-65.923
 11
416.715
 21
-66.1324
  0
LINE
  8
0
 10
416.715
 20
-66.1324
 11
416.669
 21
-66.3393
  0
LINE
  8
0
 10
416.669
 20
-66.3393
 11
416.61
 21
-66.5429
  0
LINE
  8
0
 10
416.61
 20
-66.5429
 11
416.538
 21
-66.7424
  0
LINE
  8
0
 10
416.538
 20
-66.7424
 11
416.454
 21
-66.937
  0
LINE
  8
0
 10
416.454
 20
-66.937
 11
416.358
 21
-67.1259
  0
LINE
  8
0
 10
416.358
 20
-67.1259
 11
416.25
 21
-67.3084
  0
LINE
  8
0
 10
416.25
 20
-67.3084
 11
416.13
 21
-67.4837
  0
LINE
  8
0
 10
416.13
 20
-67.4837
 11
416
 21
-67.6513
  0
LINE
  8
0
 10
416
 20
-67.6513
 11
415.86
 21
-67.8103
  0
LINE
  8
0
 10
415.86
 20
-67.8103
 11
415.71
 21
-67.9603
  0
LINE
  8
0
 10
415.71
 20
-67.9603
 11
415.551
 21
-68.1005
  0
LINE
  8
0
 10
415.551
 20
-68.1005
 11
415.384
 21
-68.2304
  0
LINE
  8
0
 10
415.384
 20
-68.2304
 11
415.208
 21
-68.3496
  0
LINE
  8
0
 10
415.208
 20
-68.3496
 11
415.026
 21
-68.4575
  0
LINE
  8
0
 10
415.026
 20
-68.4575
 11
414.837
 21
-68.5538
  0
LINE
  8
0
 10
414.837
 20
-68.5538
 11
414.642
 21
-68.638
  0
LINE
  8
0
 10
414.642
 20
-68.638
 11
414.443
 21
-68.7098
  0
LINE
  8
0
 10
414.443
 20
-68.7098
 11
414.239
 21
-68.769
  0
LINE
  8
0
 10
414.239
 20
-68.769
 11
414.032
 21
-68.8152
  0
LINE
  8
0
 10
414.032
 20
-68.8152
 11
413.823
 21
-68.8484
  0
LINE
  8
0
 10
413.823
 20
-68.8484
 11
413.612
 21
-68.8683
  0
LINE
  8
0
 10
413.612
 20
-68.8683
 11
413.4
 21
-68.875
  0
LINE
  8
0
 10
413.4
 20
-68.875
 11
413.188
 21
-68.8683
  0
LINE
  8
0
 10
413.188
 20
-94.2683
 11
412.977
 21
-94.2484
  0
LINE
  8
0
 10
412.977
 20
-94.2484
 11
412.768
 21
-94.2152
  0
LINE
  8
0
 10
412.768
 20
-94.2152
 11
412.561
 21
-94.1689
  0
LINE
  8
0
 10
412.561
 20
-94.1689
 11
412.357
 21
-94.1098
  0
LINE
  8
0
 10
412.357
 20
-94.1098
 11
412.158
 21
-94.038
  0
LINE
  8
0
 10
412.158
 20
-94.038
 11
411.963
 21
-93.9538
  0
LINE
  8
0
 10
411.963
 20
-93.9538
 11
411.774
 21
-93.8575
  0
LINE
  8
0
 10
411.774
 20
-93.8575
 11
411.592
 21
-93.7496
  0
LINE
  8
0
 10
411.592
 20
-93.7496
 11
411.416
 21
-93.6304
  0
LINE
  8
0
 10
411.416
 20
-93.6304
 11
411.249
 21
-93.5005
  0
LINE
  8
0
 10
411.249
 20
-93.5005
 11
411.09
 21
-93.3602
  0
LINE
  8
0
 10
411.09
 20
-93.3602
 11
410.94
 21
-93.2103
  0
LINE
  8
0
 10
410.94
 20
-93.2103
 11
410.8
 21
-93.0513
  0
LINE
  8
0
 10
410.8
 20
-93.0513
 11
410.67
 21
-92.8838
  0
LINE
  8
0
 10
410.67
 20
-92.8838
 11
410.55
 21
-92.7084
  0
LINE
  8
0
 10
410.55
 20
-92.7084
 11
410.442
 21
-92.5259
  0
LINE
  8
0
 10
410.442
 20
-92.5259
 11
410.346
 21
-92.337
  0
LINE
  8
0
 10
410.346
 20
-92.337
 11
410.262
 21
-92.1424
  0
LINE
  8
0
 10
410.262
 20
-92.1424
 11
410.19
 21
-91.9429
  0
LINE
  8
0
 10
410.19
 20
-91.9429
 11
410.131
 21
-91.7393
  0
LINE
  8
0
 10
410.131
 20
-91.7393
 11
410.085
 21
-91.5324
  0
LINE
  8
0
 10
410.085
 20
-91.5324
 11
410.052
 21
-91.323
  0
LINE
  8
0
 10
410.052
 20
-91.323
 11
410.032
 21
-91.1119
  0
LINE
  8
0
 10
410.032
 20
-91.1119
 11
410.025
 21
-90.9
  0
LINE
  8
0
 10
410.025
 20
-90.9
 11
410.032
 21
-90.6881
  0
LINE
  8
0
 10
410.032
 20
-90.6881
 11
410.052
 21
-90.477
  0
LINE
  8
0
 10
410.052
 20
-90.477
 11
410.085
 21
-90.2676
  0
LINE
  8
0
 10
410.085
 20
-90.2676
 11
410.131
 21
-90.0607
  0
LINE
  8
0
 10
410.131
 20
-90.0607
 11
410.19
 21
-89.857
  0
LINE
  8
0
 10
410.19
 20
-89.857
 11
410.262
 21
-89.6576
  0
LINE
  8
0
 10
410.262
 20
-89.6576
 11
410.346
 21
-89.463
  0
LINE
  8
0
 10
410.346
 20
-89.463
 11
410.442
 21
-89.2741
  0
LINE
  8
0
 10
410.442
 20
-89.2741
 11
410.55
 21
-89.0916
  0
LINE
  8
0
 10
410.55
 20
-89.0916
 11
410.67
 21
-88.9162
  0
LINE
  8
0
 10
410.67
 20
-88.9162
 11
410.8
 21
-88.7487
  0
LINE
  8
0
 10
410.8
 20
-88.7487
 11
410.94
 21
-88.5896
  0
LINE
  8
0
 10
410.94
 20
-88.5896
 11
411.09
 21
-88.4397
  0
LINE
  8
0
 10
411.09
 20
-88.4397
 11
411.249
 21
-88.2995
  0
LINE
  8
0
 10
411.249
 20
-88.2995
 11
411.416
 21
-88.1695
  0
LINE
  8
0
 10
411.416
 20
-88.1695
 11
411.592
 21
-88.0504
  0
LINE
  8
0
 10
411.592
 20
-88.0504
 11
411.774
 21
-87.9424
  0
LINE
  8
0
 10
411.774
 20
-87.9424
 11
411.963
 21
-87.8462
  0
LINE
  8
0
 10
411.963
 20
-87.8462
 11
412.158
 21
-87.762
  0
LINE
  8
0
 10
412.158
 20
-87.762
 11
412.357
 21
-87.6902
  0
LINE
  8
0
 10
412.357
 20
-87.6902
 11
412.561
 21
-87.631
  0
LINE
  8
0
 10
412.561
 20
-87.631
 11
412.768
 21
-87.5848
  0
LINE
  8
0
 10
412.768
 20
-87.5848
 11
412.977
 21
-87.5516
  0
LINE
  8
0
 10
412.977
 20
-87.5516
 11
413.188
 21
-87.5316
  0
LINE
  8
0
 10
413.188
 20
-87.5316
 11
413.4
 21
-87.525
  0
LINE
  8
0
 10
413.4
 20
-87.525
 11
413.612
 21
-87.5316
  0
LINE
  8
0
 10
413.612
 20
-87.5316
 11
413.823
 21
-87.5516
  0
LINE
  8
0
 10
413.823
 20
-87.5516
 11
414.032
 21
-87.5848
  0
LINE
  8
0
 10
414.032
 20
-87.5848
 11
414.239
 21
-87.631
  0
LINE
  8
0
 10
414.239
 20
-87.631
 11
414.443
 21
-87.6902
  0
LINE
  8
0
 10
414.443
 20
-87.6902
 11
414.642
 21
-87.762
  0
LINE
  8
0
 10
414.642
 20
-87.762
 11
414.837
 21
-87.8462
  0
LINE
  8
0
 10
414.837
 20
-87.8462
 11
415.026
 21
-87.9424
  0
LINE
  8
0
 10
415.026
 20
-87.9424
 11
415.208
 21
-88.0504
  0
LINE
  8
0
 10
415.208
 20
-88.0504
 11
415.384
 21
-88.1695
  0
LINE
  8
0
 10
415.384
 20
-88.1695
 11
415.551
 21
-88.2995
  0
LINE
  8
0
 10
415.551
 20
-88.2995
 11
415.71
 21
-88.4397
  0
LINE
  8
0
 10
415.71
 20
-88.4397
 11
415.86
 21
-88.5896
  0
LINE
  8
0
 10
415.86
 20
-88.5896
 11
416
 21
-88.7487
  0
LINE
  8
0
 10
416
 20
-88.7487
 11
416.13
 21
-88.9162
  0
LINE
  8
0
 10
416.13
 20
-88.9162
 11
416.25
 21
-89.0916
  0
LINE
  8
0
 10
416.25
 20
-89.0916
 11
416.358
 21
-89.2741
  0
LINE
  8
0
 10
416.358
 20
-89.2741
 11
416.454
 21
-89.463
  0
LINE
  8
0
 10
416.454
 20
-89.463
 11
416.538
 21
-89.6576
  0
LINE
  8
0
 10
416.538
 20
-89.6576
 11
416.61
 21
-89.857
  0
LINE
  8
0
 10
416.61
 20
-89.857
 11
416.669
 21
-90.0607
  0
LINE
  8
0
 10
416.669
 20
-90.0607
 11
416.715
 21
-90.2676
  0
LINE
  8
0
 10
416.715
 20
-90.2676
 11
416.748
 21
-90.477
  0
LINE
  8
0
 10
416.748
 20
-90.477
 11
416.768
 21
-90.6881
  0
LINE
  8
0
 10
416.768
 20
-90.6881
 11
416.775
 21
-90.9
  0
LINE
  8
0
 10
416.775
 20
-90.9
 11
416.768
 21
-91.1119
  0
LINE
  8
0
 10
416.768
 20
-91.1119
 11
416.748
 21
-91.323
  0
LINE
  8
0
 10
416.748
 20
-91.323
 11
416.715
 21
-91.5324
  0
LINE
  8
0
 10
416.715
 20
-91.5324
 11
416.669
 21
-91.7393
  0
LINE
  8
0
 10
416.669
 20
-91.7393
 11
416.61
 21
-91.9429
  0
LINE
  8
0
 10
416.61
 20
-91.9429
 11
416.538
 21
-92.1424
  0
LINE
  8
0
 10
416.538
 20
-92.1424
 11
416.454
 21
-92.337
  0
LINE
  8
0
 10
416.454
 20
-92.337
 11
416.358
 21
-92.5259
  0
LINE
  8
0
 10
416.358
 20
-92.5259
 11
416.25
 21
-92.7084
  0
LINE
  8
0
 10
416.25
 20
-92.7084
 11
416.13
 21
-92.8838
  0
LINE
  8
0
 10
416.13
 20
-92.8838
 11
416
 21
-93.0513
  0
LINE
  8
0
 10
416
 20
-93.0513
 11
415.86
 21
-93.2103
  0
LINE
  8
0
 10
415.86
 20
-93.2103
 11
415.71
 21
-93.3602
  0
LINE
  8
0
 10
415.71
 20
-93.3602
 11
415.551
 21
-93.5005
  0
LINE
  8
0
 10
415.551
 20
-93.5005
 11
415.384
 21
-93.6304
  0
LINE
  8
0
 10
415.384
 20
-93.6304
 11
415.208
 21
-93.7496
  0
LINE
  8
0
 10
415.208
 20
-93.7496
 11
415.026
 21
-93.8575
  0
LINE
  8
0
 10
415.026
 20
-93.8575
 11
414.837
 21
-93.9538
  0
LINE
  8
0
 10
414.837
 20
-93.9538
 11
414.642
 21
-94.038
  0
LINE
  8
0
 10
414.642
 20
-94.038
 11
414.443
 21
-94.1098
  0
LINE
  8
0
 10
414.443
 20
-94.1098
 11
414.239
 21
-94.1689
  0
LINE
  8
0
 10
414.239
 20
-94.1689
 11
414.032
 21
-94.2152
  0
LINE
  8
0
 10
414.032
 20
-94.2152
 11
413.823
 21
-94.2484
  0
LINE
  8
0
 10
413.823
 20
-94.2484
 11
413.612
 21
-94.2683
  0
LINE
  8
0
 10
413.612
 20
-94.2683
 11
413.4
 21
-94.275
  0
LINE
  8
0
 10
413.4
 20
-94.275
 11
413.188
 21
-94.2683
  0
LINE
  8
0
 10
456.5
 20
-2
 11
431.1
 21
-2
  0
LINE
  8
0
 10
431.1
 20
-2
 11
431.1
 21
-103.6
  0
LINE
  8
0
 10
431.1
 20
-103.6
 11
456.5
 21
-103.6
  0
LINE
  8
0
 10
456.5
 20
-103.6
 11
456.5
 21
-2
  0
LINE
  8
0
 10
443.588
 20
-18.0683
 11
443.377
 21
-18.0484
  0
LINE
  8
0
 10
443.377
 20
-18.0484
 11
443.168
 21
-18.0152
  0
LINE
  8
0
 10
443.168
 20
-18.0152
 11
442.961
 21
-17.969
  0
LINE
  8
0
 10
442.961
 20
-17.969
 11
442.757
 21
-17.9098
  0
LINE
  8
0
 10
442.757
 20
-17.9098
 11
442.558
 21
-17.838
  0
LINE
  8
0
 10
442.558
 20
-17.838
 11
442.363
 21
-17.7538
  0
LINE
  8
0
 10
442.363
 20
-17.7538
 11
442.174
 21
-17.6575
  0
LINE
  8
0
 10
442.174
 20
-17.6575
 11
441.992
 21
-17.5496
  0
LINE
  8
0
 10
441.992
 20
-17.5496
 11
441.816
 21
-17.4304
  0
LINE
  8
0
 10
441.816
 20
-17.4304
 11
441.649
 21
-17.3005
  0
LINE
  8
0
 10
441.649
 20
-17.3005
 11
441.49
 21
-17.1603
  0
LINE
  8
0
 10
441.49
 20
-17.1603
 11
441.34
 21
-17.0103
  0
LINE
  8
0
 10
441.34
 20
-17.0103
 11
441.2
 21
-16.8513
  0
LINE
  8
0
 10
441.2
 20
-16.8513
 11
441.07
 21
-16.6838
  0
LINE
  8
0
 10
441.07
 20
-16.6838
 11
440.95
 21
-16.5084
  0
LINE
  8
0
 10
440.95
 20
-16.5084
 11
440.842
 21
-16.3259
  0
LINE
  8
0
 10
440.842
 20
-16.3259
 11
440.746
 21
-16.137
  0
LINE
  8
0
 10
440.746
 20
-16.137
 11
440.662
 21
-15.9424
  0
LINE
  8
0
 10
440.662
 20
-15.9424
 11
440.59
 21
-15.7429
  0
LINE
  8
0
 10
440.59
 20
-15.7429
 11
440.531
 21
-15.5393
  0
LINE
  8
0
 10
440.531
 20
-15.5393
 11
440.485
 21
-15.3324
  0
LINE
  8
0
 10
440.485
 20
-15.3324
 11
440.452
 21
-15.123
  0
LINE
  8
0
 10
440.452
 20
-15.123
 11
440.432
 21
-14.9119
  0
LINE
  8
0
 10
440.432
 20
-14.9119
 11
440.425
 21
-14.7
  0
LINE
  8
0
 10
440.425
 20
-14.7
 11
440.432
 21
-14.4881
  0
LINE
  8
0
 10
440.432
 20
-14.4881
 11
440.452
 21
-14.277
  0
LINE
  8
0
 10
440.452
 20
-14.277
 11
440.485
 21
-14.0676
  0
LINE
  8
0
 10
440.485
 20
-14.0676
 11
440.531
 21
-13.8607
  0
LINE
  8
0
 10
440.531
 20
-13.8607
 11
440.59
 21
-13.6571
  0
LINE
  8
0
 10
440.59
 20
-13.6571
 11
440.662
 21
-13.4576
  0
LINE
  8
0
 10
440.662
 20
-13.4576
 11
440.746
 21
-13.263
  0
LINE
  8
0
 10
440.746
 20
-13.263
 11
440.842
 21
-13.0741
  0
LINE
  8
0
 10
440.842
 20
-13.0741
 11
440.95
 21
-12.8916
  0
LINE
  8
0
 10
440.95
 20
-12.8916
 11
441.07
 21
-12.7162
  0
LINE
  8
0
 10
441.07
 20
-12.7162
 11
441.2
 21
-12.5487
  0
LINE
  8
0
 10
441.2
 20
-12.5487
 11
441.34
 21
-12.3896
  0
LINE
  8
0
 10
441.34
 20
-12.3896
 11
441.49
 21
-12.2397
  0
LINE
  8
0
 10
441.49
 20
-12.2397
 11
441.649
 21
-12.0995
  0
LINE
  8
0
 10
441.649
 20
-12.0995
 11
441.816
 21
-11.9696
  0
LINE
  8
0
 10
441.816
 20
-11.9696
 11
441.992
 21
-11.8504
  0
LINE
  8
0
 10
441.992
 20
-11.8504
 11
442.174
 21
-11.7425
  0
LINE
  8
0
 10
442.174
 20
-11.7425
 11
442.363
 21
-11.6462
  0
LINE
  8
0
 10
442.363
 20
-11.6462
 11
442.558
 21
-11.562
  0
LINE
  8
0
 10
442.558
 20
-11.562
 11
442.757
 21
-11.4902
  0
LINE
  8
0
 10
442.757
 20
-11.4902
 11
442.961
 21
-11.431
  0
LINE
  8
0
 10
442.961
 20
-11.431
 11
443.168
 21
-11.3848
  0
LINE
  8
0
 10
443.168
 20
-11.3848
 11
443.377
 21
-11.3516
  0
LINE
  8
0
 10
443.377
 20
-11.3516
 11
443.588
 21
-11.3316
  0
LINE
  8
0
 10
443.588
 20
-11.3316
 11
443.8
 21
-11.325
  0
LINE
  8
0
 10
443.8
 20
-11.325
 11
444.012
 21
-11.3316
  0
LINE
  8
0
 10
444.012
 20
-11.3316
 11
444.223
 21
-11.3516
  0
LINE
  8
0
 10
444.223
 20
-11.3516
 11
444.432
 21
-11.3848
  0
LINE
  8
0
 10
444.432
 20
-11.3848
 11
444.639
 21
-11.431
  0
LINE
  8
0
 10
444.639
 20
-11.431
 11
444.843
 21
-11.4902
  0
LINE
  8
0
 10
444.843
 20
-11.4902
 11
445.042
 21
-11.562
  0
LINE
  8
0
 10
445.042
 20
-11.562
 11
445.237
 21
-11.6462
  0
LINE
  8
0
 10
445.237
 20
-11.6462
 11
445.426
 21
-11.7425
  0
LINE
  8
0
 10
445.426
 20
-11.7425
 11
445.608
 21
-11.8504
  0
LINE
  8
0
 10
445.608
 20
-11.8504
 11
445.784
 21
-11.9696
  0
LINE
  8
0
 10
445.784
 20
-11.9696
 11
445.951
 21
-12.0995
  0
LINE
  8
0
 10
445.951
 20
-12.0995
 11
446.11
 21
-12.2397
  0
LINE
  8
0
 10
446.11
 20
-12.2397
 11
446.26
 21
-12.3896
  0
LINE
  8
0
 10
446.26
 20
-12.3896
 11
446.4
 21
-12.5487
  0
LINE
  8
0
 10
446.4
 20
-12.5487
 11
446.53
 21
-12.7162
  0
LINE
  8
0
 10
446.53
 20
-12.7162
 11
446.65
 21
-12.8916
  0
LINE
  8
0
 10
446.65
 20
-12.8916
 11
446.758
 21
-13.0741
  0
LINE
  8
0
 10
446.758
 20
-13.0741
 11
446.854
 21
-13.263
  0
LINE
  8
0
 10
446.854
 20
-13.263
 11
446.938
 21
-13.4576
  0
LINE
  8
0
 10
446.938
 20
-13.4576
 11
447.01
 21
-13.6571
  0
LINE
  8
0
 10
447.01
 20
-13.6571
 11
447.069
 21
-13.8607
  0
LINE
  8
0
 10
447.069
 20
-13.8607
 11
447.115
 21
-14.0676
  0
LINE
  8
0
 10
447.115
 20
-14.0676
 11
447.148
 21
-14.277
  0
LINE
  8
0
 10
447.148
 20
-14.277
 11
447.168
 21
-14.4881
  0
LINE
  8
0
 10
447.168
 20
-14.4881
 11
447.175
 21
-14.7
  0
LINE
  8
0
 10
447.175
 20
-14.7
 11
447.168
 21
-14.9119
  0
LINE
  8
0
 10
447.168
 20
-14.9119
 11
447.148
 21
-15.123
  0
LINE
  8
0
 10
447.148
 20
-15.123
 11
447.115
 21
-15.3324
  0
LINE
  8
0
 10
447.115
 20
-15.3324
 11
447.069
 21
-15.5393
  0
LINE
  8
0
 10
447.069
 20
-15.5393
 11
447.01
 21
-15.7429
  0
LINE
  8
0
 10
447.01
 20
-15.7429
 11
446.938
 21
-15.9424
  0
LINE
  8
0
 10
446.938
 20
-15.9424
 11
446.854
 21
-16.137
  0
LINE
  8
0
 10
446.854
 20
-16.137
 11
446.758
 21
-16.3259
  0
LINE
  8
0
 10
446.758
 20
-16.3259
 11
446.65
 21
-16.5084
  0
LINE
  8
0
 10
446.65
 20
-16.5084
 11
446.53
 21
-16.6838
  0
LINE
  8
0
 10
446.53
 20
-16.6838
 11
446.4
 21
-16.8513
  0
LINE
  8
0
 10
446.4
 20
-16.8513
 11
446.26
 21
-17.0103
  0
LINE
  8
0
 10
446.26
 20
-17.0103
 11
446.11
 21
-17.1603
  0
LINE
  8
0
 10
446.11
 20
-17.1603
 11
445.951
 21
-17.3005
  0
LINE
  8
0
 10
445.951
 20
-17.3005
 11
445.784
 21
-17.4304
  0
LINE
  8
0
 10
445.784
 20
-17.4304
 11
445.608
 21
-17.5496
  0
LINE
  8
0
 10
445.608
 20
-17.5496
 11
445.426
 21
-17.6575
  0
LINE
  8
0
 10
445.426
 20
-17.6575
 11
445.237
 21
-17.7538
  0
LINE
  8
0
 10
445.237
 20
-17.7538
 11
445.042
 21
-17.838
  0
LINE
  8
0
 10
445.042
 20
-17.838
 11
444.843
 21
-17.9098
  0
LINE
  8
0
 10
444.843
 20
-17.9098
 11
444.639
 21
-17.969
  0
LINE
  8
0
 10
444.639
 20
-17.969
 11
444.432
 21
-18.0152
  0
LINE
  8
0
 10
444.432
 20
-18.0152
 11
444.223
 21
-18.0484
  0
LINE
  8
0
 10
444.223
 20
-18.0484
 11
444.012
 21
-18.0683
  0
LINE
  8
0
 10
444.012
 20
-18.0683
 11
443.8
 21
-18.075
  0
LINE
  8
0
 10
443.8
 20
-18.075
 11
443.588
 21
-18.0683
  0
LINE
  8
0
 10
443.588
 20
-43.4683
 11
443.377
 21
-43.4484
  0
LINE
  8
0
 10
443.377
 20
-43.4484
 11
443.168
 21
-43.4152
  0
LINE
  8
0
 10
443.168
 20
-43.4152
 11
442.961
 21
-43.369
  0
LINE
  8
0
 10
442.961
 20
-43.369
 11
442.757
 21
-43.3098
  0
LINE
  8
0
 10
442.757
 20
-43.3098
 11
442.558
 21
-43.238
  0
LINE
  8
0
 10
442.558
 20
-43.238
 11
442.363
 21
-43.1538
  0
LINE
  8
0
 10
442.363
 20
-43.1538
 11
442.174
 21
-43.0575
  0
LINE
  8
0
 10
442.174
 20
-43.0575
 11
441.992
 21
-42.9496
  0
LINE
  8
0
 10
441.992
 20
-42.9496
 11
441.816
 21
-42.8304
  0
LINE
  8
0
 10
441.816
 20
-42.8304
 11
441.649
 21
-42.7005
  0
LINE
  8
0
 10
441.649
 20
-42.7005
 11
441.49
 21
-42.5603
  0
LINE
  8
0
 10
441.49
 20
-42.5603
 11
441.34
 21
-42.4103
  0
LINE
  8
0
 10
441.34
 20
-42.4103
 11
441.2
 21
-42.2513
  0
LINE
  8
0
 10
441.2
 20
-42.2513
 11
441.07
 21
-42.0838
  0
LINE
  8
0
 10
441.07
 20
-42.0838
 11
440.95
 21
-41.9084
  0
LINE
  8
0
 10
440.95
 20
-41.9084
 11
440.842
 21
-41.7259
  0
LINE
  8
0
 10
440.842
 20
-41.7259
 11
440.746
 21
-41.537
  0
LINE
  8
0
 10
440.746
 20
-41.537
 11
440.662
 21
-41.3424
  0
LINE
  8
0
 10
440.662
 20
-41.3424
 11
440.59
 21
-41.1429
  0
LINE
  8
0
 10
440.59
 20
-41.1429
 11
440.531
 21
-40.9393
  0
LINE
  8
0
 10
440.531
 20
-40.9393
 11
440.485
 21
-40.7324
  0
LINE
  8
0
 10
440.485
 20
-40.7324
 11
440.452
 21
-40.523
  0
LINE
  8
0
 10
440.452
 20
-40.523
 11
440.432
 21
-40.3119
  0
LINE
  8
0
 10
440.432
 20
-40.3119
 11
440.425
 21
-40.1
  0
LINE
  8
0
 10
440.425
 20
-40.1
 11
440.432
 21
-39.8881
  0
LINE
  8
0
 10
440.432
 20
-39.8881
 11
440.452
 21
-39.677
  0
LINE
  8
0
 10
440.452
 20
-39.677
 11
440.485
 21
-39.4676
  0
LINE
  8
0
 10
440.485
 20
-39.4676
 11
440.531
 21
-39.2607
  0
LINE
  8
0
 10
440.531
 20
-39.2607
 11
440.59
 21
-39.0571
  0
LINE
  8
0
 10
440.59
 20
-39.0571
 11
440.662
 21
-38.8576
  0
LINE
  8
0
 10
440.662
 20
-38.8576
 11
440.746
 21
-38.663
  0
LINE
  8
0
 10
440.746
 20
-38.663
 11
440.842
 21
-38.4741
  0
LINE
  8
0
 10
440.842
 20
-38.4741
 11
440.95
 21
-38.2916
  0
LINE
  8
0
 10
440.95
 20
-38.2916
 11
441.07
 21
-38.1162
  0
LINE
  8
0
 10
441.07
 20
-38.1162
 11
441.2
 21
-37.9487
  0
LINE
  8
0
 10
441.2
 20
-37.9487
 11
441.34
 21
-37.7896
  0
LINE
  8
0
 10
441.34
 20
-37.7896
 11
441.49
 21
-37.6397
  0
LINE
  8
0
 10
441.49
 20
-37.6397
 11
441.649
 21
-37.4995
  0
LINE
  8
0
 10
441.649
 20
-37.4995
 11
441.816
 21
-37.3696
  0
LINE
  8
0
 10
441.816
 20
-37.3696
 11
441.992
 21
-37.2504
  0
LINE
  8
0
 10
441.992
 20
-37.2504
 11
442.174
 21
-37.1425
  0
LINE
  8
0
 10
442.174
 20
-37.1425
 11
442.363
 21
-37.0462
  0
LINE
  8
0
 10
442.363
 20
-37.0462
 11
442.558
 21
-36.962
  0
LINE
  8
0
 10
442.558
 20
-36.962
 11
442.757
 21
-36.8902
  0
LINE
  8
0
 10
442.757
 20
-36.8902
 11
442.961
 21
-36.831
  0
LINE
  8
0
 10
442.961
 20
-36.831
 11
443.168
 21
-36.7848
  0
LINE
  8
0
 10
443.168
 20
-36.7848
 11
443.377
 21
-36.7516
  0
LINE
  8
0
 10
443.377
 20
-36.7516
 11
443.588
 21
-36.7317
  0
LINE
  8
0
 10
443.588
 20
-36.7317
 11
443.8
 21
-36.725
  0
LINE
  8
0
 10
443.8
 20
-36.725
 11
444.012
 21
-36.7317
  0
LINE
  8
0
 10
444.012
 20
-36.7317
 11
444.223
 21
-36.7516
  0
LINE
  8
0
 10
444.223
 20
-36.7516
 11
444.432
 21
-36.7848
  0
LINE
  8
0
 10
444.432
 20
-36.7848
 11
444.639
 21
-36.831
  0
LINE
  8
0
 10
444.639
 20
-36.831
 11
444.843
 21
-36.8902
  0
LINE
  8
0
 10
444.843
 20
-36.8902
 11
445.042
 21
-36.962
  0
LINE
  8
0
 10
445.042
 20
-36.962
 11
445.237
 21
-37.0462
  0
LINE
  8
0
 10
445.237
 20
-37.0462
 11
445.426
 21
-37.1425
  0
LINE
  8
0
 10
445.426
 20
-37.1425
 11
445.608
 21
-37.2504
  0
LINE
  8
0
 10
445.608
 20
-37.2504
 11
445.784
 21
-37.3696
  0
LINE
  8
0
 10
445.784
 20
-37.3696
 11
445.951
 21
-37.4995
  0
LINE
  8
0
 10
445.951
 20
-37.4995
 11
446.11
 21
-37.6397
  0
LINE
  8
0
 10
446.11
 20
-37.6397
 11
446.26
 21
-37.7896
  0
LINE
  8
0
 10
446.26
 20
-37.7896
 11
446.4
 21
-37.9487
  0
LINE
  8
0
 10
446.4
 20
-37.9487
 11
446.53
 21
-38.1162
  0
LINE
  8
0
 10
446.53
 20
-38.1162
 11
446.65
 21
-38.2916
  0
LINE
  8
0
 10
446.65
 20
-38.2916
 11
446.758
 21
-38.4741
  0
LINE
  8
0
 10
446.758
 20
-38.4741
 11
446.854
 21
-38.663
  0
LINE
  8
0
 10
446.854
 20
-38.663
 11
446.938
 21
-38.8576
  0
LINE
  8
0
 10
446.938
 20
-38.8576
 11
447.01
 21
-39.0571
  0
LINE
  8
0
 10
447.01
 20
-39.0571
 11
447.069
 21
-39.2607
  0
LINE
  8
0
 10
447.069
 20
-39.2607
 11
447.115
 21
-39.4676
  0
LINE
  8
0
 10
447.115
 20
-39.4676
 11
447.148
 21
-39.677
  0
LINE
  8
0
 10
447.148
 20
-39.677
 11
447.168
 21
-39.8881
  0
LINE
  8
0
 10
447.168
 20
-39.8881
 11
447.175
 21
-40.1
  0
LINE
  8
0
 10
447.175
 20
-40.1
 11
447.168
 21
-40.3119
  0
LINE
  8
0
 10
447.168
 20
-40.3119
 11
447.148
 21
-40.523
  0
LINE
  8
0
 10
447.148
 20
-40.523
 11
447.115
 21
-40.7324
  0
LINE
  8
0
 10
447.115
 20
-40.7324
 11
447.069
 21
-40.9393
  0
LINE
  8
0
 10
447.069
 20
-40.9393
 11
447.01
 21
-41.1429
  0
LINE
  8
0
 10
447.01
 20
-41.1429
 11
446.938
 21
-41.3424
  0
LINE
  8
0
 10
446.938
 20
-41.3424
 11
446.854
 21
-41.537
  0
LINE
  8
0
 10
446.854
 20
-41.537
 11
446.758
 21
-41.7259
  0
LINE
  8
0
 10
446.758
 20
-41.7259
 11
446.65
 21
-41.9084
  0
LINE
  8
0
 10
446.65
 20
-41.9084
 11
446.53
 21
-42.0838
  0
LINE
  8
0
 10
446.53
 20
-42.0838
 11
446.4
 21
-42.2513
  0
LINE
  8
0
 10
446.4
 20
-42.2513
 11
446.26
 21
-42.4103
  0
LINE
  8
0
 10
446.26
 20
-42.4103
 11
446.11
 21
-42.5603
  0
LINE
  8
0
 10
446.11
 20
-42.5603
 11
445.951
 21
-42.7005
  0
LINE
  8
0
 10
445.951
 20
-42.7005
 11
445.784
 21
-42.8304
  0
LINE
  8
0
 10
445.784
 20
-42.8304
 11
445.608
 21
-42.9496
  0
LINE
  8
0
 10
445.608
 20
-42.9496
 11
445.426
 21
-43.0575
  0
LINE
  8
0
 10
445.426
 20
-43.0575
 11
445.237
 21
-43.1538
  0
LINE
  8
0
 10
445.237
 20
-43.1538
 11
445.042
 21
-43.238
  0
LINE
  8
0
 10
445.042
 20
-43.238
 11
444.843
 21
-43.3098
  0
LINE
  8
0
 10
444.843
 20
-43.3098
 11
444.639
 21
-43.369
  0
LINE
  8
0
 10
444.639
 20
-43.369
 11
444.432
 21
-43.4152
  0
LINE
  8
0
 10
444.432
 20
-43.4152
 11
444.223
 21
-43.4484
  0
LINE
  8
0
 10
444.223
 20
-43.4484
 11
444.012
 21
-43.4683
  0
LINE
  8
0
 10
444.012
 20
-43.4683
 11
443.8
 21
-43.475
  0
LINE
  8
0
 10
443.8
 20
-43.475
 11
443.588
 21
-43.4683
  0
LINE
  8
0
 10
443.588
 20
-68.8683
 11
443.377
 21
-68.8484
  0
LINE
  8
0
 10
443.377
 20
-68.8484
 11
443.168
 21
-68.8152
  0
LINE
  8
0
 10
443.168
 20
-68.8152
 11
442.961
 21
-68.769
  0
LINE
  8
0
 10
442.961
 20
-68.769
 11
442.757
 21
-68.7098
  0
LINE
  8
0
 10
442.757
 20
-68.7098
 11
442.558
 21
-68.638
  0
LINE
  8
0
 10
442.558
 20
-68.638
 11
442.363
 21
-68.5538
  0
LINE
  8
0
 10
442.363
 20
-68.5538
 11
442.174
 21
-68.4575
  0
LINE
  8
0
 10
442.174
 20
-68.4575
 11
441.992
 21
-68.3496
  0
LINE
  8
0
 10
441.992
 20
-68.3496
 11
441.816
 21
-68.2304
  0
LINE
  8
0
 10
441.816
 20
-68.2304
 11
441.649
 21
-68.1005
  0
LINE
  8
0
 10
441.649
 20
-68.1005
 11
441.49
 21
-67.9603
  0
LINE
  8
0
 10
441.49
 20
-67.9603
 11
441.34
 21
-67.8103
  0
LINE
  8
0
 10
441.34
 20
-67.8103
 11
441.2
 21
-67.6513
  0
LINE
  8
0
 10
441.2
 20
-67.6513
 11
441.07
 21
-67.4837
  0
LINE
  8
0
 10
441.07
 20
-67.4837
 11
440.95
 21
-67.3084
  0
LINE
  8
0
 10
440.95
 20
-67.3084
 11
440.842
 21
-67.1259
  0
LINE
  8
0
 10
440.842
 20
-67.1259
 11
440.746
 21
-66.937
  0
LINE
  8
0
 10
440.746
 20
-66.937
 11
440.662
 21
-66.7424
  0
LINE
  8
0
 10
440.662
 20
-66.7424
 11
440.59
 21
-66.5429
  0
LINE
  8
0
 10
440.59
 20
-66.5429
 11
440.531
 21
-66.3393
  0
LINE
  8
0
 10
440.531
 20
-66.3393
 11
440.485
 21
-66.1324
  0
LINE
  8
0
 10
440.485
 20
-66.1324
 11
440.452
 21
-65.923
  0
LINE
  8
0
 10
440.452
 20
-65.923
 11
440.432
 21
-65.7119
  0
LINE
  8
0
 10
440.432
 20
-65.7119
 11
440.425
 21
-65.5
  0
LINE
  8
0
 10
440.425
 20
-65.5
 11
440.432
 21
-65.2881
  0
LINE
  8
0
 10
440.432
 20
-65.2881
 11
440.452
 21
-65.077
  0
LINE
  8
0
 10
440.452
 20
-65.077
 11
440.485
 21
-64.8676
  0
LINE
  8
0
 10
440.485
 20
-64.8676
 11
440.531
 21
-64.6606
  0
LINE
  8
0
 10
440.531
 20
-64.6606
 11
440.59
 21
-64.457
  0
LINE
  8
0
 10
440.59
 20
-64.457
 11
440.662
 21
-64.2576
  0
LINE
  8
0
 10
440.662
 20
-64.2576
 11
440.746
 21
-64.063
  0
LINE
  8
0
 10
440.746
 20
-64.063
 11
440.842
 21
-63.8741
  0
LINE
  8
0
 10
440.842
 20
-63.8741
 11
440.95
 21
-63.6916
  0
LINE
  8
0
 10
440.95
 20
-63.6916
 11
441.07
 21
-63.5162
  0
LINE
  8
0
 10
441.07
 20
-63.5162
 11
441.2
 21
-63.3487
  0
LINE
  8
0
 10
441.2
 20
-63.3487
 11
441.34
 21
-63.1896
  0
LINE
  8
0
 10
441.34
 20
-63.1896
 11
441.49
 21
-63.0397
  0
LINE
  8
0
 10
441.49
 20
-63.0397
 11
441.649
 21
-62.8995
  0
LINE
  8
0
 10
441.649
 20
-62.8995
 11
441.816
 21
-62.7695
  0
LINE
  8
0
 10
441.816
 20
-62.7695
 11
441.992
 21
-62.6504
  0
LINE
  8
0
 10
441.992
 20
-62.6504
 11
442.174
 21
-62.5424
  0
LINE
  8
0
 10
442.174
 20
-62.5424
 11
442.363
 21
-62.4462
  0
LINE
  8
0
 10
442.363
 20
-62.4462
 11
442.558
 21
-62.362
  0
LINE
  8
0
 10
442.558
 20
-62.362
 11
442.757
 21
-62.2902
  0
LINE
  8
0
 10
442.757
 20
-62.2902
 11
442.961
 21
-62.231
  0
LINE
  8
0
 10
442.961
 20
-62.231
 11
443.168
 21
-62.1848
  0
LINE
  8
0
 10
443.168
 20
-62.1848
 11
443.377
 21
-62.1516
  0
LINE
  8
0
 10
443.377
 20
-62.1516
 11
443.588
 21
-62.1316
  0
LINE
  8
0
 10
443.588
 20
-62.1316
 11
443.8
 21
-62.125
  0
LINE
  8
0
 10
443.8
 20
-62.125
 11
444.012
 21
-62.1316
  0
LINE
  8
0
 10
444.012
 20
-62.1316
 11
444.223
 21
-62.1516
  0
LINE
  8
0
 10
444.223
 20
-62.1516
 11
444.432
 21
-62.1848
  0
LINE
  8
0
 10
444.432
 20
-62.1848
 11
444.639
 21
-62.231
  0
LINE
  8
0
 10
444.639
 20
-62.231
 11
444.843
 21
-62.2902
  0
LINE
  8
0
 10
444.843
 20
-62.2902
 11
445.042
 21
-62.362
  0
LINE
  8
0
 10
445.042
 20
-62.362
 11
445.237
 21
-62.4462
  0
LINE
  8
0
 10
445.237
 20
-62.4462
 11
445.426
 21
-62.5424
  0
LINE
  8
0
 10
445.426
 20
-62.5424
 11
445.608
 21
-62.6504
  0
LINE
  8
0
 10
445.608
 20
-62.6504
 11
445.784
 21
-62.7695
  0
LINE
  8
0
 10
445.784
 20
-62.7695
 11
445.951
 21
-62.8995
  0
LINE
  8
0
 10
445.951
 20
-62.8995
 11
446.11
 21
-63.0397
  0
LINE
  8
0
 10
446.11
 20
-63.0397
 11
446.26
 21
-63.1896
  0
LINE
  8
0
 10
446.26
 20
-63.1896
 11
446.4
 21
-63.3487
  0
LINE
  8
0
 10
446.4
 20
-63.3487
 11
446.53
 21
-63.5162
  0
LINE
  8
0
 10
446.53
 20
-63.5162
 11
446.65
 21
-63.6916
  0
LINE
  8
0
 10
446.65
 20
-63.6916
 11
446.758
 21
-63.8741
  0
LINE
  8
0
 10
446.758
 20
-63.8741
 11
446.854
 21
-64.063
  0
LINE
  8
0
 10
446.854
 20
-64.063
 11
446.938
 21
-64.2576
  0
LINE
  8
0
 10
446.938
 20
-64.2576
 11
447.01
 21
-64.457
  0
LINE
  8
0
 10
447.01
 20
-64.457
 11
447.069
 21
-64.6606
  0
LINE
  8
0
 10
447.069
 20
-64.6606
 11
447.115
 21
-64.8676
  0
LINE
  8
0
 10
447.115
 20
-64.8676
 11
447.148
 21
-65.077
  0
LINE
  8
0
 10
447.148
 20
-65.077
 11
447.168
 21
-65.2881
  0
LINE
  8
0
 10
447.168
 20
-65.2881
 11
447.175
 21
-65.5
  0
LINE
  8
0
 10
447.175
 20
-65.5
 11
447.168
 21
-65.7119
  0
LINE
  8
0
 10
447.168
 20
-65.7119
 11
447.148
 21
-65.923
  0
LINE
  8
0
 10
447.148
 20
-65.923
 11
447.115
 21
-66.1324
  0
LINE
  8
0
 10
447.115
 20
-66.1324
 11
447.069
 21
-66.3393
  0
LINE
  8
0
 10
447.069
 20
-66.3393
 11
447.01
 21
-66.5429
  0
LINE
  8
0
 10
447.01
 20
-66.5429
 11
446.938
 21
-66.7424
  0
LINE
  8
0
 10
446.938
 20
-66.7424
 11
446.854
 21
-66.937
  0
LINE
  8
0
 10
446.854
 20
-66.937
 11
446.758
 21
-67.1259
  0
LINE
  8
0
 10
446.758
 20
-67.1259
 11
446.65
 21
-67.3084
  0
LINE
  8
0
 10
446.65
 20
-67.3084
 11
446.53
 21
-67.4837
  0
LINE
  8
0
 10
446.53
 20
-67.4837
 11
446.4
 21
-67.6513
  0
LINE
  8
0
 10
446.4
 20
-67.6513
 11
446.26
 21
-67.8103
  0
LINE
  8
0
 10
446.26
 20
-67.8103
 11
446.11
 21
-67.9603
  0
LINE
  8
0
 10
446.11
 20
-67.9603
 11
445.951
 21
-68.1005
  0
LINE
  8
0
 10
445.951
 20
-68.1005
 11
445.784
 21
-68.2304
  0
LINE
  8
0
 10
445.784
 20
-68.2304
 11
445.608
 21
-68.3496
  0
LINE
  8
0
 10
445.608
 20
-68.3496
 11
445.426
 21
-68.4575
  0
LINE
  8
0
 10
445.426
 20
-68.4575
 11
445.237
 21
-68.5538
  0
LINE
  8
0
 10
445.237
 20
-68.5538
 11
445.042
 21
-68.638
  0
LINE
  8
0
 10
445.042
 20
-68.638
 11
444.843
 21
-68.7098
  0
LINE
  8
0
 10
444.843
 20
-68.7098
 11
444.639
 21
-68.769
  0
LINE
  8
0
 10
444.639
 20
-68.769
 11
444.432
 21
-68.8152
  0
LINE
  8
0
 10
444.432
 20
-68.8152
 11
444.223
 21
-68.8484
  0
LINE
  8
0
 10
444.223
 20
-68.8484
 11
444.012
 21
-68.8683
  0
LINE
  8
0
 10
444.012
 20
-68.8683
 11
443.8
 21
-68.875
  0
LINE
  8
0
 10
443.8
 20
-68.875
 11
443.588
 21
-68.8683
  0
LINE
  8
0
 10
443.588
 20
-94.2683
 11
443.377
 21
-94.2484
  0
LINE
  8
0
 10
443.377
 20
-94.2484
 11
443.168
 21
-94.2152
  0
LINE
  8
0
 10
443.168
 20
-94.2152
 11
442.961
 21
-94.1689
  0
LINE
  8
0
 10
442.961
 20
-94.1689
 11
442.757
 21
-94.1098
  0
LINE
  8
0
 10
442.757
 20
-94.1098
 11
442.558
 21
-94.038
  0
LINE
  8
0
 10
442.558
 20
-94.038
 11
442.363
 21
-93.9538
  0
LINE
  8
0
 10
442.363
 20
-93.9538
 11
442.174
 21
-93.8575
  0
LINE
  8
0
 10
442.174
 20
-93.8575
 11
441.992
 21
-93.7496
  0
LINE
  8
0
 10
441.992
 20
-93.7496
 11
441.816
 21
-93.6304
  0
LINE
  8
0
 10
441.816
 20
-93.6304
 11
441.649
 21
-93.5005
  0
LINE
  8
0
 10
441.649
 20
-93.5005
 11
441.49
 21
-93.3602
  0
LINE
  8
0
 10
441.49
 20
-93.3602
 11
441.34
 21
-93.2103
  0
LINE
  8
0
 10
441.34
 20
-93.2103
 11
441.2
 21
-93.0513
  0
LINE
  8
0
 10
441.2
 20
-93.0513
 11
441.07
 21
-92.8838
  0
LINE
  8
0
 10
441.07
 20
-92.8838
 11
440.95
 21
-92.7084
  0
LINE
  8
0
 10
440.95
 20
-92.7084
 11
440.842
 21
-92.5259
  0
LINE
  8
0
 10
440.842
 20
-92.5259
 11
440.746
 21
-92.337
  0
LINE
  8
0
 10
440.746
 20
-92.337
 11
440.662
 21
-92.1424
  0
LINE
  8
0
 10
440.662
 20
-92.1424
 11
440.59
 21
-91.9429
  0
LINE
  8
0
 10
440.59
 20
-91.9429
 11
440.531
 21
-91.7393
  0
LINE
  8
0
 10
440.531
 20
-91.7393
 11
440.485
 21
-91.5324
  0
LINE
  8
0
 10
440.485
 20
-91.5324
 11
440.452
 21
-91.323
  0
LINE
  8
0
 10
440.452
 20
-91.323
 11
440.432
 21
-91.1119
  0
LINE
  8
0
 10
440.432
 20
-91.1119
 11
440.425
 21
-90.9
  0
LINE
  8
0
 10
440.425
 20
-90.9
 11
440.432
 21
-90.6881
  0
LINE
  8
0
 10
440.432
 20
-90.6881
 11
440.452
 21
-90.477
  0
LINE
  8
0
 10
440.452
 20
-90.477
 11
440.485
 21
-90.2676
  0
LINE
  8
0
 10
440.485
 20
-90.2676
 11
440.531
 21
-90.0607
  0
LINE
  8
0
 10
440.531
 20
-90.0607
 11
440.59
 21
-89.857
  0
LINE
  8
0
 10
440.59
 20
-89.857
 11
440.662
 21
-89.6576
  0
LINE
  8
0
 10
440.662
 20
-89.6576
 11
440.746
 21
-89.463
  0
LINE
  8
0
 10
440.746
 20
-89.463
 11
440.842
 21
-89.2741
  0
LINE
  8
0
 10
440.842
 20
-89.2741
 11
440.95
 21
-89.0916
  0
LINE
  8
0
 10
440.95
 20
-89.0916
 11
441.07
 21
-88.9162
  0
LINE
  8
0
 10
441.07
 20
-88.9162
 11
441.2
 21
-88.7487
  0
LINE
  8
0
 10
441.2
 20
-88.7487
 11
441.34
 21
-88.5896
  0
LINE
  8
0
 10
441.34
 20
-88.5896
 11
441.49
 21
-88.4397
  0
LINE
  8
0
 10
441.49
 20
-88.4397
 11
441.649
 21
-88.2995
  0
LINE
  8
0
 10
441.649
 20
-88.2995
 11
441.816
 21
-88.1695
  0
LINE
  8
0
 10
441.816
 20
-88.1695
 11
441.992
 21
-88.0504
  0
LINE
  8
0
 10
441.992
 20
-88.0504
 11
442.174
 21
-87.9424
  0
LINE
  8
0
 10
442.174
 20
-87.9424
 11
442.363
 21
-87.8462
  0
LINE
  8
0
 10
442.363
 20
-87.8462
 11
442.558
 21
-87.762
  0
LINE
  8
0
 10
442.558
 20
-87.762
 11
442.757
 21
-87.6902
  0
LINE
  8
0
 10
442.757
 20
-87.6902
 11
442.961
 21
-87.631
  0
LINE
  8
0
 10
442.961
 20
-87.631
 11
443.168
 21
-87.5848
  0
LINE
  8
0
 10
443.168
 20
-87.5848
 11
443.377
 21
-87.5516
  0
LINE
  8
0
 10
443.377
 20
-87.5516
 11
443.588
 21
-87.5316
  0
LINE
  8
0
 10
443.588
 20
-87.5316
 11
443.8
 21
-87.525
  0
LINE
  8
0
 10
443.8
 20
-87.525
 11
444.012
 21
-87.5316
  0
LINE
  8
0
 10
444.012
 20
-87.5316
 11
444.223
 21
-87.5516
  0
LINE
  8
0
 10
444.223
 20
-87.5516
 11
444.432
 21
-87.5848
  0
LINE
  8
0
 10
444.432
 20
-87.5848
 11
444.639
 21
-87.631
  0
LINE
  8
0
 10
444.639
 20
-87.631
 11
444.843
 21
-87.6902
  0
LINE
  8
0
 10
444.843
 20
-87.6902
 11
445.042
 21
-87.762
  0
LINE
  8
0
 10
445.042
 20
-87.762
 11
445.237
 21
-87.8462
  0
LINE
  8
0
 10
445.237
 20
-87.8462
 11
445.426
 21
-87.9424
  0
LINE
  8
0
 10
445.426
 20
-87.9424
 11
445.608
 21
-88.0504
  0
LINE
  8
0
 10
445.608
 20
-88.0504
 11
445.784
 21
-88.1695
  0
LINE
  8
0
 10
445.784
 20
-88.1695
 11
445.951
 21
-88.2995
  0
LINE
  8
0
 10
445.951
 20
-88.2995
 11
446.11
 21
-88.4397
  0
LINE
  8
0
 10
446.11
 20
-88.4397
 11
446.26
 21
-88.5896
  0
LINE
  8
0
 10
446.26
 20
-88.5896
 11
446.4
 21
-88.7487
  0
LINE
  8
0
 10
446.4
 20
-88.7487
 11
446.53
 21
-88.9162
  0
LINE
  8
0
 10
446.53
 20
-88.9162
 11
446.65
 21
-89.0916
  0
LINE
  8
0
 10
446.65
 20
-89.0916
 11
446.758
 21
-89.2741
  0
LINE
  8
0
 10
446.758
 20
-89.2741
 11
446.854
 21
-89.463
  0
LINE
  8
0
 10
446.854
 20
-89.463
 11
446.938
 21
-89.6576
  0
LINE
  8
0
 10
446.938
 20
-89.6576
 11
447.01
 21
-89.857
  0
LINE
  8
0
 10
447.01
 20
-89.857
 11
447.069
 21
-90.0607
  0
LINE
  8
0
 10
447.069
 20
-90.0607
 11
447.115
 21
-90.2676
  0
LINE
  8
0
 10
447.115
 20
-90.2676
 11
447.148
 21
-90.477
  0
LINE
  8
0
 10
447.148
 20
-90.477
 11
447.168
 21
-90.6881
  0
LINE
  8
0
 10
447.168
 20
-90.6881
 11
447.175
 21
-90.9
  0
LINE
  8
0
 10
447.175
 20
-90.9
 11
447.168
 21
-91.1119
  0
LINE
  8
0
 10
447.168
 20
-91.1119
 11
447.148
 21
-91.323
  0
LINE
  8
0
 10
447.148
 20
-91.323
 11
447.115
 21
-91.5324
  0
LINE
  8
0
 10
447.115
 20
-91.5324
 11
447.069
 21
-91.7393
  0
LINE
  8
0
 10
447.069
 20
-91.7393
 11
447.01
 21
-91.9429
  0
LINE
  8
0
 10
447.01
 20
-91.9429
 11
446.938
 21
-92.1424
  0
LINE
  8
0
 10
446.938
 20
-92.1424
 11
446.854
 21
-92.337
  0
LINE
  8
0
 10
446.854
 20
-92.337
 11
446.758
 21
-92.5259
  0
LINE
  8
0
 10
446.758
 20
-92.5259
 11
446.65
 21
-92.7084
  0
LINE
  8
0
 10
446.65
 20
-92.7084
 11
446.53
 21
-92.8838
  0
LINE
  8
0
 10
446.53
 20
-92.8838
 11
446.4
 21
-93.0513
  0
LINE
  8
0
 10
446.4
 20
-93.0513
 11
446.26
 21
-93.2103
  0
LINE
  8
0
 10
446.26
 20
-93.2103
 11
446.11
 21
-93.3602
  0
LINE
  8
0
 10
446.11
 20
-93.3602
 11
445.951
 21
-93.5005
  0
LINE
  8
0
 10
445.951
 20
-93.5005
 11
445.784
 21
-93.6304
  0
LINE
  8
0
 10
445.784
 20
-93.6304
 11
445.608
 21
-93.7496
  0
LINE
  8
0
 10
445.608
 20
-93.7496
 11
445.426
 21
-93.8575
  0
LINE
  8
0
 10
445.426
 20
-93.8575
 11
445.237
 21
-93.9538
  0
LINE
  8
0
 10
445.237
 20
-93.9538
 11
445.042
 21
-94.038
  0
LINE
  8
0
 10
445.042
 20
-94.038
 11
444.843
 21
-94.1098
  0
LINE
  8
0
 10
444.843
 20
-94.1098
 11
444.639
 21
-94.1689
  0
LINE
  8
0
 10
444.639
 20
-94.1689
 11
444.432
 21
-94.2152
  0
LINE
  8
0
 10
444.432
 20
-94.2152
 11
444.223
 21
-94.2484
  0
LINE
  8
0
 10
444.223
 20
-94.2484
 11
444.012
 21
-94.2683
  0
LINE
  8
0
 10
444.012
 20
-94.2683
 11
443.8
 21
-94.275
  0
LINE
  8
0
 10
443.8
 20
-94.275
 11
443.588
 21
-94.2683
  0
LINE
  8
0
 10
392.5
 20
-183.55
 11
365.7
 21
-183.55
  0
LINE
  8
0
 10
365.7
 20
-183.55
 11
365.7
 21
-156.65
  0
LINE
  8
0
 10
365.7
 20
-156.65
 11
392.5
 21
-156.65
  0
LINE
  8
0
 10
392.5
 20
-156.65
 11
392.5
 21
-105.65
  0
LINE
  8
0
 10
392.5
 20
-105.65
 11
138.5
 21
-105.65
  0
LINE
  8
0
 10
138.5
 20
-105.65
 11
138.5
 21
-156.65
  0
LINE
  8
0
 10
138.5
 20
-156.65
 11
165.3
 21
-156.65
  0
LINE
  8
0
 10
165.3
 20
-156.65
 11
165.3
 21
-183.55
  0
LINE
  8
0
 10
165.3
 20
-183.55
 11
138.5
 21
-183.55
  0
LINE
  8
0
 10
138.5
 20
-183.55
 11
138.5
 21
-234.55
  0
LINE
  8
0
 10
138.5
 20
-234.55
 11
392.5
 21
-234.55
  0
LINE
  8
0
 10
392.5
 20
-234.55
 11
392.5
 21
-183.55
  0
LINE
  8
0
 10
378.938
 20
-122.668
 11
378.727
 21
-122.648
  0
LINE
  8
0
 10
378.727
 20
-122.648
 11
378.518
 21
-122.615
  0
LINE
  8
0
 10
378.518
 20
-122.615
 11
378.311
 21
-122.569
  0
LINE
  8
0
 10
378.311
 20
-122.569
 11
378.107
 21
-122.51
  0
LINE
  8
0
 10
378.107
 20
-122.51
 11
377.908
 21
-122.438
  0
LINE
  8
0
 10
377.908
 20
-122.438
 11
377.713
 21
-122.354
  0
LINE
  8
0
 10
377.713
 20
-122.354
 11
377.524
 21
-122.258
  0
LINE
  8
0
 10
377.524
 20
-122.258
 11
377.342
 21
-122.15
  0
LINE
  8
0
 10
377.342
 20
-122.15
 11
377.166
 21
-122.03
  0
LINE
  8
0
 10
377.166
 20
-122.03
 11
376.999
 21
-121.9
  0
LINE
  8
0
 10
376.999
 20
-121.9
 11
376.84
 21
-121.76
  0
LINE
  8
0
 10
376.84
 20
-121.76
 11
376.69
 21
-121.61
  0
LINE
  8
0
 10
376.69
 20
-121.61
 11
376.55
 21
-121.451
  0
LINE
  8
0
 10
376.55
 20
-121.451
 11
376.42
 21
-121.284
  0
LINE
  8
0
 10
376.42
 20
-121.284
 11
376.3
 21
-121.108
  0
LINE
  8
0
 10
376.3
 20
-121.108
 11
376.192
 21
-120.926
  0
LINE
  8
0
 10
376.192
 20
-120.926
 11
376.096
 21
-120.737
  0
LINE
  8
0
 10
376.096
 20
-120.737
 11
376.012
 21
-120.542
  0
LINE
  8
0
 10
376.012
 20
-120.542
 11
375.94
 21
-120.343
  0
LINE
  8
0
 10
375.94
 20
-120.343
 11
375.881
 21
-120.139
  0
LINE
  8
0
 10
375.881
 20
-120.139
 11
375.835
 21
-119.932
  0
LINE
  8
0
 10
375.835
 20
-119.932
 11
375.802
 21
-119.723
  0
LINE
  8
0
 10
375.802
 20
-119.723
 11
375.782
 21
-119.512
  0
LINE
  8
0
 10
375.782
 20
-119.512
 11
375.775
 21
-119.3
  0
LINE
  8
0
 10
375.775
 20
-119.3
 11
375.782
 21
-119.088
  0
LINE
  8
0
 10
375.782
 20
-119.088
 11
375.802
 21
-118.877
  0
LINE
  8
0
 10
375.802
 20
-118.877
 11
375.835
 21
-118.668
  0
LINE
  8
0
 10
375.835
 20
-118.668
 11
375.881
 21
-118.461
  0
LINE
  8
0
 10
375.881
 20
-118.461
 11
375.94
 21
-118.257
  0
LINE
  8
0
 10
375.94
 20
-118.257
 11
376.012
 21
-118.058
  0
LINE
  8
0
 10
376.012
 20
-118.058
 11
376.096
 21
-117.863
  0
LINE
  8
0
 10
376.096
 20
-117.863
 11
376.192
 21
-117.674
  0
LINE
  8
0
 10
376.192
 20
-117.674
 11
376.3
 21
-117.492
  0
LINE
  8
0
 10
376.3
 20
-117.492
 11
376.42
 21
-117.316
  0
LINE
  8
0
 10
376.42
 20
-117.316
 11
376.55
 21
-117.149
  0
LINE
  8
0
 10
376.55
 20
-117.149
 11
376.69
 21
-116.99
  0
LINE
  8
0
 10
376.69
 20
-116.99
 11
376.84
 21
-116.84
  0
LINE
  8
0
 10
376.84
 20
-116.84
 11
376.999
 21
-116.7
  0
LINE
  8
0
 10
376.999
 20
-116.7
 11
377.166
 21
-116.57
  0
LINE
  8
0
 10
377.166
 20
-116.57
 11
377.342
 21
-116.45
  0
LINE
  8
0
 10
377.342
 20
-116.45
 11
377.524
 21
-116.342
  0
LINE
  8
0
 10
377.524
 20
-116.342
 11
377.713
 21
-116.246
  0
LINE
  8
0
 10
377.713
 20
-116.246
 11
377.908
 21
-116.162
  0
LINE
  8
0
 10
377.908
 20
-116.162
 11
378.107
 21
-116.09
  0
LINE
  8
0
 10
378.107
 20
-116.09
 11
378.311
 21
-116.031
  0
LINE
  8
0
 10
378.311
 20
-116.031
 11
378.518
 21
-115.985
  0
LINE
  8
0
 10
378.518
 20
-115.985
 11
378.727
 21
-115.952
  0
LINE
  8
0
 10
378.727
 20
-115.952
 11
378.938
 21
-115.932
  0
LINE
  8
0
 10
378.938
 20
-115.932
 11
379.15
 21
-115.925
  0
LINE
  8
0
 10
379.15
 20
-115.925
 11
379.362
 21
-115.932
  0
LINE
  8
0
 10
379.362
 20
-115.932
 11
379.573
 21
-115.952
  0
LINE
  8
0
 10
379.573
 20
-115.952
 11
379.782
 21
-115.985
  0
LINE
  8
0
 10
379.782
 20
-115.985
 11
379.989
 21
-116.031
  0
LINE
  8
0
 10
379.989
 20
-116.031
 11
380.193
 21
-116.09
  0
LINE
  8
0
 10
380.193
 20
-116.09
 11
380.392
 21
-116.162
  0
LINE
  8
0
 10
380.392
 20
-116.162
 11
380.587
 21
-116.246
  0
LINE
  8
0
 10
380.587
 20
-116.246
 11
380.776
 21
-116.342
  0
LINE
  8
0
 10
380.776
 20
-116.342
 11
380.958
 21
-116.45
  0
LINE
  8
0
 10
380.958
 20
-116.45
 11
381.134
 21
-116.57
  0
LINE
  8
0
 10
381.134
 20
-116.57
 11
381.301
 21
-116.7
  0
LINE
  8
0
 10
381.301
 20
-116.7
 11
381.46
 21
-116.84
  0
LINE
  8
0
 10
381.46
 20
-116.84
 11
381.61
 21
-116.99
  0
LINE
  8
0
 10
381.61
 20
-116.99
 11
381.75
 21
-117.149
  0
LINE
  8
0
 10
381.75
 20
-117.149
 11
381.88
 21
-117.316
  0
LINE
  8
0
 10
381.88
 20
-117.316
 11
382
 21
-117.492
  0
LINE
  8
0
 10
382
 20
-117.492
 11
382.108
 21
-117.674
  0
LINE
  8
0
 10
382.108
 20
-117.674
 11
382.204
 21
-117.863
  0
LINE
  8
0
 10
382.204
 20
-117.863
 11
382.288
 21
-118.058
  0
LINE
  8
0
 10
382.288
 20
-118.058
 11
382.36
 21
-118.257
  0
LINE
  8
0
 10
382.36
 20
-118.257
 11
382.419
 21
-118.461
  0
LINE
  8
0
 10
382.419
 20
-118.461
 11
382.465
 21
-118.668
  0
LINE
  8
0
 10
382.465
 20
-118.668
 11
382.498
 21
-118.877
  0
LINE
  8
0
 10
382.498
 20
-118.877
 11
382.518
 21
-119.088
  0
LINE
  8
0
 10
382.518
 20
-119.088
 11
382.525
 21
-119.3
  0
LINE
  8
0
 10
382.525
 20
-119.3
 11
382.518
 21
-119.512
  0
LINE
  8
0
 10
382.518
 20
-119.512
 11
382.498
 21
-119.723
  0
LINE
  8
0
 10
382.498
 20
-119.723
 11
382.465
 21
-119.932
  0
LINE
  8
0
 10
382.465
 20
-119.932
 11
382.419
 21
-120.139
  0
LINE
  8
0
 10
382.419
 20
-120.139
 11
382.36
 21
-120.343
  0
LINE
  8
0
 10
382.36
 20
-120.343
 11
382.288
 21
-120.542
  0
LINE
  8
0
 10
382.288
 20
-120.542
 11
382.204
 21
-120.737
  0
LINE
  8
0
 10
382.204
 20
-120.737
 11
382.108
 21
-120.926
  0
LINE
  8
0
 10
382.108
 20
-120.926
 11
382
 21
-121.108
  0
LINE
  8
0
 10
382
 20
-121.108
 11
381.88
 21
-121.284
  0
LINE
  8
0
 10
381.88
 20
-121.284
 11
381.75
 21
-121.451
  0
LINE
  8
0
 10
381.75
 20
-121.451
 11
381.61
 21
-121.61
  0
LINE
  8
0
 10
381.61
 20
-121.61
 11
381.46
 21
-121.76
  0
LINE
  8
0
 10
381.46
 20
-121.76
 11
381.301
 21
-121.9
  0
LINE
  8
0
 10
381.301
 20
-121.9
 11
381.134
 21
-122.03
  0
LINE
  8
0
 10
381.134
 20
-122.03
 11
380.958
 21
-122.15
  0
LINE
  8
0
 10
380.958
 20
-122.15
 11
380.776
 21
-122.258
  0
LINE
  8
0
 10
380.776
 20
-122.258
 11
380.587
 21
-122.354
  0
LINE
  8
0
 10
380.587
 20
-122.354
 11
380.392
 21
-122.438
  0
LINE
  8
0
 10
380.392
 20
-122.438
 11
380.193
 21
-122.51
  0
LINE
  8
0
 10
380.193
 20
-122.51
 11
379.989
 21
-122.569
  0
LINE
  8
0
 10
379.989
 20
-122.569
 11
379.782
 21
-122.615
  0
LINE
  8
0
 10
379.782
 20
-122.615
 11
379.573
 21
-122.648
  0
LINE
  8
0
 10
379.573
 20
-122.648
 11
379.362
 21
-122.668
  0
LINE
  8
0
 10
379.362
 20
-122.668
 11
379.15
 21
-122.675
  0
LINE
  8
0
 10
379.15
 20
-122.675
 11
378.938
 21
-122.668
  0
LINE
  8
0
 10
151.638
 20
-122.668
 11
151.427
 21
-122.648
  0
LINE
  8
0
 10
151.427
 20
-122.648
 11
151.218
 21
-122.615
  0
LINE
  8
0
 10
151.218
 20
-122.615
 11
151.011
 21
-122.569
  0
LINE
  8
0
 10
151.011
 20
-122.569
 11
150.807
 21
-122.51
  0
LINE
  8
0
 10
150.807
 20
-122.51
 11
150.608
 21
-122.438
  0
LINE
  8
0
 10
150.608
 20
-122.438
 11
150.413
 21
-122.354
  0
LINE
  8
0
 10
150.413
 20
-122.354
 11
150.224
 21
-122.258
  0
LINE
  8
0
 10
150.224
 20
-122.258
 11
150.042
 21
-122.15
  0
LINE
  8
0
 10
150.042
 20
-122.15
 11
149.866
 21
-122.03
  0
LINE
  8
0
 10
149.866
 20
-122.03
 11
149.699
 21
-121.9
  0
LINE
  8
0
 10
149.699
 20
-121.9
 11
149.54
 21
-121.76
  0
LINE
  8
0
 10
149.54
 20
-121.76
 11
149.39
 21
-121.61
  0
LINE
  8
0
 10
149.39
 20
-121.61
 11
149.25
 21
-121.451
  0
LINE
  8
0
 10
149.25
 20
-121.451
 11
149.12
 21
-121.284
  0
LINE
  8
0
 10
149.12
 20
-121.284
 11
149
 21
-121.108
  0
LINE
  8
0
 10
149
 20
-121.108
 11
148.892
 21
-120.926
  0
LINE
  8
0
 10
148.892
 20
-120.926
 11
148.796
 21
-120.737
  0
LINE
  8
0
 10
148.796
 20
-120.737
 11
148.712
 21
-120.542
  0
LINE
  8
0
 10
148.712
 20
-120.542
 11
148.64
 21
-120.343
  0
LINE
  8
0
 10
148.64
 20
-120.343
 11
148.581
 21
-120.139
  0
LINE
  8
0
 10
148.581
 20
-120.139
 11
148.535
 21
-119.932
  0
LINE
  8
0
 10
148.535
 20
-119.932
 11
148.502
 21
-119.723
  0
LINE
  8
0
 10
148.502
 20
-119.723
 11
148.482
 21
-119.512
  0
LINE
  8
0
 10
148.482
 20
-119.512
 11
148.475
 21
-119.3
  0
LINE
  8
0
 10
148.475
 20
-119.3
 11
148.482
 21
-119.088
  0
LINE
  8
0
 10
148.482
 20
-119.088
 11
148.502
 21
-118.877
  0
LINE
  8
0
 10
148.502
 20
-118.877
 11
148.535
 21
-118.668
  0
LINE
  8
0
 10
148.535
 20
-118.668
 11
148.581
 21
-118.461
  0
LINE
  8
0
 10
148.581
 20
-118.461
 11
148.64
 21
-118.257
  0
LINE
  8
0
 10
148.64
 20
-118.257
 11
148.712
 21
-118.058
  0
LINE
  8
0
 10
148.712
 20
-118.058
 11
148.796
 21
-117.863
  0
LINE
  8
0
 10
148.796
 20
-117.863
 11
148.892
 21
-117.674
  0
LINE
  8
0
 10
148.892
 20
-117.674
 11
149
 21
-117.492
  0
LINE
  8
0
 10
149
 20
-117.492
 11
149.12
 21
-117.316
  0
LINE
  8
0
 10
149.12
 20
-117.316
 11
149.25
 21
-117.149
  0
LINE
  8
0
 10
149.25
 20
-117.149
 11
149.39
 21
-116.99
  0
LINE
  8
0
 10
149.39
 20
-116.99
 11
149.54
 21
-116.84
  0
LINE
  8
0
 10
149.54
 20
-116.84
 11
149.699
 21
-116.7
  0
LINE
  8
0
 10
149.699
 20
-116.7
 11
149.866
 21
-116.57
  0
LINE
  8
0
 10
149.866
 20
-116.57
 11
150.042
 21
-116.45
  0
LINE
  8
0
 10
150.042
 20
-116.45
 11
150.224
 21
-116.342
  0
LINE
  8
0
 10
150.224
 20
-116.342
 11
150.413
 21
-116.246
  0
LINE
  8
0
 10
150.413
 20
-116.246
 11
150.608
 21
-116.162
  0
LINE
  8
0
 10
150.608
 20
-116.162
 11
150.807
 21
-116.09
  0
LINE
  8
0
 10
150.807
 20
-116.09
 11
151.011
 21
-116.031
  0
LINE
  8
0
 10
151.011
 20
-116.031
 11
151.218
 21
-115.985
  0
LINE
  8
0
 10
151.218
 20
-115.985
 11
151.427
 21
-115.952
  0
LINE
  8
0
 10
151.427
 20
-115.952
 11
151.638
 21
-115.932
  0
LINE
  8
0
 10
151.638
 20
-115.932
 11
151.85
 21
-115.925
  0
LINE
  8
0
 10
151.85
 20
-115.925
 11
152.062
 21
-115.932
  0
LINE
  8
0
 10
152.062
 20
-115.932
 11
152.273
 21
-115.952
  0
LINE
  8
0
 10
152.273
 20
-115.952
 11
152.482
 21
-115.985
  0
LINE
  8
0
 10
152.482
 20
-115.985
 11
152.689
 21
-116.031
  0
LINE
  8
0
 10
152.689
 20
-116.031
 11
152.893
 21
-116.09
  0
LINE
  8
0
 10
152.893
 20
-116.09
 11
153.092
 21
-116.162
  0
LINE
  8
0
 10
153.092
 20
-116.162
 11
153.287
 21
-116.246
  0
LINE
  8
0
 10
153.287
 20
-116.246
 11
153.476
 21
-116.342
  0
LINE
  8
0
 10
153.476
 20
-116.342
 11
153.658
 21
-116.45
  0
LINE
  8
0
 10
153.658
 20
-116.45
 11
153.834
 21
-116.57
  0
LINE
  8
0
 10
153.834
 20
-116.57
 11
154.001
 21
-116.7
  0
LINE
  8
0
 10
154.001
 20
-116.7
 11
154.16
 21
-116.84
  0
LINE
  8
0
 10
154.16
 20
-116.84
 11
154.31
 21
-116.99
  0
LINE
  8
0
 10
154.31
 20
-116.99
 11
154.45
 21
-117.149
  0
LINE
  8
0
 10
154.45
 20
-117.149
 11
154.58
 21
-117.316
  0
LINE
  8
0
 10
154.58
 20
-117.316
 11
154.7
 21
-117.492
  0
LINE
  8
0
 10
154.7
 20
-117.492
 11
154.808
 21
-117.674
  0
LINE
  8
0
 10
154.808
 20
-117.674
 11
154.904
 21
-117.863
  0
LINE
  8
0
 10
154.904
 20
-117.863
 11
154.988
 21
-118.058
  0
LINE
  8
0
 10
154.988
 20
-118.058
 11
155.06
 21
-118.257
  0
LINE
  8
0
 10
155.06
 20
-118.257
 11
155.119
 21
-118.461
  0
LINE
  8
0
 10
155.119
 20
-118.461
 11
155.165
 21
-118.668
  0
LINE
  8
0
 10
155.165
 20
-118.668
 11
155.198
 21
-118.877
  0
LINE
  8
0
 10
155.198
 20
-118.877
 11
155.218
 21
-119.088
  0
LINE
  8
0
 10
155.218
 20
-119.088
 11
155.225
 21
-119.3
  0
LINE
  8
0
 10
155.225
 20
-119.3
 11
155.218
 21
-119.512
  0
LINE
  8
0
 10
155.218
 20
-119.512
 11
155.198
 21
-119.723
  0
LINE
  8
0
 10
155.198
 20
-119.723
 11
155.165
 21
-119.932
  0
LINE
  8
0
 10
155.165
 20
-119.932
 11
155.119
 21
-120.139
  0
LINE
  8
0
 10
155.119
 20
-120.139
 11
155.06
 21
-120.343
  0
LINE
  8
0
 10
155.06
 20
-120.343
 11
154.988
 21
-120.542
  0
LINE
  8
0
 10
154.988
 20
-120.542
 11
154.904
 21
-120.737
  0
LINE
  8
0
 10
154.904
 20
-120.737
 11
154.808
 21
-120.926
  0
LINE
  8
0
 10
154.808
 20
-120.926
 11
154.7
 21
-121.108
  0
LINE
  8
0
 10
154.7
 20
-121.108
 11
154.58
 21
-121.284
  0
LINE
  8
0
 10
154.58
 20
-121.284
 11
154.45
 21
-121.451
  0
LINE
  8
0
 10
154.45
 20
-121.451
 11
154.31
 21
-121.61
  0
LINE
  8
0
 10
154.31
 20
-121.61
 11
154.16
 21
-121.76
  0
LINE
  8
0
 10
154.16
 20
-121.76
 11
154.001
 21
-121.9
  0
LINE
  8
0
 10
154.001
 20
-121.9
 11
153.834
 21
-122.03
  0
LINE
  8
0
 10
153.834
 20
-122.03
 11
153.658
 21
-122.15
  0
LINE
  8
0
 10
153.658
 20
-122.15
 11
153.476
 21
-122.258
  0
LINE
  8
0
 10
153.476
 20
-122.258
 11
153.287
 21
-122.354
  0
LINE
  8
0
 10
153.287
 20
-122.354
 11
153.092
 21
-122.438
  0
LINE
  8
0
 10
153.092
 20
-122.438
 11
152.893
 21
-122.51
  0
LINE
  8
0
 10
152.893
 20
-122.51
 11
152.689
 21
-122.569
  0
LINE
  8
0
 10
152.689
 20
-122.569
 11
152.482
 21
-122.615
  0
LINE
  8
0
 10
152.482
 20
-122.615
 11
152.273
 21
-122.648
  0
LINE
  8
0
 10
152.273
 20
-122.648
 11
152.062
 21
-122.668
  0
LINE
  8
0
 10
152.062
 20
-122.668
 11
151.85
 21
-122.675
  0
LINE
  8
0
 10
151.85
 20
-122.675
 11
151.638
 21
-122.668
  0
LINE
  8
0
 10
151.638
 20
-148.068
 11
151.427
 21
-148.048
  0
LINE
  8
0
 10
151.427
 20
-148.048
 11
151.218
 21
-148.015
  0
LINE
  8
0
 10
151.218
 20
-148.015
 11
151.011
 21
-147.969
  0
LINE
  8
0
 10
151.011
 20
-147.969
 11
150.807
 21
-147.91
  0
LINE
  8
0
 10
150.807
 20
-147.91
 11
150.608
 21
-147.838
  0
LINE
  8
0
 10
150.608
 20
-147.838
 11
150.413
 21
-147.754
  0
LINE
  8
0
 10
150.413
 20
-147.754
 11
150.224
 21
-147.658
  0
LINE
  8
0
 10
150.224
 20
-147.658
 11
150.042
 21
-147.55
  0
LINE
  8
0
 10
150.042
 20
-147.55
 11
149.866
 21
-147.43
  0
LINE
  8
0
 10
149.866
 20
-147.43
 11
149.699
 21
-147.3
  0
LINE
  8
0
 10
149.699
 20
-147.3
 11
149.54
 21
-147.16
  0
LINE
  8
0
 10
149.54
 20
-147.16
 11
149.39
 21
-147.01
  0
LINE
  8
0
 10
149.39
 20
-147.01
 11
149.25
 21
-146.851
  0
LINE
  8
0
 10
149.25
 20
-146.851
 11
149.12
 21
-146.684
  0
LINE
  8
0
 10
149.12
 20
-146.684
 11
149
 21
-146.508
  0
LINE
  8
0
 10
149
 20
-146.508
 11
148.892
 21
-146.326
  0
LINE
  8
0
 10
148.892
 20
-146.326
 11
148.796
 21
-146.137
  0
LINE
  8
0
 10
148.796
 20
-146.137
 11
148.712
 21
-145.942
  0
LINE
  8
0
 10
148.712
 20
-145.942
 11
148.64
 21
-145.743
  0
LINE
  8
0
 10
148.64
 20
-145.743
 11
148.581
 21
-145.539
  0
LINE
  8
0
 10
148.581
 20
-145.539
 11
148.535
 21
-145.332
  0
LINE
  8
0
 10
148.535
 20
-145.332
 11
148.502
 21
-145.123
  0
LINE
  8
0
 10
148.502
 20
-145.123
 11
148.482
 21
-144.912
  0
LINE
  8
0
 10
148.482
 20
-144.912
 11
148.475
 21
-144.7
  0
LINE
  8
0
 10
148.475
 20
-144.7
 11
148.482
 21
-144.488
  0
LINE
  8
0
 10
148.482
 20
-144.488
 11
148.502
 21
-144.277
  0
LINE
  8
0
 10
148.502
 20
-144.277
 11
148.535
 21
-144.068
  0
LINE
  8
0
 10
148.535
 20
-144.068
 11
148.581
 21
-143.861
  0
LINE
  8
0
 10
148.581
 20
-143.861
 11
148.64
 21
-143.657
  0
LINE
  8
0
 10
148.64
 20
-143.657
 11
148.712
 21
-143.458
  0
LINE
  8
0
 10
148.712
 20
-143.458
 11
148.796
 21
-143.263
  0
LINE
  8
0
 10
148.796
 20
-143.263
 11
148.892
 21
-143.074
  0
LINE
  8
0
 10
148.892
 20
-143.074
 11
149
 21
-142.892
  0
LINE
  8
0
 10
149
 20
-142.892
 11
149.12
 21
-142.716
  0
LINE
  8
0
 10
149.12
 20
-142.716
 11
149.25
 21
-142.549
  0
LINE
  8
0
 10
149.25
 20
-142.549
 11
149.39
 21
-142.39
  0
LINE
  8
0
 10
149.39
 20
-142.39
 11
149.54
 21
-142.24
  0
LINE
  8
0
 10
149.54
 20
-142.24
 11
149.699
 21
-142.1
  0
LINE
  8
0
 10
149.699
 20
-142.1
 11
149.866
 21
-141.97
  0
LINE
  8
0
 10
149.866
 20
-141.97
 11
150.042
 21
-141.85
  0
LINE
  8
0
 10
150.042
 20
-141.85
 11
150.224
 21
-141.742
  0
LINE
  8
0
 10
150.224
 20
-141.742
 11
150.413
 21
-141.646
  0
LINE
  8
0
 10
150.413
 20
-141.646
 11
150.608
 21
-141.562
  0
LINE
  8
0
 10
150.608
 20
-141.562
 11
150.807
 21
-141.49
  0
LINE
  8
0
 10
150.807
 20
-141.49
 11
151.011
 21
-141.431
  0
LINE
  8
0
 10
151.011
 20
-141.431
 11
151.218
 21
-141.385
  0
LINE
  8
0
 10
151.218
 20
-141.385
 11
151.427
 21
-141.352
  0
LINE
  8
0
 10
151.427
 20
-141.352
 11
151.638
 21
-141.332
  0
LINE
  8
0
 10
151.638
 20
-141.332
 11
151.85
 21
-141.325
  0
LINE
  8
0
 10
151.85
 20
-141.325
 11
152.062
 21
-141.332
  0
LINE
  8
0
 10
152.062
 20
-141.332
 11
152.273
 21
-141.352
  0
LINE
  8
0
 10
152.273
 20
-141.352
 11
152.482
 21
-141.385
  0
LINE
  8
0
 10
152.482
 20
-141.385
 11
152.689
 21
-141.431
  0
LINE
  8
0
 10
152.689
 20
-141.431
 11
152.893
 21
-141.49
  0
LINE
  8
0
 10
152.893
 20
-141.49
 11
153.092
 21
-141.562
  0
LINE
  8
0
 10
153.092
 20
-141.562
 11
153.287
 21
-141.646
  0
LINE
  8
0
 10
153.287
 20
-141.646
 11
153.476
 21
-141.742
  0
LINE
  8
0
 10
153.476
 20
-141.742
 11
153.658
 21
-141.85
  0
LINE
  8
0
 10
153.658
 20
-141.85
 11
153.834
 21
-141.97
  0
LINE
  8
0
 10
153.834
 20
-141.97
 11
154.001
 21
-142.1
  0
LINE
  8
0
 10
154.001
 20
-142.1
 11
154.16
 21
-142.24
  0
LINE
  8
0
 10
154.16
 20
-142.24
 11
154.31
 21
-142.39
  0
LINE
  8
0
 10
154.31
 20
-142.39
 11
154.45
 21
-142.549
  0
LINE
  8
0
 10
154.45
 20
-142.549
 11
154.58
 21
-142.716
  0
LINE
  8
0
 10
154.58
 20
-142.716
 11
154.7
 21
-142.892
  0
LINE
  8
0
 10
154.7
 20
-142.892
 11
154.808
 21
-143.074
  0
LINE
  8
0
 10
154.808
 20
-143.074
 11
154.904
 21
-143.263
  0
LINE
  8
0
 10
154.904
 20
-143.263
 11
154.988
 21
-143.458
  0
LINE
  8
0
 10
154.988
 20
-143.458
 11
155.06
 21
-143.657
  0
LINE
  8
0
 10
155.06
 20
-143.657
 11
155.119
 21
-143.861
  0
LINE
  8
0
 10
155.119
 20
-143.861
 11
155.165
 21
-144.068
  0
LINE
  8
0
 10
155.165
 20
-144.068
 11
155.198
 21
-144.277
  0
LINE
  8
0
 10
155.198
 20
-144.277
 11
155.218
 21
-144.488
  0
LINE
  8
0
 10
155.218
 20
-144.488
 11
155.225
 21
-144.7
  0
LINE
  8
0
 10
155.225
 20
-144.7
 11
155.218
 21
-144.912
  0
LINE
  8
0
 10
155.218
 20
-144.912
 11
155.198
 21
-145.123
  0
LINE
  8
0
 10
155.198
 20
-145.123
 11
155.165
 21
-145.332
  0
LINE
  8
0
 10
155.165
 20
-145.332
 11
155.119
 21
-145.539
  0
LINE
  8
0
 10
155.119
 20
-145.539
 11
155.06
 21
-145.743
  0
LINE
  8
0
 10
155.06
 20
-145.743
 11
154.988
 21
-145.942
  0
LINE
  8
0
 10
154.988
 20
-145.942
 11
154.904
 21
-146.137
  0
LINE
  8
0
 10
154.904
 20
-146.137
 11
154.808
 21
-146.326
  0
LINE
  8
0
 10
154.808
 20
-146.326
 11
154.7
 21
-146.508
  0
LINE
  8
0
 10
154.7
 20
-146.508
 11
154.58
 21
-146.684
  0
LINE
  8
0
 10
154.58
 20
-146.684
 11
154.45
 21
-146.851
  0
LINE
  8
0
 10
154.45
 20
-146.851
 11
154.31
 21
-147.01
  0
LINE
  8
0
 10
154.31
 20
-147.01
 11
154.16
 21
-147.16
  0
LINE
  8
0
 10
154.16
 20
-147.16
 11
154.001
 21
-147.3
  0
LINE
  8
0
 10
154.001
 20
-147.3
 11
153.834
 21
-147.43
  0
LINE
  8
0
 10
153.834
 20
-147.43
 11
153.658
 21
-147.55
  0
LINE
  8
0
 10
153.658
 20
-147.55
 11
153.476
 21
-147.658
  0
LINE
  8
0
 10
153.476
 20
-147.658
 11
153.287
 21
-147.754
  0
LINE
  8
0
 10
153.287
 20
-147.754
 11
153.092
 21
-147.838
  0
LINE
  8
0
 10
153.092
 20
-147.838
 11
152.893
 21
-147.91
  0
LINE
  8
0
 10
152.893
 20
-147.91
 11
152.689
 21
-147.969
  0
LINE
  8
0
 10
152.689
 20
-147.969
 11
152.482
 21
-148.015
  0
LINE
  8
0
 10
152.482
 20
-148.015
 11
152.273
 21
-148.048
  0
LINE
  8
0
 10
152.273
 20
-148.048
 11
152.062
 21
-148.068
  0
LINE
  8
0
 10
152.062
 20
-148.068
 11
151.85
 21
-148.075
  0
LINE
  8
0
 10
151.85
 20
-148.075
 11
151.638
 21
-148.068
  0
LINE
  8
0
 10
378.938
 20
-148.068
 11
378.727
 21
-148.048
  0
LINE
  8
0
 10
378.727
 20
-148.048
 11
378.518
 21
-148.015
  0
LINE
  8
0
 10
378.518
 20
-148.015
 11
378.311
 21
-147.969
  0
LINE
  8
0
 10
378.311
 20
-147.969
 11
378.107
 21
-147.91
  0
LINE
  8
0
 10
378.107
 20
-147.91
 11
377.908
 21
-147.838
  0
LINE
  8
0
 10
377.908
 20
-147.838
 11
377.713
 21
-147.754
  0
LINE
  8
0
 10
377.713
 20
-147.754
 11
377.524
 21
-147.658
  0
LINE
  8
0
 10
377.524
 20
-147.658
 11
377.342
 21
-147.55
  0
LINE
  8
0
 10
377.342
 20
-147.55
 11
377.166
 21
-147.43
  0
LINE
  8
0
 10
377.166
 20
-147.43
 11
376.999
 21
-147.3
  0
LINE
  8
0
 10
376.999
 20
-147.3
 11
376.84
 21
-147.16
  0
LINE
  8
0
 10
376.84
 20
-147.16
 11
376.69
 21
-147.01
  0
LINE
  8
0
 10
376.69
 20
-147.01
 11
376.55
 21
-146.851
  0
LINE
  8
0
 10
376.55
 20
-146.851
 11
376.42
 21
-146.684
  0
LINE
  8
0
 10
376.42
 20
-146.684
 11
376.3
 21
-146.508
  0
LINE
  8
0
 10
376.3
 20
-146.508
 11
376.192
 21
-146.326
  0
LINE
  8
0
 10
376.192
 20
-146.326
 11
376.096
 21
-146.137
  0
LINE
  8
0
 10
376.096
 20
-146.137
 11
376.012
 21
-145.942
  0
LINE
  8
0
 10
376.012
 20
-145.942
 11
375.94
 21
-145.743
  0
LINE
  8
0
 10
375.94
 20
-145.743
 11
375.881
 21
-145.539
  0
LINE
  8
0
 10
375.881
 20
-145.539
 11
375.835
 21
-145.332
  0
LINE
  8
0
 10
375.835
 20
-145.332
 11
375.802
 21
-145.123
  0
LINE
  8
0
 10
375.802
 20
-145.123
 11
375.782
 21
-144.912
  0
LINE
  8
0
 10
375.782
 20
-144.912
 11
375.775
 21
-144.7
  0
LINE
  8
0
 10
375.775
 20
-144.7
 11
375.782
 21
-144.488
  0
LINE
  8
0
 10
375.782
 20
-144.488
 11
375.802
 21
-144.277
  0
LINE
  8
0
 10
375.802
 20
-144.277
 11
375.835
 21
-144.068
  0
LINE
  8
0
 10
375.835
 20
-144.068
 11
375.881
 21
-143.861
  0
LINE
  8
0
 10
375.881
 20
-143.861
 11
375.94
 21
-143.657
  0
LINE
  8
0
 10
375.94
 20
-143.657
 11
376.012
 21
-143.458
  0
LINE
  8
0
 10
376.012
 20
-143.458
 11
376.096
 21
-143.263
  0
LINE
  8
0
 10
376.096
 20
-143.263
 11
376.192
 21
-143.074
  0
LINE
  8
0
 10
376.192
 20
-143.074
 11
376.3
 21
-142.892
  0
LINE
  8
0
 10
376.3
 20
-142.892
 11
376.42
 21
-142.716
  0
LINE
  8
0
 10
376.42
 20
-142.716
 11
376.55
 21
-142.549
  0
LINE
  8
0
 10
376.55
 20
-142.549
 11
376.69
 21
-142.39
  0
LINE
  8
0
 10
376.69
 20
-142.39
 11
376.84
 21
-142.24
  0
LINE
  8
0
 10
376.84
 20
-142.24
 11
376.999
 21
-142.1
  0
LINE
  8
0
 10
376.999
 20
-142.1
 11
377.166
 21
-141.97
  0
LINE
  8
0
 10
377.166
 20
-141.97
 11
377.342
 21
-141.85
  0
LINE
  8
0
 10
377.342
 20
-141.85
 11
377.524
 21
-141.742
  0
LINE
  8
0
 10
377.524
 20
-141.742
 11
377.713
 21
-141.646
  0
LINE
  8
0
 10
377.713
 20
-141.646
 11
377.908
 21
-141.562
  0
LINE
  8
0
 10
377.908
 20
-141.562
 11
378.107
 21
-141.49
  0
LINE
  8
0
 10
378.107
 20
-141.49
 11
378.311
 21
-141.431
  0
LINE
  8
0
 10
378.311
 20
-141.431
 11
378.518
 21
-141.385
  0
LINE
  8
0
 10
378.518
 20
-141.385
 11
378.727
 21
-141.352
  0
LINE
  8
0
 10
378.727
 20
-141.352
 11
378.938
 21
-141.332
  0
LINE
  8
0
 10
378.938
 20
-141.332
 11
379.15
 21
-141.325
  0
LINE
  8
0
 10
379.15
 20
-141.325
 11
379.362
 21
-141.332
  0
LINE
  8
0
 10
379.362
 20
-141.332
 11
379.573
 21
-141.352
  0
LINE
  8
0
 10
379.573
 20
-141.352
 11
379.782
 21
-141.385
  0
LINE
  8
0
 10
379.782
 20
-141.385
 11
379.989
 21
-141.431
  0
LINE
  8
0
 10
379.989
 20
-141.431
 11
380.193
 21
-141.49
  0
LINE
  8
0
 10
380.193
 20
-141.49
 11
380.392
 21
-141.562
  0
LINE
  8
0
 10
380.392
 20
-141.562
 11
380.587
 21
-141.646
  0
LINE
  8
0
 10
380.587
 20
-141.646
 11
380.776
 21
-141.742
  0
LINE
  8
0
 10
380.776
 20
-141.742
 11
380.958
 21
-141.85
  0
LINE
  8
0
 10
380.958
 20
-141.85
 11
381.134
 21
-141.97
  0
LINE
  8
0
 10
381.134
 20
-141.97
 11
381.301
 21
-142.1
  0
LINE
  8
0
 10
381.301
 20
-142.1
 11
381.46
 21
-142.24
  0
LINE
  8
0
 10
381.46
 20
-142.24
 11
381.61
 21
-142.39
  0
LINE
  8
0
 10
381.61
 20
-142.39
 11
381.75
 21
-142.549
  0
LINE
  8
0
 10
381.75
 20
-142.549
 11
381.88
 21
-142.716
  0
LINE
  8
0
 10
381.88
 20
-142.716
 11
382
 21
-142.892
  0
LINE
  8
0
 10
382
 20
-142.892
 11
382.108
 21
-143.074
  0
LINE
  8
0
 10
382.108
 20
-143.074
 11
382.204
 21
-143.263
  0
LINE
  8
0
 10
382.204
 20
-143.263
 11
382.288
 21
-143.458
  0
LINE
  8
0
 10
382.288
 20
-143.458
 11
382.36
 21
-143.657
  0
LINE
  8
0
 10
382.36
 20
-143.657
 11
382.419
 21
-143.861
  0
LINE
  8
0
 10
382.419
 20
-143.861
 11
382.465
 21
-144.068
  0
LINE
  8
0
 10
382.465
 20
-144.068
 11
382.498
 21
-144.277
  0
LINE
  8
0
 10
382.498
 20
-144.277
 11
382.518
 21
-144.488
  0
LINE
  8
0
 10
382.518
 20
-144.488
 11
382.525
 21
-144.7
  0
LINE
  8
0
 10
382.525
 20
-144.7
 11
382.518
 21
-144.912
  0
LINE
  8
0
 10
382.518
 20
-144.912
 11
382.498
 21
-145.123
  0
LINE
  8
0
 10
382.498
 20
-145.123
 11
382.465
 21
-145.332
  0
LINE
  8
0
 10
382.465
 20
-145.332
 11
382.419
 21
-145.539
  0
LINE
  8
0
 10
382.419
 20
-145.539
 11
382.36
 21
-145.743
  0
LINE
  8
0
 10
382.36
 20
-145.743
 11
382.288
 21
-145.942
  0
LINE
  8
0
 10
382.288
 20
-145.942
 11
382.204
 21
-146.137
  0
LINE
  8
0
 10
382.204
 20
-146.137
 11
382.108
 21
-146.326
  0
LINE
  8
0
 10
382.108
 20
-146.326
 11
382
 21
-146.508
  0
LINE
  8
0
 10
382
 20
-146.508
 11
381.88
 21
-146.684
  0
LINE
  8
0
 10
381.88
 20
-146.684
 11
381.75
 21
-146.851
  0
LINE
  8
0
 10
381.75
 20
-146.851
 11
381.61
 21
-147.01
  0
LINE
  8
0
 10
381.61
 20
-147.01
 11
381.46
 21
-147.16
  0
LINE
  8
0
 10
381.46
 20
-147.16
 11
381.301
 21
-147.3
  0
LINE
  8
0
 10
381.301
 20
-147.3
 11
381.134
 21
-147.43
  0
LINE
  8
0
 10
381.134
 20
-147.43
 11
380.958
 21
-147.55
  0
LINE
  8
0
 10
380.958
 20
-147.55
 11
380.776
 21
-147.658
  0
LINE
  8
0
 10
380.776
 20
-147.658
 11
380.587
 21
-147.754
  0
LINE
  8
0
 10
380.587
 20
-147.754
 11
380.392
 21
-147.838
  0
LINE
  8
0
 10
380.392
 20
-147.838
 11
380.193
 21
-147.91
  0
LINE
  8
0
 10
380.193
 20
-147.91
 11
379.989
 21
-147.969
  0
LINE
  8
0
 10
379.989
 20
-147.969
 11
379.782
 21
-148.015
  0
LINE
  8
0
 10
379.782
 20
-148.015
 11
379.573
 21
-148.048
  0
LINE
  8
0
 10
379.573
 20
-148.048
 11
379.362
 21
-148.068
  0
LINE
  8
0
 10
379.362
 20
-148.068
 11
379.15
 21
-148.075
  0
LINE
  8
0
 10
379.15
 20
-148.075
 11
378.938
 21
-148.068
  0
LINE
  8
0
 10
261.5
 20
-190.1
 11
261.5
 21
-150.1
  0
LINE
  8
0
 10
261.5
 20
-150.1
 11
269.5
 21
-150.1
  0
LINE
  8
0
 10
269.5
 20
-150.1
 11
269.5
 21
-190.1
  0
LINE
  8
0
 10
269.5
 20
-190.1
 11
261.5
 21
-190.1
  0
LINE
  8
0
 10
378.938
 20
-198.868
 11
378.727
 21
-198.848
  0
LINE
  8
0
 10
378.727
 20
-198.848
 11
378.518
 21
-198.815
  0
LINE
  8
0
 10
378.518
 20
-198.815
 11
378.311
 21
-198.769
  0
LINE
  8
0
 10
378.311
 20
-198.769
 11
378.107
 21
-198.71
  0
LINE
  8
0
 10
378.107
 20
-198.71
 11
377.908
 21
-198.638
  0
LINE
  8
0
 10
377.908
 20
-198.638
 11
377.713
 21
-198.554
  0
LINE
  8
0
 10
377.713
 20
-198.554
 11
377.524
 21
-198.458
  0
LINE
  8
0
 10
377.524
 20
-198.458
 11
377.342
 21
-198.35
  0
LINE
  8
0
 10
377.342
 20
-198.35
 11
377.166
 21
-198.23
  0
LINE
  8
0
 10
377.166
 20
-198.23
 11
376.999
 21
-198.1
  0
LINE
  8
0
 10
376.999
 20
-198.1
 11
376.84
 21
-197.96
  0
LINE
  8
0
 10
376.84
 20
-197.96
 11
376.69
 21
-197.81
  0
LINE
  8
0
 10
376.69
 20
-197.81
 11
376.55
 21
-197.651
  0
LINE
  8
0
 10
376.55
 20
-197.651
 11
376.42
 21
-197.484
  0
LINE
  8
0
 10
376.42
 20
-197.484
 11
376.3
 21
-197.308
  0
LINE
  8
0
 10
376.3
 20
-197.308
 11
376.192
 21
-197.126
  0
LINE
  8
0
 10
376.192
 20
-197.126
 11
376.096
 21
-196.937
  0
LINE
  8
0
 10
376.096
 20
-196.937
 11
376.012
 21
-196.742
  0
LINE
  8
0
 10
376.012
 20
-196.742
 11
375.94
 21
-196.543
  0
LINE
  8
0
 10
375.94
 20
-196.543
 11
375.881
 21
-196.339
  0
LINE
  8
0
 10
375.881
 20
-196.339
 11
375.835
 21
-196.132
  0
LINE
  8
0
 10
375.835
 20
-196.132
 11
375.802
 21
-195.923
  0
LINE
  8
0
 10
375.802
 20
-195.923
 11
375.782
 21
-195.712
  0
LINE
  8
0
 10
375.782
 20
-195.712
 11
375.775
 21
-195.5
  0
LINE
  8
0
 10
375.775
 20
-195.5
 11
375.782
 21
-195.288
  0
LINE
  8
0
 10
375.782
 20
-195.288
 11
375.802
 21
-195.077
  0
LINE
  8
0
 10
375.802
 20
-195.077
 11
375.835
 21
-194.868
  0
LINE
  8
0
 10
375.835
 20
-194.868
 11
375.881
 21
-194.661
  0
LINE
  8
0
 10
375.881
 20
-194.661
 11
375.94
 21
-194.457
  0
LINE
  8
0
 10
375.94
 20
-194.457
 11
376.012
 21
-194.258
  0
LINE
  8
0
 10
376.012
 20
-194.258
 11
376.096
 21
-194.063
  0
LINE
  8
0
 10
376.096
 20
-194.063
 11
376.192
 21
-193.874
  0
LINE
  8
0
 10
376.192
 20
-193.874
 11
376.3
 21
-193.692
  0
LINE
  8
0
 10
376.3
 20
-193.692
 11
376.42
 21
-193.516
  0
LINE
  8
0
 10
376.42
 20
-193.516
 11
376.55
 21
-193.349
  0
LINE
  8
0
 10
376.55
 20
-193.349
 11
376.69
 21
-193.19
  0
LINE
  8
0
 10
376.69
 20
-193.19
 11
376.84
 21
-193.04
  0
LINE
  8
0
 10
376.84
 20
-193.04
 11
376.999
 21
-192.9
  0
LINE
  8
0
 10
376.999
 20
-192.9
 11
377.166
 21
-192.77
  0
LINE
  8
0
 10
377.166
 20
-192.77
 11
377.342
 21
-192.65
  0
LINE
  8
0
 10
377.342
 20
-192.65
 11
377.524
 21
-192.542
  0
LINE
  8
0
 10
377.524
 20
-192.542
 11
377.713
 21
-192.446
  0
LINE
  8
0
 10
377.713
 20
-192.446
 11
377.908
 21
-192.362
  0
LINE
  8
0
 10
377.908
 20
-192.362
 11
378.107
 21
-192.29
  0
LINE
  8
0
 10
378.107
 20
-192.29
 11
378.311
 21
-192.231
  0
LINE
  8
0
 10
378.311
 20
-192.231
 11
378.518
 21
-192.185
  0
LINE
  8
0
 10
378.518
 20
-192.185
 11
378.727
 21
-192.152
  0
LINE
  8
0
 10
378.727
 20
-192.152
 11
378.938
 21
-192.132
  0
LINE
  8
0
 10
378.938
 20
-192.132
 11
379.15
 21
-192.125
  0
LINE
  8
0
 10
379.15
 20
-192.125
 11
379.362
 21
-192.132
  0
LINE
  8
0
 10
379.362
 20
-192.132
 11
379.573
 21
-192.152
  0
LINE
  8
0
 10
379.573
 20
-192.152
 11
379.782
 21
-192.185
  0
LINE
  8
0
 10
379.782
 20
-192.185
 11
379.989
 21
-192.231
  0
LINE
  8
0
 10
379.989
 20
-192.231
 11
380.193
 21
-192.29
  0
LINE
  8
0
 10
380.193
 20
-192.29
 11
380.392
 21
-192.362
  0
LINE
  8
0
 10
380.392
 20
-192.362
 11
380.587
 21
-192.446
  0
LINE
  8
0
 10
380.587
 20
-192.446
 11
380.776
 21
-192.542
  0
LINE
  8
0
 10
380.776
 20
-192.542
 11
380.958
 21
-192.65
  0
LINE
  8
0
 10
380.958
 20
-192.65
 11
381.134
 21
-192.77
  0
LINE
  8
0
 10
381.134
 20
-192.77
 11
381.301
 21
-192.9
  0
LINE
  8
0
 10
381.301
 20
-192.9
 11
381.46
 21
-193.04
  0
LINE
  8
0
 10
381.46
 20
-193.04
 11
381.61
 21
-193.19
  0
LINE
  8
0
 10
381.61
 20
-193.19
 11
381.75
 21
-193.349
  0
LINE
  8
0
 10
381.75
 20
-193.349
 11
381.88
 21
-193.516
  0
LINE
  8
0
 10
381.88
 20
-193.516
 11
382
 21
-193.692
  0
LINE
  8
0
 10
382
 20
-193.692
 11
382.108
 21
-193.874
  0
LINE
  8
0
 10
382.108
 20
-193.874
 11
382.204
 21
-194.063
  0
LINE
  8
0
 10
382.204
 20
-194.063
 11
382.288
 21
-194.258
  0
LINE
  8
0
 10
382.288
 20
-194.258
 11
382.36
 21
-194.457
  0
LINE
  8
0
 10
382.36
 20
-194.457
 11
382.419
 21
-194.661
  0
LINE
  8
0
 10
382.419
 20
-194.661
 11
382.465
 21
-194.868
  0
LINE
  8
0
 10
382.465
 20
-194.868
 11
382.498
 21
-195.077
  0
LINE
  8
0
 10
382.498
 20
-195.077
 11
382.518
 21
-195.288
  0
LINE
  8
0
 10
382.518
 20
-195.288
 11
382.525
 21
-195.5
  0
LINE
  8
0
 10
382.525
 20
-195.5
 11
382.518
 21
-195.712
  0
LINE
  8
0
 10
382.518
 20
-195.712
 11
382.498
 21
-195.923
  0
LINE
  8
0
 10
382.498
 20
-195.923
 11
382.465
 21
-196.132
  0
LINE
  8
0
 10
382.465
 20
-196.132
 11
382.419
 21
-196.339
  0
LINE
  8
0
 10
382.419
 20
-196.339
 11
382.36
 21
-196.543
  0
LINE
  8
0
 10
382.36
 20
-196.543
 11
382.288
 21
-196.742
  0
LINE
  8
0
 10
382.288
 20
-196.742
 11
382.204
 21
-196.937
  0
LINE
  8
0
 10
382.204
 20
-196.937
 11
382.108
 21
-197.126
  0
LINE
  8
0
 10
382.108
 20
-197.126
 11
382
 21
-197.308
  0
LINE
  8
0
 10
382
 20
-197.308
 11
381.88
 21
-197.484
  0
LINE
  8
0
 10
381.88
 20
-197.484
 11
381.75
 21
-197.651
  0
LINE
  8
0
 10
381.75
 20
-197.651
 11
381.61
 21
-197.81
  0
LINE
  8
0
 10
381.61
 20
-197.81
 11
381.46
 21
-197.96
  0
LINE
  8
0
 10
381.46
 20
-197.96
 11
381.301
 21
-198.1
  0
LINE
  8
0
 10
381.301
 20
-198.1
 11
381.134
 21
-198.23
  0
LINE
  8
0
 10
381.134
 20
-198.23
 11
380.958
 21
-198.35
  0
LINE
  8
0
 10
380.958
 20
-198.35
 11
380.776
 21
-198.458
  0
LINE
  8
0
 10
380.776
 20
-198.458
 11
380.587
 21
-198.554
  0
LINE
  8
0
 10
380.587
 20
-198.554
 11
380.392
 21
-198.638
  0
LINE
  8
0
 10
380.392
 20
-198.638
 11
380.193
 21
-198.71
  0
LINE
  8
0
 10
380.193
 20
-198.71
 11
379.989
 21
-198.769
  0
LINE
  8
0
 10
379.989
 20
-198.769
 11
379.782
 21
-198.815
  0
LINE
  8
0
 10
379.782
 20
-198.815
 11
379.573
 21
-198.848
  0
LINE
  8
0
 10
379.573
 20
-198.848
 11
379.362
 21
-198.868
  0
LINE
  8
0
 10
379.362
 20
-198.868
 11
379.15
 21
-198.875
  0
LINE
  8
0
 10
379.15
 20
-198.875
 11
378.938
 21
-198.868
  0
LINE
  8
0
 10
151.638
 20
-198.868
 11
151.427
 21
-198.848
  0
LINE
  8
0
 10
151.427
 20
-198.848
 11
151.218
 21
-198.815
  0
LINE
  8
0
 10
151.218
 20
-198.815
 11
151.011
 21
-198.769
  0
LINE
  8
0
 10
151.011
 20
-198.769
 11
150.807
 21
-198.71
  0
LINE
  8
0
 10
150.807
 20
-198.71
 11
150.608
 21
-198.638
  0
LINE
  8
0
 10
150.608
 20
-198.638
 11
150.413
 21
-198.554
  0
LINE
  8
0
 10
150.413
 20
-198.554
 11
150.224
 21
-198.458
  0
LINE
  8
0
 10
150.224
 20
-198.458
 11
150.042
 21
-198.35
  0
LINE
  8
0
 10
150.042
 20
-198.35
 11
149.866
 21
-198.23
  0
LINE
  8
0
 10
149.866
 20
-198.23
 11
149.699
 21
-198.1
  0
LINE
  8
0
 10
149.699
 20
-198.1
 11
149.54
 21
-197.96
  0
LINE
  8
0
 10
149.54
 20
-197.96
 11
149.39
 21
-197.81
  0
LINE
  8
0
 10
149.39
 20
-197.81
 11
149.25
 21
-197.651
  0
LINE
  8
0
 10
149.25
 20
-197.651
 11
149.12
 21
-197.484
  0
LINE
  8
0
 10
149.12
 20
-197.484
 11
149
 21
-197.308
  0
LINE
  8
0
 10
149
 20
-197.308
 11
148.892
 21
-197.126
  0
LINE
  8
0
 10
148.892
 20
-197.126
 11
148.796
 21
-196.937
  0
LINE
  8
0
 10
148.796
 20
-196.937
 11
148.712
 21
-196.742
  0
LINE
  8
0
 10
148.712
 20
-196.742
 11
148.64
 21
-196.543
  0
LINE
  8
0
 10
148.64
 20
-196.543
 11
148.581
 21
-196.339
  0
LINE
  8
0
 10
148.581
 20
-196.339
 11
148.535
 21
-196.132
  0
LINE
  8
0
 10
148.535
 20
-196.132
 11
148.502
 21
-195.923
  0
LINE
  8
0
 10
148.502
 20
-195.923
 11
148.482
 21
-195.712
  0
LINE
  8
0
 10
148.482
 20
-195.712
 11
148.475
 21
-195.5
  0
LINE
  8
0
 10
148.475
 20
-195.5
 11
148.482
 21
-195.288
  0
LINE
  8
0
 10
148.482
 20
-195.288
 11
148.502
 21
-195.077
  0
LINE
  8
0
 10
148.502
 20
-195.077
 11
148.535
 21
-194.868
  0
LINE
  8
0
 10
148.535
 20
-194.868
 11
148.581
 21
-194.661
  0
LINE
  8
0
 10
148.581
 20
-194.661
 11
148.64
 21
-194.457
  0
LINE
  8
0
 10
148.64
 20
-194.457
 11
148.712
 21
-194.258
  0
LINE
  8
0
 10
148.712
 20
-194.258
 11
148.796
 21
-194.063
  0
LINE
  8
0
 10
148.796
 20
-194.063
 11
148.892
 21
-193.874
  0
LINE
  8
0
 10
148.892
 20
-193.874
 11
149
 21
-193.692
  0
LINE
  8
0
 10
149
 20
-193.692
 11
149.12
 21
-193.516
  0
LINE
  8
0
 10
149.12
 20
-193.516
 11
149.25
 21
-193.349
  0
LINE
  8
0
 10
149.25
 20
-193.349
 11
149.39
 21
-193.19
  0
LINE
  8
0
 10
149.39
 20
-193.19
 11
149.54
 21
-193.04
  0
LINE
  8
0
 10
149.54
 20
-193.04
 11
149.699
 21
-192.9
  0
LINE
  8
0
 10
149.699
 20
-192.9
 11
149.866
 21
-192.77
  0
LINE
  8
0
 10
149.866
 20
-192.77
 11
150.042
 21
-192.65
  0
LINE
  8
0
 10
150.042
 20
-192.65
 11
150.224
 21
-192.542
  0
LINE
  8
0
 10
150.224
 20
-192.542
 11
150.413
 21
-192.446
  0
LINE
  8
0
 10
150.413
 20
-192.446
 11
150.608
 21
-192.362
  0
LINE
  8
0
 10
150.608
 20
-192.362
 11
150.807
 21
-192.29
  0
LINE
  8
0
 10
150.807
 20
-192.29
 11
151.011
 21
-192.231
  0
LINE
  8
0
 10
151.011
 20
-192.231
 11
151.218
 21
-192.185
  0
LINE
  8
0
 10
151.218
 20
-192.185
 11
151.427
 21
-192.152
  0
LINE
  8
0
 10
151.427
 20
-192.152
 11
151.638
 21
-192.132
  0
LINE
  8
0
 10
151.638
 20
-192.132
 11
151.85
 21
-192.125
  0
LINE
  8
0
 10
151.85
 20
-192.125
 11
152.062
 21
-192.132
  0
LINE
  8
0
 10
152.062
 20
-192.132
 11
152.273
 21
-192.152
  0
LINE
  8
0
 10
152.273
 20
-192.152
 11
152.482
 21
-192.185
  0
LINE
  8
0
 10
152.482
 20
-192.185
 11
152.689
 21
-192.231
  0
LINE
  8
0
 10
152.689
 20
-192.231
 11
152.893
 21
-192.29
  0
LINE
  8
0
 10
152.893
 20
-192.29
 11
153.092
 21
-192.362
  0
LINE
  8
0
 10
153.092
 20
-192.362
 11
153.287
 21
-192.446
  0
LINE
  8
0
 10
153.287
 20
-192.446
 11
153.476
 21
-192.542
  0
LINE
  8
0
 10
153.476
 20
-192.542
 11
153.658
 21
-192.65
  0
LINE
  8
0
 10
153.658
 20
-192.65
 11
153.834
 21
-192.77
  0
LINE
  8
0
 10
153.834
 20
-192.77
 11
154.001
 21
-192.9
  0
LINE
  8
0
 10
154.001
 20
-192.9
 11
154.16
 21
-193.04
  0
LINE
  8
0
 10
154.16
 20
-193.04
 11
154.31
 21
-193.19
  0
LINE
  8
0
 10
154.31
 20
-193.19
 11
154.45
 21
-193.349
  0
LINE
  8
0
 10
154.45
 20
-193.349
 11
154.58
 21
-193.516
  0
LINE
  8
0
 10
154.58
 20
-193.516
 11
154.7
 21
-193.692
  0
LINE
  8
0
 10
154.7
 20
-193.692
 11
154.808
 21
-193.874
  0
LINE
  8
0
 10
154.808
 20
-193.874
 11
154.904
 21
-194.063
  0
LINE
  8
0
 10
154.904
 20
-194.063
 11
154.988
 21
-194.258
  0
LINE
  8
0
 10
154.988
 20
-194.258
 11
155.06
 21
-194.457
  0
LINE
  8
0
 10
155.06
 20
-194.457
 11
155.119
 21
-194.661
  0
LINE
  8
0
 10
155.119
 20
-194.661
 11
155.165
 21
-194.868
  0
LINE
  8
0
 10
155.165
 20
-194.868
 11
155.198
 21
-195.077
  0
LINE
  8
0
 10
155.198
 20
-195.077
 11
155.218
 21
-195.288
  0
LINE
  8
0
 10
155.218
 20
-195.288
 11
155.225
 21
-195.5
  0
LINE
  8
0
 10
155.225
 20
-195.5
 11
155.218
 21
-195.712
  0
LINE
  8
0
 10
155.218
 20
-195.712
 11
155.198
 21
-195.923
  0
LINE
  8
0
 10
155.198
 20
-195.923
 11
155.165
 21
-196.132
  0
LINE
  8
0
 10
155.165
 20
-196.132
 11
155.119
 21
-196.339
  0
LINE
  8
0
 10
155.119
 20
-196.339
 11
155.06
 21
-196.543
  0
LINE
  8
0
 10
155.06
 20
-196.543
 11
154.988
 21
-196.742
  0
LINE
  8
0
 10
154.988
 20
-196.742
 11
154.904
 21
-196.937
  0
LINE
  8
0
 10
154.904
 20
-196.937
 11
154.808
 21
-197.126
  0
LINE
  8
0
 10
154.808
 20
-197.126
 11
154.7
 21
-197.308
  0
LINE
  8
0
 10
154.7
 20
-197.308
 11
154.58
 21
-197.484
  0
LINE
  8
0
 10
154.58
 20
-197.484
 11
154.45
 21
-197.651
  0
LINE
  8
0
 10
154.45
 20
-197.651
 11
154.31
 21
-197.81
  0
LINE
  8
0
 10
154.31
 20
-197.81
 11
154.16
 21
-197.96
  0
LINE
  8
0
 10
154.16
 20
-197.96
 11
154.001
 21
-198.1
  0
LINE
  8
0
 10
154.001
 20
-198.1
 11
153.834
 21
-198.23
  0
LINE
  8
0
 10
153.834
 20
-198.23
 11
153.658
 21
-198.35
  0
LINE
  8
0
 10
153.658
 20
-198.35
 11
153.476
 21
-198.458
  0
LINE
  8
0
 10
153.476
 20
-198.458
 11
153.287
 21
-198.554
  0
LINE
  8
0
 10
153.287
 20
-198.554
 11
153.092
 21
-198.638
  0
LINE
  8
0
 10
153.092
 20
-198.638
 11
152.893
 21
-198.71
  0
LINE
  8
0
 10
152.893
 20
-198.71
 11
152.689
 21
-198.769
  0
LINE
  8
0
 10
152.689
 20
-198.769
 11
152.482
 21
-198.815
  0
LINE
  8
0
 10
152.482
 20
-198.815
 11
152.273
 21
-198.848
  0
LINE
  8
0
 10
152.273
 20
-198.848
 11
152.062
 21
-198.868
  0
LINE
  8
0
 10
152.062
 20
-198.868
 11
151.85
 21
-198.875
  0
LINE
  8
0
 10
151.85
 20
-198.875
 11
151.638
 21
-198.868
  0
LINE
  8
0
 10
378.938
 20
-224.268
 11
378.727
 21
-224.248
  0
LINE
  8
0
 10
378.727
 20
-224.248
 11
378.518
 21
-224.215
  0
LINE
  8
0
 10
378.518
 20
-224.215
 11
378.311
 21
-224.169
  0
LINE
  8
0
 10
378.311
 20
-224.169
 11
378.107
 21
-224.11
  0
LINE
  8
0
 10
378.107
 20
-224.11
 11
377.908
 21
-224.038
  0
LINE
  8
0
 10
377.908
 20
-224.038
 11
377.713
 21
-223.954
  0
LINE
  8
0
 10
377.713
 20
-223.954
 11
377.524
 21
-223.858
  0
LINE
  8
0
 10
377.524
 20
-223.858
 11
377.342
 21
-223.75
  0
LINE
  8
0
 10
377.342
 20
-223.75
 11
377.166
 21
-223.63
  0
LINE
  8
0
 10
377.166
 20
-223.63
 11
376.999
 21
-223.5
  0
LINE
  8
0
 10
376.999
 20
-223.5
 11
376.84
 21
-223.36
  0
LINE
  8
0
 10
376.84
 20
-223.36
 11
376.69
 21
-223.21
  0
LINE
  8
0
 10
376.69
 20
-223.21
 11
376.55
 21
-223.051
  0
LINE
  8
0
 10
376.55
 20
-223.051
 11
376.42
 21
-222.884
  0
LINE
  8
0
 10
376.42
 20
-222.884
 11
376.3
 21
-222.708
  0
LINE
  8
0
 10
376.3
 20
-222.708
 11
376.192
 21
-222.526
  0
LINE
  8
0
 10
376.192
 20
-222.526
 11
376.096
 21
-222.337
  0
LINE
  8
0
 10
376.096
 20
-222.337
 11
376.012
 21
-222.142
  0
LINE
  8
0
 10
376.012
 20
-222.142
 11
375.94
 21
-221.943
  0
LINE
  8
0
 10
375.94
 20
-221.943
 11
375.881
 21
-221.739
  0
LINE
  8
0
 10
375.881
 20
-221.739
 11
375.835
 21
-221.532
  0
LINE
  8
0
 10
375.835
 20
-221.532
 11
375.802
 21
-221.323
  0
LINE
  8
0
 10
375.802
 20
-221.323
 11
375.782
 21
-221.112
  0
LINE
  8
0
 10
375.782
 20
-221.112
 11
375.775
 21
-220.9
  0
LINE
  8
0
 10
375.775
 20
-220.9
 11
375.782
 21
-220.688
  0
LINE
  8
0
 10
375.782
 20
-220.688
 11
375.802
 21
-220.477
  0
LINE
  8
0
 10
375.802
 20
-220.477
 11
375.835
 21
-220.268
  0
LINE
  8
0
 10
375.835
 20
-220.268
 11
375.881
 21
-220.061
  0
LINE
  8
0
 10
375.881
 20
-220.061
 11
375.94
 21
-219.857
  0
LINE
  8
0
 10
375.94
 20
-219.857
 11
376.012
 21
-219.658
  0
LINE
  8
0
 10
376.012
 20
-219.658
 11
376.096
 21
-219.463
  0
LINE
  8
0
 10
376.096
 20
-219.463
 11
376.192
 21
-219.274
  0
LINE
  8
0
 10
376.192
 20
-219.274
 11
376.3
 21
-219.092
  0
LINE
  8
0
 10
376.3
 20
-219.092
 11
376.42
 21
-218.916
  0
LINE
  8
0
 10
376.42
 20
-218.916
 11
376.55
 21
-218.749
  0
LINE
  8
0
 10
376.55
 20
-218.749
 11
376.69
 21
-218.59
  0
LINE
  8
0
 10
376.69
 20
-218.59
 11
376.84
 21
-218.44
  0
LINE
  8
0
 10
376.84
 20
-218.44
 11
376.999
 21
-218.299
  0
LINE
  8
0
 10
376.999
 20
-218.299
 11
377.166
 21
-218.17
  0
LINE
  8
0
 10
377.166
 20
-218.17
 11
377.342
 21
-218.05
  0
LINE
  8
0
 10
377.342
 20
-218.05
 11
377.524
 21
-217.942
  0
LINE
  8
0
 10
377.524
 20
-217.942
 11
377.713
 21
-217.846
  0
LINE
  8
0
 10
377.713
 20
-217.846
 11
377.908
 21
-217.762
  0
LINE
  8
0
 10
377.908
 20
-217.762
 11
378.107
 21
-217.69
  0
LINE
  8
0
 10
378.107
 20
-217.69
 11
378.311
 21
-217.631
  0
LINE
  8
0
 10
378.311
 20
-217.631
 11
378.518
 21
-217.585
  0
LINE
  8
0
 10
378.518
 20
-217.585
 11
378.727
 21
-217.552
  0
LINE
  8
0
 10
378.727
 20
-217.552
 11
378.938
 21
-217.532
  0
LINE
  8
0
 10
378.938
 20
-217.532
 11
379.15
 21
-217.525
  0
LINE
  8
0
 10
379.15
 20
-217.525
 11
379.362
 21
-217.532
  0
LINE
  8
0
 10
379.362
 20
-217.532
 11
379.573
 21
-217.552
  0
LINE
  8
0
 10
379.573
 20
-217.552
 11
379.782
 21
-217.585
  0
LINE
  8
0
 10
379.782
 20
-217.585
 11
379.989
 21
-217.631
  0
LINE
  8
0
 10
379.989
 20
-217.631
 11
380.193
 21
-217.69
  0
LINE
  8
0
 10
380.193
 20
-217.69
 11
380.392
 21
-217.762
  0
LINE
  8
0
 10
380.392
 20
-217.762
 11
380.587
 21
-217.846
  0
LINE
  8
0
 10
380.587
 20
-217.846
 11
380.776
 21
-217.942
  0
LINE
  8
0
 10
380.776
 20
-217.942
 11
380.958
 21
-218.05
  0
LINE
  8
0
 10
380.958
 20
-218.05
 11
381.134
 21
-218.17
  0
LINE
  8
0
 10
381.134
 20
-218.17
 11
381.301
 21
-218.299
  0
LINE
  8
0
 10
381.301
 20
-218.299
 11
381.46
 21
-218.44
  0
LINE
  8
0
 10
381.46
 20
-218.44
 11
381.61
 21
-218.59
  0
LINE
  8
0
 10
381.61
 20
-218.59
 11
381.75
 21
-218.749
  0
LINE
  8
0
 10
381.75
 20
-218.749
 11
381.88
 21
-218.916
  0
LINE
  8
0
 10
381.88
 20
-218.916
 11
382
 21
-219.092
  0
LINE
  8
0
 10
382
 20
-219.092
 11
382.108
 21
-219.274
  0
LINE
  8
0
 10
382.108
 20
-219.274
 11
382.204
 21
-219.463
  0
LINE
  8
0
 10
382.204
 20
-219.463
 11
382.288
 21
-219.658
  0
LINE
  8
0
 10
382.288
 20
-219.658
 11
382.36
 21
-219.857
  0
LINE
  8
0
 10
382.36
 20
-219.857
 11
382.419
 21
-220.061
  0
LINE
  8
0
 10
382.419
 20
-220.061
 11
382.465
 21
-220.268
  0
LINE
  8
0
 10
382.465
 20
-220.268
 11
382.498
 21
-220.477
  0
LINE
  8
0
 10
382.498
 20
-220.477
 11
382.518
 21
-220.688
  0
LINE
  8
0
 10
382.518
 20
-220.688
 11
382.525
 21
-220.9
  0
LINE
  8
0
 10
382.525
 20
-220.9
 11
382.518
 21
-221.112
  0
LINE
  8
0
 10
382.518
 20
-221.112
 11
382.498
 21
-221.323
  0
LINE
  8
0
 10
382.498
 20
-221.323
 11
382.465
 21
-221.532
  0
LINE
  8
0
 10
382.465
 20
-221.532
 11
382.419
 21
-221.739
  0
LINE
  8
0
 10
382.419
 20
-221.739
 11
382.36
 21
-221.943
  0
LINE
  8
0
 10
382.36
 20
-221.943
 11
382.288
 21
-222.142
  0
LINE
  8
0
 10
382.288
 20
-222.142
 11
382.204
 21
-222.337
  0
LINE
  8
0
 10
382.204
 20
-222.337
 11
382.108
 21
-222.526
  0
LINE
  8
0
 10
382.108
 20
-222.526
 11
382
 21
-222.708
  0
LINE
  8
0
 10
382
 20
-222.708
 11
381.88
 21
-222.884
  0
LINE
  8
0
 10
381.88
 20
-222.884
 11
381.75
 21
-223.051
  0
LINE
  8
0
 10
381.75
 20
-223.051
 11
381.61
 21
-223.21
  0
LINE
  8
0
 10
381.61
 20
-223.21
 11
381.46
 21
-223.36
  0
LINE
  8
0
 10
381.46
 20
-223.36
 11
381.301
 21
-223.5
  0
LINE
  8
0
 10
381.301
 20
-223.5
 11
381.134
 21
-223.63
  0
LINE
  8
0
 10
381.134
 20
-223.63
 11
380.958
 21
-223.75
  0
LINE
  8
0
 10
380.958
 20
-223.75
 11
380.776
 21
-223.858
  0
LINE
  8
0
 10
380.776
 20
-223.858
 11
380.587
 21
-223.954
  0
LINE
  8
0
 10
380.587
 20
-223.954
 11
380.392
 21
-224.038
  0
LINE
  8
0
 10
380.392
 20
-224.038
 11
380.193
 21
-224.11
  0
LINE
  8
0
 10
380.193
 20
-224.11
 11
379.989
 21
-224.169
  0
LINE
  8
0
 10
379.989
 20
-224.169
 11
379.782
 21
-224.215
  0
LINE
  8
0
 10
379.782
 20
-224.215
 11
379.573
 21
-224.248
  0
LINE
  8
0
 10
379.573
 20
-224.248
 11
379.362
 21
-224.268
  0
LINE
  8
0
 10
379.362
 20
-224.268
 11
379.15
 21
-224.275
  0
LINE
  8
0
 10
379.15
 20
-224.275
 11
378.938
 21
-224.268
  0
LINE
  8
0
 10
151.638
 20
-224.268
 11
151.427
 21
-224.248
  0
LINE
  8
0
 10
151.427
 20
-224.248
 11
151.218
 21
-224.215
  0
LINE
  8
0
 10
151.218
 20
-224.215
 11
151.011
 21
-224.169
  0
LINE
  8
0
 10
151.011
 20
-224.169
 11
150.807
 21
-224.11
  0
LINE
  8
0
 10
150.807
 20
-224.11
 11
150.608
 21
-224.038
  0
LINE
  8
0
 10
150.608
 20
-224.038
 11
150.413
 21
-223.954
  0
LINE
  8
0
 10
150.413
 20
-223.954
 11
150.224
 21
-223.858
  0
LINE
  8
0
 10
150.224
 20
-223.858
 11
150.042
 21
-223.75
  0
LINE
  8
0
 10
150.042
 20
-223.75
 11
149.866
 21
-223.63
  0
LINE
  8
0
 10
149.866
 20
-223.63
 11
149.699
 21
-223.5
  0
LINE
  8
0
 10
149.699
 20
-223.5
 11
149.54
 21
-223.36
  0
LINE
  8
0
 10
149.54
 20
-223.36
 11
149.39
 21
-223.21
  0
LINE
  8
0
 10
149.39
 20
-223.21
 11
149.25
 21
-223.051
  0
LINE
  8
0
 10
149.25
 20
-223.051
 11
149.12
 21
-222.884
  0
LINE
  8
0
 10
149.12
 20
-222.884
 11
149
 21
-222.708
  0
LINE
  8
0
 10
149
 20
-222.708
 11
148.892
 21
-222.526
  0
LINE
  8
0
 10
148.892
 20
-222.526
 11
148.796
 21
-222.337
  0
LINE
  8
0
 10
148.796
 20
-222.337
 11
148.712
 21
-222.142
  0
LINE
  8
0
 10
148.712
 20
-222.142
 11
148.64
 21
-221.943
  0
LINE
  8
0
 10
148.64
 20
-221.943
 11
148.581
 21
-221.739
  0
LINE
  8
0
 10
148.581
 20
-221.739
 11
148.535
 21
-221.532
  0
LINE
  8
0
 10
148.535
 20
-221.532
 11
148.502
 21
-221.323
  0
LINE
  8
0
 10
148.502
 20
-221.323
 11
148.482
 21
-221.112
  0
LINE
  8
0
 10
148.482
 20
-221.112
 11
148.475
 21
-220.9
  0
LINE
  8
0
 10
148.475
 20
-220.9
 11
148.482
 21
-220.688
  0
LINE
  8
0
 10
148.482
 20
-220.688
 11
148.502
 21
-220.477
  0
LINE
  8
0
 10
148.502
 20
-220.477
 11
148.535
 21
-220.268
  0
LINE
  8
0
 10
148.535
 20
-220.268
 11
148.581
 21
-220.061
  0
LINE
  8
0
 10
148.581
 20
-220.061
 11
148.64
 21
-219.857
  0
LINE
  8
0
 10
148.64
 20
-219.857
 11
148.712
 21
-219.658
  0
LINE
  8
0
 10
148.712
 20
-219.658
 11
148.796
 21
-219.463
  0
LINE
  8
0
 10
148.796
 20
-219.463
 11
148.892
 21
-219.274
  0
LINE
  8
0
 10
148.892
 20
-219.274
 11
149
 21
-219.092
  0
LINE
  8
0
 10
149
 20
-219.092
 11
149.12
 21
-218.916
  0
LINE
  8
0
 10
149.12
 20
-218.916
 11
149.25
 21
-218.749
  0
LINE
  8
0
 10
149.25
 20
-218.749
 11
149.39
 21
-218.59
  0
LINE
  8
0
 10
149.39
 20
-218.59
 11
149.54
 21
-218.44
  0
LINE
  8
0
 10
149.54
 20
-218.44
 11
149.699
 21
-218.299
  0
LINE
  8
0
 10
149.699
 20
-218.299
 11
149.866
 21
-218.17
  0
LINE
  8
0
 10
149.866
 20
-218.17
 11
150.042
 21
-218.05
  0
LINE
  8
0
 10
150.042
 20
-218.05
 11
150.224
 21
-217.942
  0
LINE
  8
0
 10
150.224
 20
-217.942
 11
150.413
 21
-217.846
  0
LINE
  8
0
 10
150.413
 20
-217.846
 11
150.608
 21
-217.762
  0
LINE
  8
0
 10
150.608
 20
-217.762
 11
150.807
 21
-217.69
  0
LINE
  8
0
 10
150.807
 20
-217.69
 11
151.011
 21
-217.631
  0
LINE
  8
0
 10
151.011
 20
-217.631
 11
151.218
 21
-217.585
  0
LINE
  8
0
 10
151.218
 20
-217.585
 11
151.427
 21
-217.552
  0
LINE
  8
0
 10
151.427
 20
-217.552
 11
151.638
 21
-217.532
  0
LINE
  8
0
 10
151.638
 20
-217.532
 11
151.85
 21
-217.525
  0
LINE
  8
0
 10
151.85
 20
-217.525
 11
152.062
 21
-217.532
  0
LINE
  8
0
 10
152.062
 20
-217.532
 11
152.273
 21
-217.552
  0
LINE
  8
0
 10
152.273
 20
-217.552
 11
152.482
 21
-217.585
  0
LINE
  8
0
 10
152.482
 20
-217.585
 11
152.689
 21
-217.631
  0
LINE
  8
0
 10
152.689
 20
-217.631
 11
152.893
 21
-217.69
  0
LINE
  8
0
 10
152.893
 20
-217.69
 11
153.092
 21
-217.762
  0
LINE
  8
0
 10
153.092
 20
-217.762
 11
153.287
 21
-217.846
  0
LINE
  8
0
 10
153.287
 20
-217.846
 11
153.476
 21
-217.942
  0
LINE
  8
0
 10
153.476
 20
-217.942
 11
153.658
 21
-218.05
  0
LINE
  8
0
 10
153.658
 20
-218.05
 11
153.834
 21
-218.17
  0
LINE
  8
0
 10
153.834
 20
-218.17
 11
154.001
 21
-218.299
  0
LINE
  8
0
 10
154.001
 20
-218.299
 11
154.16
 21
-218.44
  0
LINE
  8
0
 10
154.16
 20
-218.44
 11
154.31
 21
-218.59
  0
LINE
  8
0
 10
154.31
 20
-218.59
 11
154.45
 21
-218.749
  0
LINE
  8
0
 10
154.45
 20
-218.749
 11
154.58
 21
-218.916
  0
LINE
  8
0
 10
154.58
 20
-218.916
 11
154.7
 21
-219.092
  0
LINE
  8
0
 10
154.7
 20
-219.092
 11
154.808
 21
-219.274
  0
LINE
  8
0
 10
154.808
 20
-219.274
 11
154.904
 21
-219.463
  0
LINE
  8
0
 10
154.904
 20
-219.463
 11
154.988
 21
-219.658
  0
LINE
  8
0
 10
154.988
 20
-219.658
 11
155.06
 21
-219.857
  0
LINE
  8
0
 10
155.06
 20
-219.857
 11
155.119
 21
-220.061
  0
LINE
  8
0
 10
155.119
 20
-220.061
 11
155.165
 21
-220.268
  0
LINE
  8
0
 10
155.165
 20
-220.268
 11
155.198
 21
-220.477
  0
LINE
  8
0
 10
155.198
 20
-220.477
 11
155.218
 21
-220.688
  0
LINE
  8
0
 10
155.218
 20
-220.688
 11
155.225
 21
-220.9
  0
LINE
  8
0
 10
155.225
 20
-220.9
 11
155.218
 21
-221.112
  0
LINE
  8
0
 10
155.218
 20
-221.112
 11
155.198
 21
-221.323
  0
LINE
  8
0
 10
155.198
 20
-221.323
 11
155.165
 21
-221.532
  0
LINE
  8
0
 10
155.165
 20
-221.532
 11
155.119
 21
-221.739
  0
LINE
  8
0
 10
155.119
 20
-221.739
 11
155.06
 21
-221.943
  0
LINE
  8
0
 10
155.06
 20
-221.943
 11
154.988
 21
-222.142
  0
LINE
  8
0
 10
154.988
 20
-222.142
 11
154.904
 21
-222.337
  0
LINE
  8
0
 10
154.904
 20
-222.337
 11
154.808
 21
-222.526
  0
LINE
  8
0
 10
154.808
 20
-222.526
 11
154.7
 21
-222.708
  0
LINE
  8
0
 10
154.7
 20
-222.708
 11
154.58
 21
-222.884
  0
LINE
  8
0
 10
154.58
 20
-222.884
 11
154.45
 21
-223.051
  0
LINE
  8
0
 10
154.45
 20
-223.051
 11
154.31
 21
-223.21
  0
LINE
  8
0
 10
154.31
 20
-223.21
 11
154.16
 21
-223.36
  0
LINE
  8
0
 10
154.16
 20
-223.36
 11
154.001
 21
-223.5
  0
LINE
  8
0
 10
154.001
 20
-223.5
 11
153.834
 21
-223.63
  0
LINE
  8
0
 10
153.834
 20
-223.63
 11
153.658
 21
-223.75
  0
LINE
  8
0
 10
153.658
 20
-223.75
 11
153.476
 21
-223.858
  0
LINE
  8
0
 10
153.476
 20
-223.858
 11
153.287
 21
-223.954
  0
LINE
  8
0
 10
153.287
 20
-223.954
 11
153.092
 21
-224.038
  0
LINE
  8
0
 10
153.092
 20
-224.038
 11
152.893
 21
-224.11
  0
LINE
  8
0
 10
152.893
 20
-224.11
 11
152.689
 21
-224.169
  0
LINE
  8
0
 10
152.689
 20
-224.169
 11
152.482
 21
-224.215
  0
LINE
  8
0
 10
152.482
 20
-224.215
 11
152.273
 21
-224.248
  0
LINE
  8
0
 10
152.273
 20
-224.248
 11
152.062
 21
-224.268
  0
LINE
  8
0
 10
152.062
 20
-224.268
 11
151.85
 21
-224.275
  0
LINE
  8
0
 10
151.85
 20
-224.275
 11
151.638
 21
-224.268
  0
LINE
  8
0
 10
133.5
 20
-183.55
 11
106.7
 21
-183.55
  0
LINE
  8
0
 10
106.7
 20
-183.55
 11
106.7
 21
-156.65
  0
LINE
  8
0
 10
106.7
 20
-156.65
 11
133.5
 21
-156.65
  0
LINE
  8
0
 10
133.5
 20
-156.65
 11
133.5
 21
-105.65
  0
LINE
  8
0
 10
133.5
 20
-105.65
 11
-120.5
 21
-105.65
  0
LINE
  8
0
 10
-120.5
 20
-105.65
 11
-120.5
 21
-156.65
  0
LINE
  8
0
 10
-120.5
 20
-156.65
 11
-93.7
 21
-156.65
  0
LINE
  8
0
 10
-93.7
 20
-156.65
 11
-93.7
 21
-183.55
  0
LINE
  8
0
 10
-93.7
 20
-183.55
 11
-120.5
 21
-183.55
  0
LINE
  8
0
 10
-120.5
 20
-183.55
 11
-120.5
 21
-234.55
  0
LINE
  8
0
 10
-120.5
 20
-234.55
 11
133.5
 21
-234.55
  0
LINE
  8
0
 10
133.5
 20
-234.55
 11
133.5
 21
-183.55
  0
LINE
  8
0
 10
-107.362
 20
-122.668
 11
-107.573
 21
-122.648
  0
LINE
  8
0
 10
-107.573
 20
-122.648
 11
-107.782
 21
-122.615
  0
LINE
  8
0
 10
-107.782
 20
-122.615
 11
-107.989
 21
-122.569
  0
LINE
  8
0
 10
-107.989
 20
-122.569
 11
-108.193
 21
-122.51
  0
LINE
  8
0
 10
-108.193
 20
-122.51
 11
-108.392
 21
-122.438
  0
LINE
  8
0
 10
-108.392
 20
-122.438
 11
-108.587
 21
-122.354
  0
LINE
  8
0
 10
-108.587
 20
-122.354
 11
-108.776
 21
-122.258
  0
LINE
  8
0
 10
-108.776
 20
-122.258
 11
-108.958
 21
-122.15
  0
LINE
  8
0
 10
-108.958
 20
-122.15
 11
-109.134
 21
-122.03
  0
LINE
  8
0
 10
-109.134
 20
-122.03
 11
-109.301
 21
-121.9
  0
LINE
  8
0
 10
-109.301
 20
-121.9
 11
-109.46
 21
-121.76
  0
LINE
  8
0
 10
-109.46
 20
-121.76
 11
-109.61
 21
-121.61
  0
LINE
  8
0
 10
-109.61
 20
-121.61
 11
-109.75
 21
-121.451
  0
LINE
  8
0
 10
-109.75
 20
-121.451
 11
-109.88
 21
-121.284
  0
LINE
  8
0
 10
-109.88
 20
-121.284
 11
-110
 21
-121.108
  0
LINE
  8
0
 10
-110
 20
-121.108
 11
-110.108
 21
-120.926
  0
LINE
  8
0
 10
-110.108
 20
-120.926
 11
-110.204
 21
-120.737
  0
LINE
  8
0
 10
-110.204
 20
-120.737
 11
-110.288
 21
-120.542
  0
LINE
  8
0
 10
-110.288
 20
-120.542
 11
-110.36
 21
-120.343
  0
LINE
  8
0
 10
-110.36
 20
-120.343
 11
-110.419
 21
-120.139
  0
LINE
  8
0
 10
-110.419
 20
-120.139
 11
-110.465
 21
-119.932
  0
LINE
  8
0
 10
-110.465
 20
-119.932
 11
-110.498
 21
-119.723
  0
LINE
  8
0
 10
-110.498
 20
-119.723
 11
-110.518
 21
-119.512
  0
LINE
  8
0
 10
-110.518
 20
-119.512
 11
-110.525
 21
-119.3
  0
LINE
  8
0
 10
-110.525
 20
-119.3
 11
-110.518
 21
-119.088
  0
LINE
  8
0
 10
-110.518
 20
-119.088
 11
-110.498
 21
-118.877
  0
LINE
  8
0
 10
-110.498
 20
-118.877
 11
-110.465
 21
-118.668
  0
LINE
  8
0
 10
-110.465
 20
-118.668
 11
-110.419
 21
-118.461
  0
LINE
  8
0
 10
-110.419
 20
-118.461
 11
-110.36
 21
-118.257
  0
LINE
  8
0
 10
-110.36
 20
-118.257
 11
-110.288
 21
-118.058
  0
LINE
  8
0
 10
-110.288
 20
-118.058
 11
-110.204
 21
-117.863
  0
LINE
  8
0
 10
-110.204
 20
-117.863
 11
-110.108
 21
-117.674
  0
LINE
  8
0
 10
-110.108
 20
-117.674
 11
-110
 21
-117.492
  0
LINE
  8
0
 10
-110
 20
-117.492
 11
-109.88
 21
-117.316
  0
LINE
  8
0
 10
-109.88
 20
-117.316
 11
-109.75
 21
-117.149
  0
LINE
  8
0
 10
-109.75
 20
-117.149
 11
-109.61
 21
-116.99
  0
LINE
  8
0
 10
-109.61
 20
-116.99
 11
-109.46
 21
-116.84
  0
LINE
  8
0
 10
-109.46
 20
-116.84
 11
-109.301
 21
-116.7
  0
LINE
  8
0
 10
-109.301
 20
-116.7
 11
-109.134
 21
-116.57
  0
LINE
  8
0
 10
-109.134
 20
-116.57
 11
-108.958
 21
-116.45
  0
LINE
  8
0
 10
-108.958
 20
-116.45
 11
-108.776
 21
-116.342
  0
LINE
  8
0
 10
-108.776
 20
-116.342
 11
-108.587
 21
-116.246
  0
LINE
  8
0
 10
-108.587
 20
-116.246
 11
-108.392
 21
-116.162
  0
LINE
  8
0
 10
-108.392
 20
-116.162
 11
-108.193
 21
-116.09
  0
LINE
  8
0
 10
-108.193
 20
-116.09
 11
-107.989
 21
-116.031
  0
LINE
  8
0
 10
-107.989
 20
-116.031
 11
-107.782
 21
-115.985
  0
LINE
  8
0
 10
-107.782
 20
-115.985
 11
-107.573
 21
-115.952
  0
LINE
  8
0
 10
-107.573
 20
-115.952
 11
-107.362
 21
-115.932
  0
LINE
  8
0
 10
-107.362
 20
-115.932
 11
-107.15
 21
-115.925
  0
LINE
  8
0
 10
-107.15
 20
-115.925
 11
-106.938
 21
-115.932
  0
LINE
  8
0
 10
-106.938
 20
-115.932
 11
-106.727
 21
-115.952
  0
LINE
  8
0
 10
-106.727
 20
-115.952
 11
-106.518
 21
-115.985
  0
LINE
  8
0
 10
-106.518
 20
-115.985
 11
-106.311
 21
-116.031
  0
LINE
  8
0
 10
-106.311
 20
-116.031
 11
-106.107
 21
-116.09
  0
LINE
  8
0
 10
-106.107
 20
-116.09
 11
-105.908
 21
-116.162
  0
LINE
  8
0
 10
-105.908
 20
-116.162
 11
-105.713
 21
-116.246
  0
LINE
  8
0
 10
-105.713
 20
-116.246
 11
-105.524
 21
-116.342
  0
LINE
  8
0
 10
-105.524
 20
-116.342
 11
-105.342
 21
-116.45
  0
LINE
  8
0
 10
-105.342
 20
-116.45
 11
-105.166
 21
-116.57
  0
LINE
  8
0
 10
-105.166
 20
-116.57
 11
-104.999
 21
-116.7
  0
LINE
  8
0
 10
-104.999
 20
-116.7
 11
-104.84
 21
-116.84
  0
LINE
  8
0
 10
-104.84
 20
-116.84
 11
-104.69
 21
-116.99
  0
LINE
  8
0
 10
-104.69
 20
-116.99
 11
-104.55
 21
-117.149
  0
LINE
  8
0
 10
-104.55
 20
-117.149
 11
-104.42
 21
-117.316
  0
LINE
  8
0
 10
-104.42
 20
-117.316
 11
-104.3
 21
-117.492
  0
LINE
  8
0
 10
-104.3
 20
-117.492
 11
-104.192
 21
-117.674
  0
LINE
  8
0
 10
-104.192
 20
-117.674
 11
-104.096
 21
-117.863
  0
LINE
  8
0
 10
-104.096
 20
-117.863
 11
-104.012
 21
-118.058
  0
LINE
  8
0
 10
-104.012
 20
-118.058
 11
-103.94
 21
-118.257
  0
LINE
  8
0
 10
-103.94
 20
-118.257
 11
-103.881
 21
-118.461
  0
LINE
  8
0
 10
-103.881
 20
-118.461
 11
-103.835
 21
-118.668
  0
LINE
  8
0
 10
-103.835
 20
-118.668
 11
-103.802
 21
-118.877
  0
LINE
  8
0
 10
-103.802
 20
-118.877
 11
-103.782
 21
-119.088
  0
LINE
  8
0
 10
-103.782
 20
-119.088
 11
-103.775
 21
-119.3
  0
LINE
  8
0
 10
-103.775
 20
-119.3
 11
-103.782
 21
-119.512
  0
LINE
  8
0
 10
-103.782
 20
-119.512
 11
-103.802
 21
-119.723
  0
LINE
  8
0
 10
-103.802
 20
-119.723
 11
-103.835
 21
-119.932
  0
LINE
  8
0
 10
-103.835
 20
-119.932
 11
-103.881
 21
-120.139
  0
LINE
  8
0
 10
-103.881
 20
-120.139
 11
-103.94
 21
-120.343
  0
LINE
  8
0
 10
-103.94
 20
-120.343
 11
-104.012
 21
-120.542
  0
LINE
  8
0
 10
-104.012
 20
-120.542
 11
-104.096
 21
-120.737
  0
LINE
  8
0
 10
-104.096
 20
-120.737
 11
-104.192
 21
-120.926
  0
LINE
  8
0
 10
-104.192
 20
-120.926
 11
-104.3
 21
-121.108
  0
LINE
  8
0
 10
-104.3
 20
-121.108
 11
-104.42
 21
-121.284
  0
LINE
  8
0
 10
-104.42
 20
-121.284
 11
-104.55
 21
-121.451
  0
LINE
  8
0
 10
-104.55
 20
-121.451
 11
-104.69
 21
-121.61
  0
LINE
  8
0
 10
-104.69
 20
-121.61
 11
-104.84
 21
-121.76
  0
LINE
  8
0
 10
-104.84
 20
-121.76
 11
-104.999
 21
-121.9
  0
LINE
  8
0
 10
-104.999
 20
-121.9
 11
-105.166
 21
-122.03
  0
LINE
  8
0
 10
-105.166
 20
-122.03
 11
-105.342
 21
-122.15
  0
LINE
  8
0
 10
-105.342
 20
-122.15
 11
-105.524
 21
-122.258
  0
LINE
  8
0
 10
-105.524
 20
-122.258
 11
-105.713
 21
-122.354
  0
LINE
  8
0
 10
-105.713
 20
-122.354
 11
-105.908
 21
-122.438
  0
LINE
  8
0
 10
-105.908
 20
-122.438
 11
-106.107
 21
-122.51
  0
LINE
  8
0
 10
-106.107
 20
-122.51
 11
-106.311
 21
-122.569
  0
LINE
  8
0
 10
-106.311
 20
-122.569
 11
-106.518
 21
-122.615
  0
LINE
  8
0
 10
-106.518
 20
-122.615
 11
-106.727
 21
-122.648
  0
LINE
  8
0
 10
-106.727
 20
-122.648
 11
-106.938
 21
-122.668
  0
LINE
  8
0
 10
-106.938
 20
-122.668
 11
-107.15
 21
-122.675
  0
LINE
  8
0
 10
-107.15
 20
-122.675
 11
-107.362
 21
-122.668
  0
LINE
  8
0
 10
119.938
 20
-122.668
 11
119.727
 21
-122.648
  0
LINE
  8
0
 10
119.727
 20
-122.648
 11
119.518
 21
-122.615
  0
LINE
  8
0
 10
119.518
 20
-122.615
 11
119.311
 21
-122.569
  0
LINE
  8
0
 10
119.311
 20
-122.569
 11
119.107
 21
-122.51
  0
LINE
  8
0
 10
119.107
 20
-122.51
 11
118.908
 21
-122.438
  0
LINE
  8
0
 10
118.908
 20
-122.438
 11
118.713
 21
-122.354
  0
LINE
  8
0
 10
118.713
 20
-122.354
 11
118.524
 21
-122.258
  0
LINE
  8
0
 10
118.524
 20
-122.258
 11
118.342
 21
-122.15
  0
LINE
  8
0
 10
118.342
 20
-122.15
 11
118.166
 21
-122.03
  0
LINE
  8
0
 10
118.166
 20
-122.03
 11
117.999
 21
-121.9
  0
LINE
  8
0
 10
117.999
 20
-121.9
 11
117.84
 21
-121.76
  0
LINE
  8
0
 10
117.84
 20
-121.76
 11
117.69
 21
-121.61
  0
LINE
  8
0
 10
117.69
 20
-121.61
 11
117.55
 21
-121.451
  0
LINE
  8
0
 10
117.55
 20
-121.451
 11
117.42
 21
-121.284
  0
LINE
  8
0
 10
117.42
 20
-121.284
 11
117.3
 21
-121.108
  0
LINE
  8
0
 10
117.3
 20
-121.108
 11
117.192
 21
-120.926
  0
LINE
  8
0
 10
117.192
 20
-120.926
 11
117.096
 21
-120.737
  0
LINE
  8
0
 10
117.096
 20
-120.737
 11
117.012
 21
-120.542
  0
LINE
  8
0
 10
117.012
 20
-120.542
 11
116.94
 21
-120.343
  0
LINE
  8
0
 10
116.94
 20
-120.343
 11
116.881
 21
-120.139
  0
LINE
  8
0
 10
116.881
 20
-120.139
 11
116.835
 21
-119.932
  0
LINE
  8
0
 10
116.835
 20
-119.932
 11
116.802
 21
-119.723
  0
LINE
  8
0
 10
116.802
 20
-119.723
 11
116.782
 21
-119.512
  0
LINE
  8
0
 10
116.782
 20
-119.512
 11
116.775
 21
-119.3
  0
LINE
  8
0
 10
116.775
 20
-119.3
 11
116.782
 21
-119.088
  0
LINE
  8
0
 10
116.782
 20
-119.088
 11
116.802
 21
-118.877
  0
LINE
  8
0
 10
116.802
 20
-118.877
 11
116.835
 21
-118.668
  0
LINE
  8
0
 10
116.835
 20
-118.668
 11
116.881
 21
-118.461
  0
LINE
  8
0
 10
116.881
 20
-118.461
 11
116.94
 21
-118.257
  0
LINE
  8
0
 10
116.94
 20
-118.257
 11
117.012
 21
-118.058
  0
LINE
  8
0
 10
117.012
 20
-118.058
 11
117.096
 21
-117.863
  0
LINE
  8
0
 10
117.096
 20
-117.863
 11
117.192
 21
-117.674
  0
LINE
  8
0
 10
117.192
 20
-117.674
 11
117.3
 21
-117.492
  0
LINE
  8
0
 10
117.3
 20
-117.492
 11
117.42
 21
-117.316
  0
LINE
  8
0
 10
117.42
 20
-117.316
 11
117.55
 21
-117.149
  0
LINE
  8
0
 10
117.55
 20
-117.149
 11
117.69
 21
-116.99
  0
LINE
  8
0
 10
117.69
 20
-116.99
 11
117.84
 21
-116.84
  0
LINE
  8
0
 10
117.84
 20
-116.84
 11
117.999
 21
-116.7
  0
LINE
  8
0
 10
117.999
 20
-116.7
 11
118.166
 21
-116.57
  0
LINE
  8
0
 10
118.166
 20
-116.57
 11
118.342
 21
-116.45
  0
LINE
  8
0
 10
118.342
 20
-116.45
 11
118.524
 21
-116.342
  0
LINE
  8
0
 10
118.524
 20
-116.342
 11
118.713
 21
-116.246
  0
LINE
  8
0
 10
118.713
 20
-116.246
 11
118.908
 21
-116.162
  0
LINE
  8
0
 10
118.908
 20
-116.162
 11
119.107
 21
-116.09
  0
LINE
  8
0
 10
119.107
 20
-116.09
 11
119.311
 21
-116.031
  0
LINE
  8
0
 10
119.311
 20
-116.031
 11
119.518
 21
-115.985
  0
LINE
  8
0
 10
119.518
 20
-115.985
 11
119.727
 21
-115.952
  0
LINE
  8
0
 10
119.727
 20
-115.952
 11
119.938
 21
-115.932
  0
LINE
  8
0
 10
119.938
 20
-115.932
 11
120.15
 21
-115.925
  0
LINE
  8
0
 10
120.15
 20
-115.925
 11
120.362
 21
-115.932
  0
LINE
  8
0
 10
120.362
 20
-115.932
 11
120.573
 21
-115.952
  0
LINE
  8
0
 10
120.573
 20
-115.952
 11
120.782
 21
-115.985
  0
LINE
  8
0
 10
120.782
 20
-115.985
 11
120.989
 21
-116.031
  0
LINE
  8
0
 10
120.989
 20
-116.031
 11
121.193
 21
-116.09
  0
LINE
  8
0
 10
121.193
 20
-116.09
 11
121.392
 21
-116.162
  0
LINE
  8
0
 10
121.392
 20
-116.162
 11
121.587
 21
-116.246
  0
LINE
  8
0
 10
121.587
 20
-116.246
 11
121.776
 21
-116.342
  0
LINE
  8
0
 10
121.776
 20
-116.342
 11
121.958
 21
-116.45
  0
LINE
  8
0
 10
121.958
 20
-116.45
 11
122.134
 21
-116.57
  0
LINE
  8
0
 10
122.134
 20
-116.57
 11
122.301
 21
-116.7
  0
LINE
  8
0
 10
122.301
 20
-116.7
 11
122.46
 21
-116.84
  0
LINE
  8
0
 10
122.46
 20
-116.84
 11
122.61
 21
-116.99
  0
LINE
  8
0
 10
122.61
 20
-116.99
 11
122.75
 21
-117.149
  0
LINE
  8
0
 10
122.75
 20
-117.149
 11
122.88
 21
-117.316
  0
LINE
  8
0
 10
122.88
 20
-117.316
 11
123
 21
-117.492
  0
LINE
  8
0
 10
123
 20
-117.492
 11
123.108
 21
-117.674
  0
LINE
  8
0
 10
123.108
 20
-117.674
 11
123.204
 21
-117.863
  0
LINE
  8
0
 10
123.204
 20
-117.863
 11
123.288
 21
-118.058
  0
LINE
  8
0
 10
123.288
 20
-118.058
 11
123.36
 21
-118.257
  0
LINE
  8
0
 10
123.36
 20
-118.257
 11
123.419
 21
-118.461
  0
LINE
  8
0
 10
123.419
 20
-118.461
 11
123.465
 21
-118.668
  0
LINE
  8
0
 10
123.465
 20
-118.668
 11
123.498
 21
-118.877
  0
LINE
  8
0
 10
123.498
 20
-118.877
 11
123.518
 21
-119.088
  0
LINE
  8
0
 10
123.518
 20
-119.088
 11
123.525
 21
-119.3
  0
LINE
  8
0
 10
123.525
 20
-119.3
 11
123.518
 21
-119.512
  0
LINE
  8
0
 10
123.518
 20
-119.512
 11
123.498
 21
-119.723
  0
LINE
  8
0
 10
123.498
 20
-119.723
 11
123.465
 21
-119.932
  0
LINE
  8
0
 10
123.465
 20
-119.932
 11
123.419
 21
-120.139
  0
LINE
  8
0
 10
123.419
 20
-120.139
 11
123.36
 21
-120.343
  0
LINE
  8
0
 10
123.36
 20
-120.343
 11
123.288
 21
-120.542
  0
LINE
  8
0
 10
123.288
 20
-120.542
 11
123.204
 21
-120.737
  0
LINE
  8
0
 10
123.204
 20
-120.737
 11
123.108
 21
-120.926
  0
LINE
  8
0
 10
123.108
 20
-120.926
 11
123
 21
-121.108
  0
LINE
  8
0
 10
123
 20
-121.108
 11
122.88
 21
-121.284
  0
LINE
  8
0
 10
122.88
 20
-121.284
 11
122.75
 21
-121.451
  0
LINE
  8
0
 10
122.75
 20
-121.451
 11
122.61
 21
-121.61
  0
LINE
  8
0
 10
122.61
 20
-121.61
 11
122.46
 21
-121.76
  0
LINE
  8
0
 10
122.46
 20
-121.76
 11
122.301
 21
-121.9
  0
LINE
  8
0
 10
122.301
 20
-121.9
 11
122.134
 21
-122.03
  0
LINE
  8
0
 10
122.134
 20
-122.03
 11
121.958
 21
-122.15
  0
LINE
  8
0
 10
121.958
 20
-122.15
 11
121.776
 21
-122.258
  0
LINE
  8
0
 10
121.776
 20
-122.258
 11
121.587
 21
-122.354
  0
LINE
  8
0
 10
121.587
 20
-122.354
 11
121.392
 21
-122.438
  0
LINE
  8
0
 10
121.392
 20
-122.438
 11
121.193
 21
-122.51
  0
LINE
  8
0
 10
121.193
 20
-122.51
 11
120.989
 21
-122.569
  0
LINE
  8
0
 10
120.989
 20
-122.569
 11
120.782
 21
-122.615
  0
LINE
  8
0
 10
120.782
 20
-122.615
 11
120.573
 21
-122.648
  0
LINE
  8
0
 10
120.573
 20
-122.648
 11
120.362
 21
-122.668
  0
LINE
  8
0
 10
120.362
 20
-122.668
 11
120.15
 21
-122.675
  0
LINE
  8
0
 10
120.15
 20
-122.675
 11
119.938
 21
-122.668
  0
LINE
  8
0
 10
-107.362
 20
-148.068
 11
-107.573
 21
-148.048
  0
LINE
  8
0
 10
-107.573
 20
-148.048
 11
-107.782
 21
-148.015
  0
LINE
  8
0
 10
-107.782
 20
-148.015
 11
-107.989
 21
-147.969
  0
LINE
  8
0
 10
-107.989
 20
-147.969
 11
-108.193
 21
-147.91
  0
LINE
  8
0
 10
-108.193
 20
-147.91
 11
-108.392
 21
-147.838
  0
LINE
  8
0
 10
-108.392
 20
-147.838
 11
-108.587
 21
-147.754
  0
LINE
  8
0
 10
-108.587
 20
-147.754
 11
-108.776
 21
-147.658
  0
LINE
  8
0
 10
-108.776
 20
-147.658
 11
-108.958
 21
-147.55
  0
LINE
  8
0
 10
-108.958
 20
-147.55
 11
-109.134
 21
-147.43
  0
LINE
  8
0
 10
-109.134
 20
-147.43
 11
-109.301
 21
-147.3
  0
LINE
  8
0
 10
-109.301
 20
-147.3
 11
-109.46
 21
-147.16
  0
LINE
  8
0
 10
-109.46
 20
-147.16
 11
-109.61
 21
-147.01
  0
LINE
  8
0
 10
-109.61
 20
-147.01
 11
-109.75
 21
-146.851
  0
LINE
  8
0
 10
-109.75
 20
-146.851
 11
-109.88
 21
-146.684
  0
LINE
  8
0
 10
-109.88
 20
-146.684
 11
-110
 21
-146.508
  0
LINE
  8
0
 10
-110
 20
-146.508
 11
-110.108
 21
-146.326
  0
LINE
  8
0
 10
-110.108
 20
-146.326
 11
-110.204
 21
-146.137
  0
LINE
  8
0
 10
-110.204
 20
-146.137
 11
-110.288
 21
-145.942
  0
LINE
  8
0
 10
-110.288
 20
-145.942
 11
-110.36
 21
-145.743
  0
LINE
  8
0
 10
-110.36
 20
-145.743
 11
-110.419
 21
-145.539
  0
LINE
  8
0
 10
-110.419
 20
-145.539
 11
-110.465
 21
-145.332
  0
LINE
  8
0
 10
-110.465
 20
-145.332
 11
-110.498
 21
-145.123
  0
LINE
  8
0
 10
-110.498
 20
-145.123
 11
-110.518
 21
-144.912
  0
LINE
  8
0
 10
-110.518
 20
-144.912
 11
-110.525
 21
-144.7
  0
LINE
  8
0
 10
-110.525
 20
-144.7
 11
-110.518
 21
-144.488
  0
LINE
  8
0
 10
-110.518
 20
-144.488
 11
-110.498
 21
-144.277
  0
LINE
  8
0
 10
-110.498
 20
-144.277
 11
-110.465
 21
-144.068
  0
LINE
  8
0
 10
-110.465
 20
-144.068
 11
-110.419
 21
-143.861
  0
LINE
  8
0
 10
-110.419
 20
-143.861
 11
-110.36
 21
-143.657
  0
LINE
  8
0
 10
-110.36
 20
-143.657
 11
-110.288
 21
-143.458
  0
LINE
  8
0
 10
-110.288
 20
-143.458
 11
-110.204
 21
-143.263
  0
LINE
  8
0
 10
-110.204
 20
-143.263
 11
-110.108
 21
-143.074
  0
LINE
  8
0
 10
-110.108
 20
-143.074
 11
-110
 21
-142.892
  0
LINE
  8
0
 10
-110
 20
-142.892
 11
-109.88
 21
-142.716
  0
LINE
  8
0
 10
-109.88
 20
-142.716
 11
-109.75
 21
-142.549
  0
LINE
  8
0
 10
-109.75
 20
-142.549
 11
-109.61
 21
-142.39
  0
LINE
  8
0
 10
-109.61
 20
-142.39
 11
-109.46
 21
-142.24
  0
LINE
  8
0
 10
-109.46
 20
-142.24
 11
-109.301
 21
-142.1
  0
LINE
  8
0
 10
-109.301
 20
-142.1
 11
-109.134
 21
-141.97
  0
LINE
  8
0
 10
-109.134
 20
-141.97
 11
-108.958
 21
-141.85
  0
LINE
  8
0
 10
-108.958
 20
-141.85
 11
-108.776
 21
-141.742
  0
LINE
  8
0
 10
-108.776
 20
-141.742
 11
-108.587
 21
-141.646
  0
LINE
  8
0
 10
-108.587
 20
-141.646
 11
-108.392
 21
-141.562
  0
LINE
  8
0
 10
-108.392
 20
-141.562
 11
-108.193
 21
-141.49
  0
LINE
  8
0
 10
-108.193
 20
-141.49
 11
-107.989
 21
-141.431
  0
LINE
  8
0
 10
-107.989
 20
-141.431
 11
-107.782
 21
-141.385
  0
LINE
  8
0
 10
-107.782
 20
-141.385
 11
-107.573
 21
-141.352
  0
LINE
  8
0
 10
-107.573
 20
-141.352
 11
-107.362
 21
-141.332
  0
LINE
  8
0
 10
-107.362
 20
-141.332
 11
-107.15
 21
-141.325
  0
LINE
  8
0
 10
-107.15
 20
-141.325
 11
-106.938
 21
-141.332
  0
LINE
  8
0
 10
-106.938
 20
-141.332
 11
-106.727
 21
-141.352
  0
LINE
  8
0
 10
-106.727
 20
-141.352
 11
-106.518
 21
-141.385
  0
LINE
  8
0
 10
-106.518
 20
-141.385
 11
-106.311
 21
-141.431
  0
LINE
  8
0
 10
-106.311
 20
-141.431
 11
-106.107
 21
-141.49
  0
LINE
  8
0
 10
-106.107
 20
-141.49
 11
-105.908
 21
-141.562
  0
LINE
  8
0
 10
-105.908
 20
-141.562
 11
-105.713
 21
-141.646
  0
LINE
  8
0
 10
-105.713
 20
-141.646
 11
-105.524
 21
-141.742
  0
LINE
  8
0
 10
-105.524
 20
-141.742
 11
-105.342
 21
-141.85
  0
LINE
  8
0
 10
-105.342
 20
-141.85
 11
-105.166
 21
-141.97
  0
LINE
  8
0
 10
-105.166
 20
-141.97
 11
-104.999
 21
-142.1
  0
LINE
  8
0
 10
-104.999
 20
-142.1
 11
-104.84
 21
-142.24
  0
LINE
  8
0
 10
-104.84
 20
-142.24
 11
-104.69
 21
-142.39
  0
LINE
  8
0
 10
-104.69
 20
-142.39
 11
-104.55
 21
-142.549
  0
LINE
  8
0
 10
-104.55
 20
-142.549
 11
-104.42
 21
-142.716
  0
LINE
  8
0
 10
-104.42
 20
-142.716
 11
-104.3
 21
-142.892
  0
LINE
  8
0
 10
-104.3
 20
-142.892
 11
-104.192
 21
-143.074
  0
LINE
  8
0
 10
-104.192
 20
-143.074
 11
-104.096
 21
-143.263
  0
LINE
  8
0
 10
-104.096
 20
-143.263
 11
-104.012
 21
-143.458
  0
LINE
  8
0
 10
-104.012
 20
-143.458
 11
-103.94
 21
-143.657
  0
LINE
  8
0
 10
-103.94
 20
-143.657
 11
-103.881
 21
-143.861
  0
LINE
  8
0
 10
-103.881
 20
-143.861
 11
-103.835
 21
-144.068
  0
LINE
  8
0
 10
-103.835
 20
-144.068
 11
-103.802
 21
-144.277
  0
LINE
  8
0
 10
-103.802
 20
-144.277
 11
-103.782
 21
-144.488
  0
LINE
  8
0
 10
-103.782
 20
-144.488
 11
-103.775
 21
-144.7
  0
LINE
  8
0
 10
-103.775
 20
-144.7
 11
-103.782
 21
-144.912
  0
LINE
  8
0
 10
-103.782
 20
-144.912
 11
-103.802
 21
-145.123
  0
LINE
  8
0
 10
-103.802
 20
-145.123
 11
-103.835
 21
-145.332
  0
LINE
  8
0
 10
-103.835
 20
-145.332
 11
-103.881
 21
-145.539
  0
LINE
  8
0
 10
-103.881
 20
-145.539
 11
-103.94
 21
-145.743
  0
LINE
  8
0
 10
-103.94
 20
-145.743
 11
-104.012
 21
-145.942
  0
LINE
  8
0
 10
-104.012
 20
-145.942
 11
-104.096
 21
-146.137
  0
LINE
  8
0
 10
-104.096
 20
-146.137
 11
-104.192
 21
-146.326
  0
LINE
  8
0
 10
-104.192
 20
-146.326
 11
-104.3
 21
-146.508
  0
LINE
  8
0
 10
-104.3
 20
-146.508
 11
-104.42
 21
-146.684
  0
LINE
  8
0
 10
-104.42
 20
-146.684
 11
-104.55
 21
-146.851
  0
LINE
  8
0
 10
-104.55
 20
-146.851
 11
-104.69
 21
-147.01
  0
LINE
  8
0
 10
-104.69
 20
-147.01
 11
-104.84
 21
-147.16
  0
LINE
  8
0
 10
-104.84
 20
-147.16
 11
-104.999
 21
-147.3
  0
LINE
  8
0
 10
-104.999
 20
-147.3
 11
-105.166
 21
-147.43
  0
LINE
  8
0
 10
-105.166
 20
-147.43
 11
-105.342
 21
-147.55
  0
LINE
  8
0
 10
-105.342
 20
-147.55
 11
-105.524
 21
-147.658
  0
LINE
  8
0
 10
-105.524
 20
-147.658
 11
-105.713
 21
-147.754
  0
LINE
  8
0
 10
-105.713
 20
-147.754
 11
-105.908
 21
-147.838
  0
LINE
  8
0
 10
-105.908
 20
-147.838
 11
-106.107
 21
-147.91
  0
LINE
  8
0
 10
-106.107
 20
-147.91
 11
-106.311
 21
-147.969
  0
LINE
  8
0
 10
-106.311
 20
-147.969
 11
-106.518
 21
-148.015
  0
LINE
  8
0
 10
-106.518
 20
-148.015
 11
-106.727
 21
-148.048
  0
LINE
  8
0
 10
-106.727
 20
-148.048
 11
-106.938
 21
-148.068
  0
LINE
  8
0
 10
-106.938
 20
-148.068
 11
-107.15
 21
-148.075
  0
LINE
  8
0
 10
-107.15
 20
-148.075
 11
-107.362
 21
-148.068
  0
LINE
  8
0
 10
119.938
 20
-148.068
 11
119.727
 21
-148.048
  0
LINE
  8
0
 10
119.727
 20
-148.048
 11
119.518
 21
-148.015
  0
LINE
  8
0
 10
119.518
 20
-148.015
 11
119.311
 21
-147.969
  0
LINE
  8
0
 10
119.311
 20
-147.969
 11
119.107
 21
-147.91
  0
LINE
  8
0
 10
119.107
 20
-147.91
 11
118.908
 21
-147.838
  0
LINE
  8
0
 10
118.908
 20
-147.838
 11
118.713
 21
-147.754
  0
LINE
  8
0
 10
118.713
 20
-147.754
 11
118.524
 21
-147.658
  0
LINE
  8
0
 10
118.524
 20
-147.658
 11
118.342
 21
-147.55
  0
LINE
  8
0
 10
118.342
 20
-147.55
 11
118.166
 21
-147.43
  0
LINE
  8
0
 10
118.166
 20
-147.43
 11
117.999
 21
-147.3
  0
LINE
  8
0
 10
117.999
 20
-147.3
 11
117.84
 21
-147.16
  0
LINE
  8
0
 10
117.84
 20
-147.16
 11
117.69
 21
-147.01
  0
LINE
  8
0
 10
117.69
 20
-147.01
 11
117.55
 21
-146.851
  0
LINE
  8
0
 10
117.55
 20
-146.851
 11
117.42
 21
-146.684
  0
LINE
  8
0
 10
117.42
 20
-146.684
 11
117.3
 21
-146.508
  0
LINE
  8
0
 10
117.3
 20
-146.508
 11
117.192
 21
-146.326
  0
LINE
  8
0
 10
117.192
 20
-146.326
 11
117.096
 21
-146.137
  0
LINE
  8
0
 10
117.096
 20
-146.137
 11
117.012
 21
-145.942
  0
LINE
  8
0
 10
117.012
 20
-145.942
 11
116.94
 21
-145.743
  0
LINE
  8
0
 10
116.94
 20
-145.743
 11
116.881
 21
-145.539
  0
LINE
  8
0
 10
116.881
 20
-145.539
 11
116.835
 21
-145.332
  0
LINE
  8
0
 10
116.835
 20
-145.332
 11
116.802
 21
-145.123
  0
LINE
  8
0
 10
116.802
 20
-145.123
 11
116.782
 21
-144.912
  0
LINE
  8
0
 10
116.782
 20
-144.912
 11
116.775
 21
-144.7
  0
LINE
  8
0
 10
116.775
 20
-144.7
 11
116.782
 21
-144.488
  0
LINE
  8
0
 10
116.782
 20
-144.488
 11
116.802
 21
-144.277
  0
LINE
  8
0
 10
116.802
 20
-144.277
 11
116.835
 21
-144.068
  0
LINE
  8
0
 10
116.835
 20
-144.068
 11
116.881
 21
-143.861
  0
LINE
  8
0
 10
116.881
 20
-143.861
 11
116.94
 21
-143.657
  0
LINE
  8
0
 10
116.94
 20
-143.657
 11
117.012
 21
-143.458
  0
LINE
  8
0
 10
117.012
 20
-143.458
 11
117.096
 21
-143.263
  0
LINE
  8
0
 10
117.096
 20
-143.263
 11
117.192
 21
-143.074
  0
LINE
  8
0
 10
117.192
 20
-143.074
 11
117.3
 21
-142.892
  0
LINE
  8
0
 10
117.3
 20
-142.892
 11
117.42
 21
-142.716
  0
LINE
  8
0
 10
117.42
 20
-142.716
 11
117.55
 21
-142.549
  0
LINE
  8
0
 10
117.55
 20
-142.549
 11
117.69
 21
-142.39
  0
LINE
  8
0
 10
117.69
 20
-142.39
 11
117.84
 21
-142.24
  0
LINE
  8
0
 10
117.84
 20
-142.24
 11
117.999
 21
-142.1
  0
LINE
  8
0
 10
117.999
 20
-142.1
 11
118.166
 21
-141.97
  0
LINE
  8
0
 10
118.166
 20
-141.97
 11
118.342
 21
-141.85
  0
LINE
  8
0
 10
118.342
 20
-141.85
 11
118.524
 21
-141.742
  0
LINE
  8
0
 10
118.524
 20
-141.742
 11
118.713
 21
-141.646
  0
LINE
  8
0
 10
118.713
 20
-141.646
 11
118.908
 21
-141.562
  0
LINE
  8
0
 10
118.908
 20
-141.562
 11
119.107
 21
-141.49
  0
LINE
  8
0
 10
119.107
 20
-141.49
 11
119.311
 21
-141.431
  0
LINE
  8
0
 10
119.311
 20
-141.431
 11
119.518
 21
-141.385
  0
LINE
  8
0
 10
119.518
 20
-141.385
 11
119.727
 21
-141.352
  0
LINE
  8
0
 10
119.727
 20
-141.352
 11
119.938
 21
-141.332
  0
LINE
  8
0
 10
119.938
 20
-141.332
 11
120.15
 21
-141.325
  0
LINE
  8
0
 10
120.15
 20
-141.325
 11
120.362
 21
-141.332
  0
LINE
  8
0
 10
120.362
 20
-141.332
 11
120.573
 21
-141.352
  0
LINE
  8
0
 10
120.573
 20
-141.352
 11
120.782
 21
-141.385
  0
LINE
  8
0
 10
120.782
 20
-141.385
 11
120.989
 21
-141.431
  0
LINE
  8
0
 10
120.989
 20
-141.431
 11
121.193
 21
-141.49
  0
LINE
  8
0
 10
121.193
 20
-141.49
 11
121.392
 21
-141.562
  0
LINE
  8
0
 10
121.392
 20
-141.562
 11
121.587
 21
-141.646
  0
LINE
  8
0
 10
121.587
 20
-141.646
 11
121.776
 21
-141.742
  0
LINE
  8
0
 10
121.776
 20
-141.742
 11
121.958
 21
-141.85
  0
LINE
  8
0
 10
121.958
 20
-141.85
 11
122.134
 21
-141.97
  0
LINE
  8
0
 10
122.134
 20
-141.97
 11
122.301
 21
-142.1
  0
LINE
  8
0
 10
122.301
 20
-142.1
 11
122.46
 21
-142.24
  0
LINE
  8
0
 10
122.46
 20
-142.24
 11
122.61
 21
-142.39
  0
LINE
  8
0
 10
122.61
 20
-142.39
 11
122.75
 21
-142.549
  0
LINE
  8
0
 10
122.75
 20
-142.549
 11
122.88
 21
-142.716
  0
LINE
  8
0
 10
122.88
 20
-142.716
 11
123
 21
-142.892
  0
LINE
  8
0
 10
123
 20
-142.892
 11
123.108
 21
-143.074
  0
LINE
  8
0
 10
123.108
 20
-143.074
 11
123.204
 21
-143.263
  0
LINE
  8
0
 10
123.204
 20
-143.263
 11
123.288
 21
-143.458
  0
LINE
  8
0
 10
123.288
 20
-143.458
 11
123.36
 21
-143.657
  0
LINE
  8
0
 10
123.36
 20
-143.657
 11
123.419
 21
-143.861
  0
LINE
  8
0
 10
123.419
 20
-143.861
 11
123.465
 21
-144.068
  0
LINE
  8
0
 10
123.465
 20
-144.068
 11
123.498
 21
-144.277
  0
LINE
  8
0
 10
123.498
 20
-144.277
 11
123.518
 21
-144.488
  0
LINE
  8
0
 10
123.518
 20
-144.488
 11
123.525
 21
-144.7
  0
LINE
  8
0
 10
123.525
 20
-144.7
 11
123.518
 21
-144.912
  0
LINE
  8
0
 10
123.518
 20
-144.912
 11
123.498
 21
-145.123
  0
LINE
  8
0
 10
123.498
 20
-145.123
 11
123.465
 21
-145.332
  0
LINE
  8
0
 10
123.465
 20
-145.332
 11
123.419
 21
-145.539
  0
LINE
  8
0
 10
123.419
 20
-145.539
 11
123.36
 21
-145.743
  0
LINE
  8
0
 10
123.36
 20
-145.743
 11
123.288
 21
-145.942
  0
LINE
  8
0
 10
123.288
 20
-145.942
 11
123.204
 21
-146.137
  0
LINE
  8
0
 10
123.204
 20
-146.137
 11
123.108
 21
-146.326
  0
LINE
  8
0
 10
123.108
 20
-146.326
 11
123
 21
-146.508
  0
LINE
  8
0
 10
123
 20
-146.508
 11
122.88
 21
-146.684
  0
LINE
  8
0
 10
122.88
 20
-146.684
 11
122.75
 21
-146.851
  0
LINE
  8
0
 10
122.75
 20
-146.851
 11
122.61
 21
-147.01
  0
LINE
  8
0
 10
122.61
 20
-147.01
 11
122.46
 21
-147.16
  0
LINE
  8
0
 10
122.46
 20
-147.16
 11
122.301
 21
-147.3
  0
LINE
  8
0
 10
122.301
 20
-147.3
 11
122.134
 21
-147.43
  0
LINE
  8
0
 10
122.134
 20
-147.43
 11
121.958
 21
-147.55
  0
LINE
  8
0
 10
121.958
 20
-147.55
 11
121.776
 21
-147.658
  0
LINE
  8
0
 10
121.776
 20
-147.658
 11
121.587
 21
-147.754
  0
LINE
  8
0
 10
121.587
 20
-147.754
 11
121.392
 21
-147.838
  0
LINE
  8
0
 10
121.392
 20
-147.838
 11
121.193
 21
-147.91
  0
LINE
  8
0
 10
121.193
 20
-147.91
 11
120.989
 21
-147.969
  0
LINE
  8
0
 10
120.989
 20
-147.969
 11
120.782
 21
-148.015
  0
LINE
  8
0
 10
120.782
 20
-148.015
 11
120.573
 21
-148.048
  0
LINE
  8
0
 10
120.573
 20
-148.048
 11
120.362
 21
-148.068
  0
LINE
  8
0
 10
120.362
 20
-148.068
 11
120.15
 21
-148.075
  0
LINE
  8
0
 10
120.15
 20
-148.075
 11
119.938
 21
-148.068
  0
LINE
  8
0
 10
2.5
 20
-190.1
 11
2.5
 21
-150.1
  0
LINE
  8
0
 10
2.5
 20
-150.1
 11
10.5
 21
-150.1
  0
LINE
  8
0
 10
10.5
 20
-150.1
 11
10.5
 21
-190.1
  0
LINE
  8
0
 10
10.5
 20
-190.1
 11
2.5
 21
-190.1
  0
LINE
  8
0
 10
119.938
 20
-198.868
 11
119.727
 21
-198.848
  0
LINE
  8
0
 10
119.727
 20
-198.848
 11
119.518
 21
-198.815
  0
LINE
  8
0
 10
119.518
 20
-198.815
 11
119.311
 21
-198.769
  0
LINE
  8
0
 10
119.311
 20
-198.769
 11
119.107
 21
-198.71
  0
LINE
  8
0
 10
119.107
 20
-198.71
 11
118.908
 21
-198.638
  0
LINE
  8
0
 10
118.908
 20
-198.638
 11
118.713
 21
-198.554
  0
LINE
  8
0
 10
118.713
 20
-198.554
 11
118.524
 21
-198.458
  0
LINE
  8
0
 10
118.524
 20
-198.458
 11
118.342
 21
-198.35
  0
LINE
  8
0
 10
118.342
 20
-198.35
 11
118.166
 21
-198.23
  0
LINE
  8
0
 10
118.166
 20
-198.23
 11
117.999
 21
-198.1
  0
LINE
  8
0
 10
117.999
 20
-198.1
 11
117.84
 21
-197.96
  0
LINE
  8
0
 10
117.84
 20
-197.96
 11
117.69
 21
-197.81
  0
LINE
  8
0
 10
117.69
 20
-197.81
 11
117.55
 21
-197.651
  0
LINE
  8
0
 10
117.55
 20
-197.651
 11
117.42
 21
-197.484
  0
LINE
  8
0
 10
117.42
 20
-197.484
 11
117.3
 21
-197.308
  0
LINE
  8
0
 10
117.3
 20
-197.308
 11
117.192
 21
-197.126
  0
LINE
  8
0
 10
117.192
 20
-197.126
 11
117.096
 21
-196.937
  0
LINE
  8
0
 10
117.096
 20
-196.937
 11
117.012
 21
-196.742
  0
LINE
  8
0
 10
117.012
 20
-196.742
 11
116.94
 21
-196.543
  0
LINE
  8
0
 10
116.94
 20
-196.543
 11
116.881
 21
-196.339
  0
LINE
  8
0
 10
116.881
 20
-196.339
 11
116.835
 21
-196.132
  0
LINE
  8
0
 10
116.835
 20
-196.132
 11
116.802
 21
-195.923
  0
LINE
  8
0
 10
116.802
 20
-195.923
 11
116.782
 21
-195.712
  0
LINE
  8
0
 10
116.782
 20
-195.712
 11
116.775
 21
-195.5
  0
LINE
  8
0
 10
116.775
 20
-195.5
 11
116.782
 21
-195.288
  0
LINE
  8
0
 10
116.782
 20
-195.288
 11
116.802
 21
-195.077
  0
LINE
  8
0
 10
116.802
 20
-195.077
 11
116.835
 21
-194.868
  0
LINE
  8
0
 10
116.835
 20
-194.868
 11
116.881
 21
-194.661
  0
LINE
  8
0
 10
116.881
 20
-194.661
 11
116.94
 21
-194.457
  0
LINE
  8
0
 10
116.94
 20
-194.457
 11
117.012
 21
-194.258
  0
LINE
  8
0
 10
117.012
 20
-194.258
 11
117.096
 21
-194.063
  0
LINE
  8
0
 10
117.096
 20
-194.063
 11
117.192
 21
-193.874
  0
LINE
  8
0
 10
117.192
 20
-193.874
 11
117.3
 21
-193.692
  0
LINE
  8
0
 10
117.3
 20
-193.692
 11
117.42
 21
-193.516
  0
LINE
  8
0
 10
117.42
 20
-193.516
 11
117.55
 21
-193.349
  0
LINE
  8
0
 10
117.55
 20
-193.349
 11
117.69
 21
-193.19
  0
LINE
  8
0
 10
117.69
 20
-193.19
 11
117.84
 21
-193.04
  0
LINE
  8
0
 10
117.84
 20
-193.04
 11
117.999
 21
-192.9
  0
LINE
  8
0
 10
117.999
 20
-192.9
 11
118.166
 21
-192.77
  0
LINE
  8
0
 10
118.166
 20
-192.77
 11
118.342
 21
-192.65
  0
LINE
  8
0
 10
118.342
 20
-192.65
 11
118.524
 21
-192.542
  0
LINE
  8
0
 10
118.524
 20
-192.542
 11
118.713
 21
-192.446
  0
LINE
  8
0
 10
118.713
 20
-192.446
 11
118.908
 21
-192.362
  0
LINE
  8
0
 10
118.908
 20
-192.362
 11
119.107
 21
-192.29
  0
LINE
  8
0
 10
119.107
 20
-192.29
 11
119.311
 21
-192.231
  0
LINE
  8
0
 10
119.311
 20
-192.231
 11
119.518
 21
-192.185
  0
LINE
  8
0
 10
119.518
 20
-192.185
 11
119.727
 21
-192.152
  0
LINE
  8
0
 10
119.727
 20
-192.152
 11
119.938
 21
-192.132
  0
LINE
  8
0
 10
119.938
 20
-192.132
 11
120.15
 21
-192.125
  0
LINE
  8
0
 10
120.15
 20
-192.125
 11
120.362
 21
-192.132
  0
LINE
  8
0
 10
120.362
 20
-192.132
 11
120.573
 21
-192.152
  0
LINE
  8
0
 10
120.573
 20
-192.152
 11
120.782
 21
-192.185
  0
LINE
  8
0
 10
120.782
 20
-192.185
 11
120.989
 21
-192.231
  0
LINE
  8
0
 10
120.989
 20
-192.231
 11
121.193
 21
-192.29
  0
LINE
  8
0
 10
121.193
 20
-192.29
 11
121.392
 21
-192.362
  0
LINE
  8
0
 10
121.392
 20
-192.362
 11
121.587
 21
-192.446
  0
LINE
  8
0
 10
121.587
 20
-192.446
 11
121.776
 21
-192.542
  0
LINE
  8
0
 10
121.776
 20
-192.542
 11
121.958
 21
-192.65
  0
LINE
  8
0
 10
121.958
 20
-192.65
 11
122.134
 21
-192.77
  0
LINE
  8
0
 10
122.134
 20
-192.77
 11
122.301
 21
-192.9
  0
LINE
  8
0
 10
122.301
 20
-192.9
 11
122.46
 21
-193.04
  0
LINE
  8
0
 10
122.46
 20
-193.04
 11
122.61
 21
-193.19
  0
LINE
  8
0
 10
122.61
 20
-193.19
 11
122.75
 21
-193.349
  0
LINE
  8
0
 10
122.75
 20
-193.349
 11
122.88
 21
-193.516
  0
LINE
  8
0
 10
122.88
 20
-193.516
 11
123
 21
-193.692
  0
LINE
  8
0
 10
123
 20
-193.692
 11
123.108
 21
-193.874
  0
LINE
  8
0
 10
123.108
 20
-193.874
 11
123.204
 21
-194.063
  0
LINE
  8
0
 10
123.204
 20
-194.063
 11
123.288
 21
-194.258
  0
LINE
  8
0
 10
123.288
 20
-194.258
 11
123.36
 21
-194.457
  0
LINE
  8
0
 10
123.36
 20
-194.457
 11
123.419
 21
-194.661
  0
LINE
  8
0
 10
123.419
 20
-194.661
 11
123.465
 21
-194.868
  0
LINE
  8
0
 10
123.465
 20
-194.868
 11
123.498
 21
-195.077
  0
LINE
  8
0
 10
123.498
 20
-195.077
 11
123.518
 21
-195.288
  0
LINE
  8
0
 10
123.518
 20
-195.288
 11
123.525
 21
-195.5
  0
LINE
  8
0
 10
123.525
 20
-195.5
 11
123.518
 21
-195.712
  0
LINE
  8
0
 10
123.518
 20
-195.712
 11
123.498
 21
-195.923
  0
LINE
  8
0
 10
123.498
 20
-195.923
 11
123.465
 21
-196.132
  0
LINE
  8
0
 10
123.465
 20
-196.132
 11
123.419
 21
-196.339
  0
LINE
  8
0
 10
123.419
 20
-196.339
 11
123.36
 21
-196.543
  0
LINE
  8
0
 10
123.36
 20
-196.543
 11
123.288
 21
-196.742
  0
LINE
  8
0
 10
123.288
 20
-196.742
 11
123.204
 21
-196.937
  0
LINE
  8
0
 10
123.204
 20
-196.937
 11
123.108
 21
-197.126
  0
LINE
  8
0
 10
123.108
 20
-197.126
 11
123
 21
-197.308
  0
LINE
  8
0
 10
123
 20
-197.308
 11
122.88
 21
-197.484
  0
LINE
  8
0
 10
122.88
 20
-197.484
 11
122.75
 21
-197.651
  0
LINE
  8
0
 10
122.75
 20
-197.651
 11
122.61
 21
-197.81
  0
LINE
  8
0
 10
122.61
 20
-197.81
 11
122.46
 21
-197.96
  0
LINE
  8
0
 10
122.46
 20
-197.96
 11
122.301
 21
-198.1
  0
LINE
  8
0
 10
122.301
 20
-198.1
 11
122.134
 21
-198.23
  0
LINE
  8
0
 10
122.134
 20
-198.23
 11
121.958
 21
-198.35
  0
LINE
  8
0
 10
121.958
 20
-198.35
 11
121.776
 21
-198.458
  0
LINE
  8
0
 10
121.776
 20
-198.458
 11
121.587
 21
-198.554
  0
LINE
  8
0
 10
121.587
 20
-198.554
 11
121.392
 21
-198.638
  0
LINE
  8
0
 10
121.392
 20
-198.638
 11
121.193
 21
-198.71
  0
LINE
  8
0
 10
121.193
 20
-198.71
 11
120.989
 21
-198.769
  0
LINE
  8
0
 10
120.989
 20
-198.769
 11
120.782
 21
-198.815
  0
LINE
  8
0
 10
120.782
 20
-198.815
 11
120.573
 21
-198.848
  0
LINE
  8
0
 10
120.573
 20
-198.848
 11
120.362
 21
-198.868
  0
LINE
  8
0
 10
120.362
 20
-198.868
 11
120.15
 21
-198.875
  0
LINE
  8
0
 10
120.15
 20
-198.875
 11
119.938
 21
-198.868
  0
LINE
  8
0
 10
-107.362
 20
-198.868
 11
-107.573
 21
-198.848
  0
LINE
  8
0
 10
-107.573
 20
-198.848
 11
-107.782
 21
-198.815
  0
LINE
  8
0
 10
-107.782
 20
-198.815
 11
-107.989
 21
-198.769
  0
LINE
  8
0
 10
-107.989
 20
-198.769
 11
-108.193
 21
-198.71
  0
LINE
  8
0
 10
-108.193
 20
-198.71
 11
-108.392
 21
-198.638
  0
LINE
  8
0
 10
-108.392
 20
-198.638
 11
-108.587
 21
-198.554
  0
LINE
  8
0
 10
-108.587
 20
-198.554
 11
-108.776
 21
-198.458
  0
LINE
  8
0
 10
-108.776
 20
-198.458
 11
-108.958
 21
-198.35
  0
LINE
  8
0
 10
-108.958
 20
-198.35
 11
-109.134
 21
-198.23
  0
LINE
  8
0
 10
-109.134
 20
-198.23
 11
-109.301
 21
-198.1
  0
LINE
  8
0
 10
-109.301
 20
-198.1
 11
-109.46
 21
-197.96
  0
LINE
  8
0
 10
-109.46
 20
-197.96
 11
-109.61
 21
-197.81
  0
LINE
  8
0
 10
-109.61
 20
-197.81
 11
-109.75
 21
-197.651
  0
LINE
  8
0
 10
-109.75
 20
-197.651
 11
-109.88
 21
-197.484
  0
LINE
  8
0
 10
-109.88
 20
-197.484
 11
-110
 21
-197.308
  0
LINE
  8
0
 10
-110
 20
-197.308
 11
-110.108
 21
-197.126
  0
LINE
  8
0
 10
-110.108
 20
-197.126
 11
-110.204
 21
-196.937
  0
LINE
  8
0
 10
-110.204
 20
-196.937
 11
-110.288
 21
-196.742
  0
LINE
  8
0
 10
-110.288
 20
-196.742
 11
-110.36
 21
-196.543
  0
LINE
  8
0
 10
-110.36
 20
-196.543
 11
-110.419
 21
-196.339
  0
LINE
  8
0
 10
-110.419
 20
-196.339
 11
-110.465
 21
-196.132
  0
LINE
  8
0
 10
-110.465
 20
-196.132
 11
-110.498
 21
-195.923
  0
LINE
  8
0
 10
-110.498
 20
-195.923
 11
-110.518
 21
-195.712
  0
LINE
  8
0
 10
-110.518
 20
-195.712
 11
-110.525
 21
-195.5
  0
LINE
  8
0
 10
-110.525
 20
-195.5
 11
-110.518
 21
-195.288
  0
LINE
  8
0
 10
-110.518
 20
-195.288
 11
-110.498
 21
-195.077
  0
LINE
  8
0
 10
-110.498
 20
-195.077
 11
-110.465
 21
-194.868
  0
LINE
  8
0
 10
-110.465
 20
-194.868
 11
-110.419
 21
-194.661
  0
LINE
  8
0
 10
-110.419
 20
-194.661
 11
-110.36
 21
-194.457
  0
LINE
  8
0
 10
-110.36
 20
-194.457
 11
-110.288
 21
-194.258
  0
LINE
  8
0
 10
-110.288
 20
-194.258
 11
-110.204
 21
-194.063
  0
LINE
  8
0
 10
-110.204
 20
-194.063
 11
-110.108
 21
-193.874
  0
LINE
  8
0
 10
-110.108
 20
-193.874
 11
-110
 21
-193.692
  0
LINE
  8
0
 10
-110
 20
-193.692
 11
-109.88
 21
-193.516
  0
LINE
  8
0
 10
-109.88
 20
-193.516
 11
-109.75
 21
-193.349
  0
LINE
  8
0
 10
-109.75
 20
-193.349
 11
-109.61
 21
-193.19
  0
LINE
  8
0
 10
-109.61
 20
-193.19
 11
-109.46
 21
-193.04
  0
LINE
  8
0
 10
-109.46
 20
-193.04
 11
-109.301
 21
-192.9
  0
LINE
  8
0
 10
-109.301
 20
-192.9
 11
-109.134
 21
-192.77
  0
LINE
  8
0
 10
-109.134
 20
-192.77
 11
-108.958
 21
-192.65
  0
LINE
  8
0
 10
-108.958
 20
-192.65
 11
-108.776
 21
-192.542
  0
LINE
  8
0
 10
-108.776
 20
-192.542
 11
-108.587
 21
-192.446
  0
LINE
  8
0
 10
-108.587
 20
-192.446
 11
-108.392
 21
-192.362
  0
LINE
  8
0
 10
-108.392
 20
-192.362
 11
-108.193
 21
-192.29
  0
LINE
  8
0
 10
-108.193
 20
-192.29
 11
-107.989
 21
-192.231
  0
LINE
  8
0
 10
-107.989
 20
-192.231
 11
-107.782
 21
-192.185
  0
LINE
  8
0
 10
-107.782
 20
-192.185
 11
-107.573
 21
-192.152
  0
LINE
  8
0
 10
-107.573
 20
-192.152
 11
-107.362
 21
-192.132
  0
LINE
  8
0
 10
-107.362
 20
-192.132
 11
-107.15
 21
-192.125
  0
LINE
  8
0
 10
-107.15
 20
-192.125
 11
-106.938
 21
-192.132
  0
LINE
  8
0
 10
-106.938
 20
-192.132
 11
-106.727
 21
-192.152
  0
LINE
  8
0
 10
-106.727
 20
-192.152
 11
-106.518
 21
-192.185
  0
LINE
  8
0
 10
-106.518
 20
-192.185
 11
-106.311
 21
-192.231
  0
LINE
  8
0
 10
-106.311
 20
-192.231
 11
-106.107
 21
-192.29
  0
LINE
  8
0
 10
-106.107
 20
-192.29
 11
-105.908
 21
-192.362
  0
LINE
  8
0
 10
-105.908
 20
-192.362
 11
-105.713
 21
-192.446
  0
LINE
  8
0
 10
-105.713
 20
-192.446
 11
-105.524
 21
-192.542
  0
LINE
  8
0
 10
-105.524
 20
-192.542
 11
-105.342
 21
-192.65
  0
LINE
  8
0
 10
-105.342
 20
-192.65
 11
-105.166
 21
-192.77
  0
LINE
  8
0
 10
-105.166
 20
-192.77
 11
-104.999
 21
-192.9
  0
LINE
  8
0
 10
-104.999
 20
-192.9
 11
-104.84
 21
-193.04
  0
LINE
  8
0
 10
-104.84
 20
-193.04
 11
-104.69
 21
-193.19
  0
LINE
  8
0
 10
-104.69
 20
-193.19
 11
-104.55
 21
-193.349
  0
LINE
  8
0
 10
-104.55
 20
-193.349
 11
-104.42
 21
-193.516
  0
LINE
  8
0
 10
-104.42
 20
-193.516
 11
-104.3
 21
-193.692
  0
LINE
  8
0
 10
-104.3
 20
-193.692
 11
-104.192
 21
-193.874
  0
LINE
  8
0
 10
-104.192
 20
-193.874
 11
-104.096
 21
-194.063
  0
LINE
  8
0
 10
-104.096
 20
-194.063
 11
-104.012
 21
-194.258
  0
LINE
  8
0
 10
-104.012
 20
-194.258
 11
-103.94
 21
-194.457
  0
LINE
  8
0
 10
-103.94
 20
-194.457
 11
-103.881
 21
-194.661
  0
LINE
  8
0
 10
-103.881
 20
-194.661
 11
-103.835
 21
-194.868
  0
LINE
  8
0
 10
-103.835
 20
-194.868
 11
-103.802
 21
-195.077
  0
LINE
  8
0
 10
-103.802
 20
-195.077
 11
-103.782
 21
-195.288
  0
LINE
  8
0
 10
-103.782
 20
-195.288
 11
-103.775
 21
-195.5
  0
LINE
  8
0
 10
-103.775
 20
-195.5
 11
-103.782
 21
-195.712
  0
LINE
  8
0
 10
-103.782
 20
-195.712
 11
-103.802
 21
-195.923
  0
LINE
  8
0
 10
-103.802
 20
-195.923
 11
-103.835
 21
-196.132
  0
LINE
  8
0
 10
-103.835
 20
-196.132
 11
-103.881
 21
-196.339
  0
LINE
  8
0
 10
-103.881
 20
-196.339
 11
-103.94
 21
-196.543
  0
LINE
  8
0
 10
-103.94
 20
-196.543
 11
-104.012
 21
-196.742
  0
LINE
  8
0
 10
-104.012
 20
-196.742
 11
-104.096
 21
-196.937
  0
LINE
  8
0
 10
-104.096
 20
-196.937
 11
-104.192
 21
-197.126
  0
LINE
  8
0
 10
-104.192
 20
-197.126
 11
-104.3
 21
-197.308
  0
LINE
  8
0
 10
-104.3
 20
-197.308
 11
-104.42
 21
-197.484
  0
LINE
  8
0
 10
-104.42
 20
-197.484
 11
-104.55
 21
-197.651
  0
LINE
  8
0
 10
-104.55
 20
-197.651
 11
-104.69
 21
-197.81
  0
LINE
  8
0
 10
-104.69
 20
-197.81
 11
-104.84
 21
-197.96
  0
LINE
  8
0
 10
-104.84
 20
-197.96
 11
-104.999
 21
-198.1
  0
LINE
  8
0
 10
-104.999
 20
-198.1
 11
-105.166
 21
-198.23
  0
LINE
  8
0
 10
-105.166
 20
-198.23
 11
-105.342
 21
-198.35
  0
LINE
  8
0
 10
-105.342
 20
-198.35
 11
-105.524
 21
-198.458
  0
LINE
  8
0
 10
-105.524
 20
-198.458
 11
-105.713
 21
-198.554
  0
LINE
  8
0
 10
-105.713
 20
-198.554
 11
-105.908
 21
-198.638
  0
LINE
  8
0
 10
-105.908
 20
-198.638
 11
-106.107
 21
-198.71
  0
LINE
  8
0
 10
-106.107
 20
-198.71
 11
-106.311
 21
-198.769
  0
LINE
  8
0
 10
-106.311
 20
-198.769
 11
-106.518
 21
-198.815
  0
LINE
  8
0
 10
-106.518
 20
-198.815
 11
-106.727
 21
-198.848
  0
LINE
  8
0
 10
-106.727
 20
-198.848
 11
-106.938
 21
-198.868
  0
LINE
  8
0
 10
-106.938
 20
-198.868
 11
-107.15
 21
-198.875
  0
LINE
  8
0
 10
-107.15
 20
-198.875
 11
-107.362
 21
-198.868
  0
LINE
  8
0
 10
-107.362
 20
-224.268
 11
-107.573
 21
-224.248
  0
LINE
  8
0
 10
-107.573
 20
-224.248
 11
-107.782
 21
-224.215
  0
LINE
  8
0
 10
-107.782
 20
-224.215
 11
-107.989
 21
-224.169
  0
LINE
  8
0
 10
-107.989
 20
-224.169
 11
-108.193
 21
-224.11
  0
LINE
  8
0
 10
-108.193
 20
-224.11
 11
-108.392
 21
-224.038
  0
LINE
  8
0
 10
-108.392
 20
-224.038
 11
-108.587
 21
-223.954
  0
LINE
  8
0
 10
-108.587
 20
-223.954
 11
-108.776
 21
-223.858
  0
LINE
  8
0
 10
-108.776
 20
-223.858
 11
-108.958
 21
-223.75
  0
LINE
  8
0
 10
-108.958
 20
-223.75
 11
-109.134
 21
-223.63
  0
LINE
  8
0
 10
-109.134
 20
-223.63
 11
-109.301
 21
-223.5
  0
LINE
  8
0
 10
-109.301
 20
-223.5
 11
-109.46
 21
-223.36
  0
LINE
  8
0
 10
-109.46
 20
-223.36
 11
-109.61
 21
-223.21
  0
LINE
  8
0
 10
-109.61
 20
-223.21
 11
-109.75
 21
-223.051
  0
LINE
  8
0
 10
-109.75
 20
-223.051
 11
-109.88
 21
-222.884
  0
LINE
  8
0
 10
-109.88
 20
-222.884
 11
-110
 21
-222.708
  0
LINE
  8
0
 10
-110
 20
-222.708
 11
-110.108
 21
-222.526
  0
LINE
  8
0
 10
-110.108
 20
-222.526
 11
-110.204
 21
-222.337
  0
LINE
  8
0
 10
-110.204
 20
-222.337
 11
-110.288
 21
-222.142
  0
LINE
  8
0
 10
-110.288
 20
-222.142
 11
-110.36
 21
-221.943
  0
LINE
  8
0
 10
-110.36
 20
-221.943
 11
-110.419
 21
-221.739
  0
LINE
  8
0
 10
-110.419
 20
-221.739
 11
-110.465
 21
-221.532
  0
LINE
  8
0
 10
-110.465
 20
-221.532
 11
-110.498
 21
-221.323
  0
LINE
  8
0
 10
-110.498
 20
-221.323
 11
-110.518
 21
-221.112
  0
LINE
  8
0
 10
-110.518
 20
-221.112
 11
-110.525
 21
-220.9
  0
LINE
  8
0
 10
-110.525
 20
-220.9
 11
-110.518
 21
-220.688
  0
LINE
  8
0
 10
-110.518
 20
-220.688
 11
-110.498
 21
-220.477
  0
LINE
  8
0
 10
-110.498
 20
-220.477
 11
-110.465
 21
-220.268
  0
LINE
  8
0
 10
-110.465
 20
-220.268
 11
-110.419
 21
-220.061
  0
LINE
  8
0
 10
-110.419
 20
-220.061
 11
-110.36
 21
-219.857
  0
LINE
  8
0
 10
-110.36
 20
-219.857
 11
-110.288
 21
-219.658
  0
LINE
  8
0
 10
-110.288
 20
-219.658
 11
-110.204
 21
-219.463
  0
LINE
  8
0
 10
-110.204
 20
-219.463
 11
-110.108
 21
-219.274
  0
LINE
  8
0
 10
-110.108
 20
-219.274
 11
-110
 21
-219.092
  0
LINE
  8
0
 10
-110
 20
-219.092
 11
-109.88
 21
-218.916
  0
LINE
  8
0
 10
-109.88
 20
-218.916
 11
-109.75
 21
-218.749
  0
LINE
  8
0
 10
-109.75
 20
-218.749
 11
-109.61
 21
-218.59
  0
LINE
  8
0
 10
-109.61
 20
-218.59
 11
-109.46
 21
-218.44
  0
LINE
  8
0
 10
-109.46
 20
-218.44
 11
-109.301
 21
-218.299
  0
LINE
  8
0
 10
-109.301
 20
-218.299
 11
-109.134
 21
-218.17
  0
LINE
  8
0
 10
-109.134
 20
-218.17
 11
-108.958
 21
-218.05
  0
LINE
  8
0
 10
-108.958
 20
-218.05
 11
-108.776
 21
-217.942
  0
LINE
  8
0
 10
-108.776
 20
-217.942
 11
-108.587
 21
-217.846
  0
LINE
  8
0
 10
-108.587
 20
-217.846
 11
-108.392
 21
-217.762
  0
LINE
  8
0
 10
-108.392
 20
-217.762
 11
-108.193
 21
-217.69
  0
LINE
  8
0
 10
-108.193
 20
-217.69
 11
-107.989
 21
-217.631
  0
LINE
  8
0
 10
-107.989
 20
-217.631
 11
-107.782
 21
-217.585
  0
LINE
  8
0
 10
-107.782
 20
-217.585
 11
-107.573
 21
-217.552
  0
LINE
  8
0
 10
-107.573
 20
-217.552
 11
-107.362
 21
-217.532
  0
LINE
  8
0
 10
-107.362
 20
-217.532
 11
-107.15
 21
-217.525
  0
LINE
  8
0
 10
-107.15
 20
-217.525
 11
-106.938
 21
-217.532
  0
LINE
  8
0
 10
-106.938
 20
-217.532
 11
-106.727
 21
-217.552
  0
LINE
  8
0
 10
-106.727
 20
-217.552
 11
-106.518
 21
-217.585
  0
LINE
  8
0
 10
-106.518
 20
-217.585
 11
-106.311
 21
-217.631
  0
LINE
  8
0
 10
-106.311
 20
-217.631
 11
-106.107
 21
-217.69
  0
LINE
  8
0
 10
-106.107
 20
-217.69
 11
-105.908
 21
-217.762
  0
LINE
  8
0
 10
-105.908
 20
-217.762
 11
-105.713
 21
-217.846
  0
LINE
  8
0
 10
-105.713
 20
-217.846
 11
-105.524
 21
-217.942
  0
LINE
  8
0
 10
-105.524
 20
-217.942
 11
-105.342
 21
-218.05
  0
LINE
  8
0
 10
-105.342
 20
-218.05
 11
-105.166
 21
-218.17
  0
LINE
  8
0
 10
-105.166
 20
-218.17
 11
-104.999
 21
-218.299
  0
LINE
  8
0
 10
-104.999
 20
-218.299
 11
-104.84
 21
-218.44
  0
LINE
  8
0
 10
-104.84
 20
-218.44
 11
-104.69
 21
-218.59
  0
LINE
  8
0
 10
-104.69
 20
-218.59
 11
-104.55
 21
-218.749
  0
LINE
  8
0
 10
-104.55
 20
-218.749
 11
-104.42
 21
-218.916
  0
LINE
  8
0
 10
-104.42
 20
-218.916
 11
-104.3
 21
-219.092
  0
LINE
  8
0
 10
-104.3
 20
-219.092
 11
-104.192
 21
-219.274
  0
LINE
  8
0
 10
-104.192
 20
-219.274
 11
-104.096
 21
-219.463
  0
LINE
  8
0
 10
-104.096
 20
-219.463
 11
-104.012
 21
-219.658
  0
LINE
  8
0
 10
-104.012
 20
-219.658
 11
-103.94
 21
-219.857
  0
LINE
  8
0
 10
-103.94
 20
-219.857
 11
-103.881
 21
-220.061
  0
LINE
  8
0
 10
-103.881
 20
-220.061
 11
-103.835
 21
-220.268
  0
LINE
  8
0
 10
-103.835
 20
-220.268
 11
-103.802
 21
-220.477
  0
LINE
  8
0
 10
-103.802
 20
-220.477
 11
-103.782
 21
-220.688
  0
LINE
  8
0
 10
-103.782
 20
-220.688
 11
-103.775
 21
-220.9
  0
LINE
  8
0
 10
-103.775
 20
-220.9
 11
-103.782
 21
-221.112
  0
LINE
  8
0
 10
-103.782
 20
-221.112
 11
-103.802
 21
-221.323
  0
LINE
  8
0
 10
-103.802
 20
-221.323
 11
-103.835
 21
-221.532
  0
LINE
  8
0
 10
-103.835
 20
-221.532
 11
-103.881
 21
-221.739
  0
LINE
  8
0
 10
-103.881
 20
-221.739
 11
-103.94
 21
-221.943
  0
LINE
  8
0
 10
-103.94
 20
-221.943
 11
-104.012
 21
-222.142
  0
LINE
  8
0
 10
-104.012
 20
-222.142
 11
-104.096
 21
-222.337
  0
LINE
  8
0
 10
-104.096
 20
-222.337
 11
-104.192
 21
-222.526
  0
LINE
  8
0
 10
-104.192
 20
-222.526
 11
-104.3
 21
-222.708
  0
LINE
  8
0
 10
-104.3
 20
-222.708
 11
-104.42
 21
-222.884
  0
LINE
  8
0
 10
-104.42
 20
-222.884
 11
-104.55
 21
-223.051
  0
LINE
  8
0
 10
-104.55
 20
-223.051
 11
-104.69
 21
-223.21
  0
LINE
  8
0
 10
-104.69
 20
-223.21
 11
-104.84
 21
-223.36
  0
LINE
  8
0
 10
-104.84
 20
-223.36
 11
-104.999
 21
-223.5
  0
LINE
  8
0
 10
-104.999
 20
-223.5
 11
-105.166
 21
-223.63
  0
LINE
  8
0
 10
-105.166
 20
-223.63
 11
-105.342
 21
-223.75
  0
LINE
  8
0
 10
-105.342
 20
-223.75
 11
-105.524
 21
-223.858
  0
LINE
  8
0
 10
-105.524
 20
-223.858
 11
-105.713
 21
-223.954
  0
LINE
  8
0
 10
-105.713
 20
-223.954
 11
-105.908
 21
-224.038
  0
LINE
  8
0
 10
-105.908
 20
-224.038
 11
-106.107
 21
-224.11
  0
LINE
  8
0
 10
-106.107
 20
-224.11
 11
-106.311
 21
-224.169
  0
LINE
  8
0
 10
-106.311
 20
-224.169
 11
-106.518
 21
-224.215
  0
LINE
  8
0
 10
-106.518
 20
-224.215
 11
-106.727
 21
-224.248
  0
LINE
  8
0
 10
-106.727
 20
-224.248
 11
-106.938
 21
-224.268
  0
LINE
  8
0
 10
-106.938
 20
-224.268
 11
-107.15
 21
-224.275
  0
LINE
  8
0
 10
-107.15
 20
-224.275
 11
-107.362
 21
-224.268
  0
LINE
  8
0
 10
119.938
 20
-224.268
 11
119.727
 21
-224.248
  0
LINE
  8
0
 10
119.727
 20
-224.248
 11
119.518
 21
-224.215
  0
LINE
  8
0
 10
119.518
 20
-224.215
 11
119.311
 21
-224.169
  0
LINE
  8
0
 10
119.311
 20
-224.169
 11
119.107
 21
-224.11
  0
LINE
  8
0
 10
119.107
 20
-224.11
 11
118.908
 21
-224.038
  0
LINE
  8
0
 10
118.908
 20
-224.038
 11
118.713
 21
-223.954
  0
LINE
  8
0
 10
118.713
 20
-223.954
 11
118.524
 21
-223.858
  0
LINE
  8
0
 10
118.524
 20
-223.858
 11
118.342
 21
-223.75
  0
LINE
  8
0
 10
118.342
 20
-223.75
 11
118.166
 21
-223.63
  0
LINE
  8
0
 10
118.166
 20
-223.63
 11
117.999
 21
-223.5
  0
LINE
  8
0
 10
117.999
 20
-223.5
 11
117.84
 21
-223.36
  0
LINE
  8
0
 10
117.84
 20
-223.36
 11
117.69
 21
-223.21
  0
LINE
  8
0
 10
117.69
 20
-223.21
 11
117.55
 21
-223.051
  0
LINE
  8
0
 10
117.55
 20
-223.051
 11
117.42
 21
-222.884
  0
LINE
  8
0
 10
117.42
 20
-222.884
 11
117.3
 21
-222.708
  0
LINE
  8
0
 10
117.3
 20
-222.708
 11
117.192
 21
-222.526
  0
LINE
  8
0
 10
117.192
 20
-222.526
 11
117.096
 21
-222.337
  0
LINE
  8
0
 10
117.096
 20
-222.337
 11
117.012
 21
-222.142
  0
LINE
  8
0
 10
117.012
 20
-222.142
 11
116.94
 21
-221.943
  0
LINE
  8
0
 10
116.94
 20
-221.943
 11
116.881
 21
-221.739
  0
LINE
  8
0
 10
116.881
 20
-221.739
 11
116.835
 21
-221.532
  0
LINE
  8
0
 10
116.835
 20
-221.532
 11
116.802
 21
-221.323
  0
LINE
  8
0
 10
116.802
 20
-221.323
 11
116.782
 21
-221.112
  0
LINE
  8
0
 10
116.782
 20
-221.112
 11
116.775
 21
-220.9
  0
LINE
  8
0
 10
116.775
 20
-220.9
 11
116.782
 21
-220.688
  0
LINE
  8
0
 10
116.782
 20
-220.688
 11
116.802
 21
-220.477
  0
LINE
  8
0
 10
116.802
 20
-220.477
 11
116.835
 21
-220.268
  0
LINE
  8
0
 10
116.835
 20
-220.268
 11
116.881
 21
-220.061
  0
LINE
  8
0
 10
116.881
 20
-220.061
 11
116.94
 21
-219.857
  0
LINE
  8
0
 10
116.94
 20
-219.857
 11
117.012
 21
-219.658
  0
LINE
  8
0
 10
117.012
 20
-219.658
 11
117.096
 21
-219.463
  0
LINE
  8
0
 10
117.096
 20
-219.463
 11
117.192
 21
-219.274
  0
LINE
  8
0
 10
117.192
 20
-219.274
 11
117.3
 21
-219.092
  0
LINE
  8
0
 10
117.3
 20
-219.092
 11
117.42
 21
-218.916
  0
LINE
  8
0
 10
117.42
 20
-218.916
 11
117.55
 21
-218.749
  0
LINE
  8
0
 10
117.55
 20
-218.749
 11
117.69
 21
-218.59
  0
LINE
  8
0
 10
117.69
 20
-218.59
 11
117.84
 21
-218.44
  0
LINE
  8
0
 10
117.84
 20
-218.44
 11
117.999
 21
-218.299
  0
LINE
  8
0
 10
117.999
 20
-218.299
 11
118.166
 21
-218.17
  0
LINE
  8
0
 10
118.166
 20
-218.17
 11
118.342
 21
-218.05
  0
LINE
  8
0
 10
118.342
 20
-218.05
 11
118.524
 21
-217.942
  0
LINE
  8
0
 10
118.524
 20
-217.942
 11
118.713
 21
-217.846
  0
LINE
  8
0
 10
118.713
 20
-217.846
 11
118.908
 21
-217.762
  0
LINE
  8
0
 10
118.908
 20
-217.762
 11
119.107
 21
-217.69
  0
LINE
  8
0
 10
119.107
 20
-217.69
 11
119.311
 21
-217.631
  0
LINE
  8
0
 10
119.311
 20
-217.631
 11
119.518
 21
-217.585
  0
LINE
  8
0
 10
119.518
 20
-217.585
 11
119.727
 21
-217.552
  0
LINE
  8
0
 10
119.727
 20
-217.552
 11
119.938
 21
-217.532
  0
LINE
  8
0
 10
119.938
 20
-217.532
 11
120.15
 21
-217.525
  0
LINE
  8
0
 10
120.15
 20
-217.525
 11
120.362
 21
-217.532
  0
LINE
  8
0
 10
120.362
 20
-217.532
 11
120.573
 21
-217.552
  0
LINE
  8
0
 10
120.573
 20
-217.552
 11
120.782
 21
-217.585
  0
LINE
  8
0
 10
120.782
 20
-217.585
 11
120.989
 21
-217.631
  0
LINE
  8
0
 10
120.989
 20
-217.631
 11
121.193
 21
-217.69
  0
LINE
  8
0
 10
121.193
 20
-217.69
 11
121.392
 21
-217.762
  0
LINE
  8
0
 10
121.392
 20
-217.762
 11
121.587
 21
-217.846
  0
LINE
  8
0
 10
121.587
 20
-217.846
 11
121.776
 21
-217.942
  0
LINE
  8
0
 10
121.776
 20
-217.942
 11
121.958
 21
-218.05
  0
LINE
  8
0
 10
121.958
 20
-218.05
 11
122.134
 21
-218.17
  0
LINE
  8
0
 10
122.134
 20
-218.17
 11
122.301
 21
-218.299
  0
LINE
  8
0
 10
122.301
 20
-218.299
 11
122.46
 21
-218.44
  0
LINE
  8
0
 10
122.46
 20
-218.44
 11
122.61
 21
-218.59
  0
LINE
  8
0
 10
122.61
 20
-218.59
 11
122.75
 21
-218.749
  0
LINE
  8
0
 10
122.75
 20
-218.749
 11
122.88
 21
-218.916
  0
LINE
  8
0
 10
122.88
 20
-218.916
 11
123
 21
-219.092
  0
LINE
  8
0
 10
123
 20
-219.092
 11
123.108
 21
-219.274
  0
LINE
  8
0
 10
123.108
 20
-219.274
 11
123.204
 21
-219.463
  0
LINE
  8
0
 10
123.204
 20
-219.463
 11
123.288
 21
-219.658
  0
LINE
  8
0
 10
123.288
 20
-219.658
 11
123.36
 21
-219.857
  0
LINE
  8
0
 10
123.36
 20
-219.857
 11
123.419
 21
-220.061
  0
LINE
  8
0
 10
123.419
 20
-220.061
 11
123.465
 21
-220.268
  0
LINE
  8
0
 10
123.465
 20
-220.268
 11
123.498
 21
-220.477
  0
LINE
  8
0
 10
123.498
 20
-220.477
 11
123.518
 21
-220.688
  0
LINE
  8
0
 10
123.518
 20
-220.688
 11
123.525
 21
-220.9
  0
LINE
  8
0
 10
123.525
 20
-220.9
 11
123.518
 21
-221.112
  0
LINE
  8
0
 10
123.518
 20
-221.112
 11
123.498
 21
-221.323
  0
LINE
  8
0
 10
123.498
 20
-221.323
 11
123.465
 21
-221.532
  0
LINE
  8
0
 10
123.465
 20
-221.532
 11
123.419
 21
-221.739
  0
LINE
  8
0
 10
123.419
 20
-221.739
 11
123.36
 21
-221.943
  0
LINE
  8
0
 10
123.36
 20
-221.943
 11
123.288
 21
-222.142
  0
LINE
  8
0
 10
123.288
 20
-222.142
 11
123.204
 21
-222.337
  0
LINE
  8
0
 10
123.204
 20
-222.337
 11
123.108
 21
-222.526
  0
LINE
  8
0
 10
123.108
 20
-222.526
 11
123
 21
-222.708
  0
LINE
  8
0
 10
123
 20
-222.708
 11
122.88
 21
-222.884
  0
LINE
  8
0
 10
122.88
 20
-222.884
 11
122.75
 21
-223.051
  0
LINE
  8
0
 10
122.75
 20
-223.051
 11
122.61
 21
-223.21
  0
LINE
  8
0
 10
122.61
 20
-223.21
 11
122.46
 21
-223.36
  0
LINE
  8
0
 10
122.46
 20
-223.36
 11
122.301
 21
-223.5
  0
LINE
  8
0
 10
122.301
 20
-223.5
 11
122.134
 21
-223.63
  0
LINE
  8
0
 10
122.134
 20
-223.63
 11
121.958
 21
-223.75
  0
LINE
  8
0
 10
121.958
 20
-223.75
 11
121.776
 21
-223.858
  0
LINE
  8
0
 10
121.776
 20
-223.858
 11
121.587
 21
-223.954
  0
LINE
  8
0
 10
121.587
 20
-223.954
 11
121.392
 21
-224.038
  0
LINE
  8
0
 10
121.392
 20
-224.038
 11
121.193
 21
-224.11
  0
LINE
  8
0
 10
121.193
 20
-224.11
 11
120.989
 21
-224.169
  0
LINE
  8
0
 10
120.989
 20
-224.169
 11
120.782
 21
-224.215
  0
LINE
  8
0
 10
120.782
 20
-224.215
 11
120.573
 21
-224.248
  0
LINE
  8
0
 10
120.573
 20
-224.248
 11
120.362
 21
-224.268
  0
LINE
  8
0
 10
120.362
 20
-224.268
 11
120.15
 21
-224.275
  0
LINE
  8
0
 10
120.15
 20
-224.275
 11
119.938
 21
-224.268
  0
LINE
  8
0
 10
456.5
 20
-107.6
 11
431.1
 21
-107.6
  0
LINE
  8
0
 10
431.1
 20
-107.6
 11
431.1
 21
-209.2
  0
LINE
  8
0
 10
431.1
 20
-209.2
 11
456.5
 21
-209.2
  0
LINE
  8
0
 10
456.5
 20
-209.2
 11
456.5
 21
-107.6
  0
LINE
  8
0
 10
443.588
 20
-123.668
 11
443.377
 21
-123.648
  0
LINE
  8
0
 10
443.377
 20
-123.648
 11
443.168
 21
-123.615
  0
LINE
  8
0
 10
443.168
 20
-123.615
 11
442.961
 21
-123.569
  0
LINE
  8
0
 10
442.961
 20
-123.569
 11
442.757
 21
-123.51
  0
LINE
  8
0
 10
442.757
 20
-123.51
 11
442.558
 21
-123.438
  0
LINE
  8
0
 10
442.558
 20
-123.438
 11
442.363
 21
-123.354
  0
LINE
  8
0
 10
442.363
 20
-123.354
 11
442.174
 21
-123.258
  0
LINE
  8
0
 10
442.174
 20
-123.258
 11
441.992
 21
-123.15
  0
LINE
  8
0
 10
441.992
 20
-123.15
 11
441.816
 21
-123.03
  0
LINE
  8
0
 10
441.816
 20
-123.03
 11
441.649
 21
-122.9
  0
LINE
  8
0
 10
441.649
 20
-122.9
 11
441.49
 21
-122.76
  0
LINE
  8
0
 10
441.49
 20
-122.76
 11
441.34
 21
-122.61
  0
LINE
  8
0
 10
441.34
 20
-122.61
 11
441.2
 21
-122.451
  0
LINE
  8
0
 10
441.2
 20
-122.451
 11
441.07
 21
-122.284
  0
LINE
  8
0
 10
441.07
 20
-122.284
 11
440.95
 21
-122.108
  0
LINE
  8
0
 10
440.95
 20
-122.108
 11
440.842
 21
-121.926
  0
LINE
  8
0
 10
440.842
 20
-121.926
 11
440.746
 21
-121.737
  0
LINE
  8
0
 10
440.746
 20
-121.737
 11
440.662
 21
-121.542
  0
LINE
  8
0
 10
440.662
 20
-121.542
 11
440.59
 21
-121.343
  0
LINE
  8
0
 10
440.59
 20
-121.343
 11
440.531
 21
-121.139
  0
LINE
  8
0
 10
440.531
 20
-121.139
 11
440.485
 21
-120.932
  0
LINE
  8
0
 10
440.485
 20
-120.932
 11
440.452
 21
-120.723
  0
LINE
  8
0
 10
440.452
 20
-120.723
 11
440.432
 21
-120.512
  0
LINE
  8
0
 10
440.432
 20
-120.512
 11
440.425
 21
-120.3
  0
LINE
  8
0
 10
440.425
 20
-120.3
 11
440.432
 21
-120.088
  0
LINE
  8
0
 10
440.432
 20
-120.088
 11
440.452
 21
-119.877
  0
LINE
  8
0
 10
440.452
 20
-119.877
 11
440.485
 21
-119.668
  0
LINE
  8
0
 10
440.485
 20
-119.668
 11
440.531
 21
-119.461
  0
LINE
  8
0
 10
440.531
 20
-119.461
 11
440.59
 21
-119.257
  0
LINE
  8
0
 10
440.59
 20
-119.257
 11
440.662
 21
-119.058
  0
LINE
  8
0
 10
440.662
 20
-119.058
 11
440.746
 21
-118.863
  0
LINE
  8
0
 10
440.746
 20
-118.863
 11
440.842
 21
-118.674
  0
LINE
  8
0
 10
440.842
 20
-118.674
 11
440.95
 21
-118.492
  0
LINE
  8
0
 10
440.95
 20
-118.492
 11
441.07
 21
-118.316
  0
LINE
  8
0
 10
441.07
 20
-118.316
 11
441.2
 21
-118.149
  0
LINE
  8
0
 10
441.2
 20
-118.149
 11
441.34
 21
-117.99
  0
LINE
  8
0
 10
441.34
 20
-117.99
 11
441.49
 21
-117.84
  0
LINE
  8
0
 10
441.49
 20
-117.84
 11
441.649
 21
-117.7
  0
LINE
  8
0
 10
441.649
 20
-117.7
 11
441.816
 21
-117.57
  0
LINE
  8
0
 10
441.816
 20
-117.57
 11
441.992
 21
-117.45
  0
LINE
  8
0
 10
441.992
 20
-117.45
 11
442.174
 21
-117.342
  0
LINE
  8
0
 10
442.174
 20
-117.342
 11
442.363
 21
-117.246
  0
LINE
  8
0
 10
442.363
 20
-117.246
 11
442.558
 21
-117.162
  0
LINE
  8
0
 10
442.558
 20
-117.162
 11
442.757
 21
-117.09
  0
LINE
  8
0
 10
442.757
 20
-117.09
 11
442.961
 21
-117.031
  0
LINE
  8
0
 10
442.961
 20
-117.031
 11
443.168
 21
-116.985
  0
LINE
  8
0
 10
443.168
 20
-116.985
 11
443.377
 21
-116.952
  0
LINE
  8
0
 10
443.377
 20
-116.952
 11
443.588
 21
-116.932
  0
LINE
  8
0
 10
443.588
 20
-116.932
 11
443.8
 21
-116.925
  0
LINE
  8
0
 10
443.8
 20
-116.925
 11
444.012
 21
-116.932
  0
LINE
  8
0
 10
444.012
 20
-116.932
 11
444.223
 21
-116.952
  0
LINE
  8
0
 10
444.223
 20
-116.952
 11
444.432
 21
-116.985
  0
LINE
  8
0
 10
444.432
 20
-116.985
 11
444.639
 21
-117.031
  0
LINE
  8
0
 10
444.639
 20
-117.031
 11
444.843
 21
-117.09
  0
LINE
  8
0
 10
444.843
 20
-117.09
 11
445.042
 21
-117.162
  0
LINE
  8
0
 10
445.042
 20
-117.162
 11
445.237
 21
-117.246
  0
LINE
  8
0
 10
445.237
 20
-117.246
 11
445.426
 21
-117.342
  0
LINE
  8
0
 10
445.426
 20
-117.342
 11
445.608
 21
-117.45
  0
LINE
  8
0
 10
445.608
 20
-117.45
 11
445.784
 21
-117.57
  0
LINE
  8
0
 10
445.784
 20
-117.57
 11
445.951
 21
-117.7
  0
LINE
  8
0
 10
445.951
 20
-117.7
 11
446.11
 21
-117.84
  0
LINE
  8
0
 10
446.11
 20
-117.84
 11
446.26
 21
-117.99
  0
LINE
  8
0
 10
446.26
 20
-117.99
 11
446.4
 21
-118.149
  0
LINE
  8
0
 10
446.4
 20
-118.149
 11
446.53
 21
-118.316
  0
LINE
  8
0
 10
446.53
 20
-118.316
 11
446.65
 21
-118.492
  0
LINE
  8
0
 10
446.65
 20
-118.492
 11
446.758
 21
-118.674
  0
LINE
  8
0
 10
446.758
 20
-118.674
 11
446.854
 21
-118.863
  0
LINE
  8
0
 10
446.854
 20
-118.863
 11
446.938
 21
-119.058
  0
LINE
  8
0
 10
446.938
 20
-119.058
 11
447.01
 21
-119.257
  0
LINE
  8
0
 10
447.01
 20
-119.257
 11
447.069
 21
-119.461
  0
LINE
  8
0
 10
447.069
 20
-119.461
 11
447.115
 21
-119.668
  0
LINE
  8
0
 10
447.115
 20
-119.668
 11
447.148
 21
-119.877
  0
LINE
  8
0
 10
447.148
 20
-119.877
 11
447.168
 21
-120.088
  0
LINE
  8
0
 10
447.168
 20
-120.088
 11
447.175
 21
-120.3
  0
LINE
  8
0
 10
447.175
 20
-120.3
 11
447.168
 21
-120.512
  0
LINE
  8
0
 10
447.168
 20
-120.512
 11
447.148
 21
-120.723
  0
LINE
  8
0
 10
447.148
 20
-120.723
 11
447.115
 21
-120.932
  0
LINE
  8
0
 10
447.115
 20
-120.932
 11
447.069
 21
-121.139
  0
LINE
  8
0
 10
447.069
 20
-121.139
 11
447.01
 21
-121.343
  0
LINE
  8
0
 10
447.01
 20
-121.343
 11
446.938
 21
-121.542
  0
LINE
  8
0
 10
446.938
 20
-121.542
 11
446.854
 21
-121.737
  0
LINE
  8
0
 10
446.854
 20
-121.737
 11
446.758
 21
-121.926
  0
LINE
  8
0
 10
446.758
 20
-121.926
 11
446.65
 21
-122.108
  0
LINE
  8
0
 10
446.65
 20
-122.108
 11
446.53
 21
-122.284
  0
LINE
  8
0
 10
446.53
 20
-122.284
 11
446.4
 21
-122.451
  0
LINE
  8
0
 10
446.4
 20
-122.451
 11
446.26
 21
-122.61
  0
LINE
  8
0
 10
446.26
 20
-122.61
 11
446.11
 21
-122.76
  0
LINE
  8
0
 10
446.11
 20
-122.76
 11
445.951
 21
-122.9
  0
LINE
  8
0
 10
445.951
 20
-122.9
 11
445.784
 21
-123.03
  0
LINE
  8
0
 10
445.784
 20
-123.03
 11
445.608
 21
-123.15
  0
LINE
  8
0
 10
445.608
 20
-123.15
 11
445.426
 21
-123.258
  0
LINE
  8
0
 10
445.426
 20
-123.258
 11
445.237
 21
-123.354
  0
LINE
  8
0
 10
445.237
 20
-123.354
 11
445.042
 21
-123.438
  0
LINE
  8
0
 10
445.042
 20
-123.438
 11
444.843
 21
-123.51
  0
LINE
  8
0
 10
444.843
 20
-123.51
 11
444.639
 21
-123.569
  0
LINE
  8
0
 10
444.639
 20
-123.569
 11
444.432
 21
-123.615
  0
LINE
  8
0
 10
444.432
 20
-123.615
 11
444.223
 21
-123.648
  0
LINE
  8
0
 10
444.223
 20
-123.648
 11
444.012
 21
-123.668
  0
LINE
  8
0
 10
444.012
 20
-123.668
 11
443.8
 21
-123.675
  0
LINE
  8
0
 10
443.8
 20
-123.675
 11
443.588
 21
-123.668
  0
LINE
  8
0
 10
443.588
 20
-149.068
 11
443.377
 21
-149.048
  0
LINE
  8
0
 10
443.377
 20
-149.048
 11
443.168
 21
-149.015
  0
LINE
  8
0
 10
443.168
 20
-149.015
 11
442.961
 21
-148.969
  0
LINE
  8
0
 10
442.961
 20
-148.969
 11
442.757
 21
-148.91
  0
LINE
  8
0
 10
442.757
 20
-148.91
 11
442.558
 21
-148.838
  0
LINE
  8
0
 10
442.558
 20
-148.838
 11
442.363
 21
-148.754
  0
LINE
  8
0
 10
442.363
 20
-148.754
 11
442.174
 21
-148.658
  0
LINE
  8
0
 10
442.174
 20
-148.658
 11
441.992
 21
-148.55
  0
LINE
  8
0
 10
441.992
 20
-148.55
 11
441.816
 21
-148.43
  0
LINE
  8
0
 10
441.816
 20
-148.43
 11
441.649
 21
-148.3
  0
LINE
  8
0
 10
441.649
 20
-148.3
 11
441.49
 21
-148.16
  0
LINE
  8
0
 10
441.49
 20
-148.16
 11
441.34
 21
-148.01
  0
LINE
  8
0
 10
441.34
 20
-148.01
 11
441.2
 21
-147.851
  0
LINE
  8
0
 10
441.2
 20
-147.851
 11
441.07
 21
-147.684
  0
LINE
  8
0
 10
441.07
 20
-147.684
 11
440.95
 21
-147.508
  0
LINE
  8
0
 10
440.95
 20
-147.508
 11
440.842
 21
-147.326
  0
LINE
  8
0
 10
440.842
 20
-147.326
 11
440.746
 21
-147.137
  0
LINE
  8
0
 10
440.746
 20
-147.137
 11
440.662
 21
-146.942
  0
LINE
  8
0
 10
440.662
 20
-146.942
 11
440.59
 21
-146.743
  0
LINE
  8
0
 10
440.59
 20
-146.743
 11
440.531
 21
-146.539
  0
LINE
  8
0
 10
440.531
 20
-146.539
 11
440.485
 21
-146.332
  0
LINE
  8
0
 10
440.485
 20
-146.332
 11
440.452
 21
-146.123
  0
LINE
  8
0
 10
440.452
 20
-146.123
 11
440.432
 21
-145.912
  0
LINE
  8
0
 10
440.432
 20
-145.912
 11
440.425
 21
-145.7
  0
LINE
  8
0
 10
440.425
 20
-145.7
 11
440.432
 21
-145.488
  0
LINE
  8
0
 10
440.432
 20
-145.488
 11
440.452
 21
-145.277
  0
LINE
  8
0
 10
440.452
 20
-145.277
 11
440.485
 21
-145.068
  0
LINE
  8
0
 10
440.485
 20
-145.068
 11
440.531
 21
-144.861
  0
LINE
  8
0
 10
440.531
 20
-144.861
 11
440.59
 21
-144.657
  0
LINE
  8
0
 10
440.59
 20
-144.657
 11
440.662
 21
-144.458
  0
LINE
  8
0
 10
440.662
 20
-144.458
 11
440.746
 21
-144.263
  0
LINE
  8
0
 10
440.746
 20
-144.263
 11
440.842
 21
-144.074
  0
LINE
  8
0
 10
440.842
 20
-144.074
 11
440.95
 21
-143.892
  0
LINE
  8
0
 10
440.95
 20
-143.892
 11
441.07
 21
-143.716
  0
LINE
  8
0
 10
441.07
 20
-143.716
 11
441.2
 21
-143.549
  0
LINE
  8
0
 10
441.2
 20
-143.549
 11
441.34
 21
-143.39
  0
LINE
  8
0
 10
441.34
 20
-143.39
 11
441.49
 21
-143.24
  0
LINE
  8
0
 10
441.49
 20
-143.24
 11
441.649
 21
-143.1
  0
LINE
  8
0
 10
441.649
 20
-143.1
 11
441.816
 21
-142.97
  0
LINE
  8
0
 10
441.816
 20
-142.97
 11
441.992
 21
-142.85
  0
LINE
  8
0
 10
441.992
 20
-142.85
 11
442.174
 21
-142.742
  0
LINE
  8
0
 10
442.174
 20
-142.742
 11
442.363
 21
-142.646
  0
LINE
  8
0
 10
442.363
 20
-142.646
 11
442.558
 21
-142.562
  0
LINE
  8
0
 10
442.558
 20
-142.562
 11
442.757
 21
-142.49
  0
LINE
  8
0
 10
442.757
 20
-142.49
 11
442.961
 21
-142.431
  0
LINE
  8
0
 10
442.961
 20
-142.431
 11
443.168
 21
-142.385
  0
LINE
  8
0
 10
443.168
 20
-142.385
 11
443.377
 21
-142.352
  0
LINE
  8
0
 10
443.377
 20
-142.352
 11
443.588
 21
-142.332
  0
LINE
  8
0
 10
443.588
 20
-142.332
 11
443.8
 21
-142.325
  0
LINE
  8
0
 10
443.8
 20
-142.325
 11
444.012
 21
-142.332
  0
LINE
  8
0
 10
444.012
 20
-142.332
 11
444.223
 21
-142.352
  0
LINE
  8
0
 10
444.223
 20
-142.352
 11
444.432
 21
-142.385
  0
LINE
  8
0
 10
444.432
 20
-142.385
 11
444.639
 21
-142.431
  0
LINE
  8
0
 10
444.639
 20
-142.431
 11
444.843
 21
-142.49
  0
LINE
  8
0
 10
444.843
 20
-142.49
 11
445.042
 21
-142.562
  0
LINE
  8
0
 10
445.042
 20
-142.562
 11
445.237
 21
-142.646
  0
LINE
  8
0
 10
445.237
 20
-142.646
 11
445.426
 21
-142.742
  0
LINE
  8
0
 10
445.426
 20
-142.742
 11
445.608
 21
-142.85
  0
LINE
  8
0
 10
445.608
 20
-142.85
 11
445.784
 21
-142.97
  0
LINE
  8
0
 10
445.784
 20
-142.97
 11
445.951
 21
-143.1
  0
LINE
  8
0
 10
445.951
 20
-143.1
 11
446.11
 21
-143.24
  0
LINE
  8
0
 10
446.11
 20
-143.24
 11
446.26
 21
-143.39
  0
LINE
  8
0
 10
446.26
 20
-143.39
 11
446.4
 21
-143.549
  0
LINE
  8
0
 10
446.4
 20
-143.549
 11
446.53
 21
-143.716
  0
LINE
  8
0
 10
446.53
 20
-143.716
 11
446.65
 21
-143.892
  0
LINE
  8
0
 10
446.65
 20
-143.892
 11
446.758
 21
-144.074
  0
LINE
  8
0
 10
446.758
 20
-144.074
 11
446.854
 21
-144.263
  0
LINE
  8
0
 10
446.854
 20
-144.263
 11
446.938
 21
-144.458
  0
LINE
  8
0
 10
446.938
 20
-144.458
 11
447.01
 21
-144.657
  0
LINE
  8
0
 10
447.01
 20
-144.657
 11
447.069
 21
-144.861
  0
LINE
  8
0
 10
447.069
 20
-144.861
 11
447.115
 21
-145.068
  0
LINE
  8
0
 10
447.115
 20
-145.068
 11
447.148
 21
-145.277
  0
LINE
  8
0
 10
447.148
 20
-145.277
 11
447.168
 21
-145.488
  0
LINE
  8
0
 10
447.168
 20
-145.488
 11
447.175
 21
-145.7
  0
LINE
  8
0
 10
447.175
 20
-145.7
 11
447.168
 21
-145.912
  0
LINE
  8
0
 10
447.168
 20
-145.912
 11
447.148
 21
-146.123
  0
LINE
  8
0
 10
447.148
 20
-146.123
 11
447.115
 21
-146.332
  0
LINE
  8
0
 10
447.115
 20
-146.332
 11
447.069
 21
-146.539
  0
LINE
  8
0
 10
447.069
 20
-146.539
 11
447.01
 21
-146.743
  0
LINE
  8
0
 10
447.01
 20
-146.743
 11
446.938
 21
-146.942
  0
LINE
  8
0
 10
446.938
 20
-146.942
 11
446.854
 21
-147.137
  0
LINE
  8
0
 10
446.854
 20
-147.137
 11
446.758
 21
-147.326
  0
LINE
  8
0
 10
446.758
 20
-147.326
 11
446.65
 21
-147.508
  0
LINE
  8
0
 10
446.65
 20
-147.508
 11
446.53
 21
-147.684
  0
LINE
  8
0
 10
446.53
 20
-147.684
 11
446.4
 21
-147.851
  0
LINE
  8
0
 10
446.4
 20
-147.851
 11
446.26
 21
-148.01
  0
LINE
  8
0
 10
446.26
 20
-148.01
 11
446.11
 21
-148.16
  0
LINE
  8
0
 10
446.11
 20
-148.16
 11
445.951
 21
-148.3
  0
LINE
  8
0
 10
445.951
 20
-148.3
 11
445.784
 21
-148.43
  0
LINE
  8
0
 10
445.784
 20
-148.43
 11
445.608
 21
-148.55
  0
LINE
  8
0
 10
445.608
 20
-148.55
 11
445.426
 21
-148.658
  0
LINE
  8
0
 10
445.426
 20
-148.658
 11
445.237
 21
-148.754
  0
LINE
  8
0
 10
445.237
 20
-148.754
 11
445.042
 21
-148.838
  0
LINE
  8
0
 10
445.042
 20
-148.838
 11
444.843
 21
-148.91
  0
LINE
  8
0
 10
444.843
 20
-148.91
 11
444.639
 21
-148.969
  0
LINE
  8
0
 10
444.639
 20
-148.969
 11
444.432
 21
-149.015
  0
LINE
  8
0
 10
444.432
 20
-149.015
 11
444.223
 21
-149.048
  0
LINE
  8
0
 10
444.223
 20
-149.048
 11
444.012
 21
-149.068
  0
LINE
  8
0
 10
444.012
 20
-149.068
 11
443.8
 21
-149.075
  0
LINE
  8
0
 10
443.8
 20
-149.075
 11
443.588
 21
-149.068
  0
LINE
  8
0
 10
443.588
 20
-174.468
 11
443.377
 21
-174.448
  0
LINE
  8
0
 10
443.377
 20
-174.448
 11
443.168
 21
-174.415
  0
LINE
  8
0
 10
443.168
 20
-174.415
 11
442.961
 21
-174.369
  0
LINE
  8
0
 10
442.961
 20
-174.369
 11
442.757
 21
-174.31
  0
LINE
  8
0
 10
442.757
 20
-174.31
 11
442.558
 21
-174.238
  0
LINE
  8
0
 10
442.558
 20
-174.238
 11
442.363
 21
-174.154
  0
LINE
  8
0
 10
442.363
 20
-174.154
 11
442.174
 21
-174.058
  0
LINE
  8
0
 10
442.174
 20
-174.058
 11
441.992
 21
-173.95
  0
LINE
  8
0
 10
441.992
 20
-173.95
 11
441.816
 21
-173.83
  0
LINE
  8
0
 10
441.816
 20
-173.83
 11
441.649
 21
-173.7
  0
LINE
  8
0
 10
441.649
 20
-173.7
 11
441.49
 21
-173.56
  0
LINE
  8
0
 10
441.49
 20
-173.56
 11
441.34
 21
-173.41
  0
LINE
  8
0
 10
441.34
 20
-173.41
 11
441.2
 21
-173.251
  0
LINE
  8
0
 10
441.2
 20
-173.251
 11
441.07
 21
-173.084
  0
LINE
  8
0
 10
441.07
 20
-173.084
 11
440.95
 21
-172.908
  0
LINE
  8
0
 10
440.95
 20
-172.908
 11
440.842
 21
-172.726
  0
LINE
  8
0
 10
440.842
 20
-172.726
 11
440.746
 21
-172.537
  0
LINE
  8
0
 10
440.746
 20
-172.537
 11
440.662
 21
-172.342
  0
LINE
  8
0
 10
440.662
 20
-172.342
 11
440.59
 21
-172.143
  0
LINE
  8
0
 10
440.59
 20
-172.143
 11
440.531
 21
-171.939
  0
LINE
  8
0
 10
440.531
 20
-171.939
 11
440.485
 21
-171.732
  0
LINE
  8
0
 10
440.485
 20
-171.732
 11
440.452
 21
-171.523
  0
LINE
  8
0
 10
440.452
 20
-171.523
 11
440.432
 21
-171.312
  0
LINE
  8
0
 10
440.432
 20
-171.312
 11
440.425
 21
-171.1
  0
LINE
  8
0
 10
440.425
 20
-171.1
 11
440.432
 21
-170.888
  0
LINE
  8
0
 10
440.432
 20
-170.888
 11
440.452
 21
-170.677
  0
LINE
  8
0
 10
440.452
 20
-170.677
 11
440.485
 21
-170.468
  0
LINE
  8
0
 10
440.485
 20
-170.468
 11
440.531
 21
-170.261
  0
LINE
  8
0
 10
440.531
 20
-170.261
 11
440.59
 21
-170.057
  0
LINE
  8
0
 10
440.59
 20
-170.057
 11
440.662
 21
-169.858
  0
LINE
  8
0
 10
440.662
 20
-169.858
 11
440.746
 21
-169.663
  0
LINE
  8
0
 10
440.746
 20
-169.663
 11
440.842
 21
-169.474
  0
LINE
  8
0
 10
440.842
 20
-169.474
 11
440.95
 21
-169.292
  0
LINE
  8
0
 10
440.95
 20
-169.292
 11
441.07
 21
-169.116
  0
LINE
  8
0
 10
441.07
 20
-169.116
 11
441.2
 21
-168.949
  0
LINE
  8
0
 10
441.2
 20
-168.949
 11
441.34
 21
-168.79
  0
LINE
  8
0
 10
441.34
 20
-168.79
 11
441.49
 21
-168.64
  0
LINE
  8
0
 10
441.49
 20
-168.64
 11
441.649
 21
-168.499
  0
LINE
  8
0
 10
441.649
 20
-168.499
 11
441.816
 21
-168.37
  0
LINE
  8
0
 10
441.816
 20
-168.37
 11
441.992
 21
-168.25
  0
LINE
  8
0
 10
441.992
 20
-168.25
 11
442.174
 21
-168.142
  0
LINE
  8
0
 10
442.174
 20
-168.142
 11
442.363
 21
-168.046
  0
LINE
  8
0
 10
442.363
 20
-168.046
 11
442.558
 21
-167.962
  0
LINE
  8
0
 10
442.558
 20
-167.962
 11
442.757
 21
-167.89
  0
LINE
  8
0
 10
442.757
 20
-167.89
 11
442.961
 21
-167.831
  0
LINE
  8
0
 10
442.961
 20
-167.831
 11
443.168
 21
-167.785
  0
LINE
  8
0
 10
443.168
 20
-167.785
 11
443.377
 21
-167.752
  0
LINE
  8
0
 10
443.377
 20
-167.752
 11
443.588
 21
-167.732
  0
LINE
  8
0
 10
443.588
 20
-167.732
 11
443.8
 21
-167.725
  0
LINE
  8
0
 10
443.8
 20
-167.725
 11
444.012
 21
-167.732
  0
LINE
  8
0
 10
444.012
 20
-167.732
 11
444.223
 21
-167.752
  0
LINE
  8
0
 10
444.223
 20
-167.752
 11
444.432
 21
-167.785
  0
LINE
  8
0
 10
444.432
 20
-167.785
 11
444.639
 21
-167.831
  0
LINE
  8
0
 10
444.639
 20
-167.831
 11
444.843
 21
-167.89
  0
LINE
  8
0
 10
444.843
 20
-167.89
 11
445.042
 21
-167.962
  0
LINE
  8
0
 10
445.042
 20
-167.962
 11
445.237
 21
-168.046
  0
LINE
  8
0
 10
445.237
 20
-168.046
 11
445.426
 21
-168.142
  0
LINE
  8
0
 10
445.426
 20
-168.142
 11
445.608
 21
-168.25
  0
LINE
  8
0
 10
445.608
 20
-168.25
 11
445.784
 21
-168.37
  0
LINE
  8
0
 10
445.784
 20
-168.37
 11
445.951
 21
-168.499
  0
LINE
  8
0
 10
445.951
 20
-168.499
 11
446.11
 21
-168.64
  0
LINE
  8
0
 10
446.11
 20
-168.64
 11
446.26
 21
-168.79
  0
LINE
  8
0
 10
446.26
 20
-168.79
 11
446.4
 21
-168.949
  0
LINE
  8
0
 10
446.4
 20
-168.949
 11
446.53
 21
-169.116
  0
LINE
  8
0
 10
446.53
 20
-169.116
 11
446.65
 21
-169.292
  0
LINE
  8
0
 10
446.65
 20
-169.292
 11
446.758
 21
-169.474
  0
LINE
  8
0
 10
446.758
 20
-169.474
 11
446.854
 21
-169.663
  0
LINE
  8
0
 10
446.854
 20
-169.663
 11
446.938
 21
-169.858
  0
LINE
  8
0
 10
446.938
 20
-169.858
 11
447.01
 21
-170.057
  0
LINE
  8
0
 10
447.01
 20
-170.057
 11
447.069
 21
-170.261
  0
LINE
  8
0
 10
447.069
 20
-170.261
 11
447.115
 21
-170.468
  0
LINE
  8
0
 10
447.115
 20
-170.468
 11
447.148
 21
-170.677
  0
LINE
  8
0
 10
447.148
 20
-170.677
 11
447.168
 21
-170.888
  0
LINE
  8
0
 10
447.168
 20
-170.888
 11
447.175
 21
-171.1
  0
LINE
  8
0
 10
447.175
 20
-171.1
 11
447.168
 21
-171.312
  0
LINE
  8
0
 10
447.168
 20
-171.312
 11
447.148
 21
-171.523
  0
LINE
  8
0
 10
447.148
 20
-171.523
 11
447.115
 21
-171.732
  0
LINE
  8
0
 10
447.115
 20
-171.732
 11
447.069
 21
-171.939
  0
LINE
  8
0
 10
447.069
 20
-171.939
 11
447.01
 21
-172.143
  0
LINE
  8
0
 10
447.01
 20
-172.143
 11
446.938
 21
-172.342
  0
LINE
  8
0
 10
446.938
 20
-172.342
 11
446.854
 21
-172.537
  0
LINE
  8
0
 10
446.854
 20
-172.537
 11
446.758
 21
-172.726
  0
LINE
  8
0
 10
446.758
 20
-172.726
 11
446.65
 21
-172.908
  0
LINE
  8
0
 10
446.65
 20
-172.908
 11
446.53
 21
-173.084
  0
LINE
  8
0
 10
446.53
 20
-173.084
 11
446.4
 21
-173.251
  0
LINE
  8
0
 10
446.4
 20
-173.251
 11
446.26
 21
-173.41
  0
LINE
  8
0
 10
446.26
 20
-173.41
 11
446.11
 21
-173.56
  0
LINE
  8
0
 10
446.11
 20
-173.56
 11
445.951
 21
-173.7
  0
LINE
  8
0
 10
445.951
 20
-173.7
 11
445.784
 21
-173.83
  0
LINE
  8
0
 10
445.784
 20
-173.83
 11
445.608
 21
-173.95
  0
LINE
  8
0
 10
445.608
 20
-173.95
 11
445.426
 21
-174.058
  0
LINE
  8
0
 10
445.426
 20
-174.058
 11
445.237
 21
-174.154
  0
LINE
  8
0
 10
445.237
 20
-174.154
 11
445.042
 21
-174.238
  0
LINE
  8
0
 10
445.042
 20
-174.238
 11
444.843
 21
-174.31
  0
LINE
  8
0
 10
444.843
 20
-174.31
 11
444.639
 21
-174.369
  0
LINE
  8
0
 10
444.639
 20
-174.369
 11
444.432
 21
-174.415
  0
LINE
  8
0
 10
444.432
 20
-174.415
 11
444.223
 21
-174.448
  0
LINE
  8
0
 10
444.223
 20
-174.448
 11
444.012
 21
-174.468
  0
LINE
  8
0
 10
444.012
 20
-174.468
 11
443.8
 21
-174.475
  0
LINE
  8
0
 10
443.8
 20
-174.475
 11
443.588
 21
-174.468
  0
LINE
  8
0
 10
443.588
 20
-199.868
 11
443.377
 21
-199.848
  0
LINE
  8
0
 10
443.377
 20
-199.848
 11
443.168
 21
-199.815
  0
LINE
  8
0
 10
443.168
 20
-199.815
 11
442.961
 21
-199.769
  0
LINE
  8
0
 10
442.961
 20
-199.769
 11
442.757
 21
-199.71
  0
LINE
  8
0
 10
442.757
 20
-199.71
 11
442.558
 21
-199.638
  0
LINE
  8
0
 10
442.558
 20
-199.638
 11
442.363
 21
-199.554
  0
LINE
  8
0
 10
442.363
 20
-199.554
 11
442.174
 21
-199.458
  0
LINE
  8
0
 10
442.174
 20
-199.458
 11
441.992
 21
-199.35
  0
LINE
  8
0
 10
441.992
 20
-199.35
 11
441.816
 21
-199.23
  0
LINE
  8
0
 10
441.816
 20
-199.23
 11
441.649
 21
-199.1
  0
LINE
  8
0
 10
441.649
 20
-199.1
 11
441.49
 21
-198.96
  0
LINE
  8
0
 10
441.49
 20
-198.96
 11
441.34
 21
-198.81
  0
LINE
  8
0
 10
441.34
 20
-198.81
 11
441.2
 21
-198.651
  0
LINE
  8
0
 10
441.2
 20
-198.651
 11
441.07
 21
-198.484
  0
LINE
  8
0
 10
441.07
 20
-198.484
 11
440.95
 21
-198.308
  0
LINE
  8
0
 10
440.95
 20
-198.308
 11
440.842
 21
-198.126
  0
LINE
  8
0
 10
440.842
 20
-198.126
 11
440.746
 21
-197.937
  0
LINE
  8
0
 10
440.746
 20
-197.937
 11
440.662
 21
-197.742
  0
LINE
  8
0
 10
440.662
 20
-197.742
 11
440.59
 21
-197.543
  0
LINE
  8
0
 10
440.59
 20
-197.543
 11
440.531
 21
-197.339
  0
LINE
  8
0
 10
440.531
 20
-197.339
 11
440.485
 21
-197.132
  0
LINE
  8
0
 10
440.485
 20
-197.132
 11
440.452
 21
-196.923
  0
LINE
  8
0
 10
440.452
 20
-196.923
 11
440.432
 21
-196.712
  0
LINE
  8
0
 10
440.432
 20
-196.712
 11
440.425
 21
-196.5
  0
LINE
  8
0
 10
440.425
 20
-196.5
 11
440.432
 21
-196.288
  0
LINE
  8
0
 10
440.432
 20
-196.288
 11
440.452
 21
-196.077
  0
LINE
  8
0
 10
440.452
 20
-196.077
 11
440.485
 21
-195.868
  0
LINE
  8
0
 10
440.485
 20
-195.868
 11
440.531
 21
-195.661
  0
LINE
  8
0
 10
440.531
 20
-195.661
 11
440.59
 21
-195.457
  0
LINE
  8
0
 10
440.59
 20
-195.457
 11
440.662
 21
-195.258
  0
LINE
  8
0
 10
440.662
 20
-195.258
 11
440.746
 21
-195.063
  0
LINE
  8
0
 10
440.746
 20
-195.063
 11
440.842
 21
-194.874
  0
LINE
  8
0
 10
440.842
 20
-194.874
 11
440.95
 21
-194.692
  0
LINE
  8
0
 10
440.95
 20
-194.692
 11
441.07
 21
-194.516
  0
LINE
  8
0
 10
441.07
 20
-194.516
 11
441.2
 21
-194.349
  0
LINE
  8
0
 10
441.2
 20
-194.349
 11
441.34
 21
-194.19
  0
LINE
  8
0
 10
441.34
 20
-194.19
 11
441.49
 21
-194.04
  0
LINE
  8
0
 10
441.49
 20
-194.04
 11
441.649
 21
-193.9
  0
LINE
  8
0
 10
441.649
 20
-193.9
 11
441.816
 21
-193.77
  0
LINE
  8
0
 10
441.816
 20
-193.77
 11
441.992
 21
-193.65
  0
LINE
  8
0
 10
441.992
 20
-193.65
 11
442.174
 21
-193.542
  0
LINE
  8
0
 10
442.174
 20
-193.542
 11
442.363
 21
-193.446
  0
LINE
  8
0
 10
442.363
 20
-193.446
 11
442.558
 21
-193.362
  0
LINE
  8
0
 10
442.558
 20
-193.362
 11
442.757
 21
-193.29
  0
LINE
  8
0
 10
442.757
 20
-193.29
 11
442.961
 21
-193.231
  0
LINE
  8
0
 10
442.961
 20
-193.231
 11
443.168
 21
-193.185
  0
LINE
  8
0
 10
443.168
 20
-193.185
 11
443.377
 21
-193.152
  0
LINE
  8
0
 10
443.377
 20
-193.152
 11
443.588
 21
-193.132
  0
LINE
  8
0
 10
443.588
 20
-193.132
 11
443.8
 21
-193.125
  0
LINE
  8
0
 10
443.8
 20
-193.125
 11
444.012
 21
-193.132
  0
LINE
  8
0
 10
444.012
 20
-193.132
 11
444.223
 21
-193.152
  0
LINE
  8
0
 10
444.223
 20
-193.152
 11
444.432
 21
-193.185
  0
LINE
  8
0
 10
444.432
 20
-193.185
 11
444.639
 21
-193.231
  0
LINE
  8
0
 10
444.639
 20
-193.231
 11
444.843
 21
-193.29
  0
LINE
  8
0
 10
444.843
 20
-193.29
 11
445.042
 21
-193.362
  0
LINE
  8
0
 10
445.042
 20
-193.362
 11
445.237
 21
-193.446
  0
LINE
  8
0
 10
445.237
 20
-193.446
 11
445.426
 21
-193.542
  0
LINE
  8
0
 10
445.426
 20
-193.542
 11
445.608
 21
-193.65
  0
LINE
  8
0
 10
445.608
 20
-193.65
 11
445.784
 21
-193.77
  0
LINE
  8
0
 10
445.784
 20
-193.77
 11
445.951
 21
-193.9
  0
LINE
  8
0
 10
445.951
 20
-193.9
 11
446.11
 21
-194.04
  0
LINE
  8
0
 10
446.11
 20
-194.04
 11
446.26
 21
-194.19
  0
LINE
  8
0
 10
446.26
 20
-194.19
 11
446.4
 21
-194.349
  0
LINE
  8
0
 10
446.4
 20
-194.349
 11
446.53
 21
-194.516
  0
LINE
  8
0
 10
446.53
 20
-194.516
 11
446.65
 21
-194.692
  0
LINE
  8
0
 10
446.65
 20
-194.692
 11
446.758
 21
-194.874
  0
LINE
  8
0
 10
446.758
 20
-194.874
 11
446.854
 21
-195.063
  0
LINE
  8
0
 10
446.854
 20
-195.063
 11
446.938
 21
-195.258
  0
LINE
  8
0
 10
446.938
 20
-195.258
 11
447.01
 21
-195.457
  0
LINE
  8
0
 10
447.01
 20
-195.457
 11
447.069
 21
-195.661
  0
LINE
  8
0
 10
447.069
 20
-195.661
 11
447.115
 21
-195.868
  0
LINE
  8
0
 10
447.115
 20
-195.868
 11
447.148
 21
-196.077
  0
LINE
  8
0
 10
447.148
 20
-196.077
 11
447.168
 21
-196.288
  0
LINE
  8
0
 10
447.168
 20
-196.288
 11
447.175
 21
-196.5
  0
LINE
  8
0
 10
447.175
 20
-196.5
 11
447.168
 21
-196.712
  0
LINE
  8
0
 10
447.168
 20
-196.712
 11
447.148
 21
-196.923
  0
LINE
  8
0
 10
447.148
 20
-196.923
 11
447.115
 21
-197.132
  0
LINE
  8
0
 10
447.115
 20
-197.132
 11
447.069
 21
-197.339
  0
LINE
  8
0
 10
447.069
 20
-197.339
 11
447.01
 21
-197.543
  0
LINE
  8
0
 10
447.01
 20
-197.543
 11
446.938
 21
-197.742
  0
LINE
  8
0
 10
446.938
 20
-197.742
 11
446.854
 21
-197.937
  0
LINE
  8
0
 10
446.854
 20
-197.937
 11
446.758
 21
-198.126
  0
LINE
  8
0
 10
446.758
 20
-198.126
 11
446.65
 21
-198.308
  0
LINE
  8
0
 10
446.65
 20
-198.308
 11
446.53
 21
-198.484
  0
LINE
  8
0
 10
446.53
 20
-198.484
 11
446.4
 21
-198.651
  0
LINE
  8
0
 10
446.4
 20
-198.651
 11
446.26
 21
-198.81
  0
LINE
  8
0
 10
446.26
 20
-198.81
 11
446.11
 21
-198.96
  0
LINE
  8
0
 10
446.11
 20
-198.96
 11
445.951
 21
-199.1
  0
LINE
  8
0
 10
445.951
 20
-199.1
 11
445.784
 21
-199.23
  0
LINE
  8
0
 10
445.784
 20
-199.23
 11
445.608
 21
-199.35
  0
LINE
  8
0
 10
445.608
 20
-199.35
 11
445.426
 21
-199.458
  0
LINE
  8
0
 10
445.426
 20
-199.458
 11
445.237
 21
-199.554
  0
LINE
  8
0
 10
445.237
 20
-199.554
 11
445.042
 21
-199.638
  0
LINE
  8
0
 10
445.042
 20
-199.638
 11
444.843
 21
-199.71
  0
LINE
  8
0
 10
444.843
 20
-199.71
 11
444.639
 21
-199.769
  0
LINE
  8
0
 10
444.639
 20
-199.769
 11
444.432
 21
-199.815
  0
LINE
  8
0
 10
444.432
 20
-199.815
 11
444.223
 21
-199.848
  0
LINE
  8
0
 10
444.223
 20
-199.848
 11
444.012
 21
-199.868
  0
LINE
  8
0
 10
444.012
 20
-199.868
 11
443.8
 21
-199.875
  0
LINE
  8
0
 10
443.8
 20
-199.875
 11
443.588
 21
-199.868
  0
LINE
  8
0
 10
426.1
 20
-107.6
 11
400.7
 21
-107.6
  0
LINE
  8
0
 10
400.7
 20
-107.6
 11
400.7
 21
-209.2
  0
LINE
  8
0
 10
400.7
 20
-209.2
 11
426.1
 21
-209.2
  0
LINE
  8
0
 10
426.1
 20
-209.2
 11
426.1
 21
-107.6
  0
LINE
  8
0
 10
413.188
 20
-123.668
 11
412.977
 21
-123.648
  0
LINE
  8
0
 10
412.977
 20
-123.648
 11
412.768
 21
-123.615
  0
LINE
  8
0
 10
412.768
 20
-123.615
 11
412.561
 21
-123.569
  0
LINE
  8
0
 10
412.561
 20
-123.569
 11
412.357
 21
-123.51
  0
LINE
  8
0
 10
412.357
 20
-123.51
 11
412.158
 21
-123.438
  0
LINE
  8
0
 10
412.158
 20
-123.438
 11
411.963
 21
-123.354
  0
LINE
  8
0
 10
411.963
 20
-123.354
 11
411.774
 21
-123.258
  0
LINE
  8
0
 10
411.774
 20
-123.258
 11
411.592
 21
-123.15
  0
LINE
  8
0
 10
411.592
 20
-123.15
 11
411.416
 21
-123.03
  0
LINE
  8
0
 10
411.416
 20
-123.03
 11
411.249
 21
-122.9
  0
LINE
  8
0
 10
411.249
 20
-122.9
 11
411.09
 21
-122.76
  0
LINE
  8
0
 10
411.09
 20
-122.76
 11
410.94
 21
-122.61
  0
LINE
  8
0
 10
410.94
 20
-122.61
 11
410.8
 21
-122.451
  0
LINE
  8
0
 10
410.8
 20
-122.451
 11
410.67
 21
-122.284
  0
LINE
  8
0
 10
410.67
 20
-122.284
 11
410.55
 21
-122.108
  0
LINE
  8
0
 10
410.55
 20
-122.108
 11
410.442
 21
-121.926
  0
LINE
  8
0
 10
410.442
 20
-121.926
 11
410.346
 21
-121.737
  0
LINE
  8
0
 10
410.346
 20
-121.737
 11
410.262
 21
-121.542
  0
LINE
  8
0
 10
410.262
 20
-121.542
 11
410.19
 21
-121.343
  0
LINE
  8
0
 10
410.19
 20
-121.343
 11
410.131
 21
-121.139
  0
LINE
  8
0
 10
410.131
 20
-121.139
 11
410.085
 21
-120.932
  0
LINE
  8
0
 10
410.085
 20
-120.932
 11
410.052
 21
-120.723
  0
LINE
  8
0
 10
410.052
 20
-120.723
 11
410.032
 21
-120.512
  0
LINE
  8
0
 10
410.032
 20
-120.512
 11
410.025
 21
-120.3
  0
LINE
  8
0
 10
410.025
 20
-120.3
 11
410.032
 21
-120.088
  0
LINE
  8
0
 10
410.032
 20
-120.088
 11
410.052
 21
-119.877
  0
LINE
  8
0
 10
410.052
 20
-119.877
 11
410.085
 21
-119.668
  0
LINE
  8
0
 10
410.085
 20
-119.668
 11
410.131
 21
-119.461
  0
LINE
  8
0
 10
410.131
 20
-119.461
 11
410.19
 21
-119.257
  0
LINE
  8
0
 10
410.19
 20
-119.257
 11
410.262
 21
-119.058
  0
LINE
  8
0
 10
410.262
 20
-119.058
 11
410.346
 21
-118.863
  0
LINE
  8
0
 10
410.346
 20
-118.863
 11
410.442
 21
-118.674
  0
LINE
  8
0
 10
410.442
 20
-118.674
 11
410.55
 21
-118.492
  0
LINE
  8
0
 10
410.55
 20
-118.492
 11
410.67
 21
-118.316
  0
LINE
  8
0
 10
410.67
 20
-118.316
 11
410.8
 21
-118.149
  0
LINE
  8
0
 10
410.8
 20
-118.149
 11
410.94
 21
-117.99
  0
LINE
  8
0
 10
410.94
 20
-117.99
 11
411.09
 21
-117.84
  0
LINE
  8
0
 10
411.09
 20
-117.84
 11
411.249
 21
-117.7
  0
LINE
  8
0
 10
411.249
 20
-117.7
 11
411.416
 21
-117.57
  0
LINE
  8
0
 10
411.416
 20
-117.57
 11
411.592
 21
-117.45
  0
LINE
  8
0
 10
411.592
 20
-117.45
 11
411.774
 21
-117.342
  0
LINE
  8
0
 10
411.774
 20
-117.342
 11
411.963
 21
-117.246
  0
LINE
  8
0
 10
411.963
 20
-117.246
 11
412.158
 21
-117.162
  0
LINE
  8
0
 10
412.158
 20
-117.162
 11
412.357
 21
-117.09
  0
LINE
  8
0
 10
412.357
 20
-117.09
 11
412.561
 21
-117.031
  0
LINE
  8
0
 10
412.561
 20
-117.031
 11
412.768
 21
-116.985
  0
LINE
  8
0
 10
412.768
 20
-116.985
 11
412.977
 21
-116.952
  0
LINE
  8
0
 10
412.977
 20
-116.952
 11
413.188
 21
-116.932
  0
LINE
  8
0
 10
413.188
 20
-116.932
 11
413.4
 21
-116.925
  0
LINE
  8
0
 10
413.4
 20
-116.925
 11
413.612
 21
-116.932
  0
LINE
  8
0
 10
413.612
 20
-116.932
 11
413.823
 21
-116.952
  0
LINE
  8
0
 10
413.823
 20
-116.952
 11
414.032
 21
-116.985
  0
LINE
  8
0
 10
414.032
 20
-116.985
 11
414.239
 21
-117.031
  0
LINE
  8
0
 10
414.239
 20
-117.031
 11
414.443
 21
-117.09
  0
LINE
  8
0
 10
414.443
 20
-117.09
 11
414.642
 21
-117.162
  0
LINE
  8
0
 10
414.642
 20
-117.162
 11
414.837
 21
-117.246
  0
LINE
  8
0
 10
414.837
 20
-117.246
 11
415.026
 21
-117.342
  0
LINE
  8
0
 10
415.026
 20
-117.342
 11
415.208
 21
-117.45
  0
LINE
  8
0
 10
415.208
 20
-117.45
 11
415.384
 21
-117.57
  0
LINE
  8
0
 10
415.384
 20
-117.57
 11
415.551
 21
-117.7
  0
LINE
  8
0
 10
415.551
 20
-117.7
 11
415.71
 21
-117.84
  0
LINE
  8
0
 10
415.71
 20
-117.84
 11
415.86
 21
-117.99
  0
LINE
  8
0
 10
415.86
 20
-117.99
 11
416
 21
-118.149
  0
LINE
  8
0
 10
416
 20
-118.149
 11
416.13
 21
-118.316
  0
LINE
  8
0
 10
416.13
 20
-118.316
 11
416.25
 21
-118.492
  0
LINE
  8
0
 10
416.25
 20
-118.492
 11
416.358
 21
-118.674
  0
LINE
  8
0
 10
416.358
 20
-118.674
 11
416.454
 21
-118.863
  0
LINE
  8
0
 10
416.454
 20
-118.863
 11
416.538
 21
-119.058
  0
LINE
  8
0
 10
416.538
 20
-119.058
 11
416.61
 21
-119.257
  0
LINE
  8
0
 10
416.61
 20
-119.257
 11
416.669
 21
-119.461
  0
LINE
  8
0
 10
416.669
 20
-119.461
 11
416.715
 21
-119.668
  0
LINE
  8
0
 10
416.715
 20
-119.668
 11
416.748
 21
-119.877
  0
LINE
  8
0
 10
416.748
 20
-119.877
 11
416.768
 21
-120.088
  0
LINE
  8
0
 10
416.768
 20
-120.088
 11
416.775
 21
-120.3
  0
LINE
  8
0
 10
416.775
 20
-120.3
 11
416.768
 21
-120.512
  0
LINE
  8
0
 10
416.768
 20
-120.512
 11
416.748
 21
-120.723
  0
LINE
  8
0
 10
416.748
 20
-120.723
 11
416.715
 21
-120.932
  0
LINE
  8
0
 10
416.715
 20
-120.932
 11
416.669
 21
-121.139
  0
LINE
  8
0
 10
416.669
 20
-121.139
 11
416.61
 21
-121.343
  0
LINE
  8
0
 10
416.61
 20
-121.343
 11
416.538
 21
-121.542
  0
LINE
  8
0
 10
416.538
 20
-121.542
 11
416.454
 21
-121.737
  0
LINE
  8
0
 10
416.454
 20
-121.737
 11
416.358
 21
-121.926
  0
LINE
  8
0
 10
416.358
 20
-121.926
 11
416.25
 21
-122.108
  0
LINE
  8
0
 10
416.25
 20
-122.108
 11
416.13
 21
-122.284
  0
LINE
  8
0
 10
416.13
 20
-122.284
 11
416
 21
-122.451
  0
LINE
  8
0
 10
416
 20
-122.451
 11
415.86
 21
-122.61
  0
LINE
  8
0
 10
415.86
 20
-122.61
 11
415.71
 21
-122.76
  0
LINE
  8
0
 10
415.71
 20
-122.76
 11
415.551
 21
-122.9
  0
LINE
  8
0
 10
415.551
 20
-122.9
 11
415.384
 21
-123.03
  0
LINE
  8
0
 10
415.384
 20
-123.03
 11
415.208
 21
-123.15
  0
LINE
  8
0
 10
415.208
 20
-123.15
 11
415.026
 21
-123.258
  0
LINE
  8
0
 10
415.026
 20
-123.258
 11
414.837
 21
-123.354
  0
LINE
  8
0
 10
414.837
 20
-123.354
 11
414.642
 21
-123.438
  0
LINE
  8
0
 10
414.642
 20
-123.438
 11
414.443
 21
-123.51
  0
LINE
  8
0
 10
414.443
 20
-123.51
 11
414.239
 21
-123.569
  0
LINE
  8
0
 10
414.239
 20
-123.569
 11
414.032
 21
-123.615
  0
LINE
  8
0
 10
414.032
 20
-123.615
 11
413.823
 21
-123.648
  0
LINE
  8
0
 10
413.823
 20
-123.648
 11
413.612
 21
-123.668
  0
LINE
  8
0
 10
413.612
 20
-123.668
 11
413.4
 21
-123.675
  0
LINE
  8
0
 10
413.4
 20
-123.675
 11
413.188
 21
-123.668
  0
LINE
  8
0
 10
413.188
 20
-149.068
 11
412.977
 21
-149.048
  0
LINE
  8
0
 10
412.977
 20
-149.048
 11
412.768
 21
-149.015
  0
LINE
  8
0
 10
412.768
 20
-149.015
 11
412.561
 21
-148.969
  0
LINE
  8
0
 10
412.561
 20
-148.969
 11
412.357
 21
-148.91
  0
LINE
  8
0
 10
412.357
 20
-148.91
 11
412.158
 21
-148.838
  0
LINE
  8
0
 10
412.158
 20
-148.838
 11
411.963
 21
-148.754
  0
LINE
  8
0
 10
411.963
 20
-148.754
 11
411.774
 21
-148.658
  0
LINE
  8
0
 10
411.774
 20
-148.658
 11
411.592
 21
-148.55
  0
LINE
  8
0
 10
411.592
 20
-148.55
 11
411.416
 21
-148.43
  0
LINE
  8
0
 10
411.416
 20
-148.43
 11
411.249
 21
-148.3
  0
LINE
  8
0
 10
411.249
 20
-148.3
 11
411.09
 21
-148.16
  0
LINE
  8
0
 10
411.09
 20
-148.16
 11
410.94
 21
-148.01
  0
LINE
  8
0
 10
410.94
 20
-148.01
 11
410.8
 21
-147.851
  0
LINE
  8
0
 10
410.8
 20
-147.851
 11
410.67
 21
-147.684
  0
LINE
  8
0
 10
410.67
 20
-147.684
 11
410.55
 21
-147.508
  0
LINE
  8
0
 10
410.55
 20
-147.508
 11
410.442
 21
-147.326
  0
LINE
  8
0
 10
410.442
 20
-147.326
 11
410.346
 21
-147.137
  0
LINE
  8
0
 10
410.346
 20
-147.137
 11
410.262
 21
-146.942
  0
LINE
  8
0
 10
410.262
 20
-146.942
 11
410.19
 21
-146.743
  0
LINE
  8
0
 10
410.19
 20
-146.743
 11
410.131
 21
-146.539
  0
LINE
  8
0
 10
410.131
 20
-146.539
 11
410.085
 21
-146.332
  0
LINE
  8
0
 10
410.085
 20
-146.332
 11
410.052
 21
-146.123
  0
LINE
  8
0
 10
410.052
 20
-146.123
 11
410.032
 21
-145.912
  0
LINE
  8
0
 10
410.032
 20
-145.912
 11
410.025
 21
-145.7
  0
LINE
  8
0
 10
410.025
 20
-145.7
 11
410.032
 21
-145.488
  0
LINE
  8
0
 10
410.032
 20
-145.488
 11
410.052
 21
-145.277
  0
LINE
  8
0
 10
410.052
 20
-145.277
 11
410.085
 21
-145.068
  0
LINE
  8
0
 10
410.085
 20
-145.068
 11
410.131
 21
-144.861
  0
LINE
  8
0
 10
410.131
 20
-144.861
 11
410.19
 21
-144.657
  0
LINE
  8
0
 10
410.19
 20
-144.657
 11
410.262
 21
-144.458
  0
LINE
  8
0
 10
410.262
 20
-144.458
 11
410.346
 21
-144.263
  0
LINE
  8
0
 10
410.346
 20
-144.263
 11
410.442
 21
-144.074
  0
LINE
  8
0
 10
410.442
 20
-144.074
 11
410.55
 21
-143.892
  0
LINE
  8
0
 10
410.55
 20
-143.892
 11
410.67
 21
-143.716
  0
LINE
  8
0
 10
410.67
 20
-143.716
 11
410.8
 21
-143.549
  0
LINE
  8
0
 10
410.8
 20
-143.549
 11
410.94
 21
-143.39
  0
LINE
  8
0
 10
410.94
 20
-143.39
 11
411.09
 21
-143.24
  0
LINE
  8
0
 10
411.09
 20
-143.24
 11
411.249
 21
-143.1
  0
LINE
  8
0
 10
411.249
 20
-143.1
 11
411.416
 21
-142.97
  0
LINE
  8
0
 10
411.416
 20
-142.97
 11
411.592
 21
-142.85
  0
LINE
  8
0
 10
411.592
 20
-142.85
 11
411.774
 21
-142.742
  0
LINE
  8
0
 10
411.774
 20
-142.742
 11
411.963
 21
-142.646
  0
LINE
  8
0
 10
411.963
 20
-142.646
 11
412.158
 21
-142.562
  0
LINE
  8
0
 10
412.158
 20
-142.562
 11
412.357
 21
-142.49
  0
LINE
  8
0
 10
412.357
 20
-142.49
 11
412.561
 21
-142.431
  0
LINE
  8
0
 10
412.561
 20
-142.431
 11
412.768
 21
-142.385
  0
LINE
  8
0
 10
412.768
 20
-142.385
 11
412.977
 21
-142.352
  0
LINE
  8
0
 10
412.977
 20
-142.352
 11
413.188
 21
-142.332
  0
LINE
  8
0
 10
413.188
 20
-142.332
 11
413.4
 21
-142.325
  0
LINE
  8
0
 10
413.4
 20
-142.325
 11
413.612
 21
-142.332
  0
LINE
  8
0
 10
413.612
 20
-142.332
 11
413.823
 21
-142.352
  0
LINE
  8
0
 10
413.823
 20
-142.352
 11
414.032
 21
-142.385
  0
LINE
  8
0
 10
414.032
 20
-142.385
 11
414.239
 21
-142.431
  0
LINE
  8
0
 10
414.239
 20
-142.431
 11
414.443
 21
-142.49
  0
LINE
  8
0
 10
414.443
 20
-142.49
 11
414.642
 21
-142.562
  0
LINE
  8
0
 10
414.642
 20
-142.562
 11
414.837
 21
-142.646
  0
LINE
  8
0
 10
414.837
 20
-142.646
 11
415.026
 21
-142.742
  0
LINE
  8
0
 10
415.026
 20
-142.742
 11
415.208
 21
-142.85
  0
LINE
  8
0
 10
415.208
 20
-142.85
 11
415.384
 21
-142.97
  0
LINE
  8
0
 10
415.384
 20
-142.97
 11
415.551
 21
-143.1
  0
LINE
  8
0
 10
415.551
 20
-143.1
 11
415.71
 21
-143.24
  0
LINE
  8
0
 10
415.71
 20
-143.24
 11
415.86
 21
-143.39
  0
LINE
  8
0
 10
415.86
 20
-143.39
 11
416
 21
-143.549
  0
LINE
  8
0
 10
416
 20
-143.549
 11
416.13
 21
-143.716
  0
LINE
  8
0
 10
416.13
 20
-143.716
 11
416.25
 21
-143.892
  0
LINE
  8
0
 10
416.25
 20
-143.892
 11
416.358
 21
-144.074
  0
LINE
  8
0
 10
416.358
 20
-144.074
 11
416.454
 21
-144.263
  0
LINE
  8
0
 10
416.454
 20
-144.263
 11
416.538
 21
-144.458
  0
LINE
  8
0
 10
416.538
 20
-144.458
 11
416.61
 21
-144.657
  0
LINE
  8
0
 10
416.61
 20
-144.657
 11
416.669
 21
-144.861
  0
LINE
  8
0
 10
416.669
 20
-144.861
 11
416.715
 21
-145.068
  0
LINE
  8
0
 10
416.715
 20
-145.068
 11
416.748
 21
-145.277
  0
LINE
  8
0
 10
416.748
 20
-145.277
 11
416.768
 21
-145.488
  0
LINE
  8
0
 10
416.768
 20
-145.488
 11
416.775
 21
-145.7
  0
LINE
  8
0
 10
416.775
 20
-145.7
 11
416.768
 21
-145.912
  0
LINE
  8
0
 10
416.768
 20
-145.912
 11
416.748
 21
-146.123
  0
LINE
  8
0
 10
416.748
 20
-146.123
 11
416.715
 21
-146.332
  0
LINE
  8
0
 10
416.715
 20
-146.332
 11
416.669
 21
-146.539
  0
LINE
  8
0
 10
416.669
 20
-146.539
 11
416.61
 21
-146.743
  0
LINE
  8
0
 10
416.61
 20
-146.743
 11
416.538
 21
-146.942
  0
LINE
  8
0
 10
416.538
 20
-146.942
 11
416.454
 21
-147.137
  0
LINE
  8
0
 10
416.454
 20
-147.137
 11
416.358
 21
-147.326
  0
LINE
  8
0
 10
416.358
 20
-147.326
 11
416.25
 21
-147.508
  0
LINE
  8
0
 10
416.25
 20
-147.508
 11
416.13
 21
-147.684
  0
LINE
  8
0
 10
416.13
 20
-147.684
 11
416
 21
-147.851
  0
LINE
  8
0
 10
416
 20
-147.851
 11
415.86
 21
-148.01
  0
LINE
  8
0
 10
415.86
 20
-148.01
 11
415.71
 21
-148.16
  0
LINE
  8
0
 10
415.71
 20
-148.16
 11
415.551
 21
-148.3
  0
LINE
  8
0
 10
415.551
 20
-148.3
 11
415.384
 21
-148.43
  0
LINE
  8
0
 10
415.384
 20
-148.43
 11
415.208
 21
-148.55
  0
LINE
  8
0
 10
415.208
 20
-148.55
 11
415.026
 21
-148.658
  0
LINE
  8
0
 10
415.026
 20
-148.658
 11
414.837
 21
-148.754
  0
LINE
  8
0
 10
414.837
 20
-148.754
 11
414.642
 21
-148.838
  0
LINE
  8
0
 10
414.642
 20
-148.838
 11
414.443
 21
-148.91
  0
LINE
  8
0
 10
414.443
 20
-148.91
 11
414.239
 21
-148.969
  0
LINE
  8
0
 10
414.239
 20
-148.969
 11
414.032
 21
-149.015
  0
LINE
  8
0
 10
414.032
 20
-149.015
 11
413.823
 21
-149.048
  0
LINE
  8
0
 10
413.823
 20
-149.048
 11
413.612
 21
-149.068
  0
LINE
  8
0
 10
413.612
 20
-149.068
 11
413.4
 21
-149.075
  0
LINE
  8
0
 10
413.4
 20
-149.075
 11
413.188
 21
-149.068
  0
LINE
  8
0
 10
413.188
 20
-174.468
 11
412.977
 21
-174.448
  0
LINE
  8
0
 10
412.977
 20
-174.448
 11
412.768
 21
-174.415
  0
LINE
  8
0
 10
412.768
 20
-174.415
 11
412.561
 21
-174.369
  0
LINE
  8
0
 10
412.561
 20
-174.369
 11
412.357
 21
-174.31
  0
LINE
  8
0
 10
412.357
 20
-174.31
 11
412.158
 21
-174.238
  0
LINE
  8
0
 10
412.158
 20
-174.238
 11
411.963
 21
-174.154
  0
LINE
  8
0
 10
411.963
 20
-174.154
 11
411.774
 21
-174.058
  0
LINE
  8
0
 10
411.774
 20
-174.058
 11
411.592
 21
-173.95
  0
LINE
  8
0
 10
411.592
 20
-173.95
 11
411.416
 21
-173.83
  0
LINE
  8
0
 10
411.416
 20
-173.83
 11
411.249
 21
-173.7
  0
LINE
  8
0
 10
411.249
 20
-173.7
 11
411.09
 21
-173.56
  0
LINE
  8
0
 10
411.09
 20
-173.56
 11
410.94
 21
-173.41
  0
LINE
  8
0
 10
410.94
 20
-173.41
 11
410.8
 21
-173.251
  0
LINE
  8
0
 10
410.8
 20
-173.251
 11
410.67
 21
-173.084
  0
LINE
  8
0
 10
410.67
 20
-173.084
 11
410.55
 21
-172.908
  0
LINE
  8
0
 10
410.55
 20
-172.908
 11
410.442
 21
-172.726
  0
LINE
  8
0
 10
410.442
 20
-172.726
 11
410.346
 21
-172.537
  0
LINE
  8
0
 10
410.346
 20
-172.537
 11
410.262
 21
-172.342
  0
LINE
  8
0
 10
410.262
 20
-172.342
 11
410.19
 21
-172.143
  0
LINE
  8
0
 10
410.19
 20
-172.143
 11
410.131
 21
-171.939
  0
LINE
  8
0
 10
410.131
 20
-171.939
 11
410.085
 21
-171.732
  0
LINE
  8
0
 10
410.085
 20
-171.732
 11
410.052
 21
-171.523
  0
LINE
  8
0
 10
410.052
 20
-171.523
 11
410.032
 21
-171.312
  0
LINE
  8
0
 10
410.032
 20
-171.312
 11
410.025
 21
-171.1
  0
LINE
  8
0
 10
410.025
 20
-171.1
 11
410.032
 21
-170.888
  0
LINE
  8
0
 10
410.032
 20
-170.888
 11
410.052
 21
-170.677
  0
LINE
  8
0
 10
410.052
 20
-170.677
 11
410.085
 21
-170.468
  0
LINE
  8
0
 10
410.085
 20
-170.468
 11
410.131
 21
-170.261
  0
LINE
  8
0
 10
410.131
 20
-170.261
 11
410.19
 21
-170.057
  0
LINE
  8
0
 10
410.19
 20
-170.057
 11
410.262
 21
-169.858
  0
LINE
  8
0
 10
410.262
 20
-169.858
 11
410.346
 21
-169.663
  0
LINE
  8
0
 10
410.346
 20
-169.663
 11
410.442
 21
-169.474
  0
LINE
  8
0
 10
410.442
 20
-169.474
 11
410.55
 21
-169.292
  0
LINE
  8
0
 10
410.55
 20
-169.292
 11
410.67
 21
-169.116
  0
LINE
  8
0
 10
410.67
 20
-169.116
 11
410.8
 21
-168.949
  0
LINE
  8
0
 10
410.8
 20
-168.949
 11
410.94
 21
-168.79
  0
LINE
  8
0
 10
410.94
 20
-168.79
 11
411.09
 21
-168.64
  0
LINE
  8
0
 10
411.09
 20
-168.64
 11
411.249
 21
-168.499
  0
LINE
  8
0
 10
411.249
 20
-168.499
 11
411.416
 21
-168.37
  0
LINE
  8
0
 10
411.416
 20
-168.37
 11
411.592
 21
-168.25
  0
LINE
  8
0
 10
411.592
 20
-168.25
 11
411.774
 21
-168.142
  0
LINE
  8
0
 10
411.774
 20
-168.142
 11
411.963
 21
-168.046
  0
LINE
  8
0
 10
411.963
 20
-168.046
 11
412.158
 21
-167.962
  0
LINE
  8
0
 10
412.158
 20
-167.962
 11
412.357
 21
-167.89
  0
LINE
  8
0
 10
412.357
 20
-167.89
 11
412.561
 21
-167.831
  0
LINE
  8
0
 10
412.561
 20
-167.831
 11
412.768
 21
-167.785
  0
LINE
  8
0
 10
412.768
 20
-167.785
 11
412.977
 21
-167.752
  0
LINE
  8
0
 10
412.977
 20
-167.752
 11
413.188
 21
-167.732
  0
LINE
  8
0
 10
413.188
 20
-167.732
 11
413.4
 21
-167.725
  0
LINE
  8
0
 10
413.4
 20
-167.725
 11
413.612
 21
-167.732
  0
LINE
  8
0
 10
413.612
 20
-167.732
 11
413.823
 21
-167.752
  0
LINE
  8
0
 10
413.823
 20
-167.752
 11
414.032
 21
-167.785
  0
LINE
  8
0
 10
414.032
 20
-167.785
 11
414.239
 21
-167.831
  0
LINE
  8
0
 10
414.239
 20
-167.831
 11
414.443
 21
-167.89
  0
LINE
  8
0
 10
414.443
 20
-167.89
 11
414.642
 21
-167.962
  0
LINE
  8
0
 10
414.642
 20
-167.962
 11
414.837
 21
-168.046
  0
LINE
  8
0
 10
414.837
 20
-168.046
 11
415.026
 21
-168.142
  0
LINE
  8
0
 10
415.026
 20
-168.142
 11
415.208
 21
-168.25
  0
LINE
  8
0
 10
415.208
 20
-168.25
 11
415.384
 21
-168.37
  0
LINE
  8
0
 10
415.384
 20
-168.37
 11
415.551
 21
-168.499
  0
LINE
  8
0
 10
415.551
 20
-168.499
 11
415.71
 21
-168.64
  0
LINE
  8
0
 10
415.71
 20
-168.64
 11
415.86
 21
-168.79
  0
LINE
  8
0
 10
415.86
 20
-168.79
 11
416
 21
-168.949
  0
LINE
  8
0
 10
416
 20
-168.949
 11
416.13
 21
-169.116
  0
LINE
  8
0
 10
416.13
 20
-169.116
 11
416.25
 21
-169.292
  0
LINE
  8
0
 10
416.25
 20
-169.292
 11
416.358
 21
-169.474
  0
LINE
  8
0
 10
416.358
 20
-169.474
 11
416.454
 21
-169.663
  0
LINE
  8
0
 10
416.454
 20
-169.663
 11
416.538
 21
-169.858
  0
LINE
  8
0
 10
416.538
 20
-169.858
 11
416.61
 21
-170.057
  0
LINE
  8
0
 10
416.61
 20
-170.057
 11
416.669
 21
-170.261
  0
LINE
  8
0
 10
416.669
 20
-170.261
 11
416.715
 21
-170.468
  0
LINE
  8
0
 10
416.715
 20
-170.468
 11
416.748
 21
-170.677
  0
LINE
  8
0
 10
416.748
 20
-170.677
 11
416.768
 21
-170.888
  0
LINE
  8
0
 10
416.768
 20
-170.888
 11
416.775
 21
-171.1
  0
LINE
  8
0
 10
416.775
 20
-171.1
 11
416.768
 21
-171.312
  0
LINE
  8
0
 10
416.768
 20
-171.312
 11
416.748
 21
-171.523
  0
LINE
  8
0
 10
416.748
 20
-171.523
 11
416.715
 21
-171.732
  0
LINE
  8
0
 10
416.715
 20
-171.732
 11
416.669
 21
-171.939
  0
LINE
  8
0
 10
416.669
 20
-171.939
 11
416.61
 21
-172.143
  0
LINE
  8
0
 10
416.61
 20
-172.143
 11
416.538
 21
-172.342
  0
LINE
  8
0
 10
416.538
 20
-172.342
 11
416.454
 21
-172.537
  0
LINE
  8
0
 10
416.454
 20
-172.537
 11
416.358
 21
-172.726
  0
LINE
  8
0
 10
416.358
 20
-172.726
 11
416.25
 21
-172.908
  0
LINE
  8
0
 10
416.25
 20
-172.908
 11
416.13
 21
-173.084
  0
LINE
  8
0
 10
416.13
 20
-173.084
 11
416
 21
-173.251
  0
LINE
  8
0
 10
416
 20
-173.251
 11
415.86
 21
-173.41
  0
LINE
  8
0
 10
415.86
 20
-173.41
 11
415.71
 21
-173.56
  0
LINE
  8
0
 10
415.71
 20
-173.56
 11
415.551
 21
-173.7
  0
LINE
  8
0
 10
415.551
 20
-173.7
 11
415.384
 21
-173.83
  0
LINE
  8
0
 10
415.384
 20
-173.83
 11
415.208
 21
-173.95
  0
LINE
  8
0
 10
415.208
 20
-173.95
 11
415.026
 21
-174.058
  0
LINE
  8
0
 10
415.026
 20
-174.058
 11
414.837
 21
-174.154
  0
LINE
  8
0
 10
414.837
 20
-174.154
 11
414.642
 21
-174.238
  0
LINE
  8
0
 10
414.642
 20
-174.238
 11
414.443
 21
-174.31
  0
LINE
  8
0
 10
414.443
 20
-174.31
 11
414.239
 21
-174.369
  0
LINE
  8
0
 10
414.239
 20
-174.369
 11
414.032
 21
-174.415
  0
LINE
  8
0
 10
414.032
 20
-174.415
 11
413.823
 21
-174.448
  0
LINE
  8
0
 10
413.823
 20
-174.448
 11
413.612
 21
-174.468
  0
LINE
  8
0
 10
413.612
 20
-174.468
 11
413.4
 21
-174.475
  0
LINE
  8
0
 10
413.4
 20
-174.475
 11
413.188
 21
-174.468
  0
LINE
  8
0
 10
413.188
 20
-199.868
 11
412.977
 21
-199.848
  0
LINE
  8
0
 10
412.977
 20
-199.848
 11
412.768
 21
-199.815
  0
LINE
  8
0
 10
412.768
 20
-199.815
 11
412.561
 21
-199.769
  0
LINE
  8
0
 10
412.561
 20
-199.769
 11
412.357
 21
-199.71
  0
LINE
  8
0
 10
412.357
 20
-199.71
 11
412.158
 21
-199.638
  0
LINE
  8
0
 10
412.158
 20
-199.638
 11
411.963
 21
-199.554
  0
LINE
  8
0
 10
411.963
 20
-199.554
 11
411.774
 21
-199.458
  0
LINE
  8
0
 10
411.774
 20
-199.458
 11
411.592
 21
-199.35
  0
LINE
  8
0
 10
411.592
 20
-199.35
 11
411.416
 21
-199.23
  0
LINE
  8
0
 10
411.416
 20
-199.23
 11
411.249
 21
-199.1
  0
LINE
  8
0
 10
411.249
 20
-199.1
 11
411.09
 21
-198.96
  0
LINE
  8
0
 10
411.09
 20
-198.96
 11
410.94
 21
-198.81
  0
LINE
  8
0
 10
410.94
 20
-198.81
 11
410.8
 21
-198.651
  0
LINE
  8
0
 10
410.8
 20
-198.651
 11
410.67
 21
-198.484
  0
LINE
  8
0
 10
410.67
 20
-198.484
 11
410.55
 21
-198.308
  0
LINE
  8
0
 10
410.55
 20
-198.308
 11
410.442
 21
-198.126
  0
LINE
  8
0
 10
410.442
 20
-198.126
 11
410.346
 21
-197.937
  0
LINE
  8
0
 10
410.346
 20
-197.937
 11
410.262
 21
-197.742
  0
LINE
  8
0
 10
410.262
 20
-197.742
 11
410.19
 21
-197.543
  0
LINE
  8
0
 10
410.19
 20
-197.543
 11
410.131
 21
-197.339
  0
LINE
  8
0
 10
410.131
 20
-197.339
 11
410.085
 21
-197.132
  0
LINE
  8
0
 10
410.085
 20
-197.132
 11
410.052
 21
-196.923
  0
LINE
  8
0
 10
410.052
 20
-196.923
 11
410.032
 21
-196.712
  0
LINE
  8
0
 10
410.032
 20
-196.712
 11
410.025
 21
-196.5
  0
LINE
  8
0
 10
410.025
 20
-196.5
 11
410.032
 21
-196.288
  0
LINE
  8
0
 10
410.032
 20
-196.288
 11
410.052
 21
-196.077
  0
LINE
  8
0
 10
410.052
 20
-196.077
 11
410.085
 21
-195.868
  0
LINE
  8
0
 10
410.085
 20
-195.868
 11
410.131
 21
-195.661
  0
LINE
  8
0
 10
410.131
 20
-195.661
 11
410.19
 21
-195.457
  0
LINE
  8
0
 10
410.19
 20
-195.457
 11
410.262
 21
-195.258
  0
LINE
  8
0
 10
410.262
 20
-195.258
 11
410.346
 21
-195.063
  0
LINE
  8
0
 10
410.346
 20
-195.063
 11
410.442
 21
-194.874
  0
LINE
  8
0
 10
410.442
 20
-194.874
 11
410.55
 21
-194.692
  0
LINE
  8
0
 10
410.55
 20
-194.692
 11
410.67
 21
-194.516
  0
LINE
  8
0
 10
410.67
 20
-194.516
 11
410.8
 21
-194.349
  0
LINE
  8
0
 10
410.8
 20
-194.349
 11
410.94
 21
-194.19
  0
LINE
  8
0
 10
410.94
 20
-194.19
 11
411.09
 21
-194.04
  0
LINE
  8
0
 10
411.09
 20
-194.04
 11
411.249
 21
-193.9
  0
LINE
  8
0
 10
411.249
 20
-193.9
 11
411.416
 21
-193.77
  0
LINE
  8
0
 10
411.416
 20
-193.77
 11
411.592
 21
-193.65
  0
LINE
  8
0
 10
411.592
 20
-193.65
 11
411.774
 21
-193.542
  0
LINE
  8
0
 10
411.774
 20
-193.542
 11
411.963
 21
-193.446
  0
LINE
  8
0
 10
411.963
 20
-193.446
 11
412.158
 21
-193.362
  0
LINE
  8
0
 10
412.158
 20
-193.362
 11
412.357
 21
-193.29
  0
LINE
  8
0
 10
412.357
 20
-193.29
 11
412.561
 21
-193.231
  0
LINE
  8
0
 10
412.561
 20
-193.231
 11
412.768
 21
-193.185
  0
LINE
  8
0
 10
412.768
 20
-193.185
 11
412.977
 21
-193.152
  0
LINE
  8
0
 10
412.977
 20
-193.152
 11
413.188
 21
-193.132
  0
LINE
  8
0
 10
413.188
 20
-193.132
 11
413.4
 21
-193.125
  0
LINE
  8
0
 10
413.4
 20
-193.125
 11
413.612
 21
-193.132
  0
LINE
  8
0
 10
413.612
 20
-193.132
 11
413.823
 21
-193.152
  0
LINE
  8
0
 10
413.823
 20
-193.152
 11
414.032
 21
-193.185
  0
LINE
  8
0
 10
414.032
 20
-193.185
 11
414.239
 21
-193.231
  0
LINE
  8
0
 10
414.239
 20
-193.231
 11
414.443
 21
-193.29
  0
LINE
  8
0
 10
414.443
 20
-193.29
 11
414.642
 21
-193.362
  0
LINE
  8
0
 10
414.642
 20
-193.362
 11
414.837
 21
-193.446
  0
LINE
  8
0
 10
414.837
 20
-193.446
 11
415.026
 21
-193.542
  0
LINE
  8
0
 10
415.026
 20
-193.542
 11
415.208
 21
-193.65
  0
LINE
  8
0
 10
415.208
 20
-193.65
 11
415.384
 21
-193.77
  0
LINE
  8
0
 10
415.384
 20
-193.77
 11
415.551
 21
-193.9
  0
LINE
  8
0
 10
415.551
 20
-193.9
 11
415.71
 21
-194.04
  0
LINE
  8
0
 10
415.71
 20
-194.04
 11
415.86
 21
-194.19
  0
LINE
  8
0
 10
415.86
 20
-194.19
 11
416
 21
-194.349
  0
LINE
  8
0
 10
416
 20
-194.349
 11
416.13
 21
-194.516
  0
LINE
  8
0
 10
416.13
 20
-194.516
 11
416.25
 21
-194.692
  0
LINE
  8
0
 10
416.25
 20
-194.692
 11
416.358
 21
-194.874
  0
LINE
  8
0
 10
416.358
 20
-194.874
 11
416.454
 21
-195.063
  0
LINE
  8
0
 10
416.454
 20
-195.063
 11
416.538
 21
-195.258
  0
LINE
  8
0
 10
416.538
 20
-195.258
 11
416.61
 21
-195.457
  0
LINE
  8
0
 10
416.61
 20
-195.457
 11
416.669
 21
-195.661
  0
LINE
  8
0
 10
416.669
 20
-195.661
 11
416.715
 21
-195.868
  0
LINE
  8
0
 10
416.715
 20
-195.868
 11
416.748
 21
-196.077
  0
LINE
  8
0
 10
416.748
 20
-196.077
 11
416.768
 21
-196.288
  0
LINE
  8
0
 10
416.768
 20
-196.288
 11
416.775
 21
-196.5
  0
LINE
  8
0
 10
416.775
 20
-196.5
 11
416.768
 21
-196.712
  0
LINE
  8
0
 10
416.768
 20
-196.712
 11
416.748
 21
-196.923
  0
LINE
  8
0
 10
416.748
 20
-196.923
 11
416.715
 21
-197.132
  0
LINE
  8
0
 10
416.715
 20
-197.132
 11
416.669
 21
-197.339
  0
LINE
  8
0
 10
416.669
 20
-197.339
 11
416.61
 21
-197.543
  0
LINE
  8
0
 10
416.61
 20
-197.543
 11
416.538
 21
-197.742
  0
LINE
  8
0
 10
416.538
 20
-197.742
 11
416.454
 21
-197.937
  0
LINE
  8
0
 10
416.454
 20
-197.937
 11
416.358
 21
-198.126
  0
LINE
  8
0
 10
416.358
 20
-198.126
 11
416.25
 21
-198.308
  0
LINE
  8
0
 10
416.25
 20
-198.308
 11
416.13
 21
-198.484
  0
LINE
  8
0
 10
416.13
 20
-198.484
 11
416
 21
-198.651
  0
LINE
  8
0
 10
416
 20
-198.651
 11
415.86
 21
-198.81
  0
LINE
  8
0
 10
415.86
 20
-198.81
 11
415.71
 21
-198.96
  0
LINE
  8
0
 10
415.71
 20
-198.96
 11
415.551
 21
-199.1
  0
LINE
  8
0
 10
415.551
 20
-199.1
 11
415.384
 21
-199.23
  0
LINE
  8
0
 10
415.384
 20
-199.23
 11
415.208
 21
-199.35
  0
LINE
  8
0
 10
415.208
 20
-199.35
 11
415.026
 21
-199.458
  0
LINE
  8
0
 10
415.026
 20
-199.458
 11
414.837
 21
-199.554
  0
LINE
  8
0
 10
414.837
 20
-199.554
 11
414.642
 21
-199.638
  0
LINE
  8
0
 10
414.642
 20
-199.638
 11
414.443
 21
-199.71
  0
LINE
  8
0
 10
414.443
 20
-199.71
 11
414.239
 21
-199.769
  0
LINE
  8
0
 10
414.239
 20
-199.769
 11
414.032
 21
-199.815
  0
LINE
  8
0
 10
414.032
 20
-199.815
 11
413.823
 21
-199.848
  0
LINE
  8
0
 10
413.823
 20
-199.848
 11
413.612
 21
-199.868
  0
LINE
  8
0
 10
413.612
 20
-199.868
 11
413.4
 21
-199.875
  0
LINE
  8
0
 10
413.4
 20
-199.875
 11
413.188
 21
-199.868
  0
ENDSEC
  0
SECTION
  2
OBJECTS
  0
DICTIONARY
  0
ENDSEC
  0
EOF
