  0
SECTION
  2
HEADER
  9
$ACADVER
  1
AC1009
  9
$DWGCODEPAGE
  3
ANSI_1252
  9
$INSBASE
 10
0.0
 20
0.0
 30
0.0
  9
$EXTMIN
 10
1e+20
 20
1e+20
 30
1e+20
  9
$EXTMAX
 10
-1e+20
 20
-1e+20
 30
-1e+20
  9
$LIMMIN
 10
0.0
 20
0.0
  9
$LIMMAX
 10
420.0
 20
297.0
  9
$ORTHOMODE
 70
0
  9
$REGENMODE
 70
1
  9
$FILLMODE
 70
1
  9
$DRAGMODE
 70
2
  9
$QTEXTMODE
 70
0
  9
$MIRRTEXT
 70
1
  9
$OSMODE
 70
20583
  9
$LTSCALE
 40
1.0
  9
$ATTMODE
 70
1
  9
$TEXTSIZE
 40
2.5
  9
$TRACEWID
 40
1.0
  9
$TEXTSTYLE
  7
Standard
  9
$CLAYER
  8
0
  9
$CELTYPE
  6
ByLayer
  9
$CECOLOR
 62
256
  9
$DIMSCALE
 40
1.0
  9
$DIMASZ
 40
2.5
  9
$DIMEXO
 40
0.625
  9
$DIMDLI
 40
3.75
  9
$DIMRND
 40
0.0
  9
$DIMDLE
 40
0.0
  9
$DIMEXE
 40
1.25
  9
$DIMTP
 40
0.0
  9
$DIMTM
 40
0.0
  9
$DIMTXT
 40
2.5
  9
$DIMCEN
 40
2.5
  9
$DIMTSZ
 40
0.0
  9
$DIMTOL
 70
0
  9
$DIMLIM
 70
0
  9
$DIMTIH
 70
0
  9
$DIMTOH
 70
0
  9
$DIMSE1
 70
0
  9
$DIMSE2
 70
0
  9
$DIMTAD
 70
1
  9
$DIMZIN
 70
8
  9
$DIMBLK
  1

  9
$DIMASO
 70
1
  9
$DIMSHO
 70
1
  9
$DIMPOST
  1

  9
$DIMAPOST
  1

  9
$DIMALT
 70
0
  9
$DIMALTD
 70
3
  9
$DIMALTF
 40
0.03937007874
  9
$DIMLFAC
 40
1.0
  9
$DIMTOFL
 70
1
  9
$DIMTVP
 40
0.0
  9
$DIMTIX
 70
0
  9
$DIMSOXD
 70
0
  9
$DIMSAH
 70
0
  9
$DIMBLK1
  1

  9
$DIMBLK2
  1

  9
$DIMSTYLE
  2
ISO-25
  9
$DIMCLRD
 70
0
  9
$DIMCLRE
 70
0
  9
$DIMCLRT
 70
0
  9
$DIMTFAC
 40
1.0
  9
$DIMGAP
 40
0.625
  9
$COORDS
 70
1
  9
$ATTDIA
 70
0
  9
$ATTREQ
 70
1
  9
$HANDLING
 70
1
  9
$LUNITS
 70
2
  9
$LUPREC
 70
4
  9
$SKETCHINC
 40
1.0
  9
$FILLETRAD
 40
10.0
  9
$AUNITS
 70
0
  9
$AUPREC
 70
2
  9
$MENU
  1
.
  9
$ELEVATION
 40
0.0
  9
$PELEVATION
 40
0.0
  9
$THICKNESS
 40
0.0
  9
$LIMCHECK
 70
0
  9
$CHAMFERA
 40
0.0
  9
$CHAMFERB
 40
0.0
  9
$SKPOLY
 70
0
  9
$TDCREATE
 40
2461277.4440740743
  9
$TDUPDATE
 40
2461277.4440740743
  9
$TDINDWG
 40
0.0
  9
$TDUSRTIMER
 40
0.0
  9
$USRTIMER
 70
1
  9
$ANGBASE
 50
0.0
  9
$ANGDIR
 70
0
  9
$PDMODE
 70
0
  9
$PDSIZE
 40
0.0
  9
$PLINEWID
 40
0.0
  9
$SPLFRAME
 70
0
  9
$SPLINETYPE
 70
6
  9
$SPLINESEGS
 70
8
  9
$HANDSEED
  5
15D3
  9
$SURFTAB1
 70
6
  9
$SURFTAB2
 70
6
  9
$SURFTYPE
 70
6
  9
$SURFU
 70
6
  9
$SURFV
 70
6
  9
$UCSNAME
  2

  9
$UCSORG
 10
0.0
 20
0.0
 30
0.0
  9
$UCSXDIR
 10
1.0
 20
0.0
 30
0.0
  9
$UCSYDIR
 10
0.0
 20
1.0
 30
0.0
  9
$PUCSNAME
  2

  9
$PUCSORG
 10
0.0
 20
0.0
 30
0.0
  9
$PUCSXDIR
 10
1.0
 20
0.0
 30
0.0
  9
$PUCSYDIR
 10
0.0
 20
1.0
 30
0.0
  9
$USERI1
 70
0
  9
$USERI2
 70
0
  9
$USERI3
 70
0
  9
$USERI4
 70
0
  9
$USERI5
 70
0
  9
$USERR1
 40
0.0
  9
$USERR2
 40
0.0
  9
$USERR3
 40
0.0
  9
$USERR4
 40
0.0
  9
$USERR5
 40
0.0
  9
$WORLDVIEW
 70
1
  9
$SHADEDGE
 70
3
  9
$SHADEDIF
 70
70
  9
$TILEMODE
 70
1
  9
$MAXACTVP
 70
64
  9
$PLIMCHECK
 70
0
  9
$PEXTMIN
 10
1e+20
 20
1e+20
 30
1e+20
  9
$PEXTMAX
 10
-1e+20
 20
-1e+20
 30
-1e+20
  9
$PLIMMIN
 10
0.0
 20
0.0
  9
$PLIMMAX
 10
420.0
 20
297.0
  9
$UNITMODE
 70
0
  9
$VISRETAIN
 70
1
  9
$PLINEGEN
 70
0
  9
$PSLTSCALE
 70
1
  0
ENDSEC
  0
SECTION
  2
TABLES
  0
TABLE
  2
VPORT
 70
1
  0
VPORT
  5
15C7
  2
*Active
 70
0
 10
0.0
 20
0.0
 11
1.0
 21
1.0
 12
0.0
 22
0.0
 13
0.0
 23
0.0
 14
0.5
 24
0.5
 15
0.5
 25
0.5
 16
0.0
 26
0.0
 36
1.0
 17
0.0
 27
0.0
 37
0.0
 40
1000.0
 41
1.34
 42
50.0
 43
0.0
 44
0.0
 50
0.0
 51
0.0
 71
0
 72
1000
 73
1
 74
3
 75
0
 76
0
 77
0
 78
0
  0
ENDTAB
  0
TABLE
  2
LTYPE
 70
3
  0
LTYPE
  5
15C8
  2
ByBlock
 70
0
  3

 72
65
 73
0
 40
0.0
  0
LTYPE
  5
15C9
  2
ByLayer
 70
0
  3

 72
65
 73
0
 40
0.0
  0
LTYPE
  5
15CA
  2
Continuous
 70
0
  3

 72
65
 73
0
 40
0.0
  0
ENDTAB
  0
TABLE
  2
LAYER
 70
2
  0
LAYER
  5
15CB
  2
0
 70
0
 62
1
  6
Continuous
  0
LAYER
  5
15CC
  2
Defpoints
 70
0
 62
7
  6
Continuous
  0
ENDTAB
  0
TABLE
  2
STYLE
 70
1
  0
STYLE
  5
15CD
  2
Standard
 70
0
 40
0.0
 41
1.0
 50
0.0
 71
0
 42
2.5
  3
txt
  4

  0
ENDTAB
  0
TABLE
  2
VIEW
 70
0
  0
ENDTAB
  0
TABLE
  2
UCS
 70
0
  0
ENDTAB
  0
TABLE
  2
APPID
 70
3
  0
APPID
  5
15CE
  2
ACAD
 70
0
  0
APPID
  5
15D1
  2
HATCHBACKGROUNDCOLOR
 70
0
  0
APPID
  5
15D2
  2
EZDXF
 70
0
  0
ENDTAB
  0
TABLE
  2
DIMSTYLE
 70
1
  0
DIMSTYLE
105
15CF
  2
Standard
 70
0
  3

  4

  5

  6

  7

 40
1.0
 41
2.5
 42
0.625
 43
3.75
 44
1.25
 45
0.0
 46
0.0
 47
0.0
 48
0.0
140
2.5
141
2.5
142
0.0
143
0.03937007874
144
1.0
145
0.0
146
1.0
147
0.625
 71
0
 72
0
 73
0
 74
0
 75
0
 76
0
 77
1
 78
8
170
0
171
3
172
1
173
0
174
0
175
0
176
0
177
0
178
0
  0
ENDTAB
  0
ENDSEC
  0
SECTION
  2
BLOCKS
  0
BLOCK
  5
15A8
  8
0
  2
$Model_Space
 70
0
 10
0.0
 20
0.0
 30
0.0
  3
$Model_Space
  1

1001
EZDXF
1000
WRITTEN_BY_EZDXF
1000
1.4.4 @ 2026-08-24T14:39:28.403282+00:00
  0
ENDBLK
  5
15A9
  8
0
  0
BLOCK
  5
15AA
  8
0
  2
$Paper_Space
 70
0
 10
0.0
 20
0.0
 30
0.0
  3
$Paper_Space
  1

  0
ENDBLK
  5
15AB
  8
0
  0
ENDSEC
  0
SECTION
  2
ENTITIES
  0
LINE
  5
100
  8
0
 62
1
 10
120.65
 20
49.81
 30
0.0
 11
82.65
 21
49.81
 31
0.0
  0
LINE
  5
101
  8
0
 62
1
 10
82.65
 20
49.81
 30
0.0
 11
82.65
 21
101.6
 31
0.0
  0
LINE
  5
102
  8
0
 62
1
 10
82.65
 20
101.6
 30
0.0
 11
-120.65
 21
101.6
 31
0.0
  0
LINE
  5
103
  8
0
 62
1
 10
-120.65
 20
101.6
 30
0.0
 11
-120.65
 21
-101.6
 31
0.0
  0
LINE
  5
104
  8
0
 62
1
 10
-120.65
 20
-101.6
 30
0.0
 11
120.65
 21
-101.6
 31
0.0
  0
LINE
  5
105
  8
0
 62
1
 10
120.65
 20
-101.6
 30
0.0
 11
120.65
 21
49.81
 31
0.0
  0
LINE
  5
106
  8
0
 62
1
 10
-101.931
 20
24.5065
 30
0.0
 11
-102.135
 21
24.5258
 31
0.0
  0
LINE
  5
107
  8
0
 62
1
 10
-102.135
 20
24.5258
 30
0.0
 11
-102.339
 21
24.558
 31
0.0
  0
LINE
  5
108
  8
0
 62
1
 10
-102.339
 20
24.558
 30
0.0
 11
-102.539
 21
24.6029
 31
0.0
  0
LINE
  5
109
  8
0
 62
1
 10
-102.539
 20
24.6029
 30
0.0
 11
-102.737
 21
24.6603
 31
0.0
  0
LINE
  5
10A
  8
0
 62
1
 10
-102.737
 20
24.6603
 30
0.0
 11
-102.931
 21
24.73
 31
0.0
  0
LINE
  5
10B
  8
0
 62
1
 10
-102.931
 20
24.73
 30
0.0
 11
-103.119
 21
24.8117
 31
0.0
  0
LINE
  5
10C
  8
0
 62
1
 10
-103.119
 20
24.8117
 30
0.0
 11
-103.303
 21
24.9051
 31
0.0
  0
LINE
  5
10D
  8
0
 62
1
 10
-103.303
 20
24.9051
 30
0.0
 11
-103.48
 21
25.0098
 31
0.0
  0
LINE
  5
10E
  8
0
 62
1
 10
-103.48
 20
25.0098
 30
0.0
 11
-103.65
 21
25.1255
 31
0.0
  0
LINE
  5
10F
  8
0
 62
1
 10
-103.65
 20
25.1255
 30
0.0
 11
-103.813
 21
25.2516
 31
0.0
  0
LINE
  5
110
  8
0
 62
1
 10
-103.813
 20
25.2516
 30
0.0
 11
-103.967
 21
25.3876
 31
0.0
  0
LINE
  5
111
  8
0
 62
1
 10
-103.967
 20
25.3876
 30
0.0
 11
-104.112
 21
25.5331
 31
0.0
  0
LINE
  5
112
  8
0
 62
1
 10
-104.112
 20
25.5331
 30
0.0
 11
-104.248
 21
25.6874
 31
0.0
  0
LINE
  5
113
  8
0
 62
1
 10
-104.248
 20
25.6874
 30
0.0
 11
-104.375
 21
25.85
 31
0.0
  0
LINE
  5
114
  8
0
 62
1
 10
-104.375
 20
25.85
 30
0.0
 11
-104.49
 21
26.0202
 31
0.0
  0
LINE
  5
115
  8
0
 62
1
 10
-104.49
 20
26.0202
 30
0.0
 11
-104.595
 21
26.1973
 31
0.0
  0
LINE
  5
116
  8
0
 62
1
 10
-104.595
 20
26.1973
 30
0.0
 11
-104.688
 21
26.3806
 31
0.0
  0
LINE
  5
117
  8
0
 62
1
 10
-104.688
 20
26.3806
 30
0.0
 11
-104.77
 21
26.5694
 31
0.0
  0
LINE
  5
118
  8
0
 62
1
 10
-104.77
 20
26.5694
 30
0.0
 11
-104.84
 21
26.763
 31
0.0
  0
LINE
  5
119
  8
0
 62
1
 10
-104.84
 20
26.763
 30
0.0
 11
-104.897
 21
26.9605
 31
0.0
  0
LINE
  5
11A
  8
0
 62
1
 10
-104.897
 20
26.9605
 30
0.0
 11
-104.942
 21
27.1613
 31
0.0
  0
LINE
  5
11B
  8
0
 62
1
 10
-104.942
 20
27.1613
 30
0.0
 11
-104.974
 21
27.3645
 31
0.0
  0
LINE
  5
11C
  8
0
 62
1
 10
-104.974
 20
27.3645
 30
0.0
 11
-104.994
 21
27.5694
 31
0.0
  0
LINE
  5
11D
  8
0
 62
1
 10
-104.994
 20
27.5694
 30
0.0
 11
-105.0
 21
27.775
 31
0.0
  0
LINE
  5
11E
  8
0
 62
1
 10
-105.0
 20
27.775
 30
0.0
 11
-104.994
 21
27.9806
 31
0.0
  0
LINE
  5
11F
  8
0
 62
1
 10
-104.994
 20
27.9806
 30
0.0
 11
-104.974
 21
28.1855
 31
0.0
  0
LINE
  5
120
  8
0
 62
1
 10
-104.974
 20
28.1855
 30
0.0
 11
-104.942
 21
28.3887
 31
0.0
  0
LINE
  5
121
  8
0
 62
1
 10
-104.942
 20
28.3887
 30
0.0
 11
-104.897
 21
28.5894
 31
0.0
  0
LINE
  5
122
  8
0
 62
1
 10
-104.897
 20
28.5894
 30
0.0
 11
-104.84
 21
28.787
 31
0.0
  0
LINE
  5
123
  8
0
 62
1
 10
-104.84
 20
28.787
 30
0.0
 11
-104.77
 21
28.9806
 31
0.0
  0
LINE
  5
124
  8
0
 62
1
 10
-104.77
 20
28.9806
 30
0.0
 11
-104.688
 21
29.1694
 31
0.0
  0
LINE
  5
125
  8
0
 62
1
 10
-104.688
 20
29.1694
 30
0.0
 11
-104.595
 21
29.3527
 31
0.0
  0
LINE
  5
126
  8
0
 62
1
 10
-104.595
 20
29.3527
 30
0.0
 11
-104.49
 21
29.5298
 31
0.0
  0
LINE
  5
127
  8
0
 62
1
 10
-104.49
 20
29.5298
 30
0.0
 11
-104.375
 21
29.7
 31
0.0
  0
LINE
  5
128
  8
0
 62
1
 10
-104.375
 20
29.7
 30
0.0
 11
-104.248
 21
29.8625
 31
0.0
  0
LINE
  5
129
  8
0
 62
1
 10
-104.248
 20
29.8625
 30
0.0
 11
-104.112
 21
30.0169
 31
0.0
  0
LINE
  5
12A
  8
0
 62
1
 10
-104.112
 20
30.0169
 30
0.0
 11
-103.967
 21
30.1624
 31
0.0
  0
LINE
  5
12B
  8
0
 62
1
 10
-103.967
 20
30.1624
 30
0.0
 11
-103.813
 21
30.2984
 31
0.0
  0
LINE
  5
12C
  8
0
 62
1
 10
-103.813
 20
30.2984
 30
0.0
 11
-103.65
 21
30.4245
 31
0.0
  0
LINE
  5
12D
  8
0
 62
1
 10
-103.65
 20
30.4245
 30
0.0
 11
-103.48
 21
30.5402
 31
0.0
  0
LINE
  5
12E
  8
0
 62
1
 10
-103.48
 20
30.5402
 30
0.0
 11
-103.303
 21
30.6449
 31
0.0
  0
LINE
  5
12F
  8
0
 62
1
 10
-103.303
 20
30.6449
 30
0.0
 11
-103.119
 21
30.7383
 31
0.0
  0
LINE
  5
130
  8
0
 62
1
 10
-103.119
 20
30.7383
 30
0.0
 11
-102.931
 21
30.82
 31
0.0
  0
LINE
  5
131
  8
0
 62
1
 10
-102.931
 20
30.82
 30
0.0
 11
-102.737
 21
30.8897
 31
0.0
  0
LINE
  5
132
  8
0
 62
1
 10
-102.737
 20
30.8897
 30
0.0
 11
-102.539
 21
30.9471
 31
0.0
  0
LINE
  5
133
  8
0
 62
1
 10
-102.539
 20
30.9471
 30
0.0
 11
-102.339
 21
30.992
 31
0.0
  0
LINE
  5
134
  8
0
 62
1
 10
-102.339
 20
30.992
 30
0.0
 11
-102.135
 21
31.0242
 31
0.0
  0
LINE
  5
135
  8
0
 62
1
 10
-102.135
 20
31.0242
 30
0.0
 11
-101.931
 21
31.0435
 31
0.0
  0
LINE
  5
136
  8
0
 62
1
 10
-101.931
 20
31.0435
 30
0.0
 11
-101.725
 21
31.05
 31
0.0
  0
LINE
  5
137
  8
0
 62
1
 10
-101.725
 20
31.05
 30
0.0
 11
-101.519
 21
31.0435
 31
0.0
  0
LINE
  5
138
  8
0
 62
1
 10
-101.519
 20
31.0435
 30
0.0
 11
-101.315
 21
31.0242
 31
0.0
  0
LINE
  5
139
  8
0
 62
1
 10
-101.315
 20
31.0242
 30
0.0
 11
-101.111
 21
30.992
 31
0.0
  0
LINE
  5
13A
  8
0
 62
1
 10
-101.111
 20
30.992
 30
0.0
 11
-100.911
 21
30.9471
 31
0.0
  0
LINE
  5
13B
  8
0
 62
1
 10
-100.911
 20
30.9471
 30
0.0
 11
-100.713
 21
30.8897
 31
0.0
  0
LINE
  5
13C
  8
0
 62
1
 10
-100.713
 20
30.8897
 30
0.0
 11
-100.519
 21
30.82
 31
0.0
  0
LINE
  5
13D
  8
0
 62
1
 10
-100.519
 20
30.82
 30
0.0
 11
-100.331
 21
30.7383
 31
0.0
  0
LINE
  5
13E
  8
0
 62
1
 10
-100.331
 20
30.7383
 30
0.0
 11
-100.147
 21
30.6449
 31
0.0
  0
LINE
  5
13F
  8
0
 62
1
 10
-100.147
 20
30.6449
 30
0.0
 11
-99.9702
 21
30.5402
 31
0.0
  0
LINE
  5
140
  8
0
 62
1
 10
-99.9702
 20
30.5402
 30
0.0
 11
-99.8
 21
30.4245
 31
0.0
  0
LINE
  5
141
  8
0
 62
1
 10
-99.8
 20
30.4245
 30
0.0
 11
-99.6374
 21
30.2984
 31
0.0
  0
LINE
  5
142
  8
0
 62
1
 10
-99.6374
 20
30.2984
 30
0.0
 11
-99.4831
 21
30.1624
 31
0.0
  0
LINE
  5
143
  8
0
 62
1
 10
-99.4831
 20
30.1624
 30
0.0
 11
-99.3376
 21
30.0169
 31
0.0
  0
LINE
  5
144
  8
0
 62
1
 10
-99.3376
 20
30.0169
 30
0.0
 11
-99.2016
 21
29.8625
 31
0.0
  0
LINE
  5
145
  8
0
 62
1
 10
-99.2016
 20
29.8625
 30
0.0
 11
-99.0755
 21
29.7
 31
0.0
  0
LINE
  5
146
  8
0
 62
1
 10
-99.0755
 20
29.7
 30
0.0
 11
-98.9598
 21
29.5298
 31
0.0
  0
LINE
  5
147
  8
0
 62
1
 10
-98.9598
 20
29.5298
 30
0.0
 11
-98.8551
 21
29.3527
 31
0.0
  0
LINE
  5
148
  8
0
 62
1
 10
-98.8551
 20
29.3527
 30
0.0
 11
-98.7617
 21
29.1694
 31
0.0
  0
LINE
  5
149
  8
0
 62
1
 10
-98.7617
 20
29.1694
 30
0.0
 11
-98.68
 21
28.9806
 31
0.0
  0
LINE
  5
14A
  8
0
 62
1
 10
-98.68
 20
28.9806
 30
0.0
 11
-98.6103
 21
28.787
 31
0.0
  0
LINE
  5
14B
  8
0
 62
1
 10
-98.6103
 20
28.787
 30
0.0
 11
-98.5529
 21
28.5894
 31
0.0
  0
LINE
  5
14C
  8
0
 62
1
 10
-98.5529
 20
28.5894
 30
0.0
 11
-98.508
 21
28.3887
 31
0.0
  0
LINE
  5
14D
  8
0
 62
1
 10
-98.508
 20
28.3887
 30
0.0
 11
-98.4758
 21
28.1855
 31
0.0
  0
LINE
  5
14E
  8
0
 62
1
 10
-98.4758
 20
28.1855
 30
0.0
 11
-98.4565
 21
27.9806
 31
0.0
  0
LINE
  5
14F
  8
0
 62
1
 10
-98.4565
 20
27.9806
 30
0.0
 11
-98.45
 21
27.775
 31
0.0
  0
LINE
  5
150
  8
0
 62
1
 10
-98.45
 20
27.775
 30
0.0
 11
-98.4565
 21
27.5694
 31
0.0
  0
LINE
  5
151
  8
0
 62
1
 10
-98.4565
 20
27.5694
 30
0.0
 11
-98.4758
 21
27.3645
 31
0.0
  0
LINE
  5
152
  8
0
 62
1
 10
-98.4758
 20
27.3645
 30
0.0
 11
-98.508
 21
27.1613
 31
0.0
  0
LINE
  5
153
  8
0
 62
1
 10
-98.508
 20
27.1613
 30
0.0
 11
-98.5529
 21
26.9605
 31
0.0
  0
LINE
  5
154
  8
0
 62
1
 10
-98.5529
 20
26.9605
 30
0.0
 11
-98.6103
 21
26.763
 31
0.0
  0
LINE
  5
155
  8
0
 62
1
 10
-98.6103
 20
26.763
 30
0.0
 11
-98.68
 21
26.5694
 31
0.0
  0
LINE
  5
156
  8
0
 62
1
 10
-98.68
 20
26.5694
 30
0.0
 11
-98.7617
 21
26.3806
 31
0.0
  0
LINE
  5
157
  8
0
 62
1
 10
-98.7617
 20
26.3806
 30
0.0
 11
-98.8551
 21
26.1973
 31
0.0
  0
LINE
  5
158
  8
0
 62
1
 10
-98.8551
 20
26.1973
 30
0.0
 11
-98.9598
 21
26.0202
 31
0.0
  0
LINE
  5
159
  8
0
 62
1
 10
-98.9598
 20
26.0202
 30
0.0
 11
-99.0755
 21
25.85
 31
0.0
  0
LINE
  5
15A
  8
0
 62
1
 10
-99.0755
 20
25.85
 30
0.0
 11
-99.2016
 21
25.6874
 31
0.0
  0
LINE
  5
15B
  8
0
 62
1
 10
-99.2016
 20
25.6874
 30
0.0
 11
-99.3376
 21
25.5331
 31
0.0
  0
LINE
  5
15C
  8
0
 62
1
 10
-99.3376
 20
25.5331
 30
0.0
 11
-99.4831
 21
25.3876
 31
0.0
  0
LINE
  5
15D
  8
0
 62
1
 10
-99.4831
 20
25.3876
 30
0.0
 11
-99.6374
 21
25.2516
 31
0.0
  0
LINE
  5
15E
  8
0
 62
1
 10
-99.6374
 20
25.2516
 30
0.0
 11
-99.8
 21
25.1255
 31
0.0
  0
LINE
  5
15F
  8
0
 62
1
 10
-99.8
 20
25.1255
 30
0.0
 11
-99.9702
 21
25.0098
 31
0.0
  0
LINE
  5
160
  8
0
 62
1
 10
-99.9702
 20
25.0098
 30
0.0
 11
-100.147
 21
24.9051
 31
0.0
  0
LINE
  5
161
  8
0
 62
1
 10
-100.147
 20
24.9051
 30
0.0
 11
-100.331
 21
24.8117
 31
0.0
  0
LINE
  5
162
  8
0
 62
1
 10
-100.331
 20
24.8117
 30
0.0
 11
-100.519
 21
24.73
 31
0.0
  0
LINE
  5
163
  8
0
 62
1
 10
-100.519
 20
24.73
 30
0.0
 11
-100.713
 21
24.6603
 31
0.0
  0
LINE
  5
164
  8
0
 62
1
 10
-100.713
 20
24.6603
 30
0.0
 11
-100.911
 21
24.6029
 31
0.0
  0
LINE
  5
165
  8
0
 62
1
 10
-100.911
 20
24.6029
 30
0.0
 11
-101.111
 21
24.558
 31
0.0
  0
LINE
  5
166
  8
0
 62
1
 10
-101.111
 20
24.558
 30
0.0
 11
-101.315
 21
24.5258
 31
0.0
  0
LINE
  5
167
  8
0
 62
1
 10
-101.315
 20
24.5258
 30
0.0
 11
-101.519
 21
24.5065
 31
0.0
  0
LINE
  5
168
  8
0
 62
1
 10
-101.519
 20
24.5065
 30
0.0
 11
-101.725
 21
24.5
 31
0.0
  0
LINE
  5
169
  8
0
 62
1
 10
-101.725
 20
24.5
 30
0.0
 11
-101.931
 21
24.5065
 31
0.0
  0
LINE
  5
16A
  8
0
 62
1
 10
-101.931
 20
-31.6435
 30
0.0
 11
-102.135
 21
-31.6242
 31
0.0
  0
LINE
  5
16B
  8
0
 62
1
 10
-102.135
 20
-31.6242
 30
0.0
 11
-102.339
 21
-31.592
 31
0.0
  0
LINE
  5
16C
  8
0
 62
1
 10
-102.339
 20
-31.592
 30
0.0
 11
-102.539
 21
-31.5471
 31
0.0
  0
LINE
  5
16D
  8
0
 62
1
 10
-102.539
 20
-31.5471
 30
0.0
 11
-102.737
 21
-31.4897
 31
0.0
  0
LINE
  5
16E
  8
0
 62
1
 10
-102.737
 20
-31.4897
 30
0.0
 11
-102.931
 21
-31.42
 31
0.0
  0
LINE
  5
16F
  8
0
 62
1
 10
-102.931
 20
-31.42
 30
0.0
 11
-103.119
 21
-31.3383
 31
0.0
  0
LINE
  5
170
  8
0
 62
1
 10
-103.119
 20
-31.3383
 30
0.0
 11
-103.303
 21
-31.2449
 31
0.0
  0
LINE
  5
171
  8
0
 62
1
 10
-103.303
 20
-31.2449
 30
0.0
 11
-103.48
 21
-31.1402
 31
0.0
  0
LINE
  5
172
  8
0
 62
1
 10
-103.48
 20
-31.1402
 30
0.0
 11
-103.65
 21
-31.0245
 31
0.0
  0
LINE
  5
173
  8
0
 62
1
 10
-103.65
 20
-31.0245
 30
0.0
 11
-103.813
 21
-30.8984
 31
0.0
  0
LINE
  5
174
  8
0
 62
1
 10
-103.813
 20
-30.8984
 30
0.0
 11
-103.967
 21
-30.7624
 31
0.0
  0
LINE
  5
175
  8
0
 62
1
 10
-103.967
 20
-30.7624
 30
0.0
 11
-104.112
 21
-30.6169
 31
0.0
  0
LINE
  5
176
  8
0
 62
1
 10
-104.112
 20
-30.6169
 30
0.0
 11
-104.248
 21
-30.4626
 31
0.0
  0
LINE
  5
177
  8
0
 62
1
 10
-104.248
 20
-30.4626
 30
0.0
 11
-104.375
 21
-30.3
 31
0.0
  0
LINE
  5
178
  8
0
 62
1
 10
-104.375
 20
-30.3
 30
0.0
 11
-104.49
 21
-30.1298
 31
0.0
  0
LINE
  5
179
  8
0
 62
1
 10
-104.49
 20
-30.1298
 30
0.0
 11
-104.595
 21
-29.9527
 31
0.0
  0
LINE
  5
17A
  8
0
 62
1
 10
-104.595
 20
-29.9527
 30
0.0
 11
-104.688
 21
-29.7694
 31
0.0
  0
LINE
  5
17B
  8
0
 62
1
 10
-104.688
 20
-29.7694
 30
0.0
 11
-104.77
 21
-29.5806
 31
0.0
  0
LINE
  5
17C
  8
0
 62
1
 10
-104.77
 20
-29.5806
 30
0.0
 11
-104.84
 21
-29.387
 31
0.0
  0
LINE
  5
17D
  8
0
 62
1
 10
-104.84
 20
-29.387
 30
0.0
 11
-104.897
 21
-29.1895
 31
0.0
  0
LINE
  5
17E
  8
0
 62
1
 10
-104.897
 20
-29.1895
 30
0.0
 11
-104.942
 21
-28.9887
 31
0.0
  0
LINE
  5
17F
  8
0
 62
1
 10
-104.942
 20
-28.9887
 30
0.0
 11
-104.974
 21
-28.7855
 31
0.0
  0
LINE
  5
180
  8
0
 62
1
 10
-104.974
 20
-28.7855
 30
0.0
 11
-104.994
 21
-28.5806
 31
0.0
  0
LINE
  5
181
  8
0
 62
1
 10
-104.994
 20
-28.5806
 30
0.0
 11
-105.0
 21
-28.375
 31
0.0
  0
LINE
  5
182
  8
0
 62
1
 10
-105.0
 20
-28.375
 30
0.0
 11
-104.994
 21
-28.1694
 31
0.0
  0
LINE
  5
183
  8
0
 62
1
 10
-104.994
 20
-28.1694
 30
0.0
 11
-104.974
 21
-27.9645
 31
0.0
  0
LINE
  5
184
  8
0
 62
1
 10
-104.974
 20
-27.9645
 30
0.0
 11
-104.942
 21
-27.7613
 31
0.0
  0
LINE
  5
185
  8
0
 62
1
 10
-104.942
 20
-27.7613
 30
0.0
 11
-104.897
 21
-27.5605
 31
0.0
  0
LINE
  5
186
  8
0
 62
1
 10
-104.897
 20
-27.5605
 30
0.0
 11
-104.84
 21
-27.363
 31
0.0
  0
LINE
  5
187
  8
0
 62
1
 10
-104.84
 20
-27.363
 30
0.0
 11
-104.77
 21
-27.1694
 31
0.0
  0
LINE
  5
188
  8
0
 62
1
 10
-104.77
 20
-27.1694
 30
0.0
 11
-104.688
 21
-26.9806
 31
0.0
  0
LINE
  5
189
  8
0
 62
1
 10
-104.688
 20
-26.9806
 30
0.0
 11
-104.595
 21
-26.7973
 31
0.0
  0
LINE
  5
18A
  8
0
 62
1
 10
-104.595
 20
-26.7973
 30
0.0
 11
-104.49
 21
-26.6202
 31
0.0
  0
LINE
  5
18B
  8
0
 62
1
 10
-104.49
 20
-26.6202
 30
0.0
 11
-104.375
 21
-26.45
 31
0.0
  0
LINE
  5
18C
  8
0
 62
1
 10
-104.375
 20
-26.45
 30
0.0
 11
-104.248
 21
-26.2874
 31
0.0
  0
LINE
  5
18D
  8
0
 62
1
 10
-104.248
 20
-26.2874
 30
0.0
 11
-104.112
 21
-26.1331
 31
0.0
  0
LINE
  5
18E
  8
0
 62
1
 10
-104.112
 20
-26.1331
 30
0.0
 11
-103.967
 21
-25.9876
 31
0.0
  0
LINE
  5
18F
  8
0
 62
1
 10
-103.967
 20
-25.9876
 30
0.0
 11
-103.813
 21
-25.8516
 31
0.0
  0
LINE
  5
190
  8
0
 62
1
 10
-103.813
 20
-25.8516
 30
0.0
 11
-103.65
 21
-25.7255
 31
0.0
  0
LINE
  5
191
  8
0
 62
1
 10
-103.65
 20
-25.7255
 30
0.0
 11
-103.48
 21
-25.6098
 31
0.0
  0
LINE
  5
192
  8
0
 62
1
 10
-103.48
 20
-25.6098
 30
0.0
 11
-103.303
 21
-25.5051
 31
0.0
  0
LINE
  5
193
  8
0
 62
1
 10
-103.303
 20
-25.5051
 30
0.0
 11
-103.119
 21
-25.4117
 31
0.0
  0
LINE
  5
194
  8
0
 62
1
 10
-103.119
 20
-25.4117
 30
0.0
 11
-102.931
 21
-25.33
 31
0.0
  0
LINE
  5
195
  8
0
 62
1
 10
-102.931
 20
-25.33
 30
0.0
 11
-102.737
 21
-25.2603
 31
0.0
  0
LINE
  5
196
  8
0
 62
1
 10
-102.737
 20
-25.2603
 30
0.0
 11
-102.539
 21
-25.2029
 31
0.0
  0
LINE
  5
197
  8
0
 62
1
 10
-102.539
 20
-25.2029
 30
0.0
 11
-102.339
 21
-25.158
 31
0.0
  0
LINE
  5
198
  8
0
 62
1
 10
-102.339
 20
-25.158
 30
0.0
 11
-102.135
 21
-25.1258
 31
0.0
  0
LINE
  5
199
  8
0
 62
1
 10
-102.135
 20
-25.1258
 30
0.0
 11
-101.931
 21
-25.1065
 31
0.0
  0
LINE
  5
19A
  8
0
 62
1
 10
-101.931
 20
-25.1065
 30
0.0
 11
-101.725
 21
-25.1
 31
0.0
  0
LINE
  5
19B
  8
0
 62
1
 10
-101.725
 20
-25.1
 30
0.0
 11
-101.519
 21
-25.1065
 31
0.0
  0
LINE
  5
19C
  8
0
 62
1
 10
-101.519
 20
-25.1065
 30
0.0
 11
-101.315
 21
-25.1258
 31
0.0
  0
LINE
  5
19D
  8
0
 62
1
 10
-101.315
 20
-25.1258
 30
0.0
 11
-101.111
 21
-25.158
 31
0.0
  0
LINE
  5
19E
  8
0
 62
1
 10
-101.111
 20
-25.158
 30
0.0
 11
-100.911
 21
-25.2029
 31
0.0
  0
LINE
  5
19F
  8
0
 62
1
 10
-100.911
 20
-25.2029
 30
0.0
 11
-100.713
 21
-25.2603
 31
0.0
  0
LINE
  5
1A0
  8
0
 62
1
 10
-100.713
 20
-25.2603
 30
0.0
 11
-100.519
 21
-25.33
 31
0.0
  0
LINE
  5
1A1
  8
0
 62
1
 10
-100.519
 20
-25.33
 30
0.0
 11
-100.331
 21
-25.4117
 31
0.0
  0
LINE
  5
1A2
  8
0
 62
1
 10
-100.331
 20
-25.4117
 30
0.0
 11
-100.147
 21
-25.5051
 31
0.0
  0
LINE
  5
1A3
  8
0
 62
1
 10
-100.147
 20
-25.5051
 30
0.0
 11
-99.9702
 21
-25.6098
 31
0.0
  0
LINE
  5
1A4
  8
0
 62
1
 10
-99.9702
 20
-25.6098
 30
0.0
 11
-99.8
 21
-25.7255
 31
0.0
  0
LINE
  5
1A5
  8
0
 62
1
 10
-99.8
 20
-25.7255
 30
0.0
 11
-99.6374
 21
-25.8516
 31
0.0
  0
LINE
  5
1A6
  8
0
 62
1
 10
-99.6374
 20
-25.8516
 30
0.0
 11
-99.4831
 21
-25.9876
 31
0.0
  0
LINE
  5
1A7
  8
0
 62
1
 10
-99.4831
 20
-25.9876
 30
0.0
 11
-99.3376
 21
-26.1331
 31
0.0
  0
LINE
  5
1A8
  8
0
 62
1
 10
-99.3376
 20
-26.1331
 30
0.0
 11
-99.2016
 21
-26.2874
 31
0.0
  0
LINE
  5
1A9
  8
0
 62
1
 10
-99.2016
 20
-26.2874
 30
0.0
 11
-99.0755
 21
-26.45
 31
0.0
  0
LINE
  5
1AA
  8
0
 62
1
 10
-99.0755
 20
-26.45
 30
0.0
 11
-98.9598
 21
-26.6202
 31
0.0
  0
LINE
  5
1AB
  8
0
 62
1
 10
-98.9598
 20
-26.6202
 30
0.0
 11
-98.8551
 21
-26.7973
 31
0.0
  0
LINE
  5
1AC
  8
0
 62
1
 10
-98.8551
 20
-26.7973
 30
0.0
 11
-98.7617
 21
-26.9806
 31
0.0
  0
LINE
  5
1AD
  8
0
 62
1
 10
-98.7617
 20
-26.9806
 30
0.0
 11
-98.68
 21
-27.1694
 31
0.0
  0
LINE
  5
1AE
  8
0
 62
1
 10
-98.68
 20
-27.1694
 30
0.0
 11
-98.6103
 21
-27.363
 31
0.0
  0
LINE
  5
1AF
  8
0
 62
1
 10
-98.6103
 20
-27.363
 30
0.0
 11
-98.5529
 21
-27.5605
 31
0.0
  0
LINE
  5
1B0
  8
0
 62
1
 10
-98.5529
 20
-27.5605
 30
0.0
 11
-98.508
 21
-27.7613
 31
0.0
  0
LINE
  5
1B1
  8
0
 62
1
 10
-98.508
 20
-27.7613
 30
0.0
 11
-98.4758
 21
-27.9645
 31
0.0
  0
LINE
  5
1B2
  8
0
 62
1
 10
-98.4758
 20
-27.9645
 30
0.0
 11
-98.4565
 21
-28.1694
 31
0.0
  0
LINE
  5
1B3
  8
0
 62
1
 10
-98.4565
 20
-28.1694
 30
0.0
 11
-98.45
 21
-28.375
 31
0.0
  0
LINE
  5
1B4
  8
0
 62
1
 10
-98.45
 20
-28.375
 30
0.0
 11
-98.4565
 21
-28.5806
 31
0.0
  0
LINE
  5
1B5
  8
0
 62
1
 10
-98.4565
 20
-28.5806
 30
0.0
 11
-98.4758
 21
-28.7855
 31
0.0
  0
LINE
  5
1B6
  8
0
 62
1
 10
-98.4758
 20
-28.7855
 30
0.0
 11
-98.508
 21
-28.9887
 31
0.0
  0
LINE
  5
1B7
  8
0
 62
1
 10
-98.508
 20
-28.9887
 30
0.0
 11
-98.5529
 21
-29.1895
 31
0.0
  0
LINE
  5
1B8
  8
0
 62
1
 10
-98.5529
 20
-29.1895
 30
0.0
 11
-98.6103
 21
-29.387
 31
0.0
  0
LINE
  5
1B9
  8
0
 62
1
 10
-98.6103
 20
-29.387
 30
0.0
 11
-98.68
 21
-29.5806
 31
0.0
  0
LINE
  5
1BA
  8
0
 62
1
 10
-98.68
 20
-29.5806
 30
0.0
 11
-98.7617
 21
-29.7694
 31
0.0
  0
LINE
  5
1BB
  8
0
 62
1
 10
-98.7617
 20
-29.7694
 30
0.0
 11
-98.8551
 21
-29.9527
 31
0.0
  0
LINE
  5
1BC
  8
0
 62
1
 10
-98.8551
 20
-29.9527
 30
0.0
 11
-98.9598
 21
-30.1298
 31
0.0
  0
LINE
  5
1BD
  8
0
 62
1
 10
-98.9598
 20
-30.1298
 30
0.0
 11
-99.0755
 21
-30.3
 31
0.0
  0
LINE
  5
1BE
  8
0
 62
1
 10
-99.0755
 20
-30.3
 30
0.0
 11
-99.2016
 21
-30.4626
 31
0.0
  0
LINE
  5
1BF
  8
0
 62
1
 10
-99.2016
 20
-30.4626
 30
0.0
 11
-99.3376
 21
-30.6169
 31
0.0
  0
LINE
  5
1C0
  8
0
 62
1
 10
-99.3376
 20
-30.6169
 30
0.0
 11
-99.4831
 21
-30.7624
 31
0.0
  0
LINE
  5
1C1
  8
0
 62
1
 10
-99.4831
 20
-30.7624
 30
0.0
 11
-99.6374
 21
-30.8984
 31
0.0
  0
LINE
  5
1C2
  8
0
 62
1
 10
-99.6374
 20
-30.8984
 30
0.0
 11
-99.8
 21
-31.0245
 31
0.0
  0
LINE
  5
1C3
  8
0
 62
1
 10
-99.8
 20
-31.0245
 30
0.0
 11
-99.9702
 21
-31.1402
 31
0.0
  0
LINE
  5
1C4
  8
0
 62
1
 10
-99.9702
 20
-31.1402
 30
0.0
 11
-100.147
 21
-31.2449
 31
0.0
  0
LINE
  5
1C5
  8
0
 62
1
 10
-100.147
 20
-31.2449
 30
0.0
 11
-100.331
 21
-31.3383
 31
0.0
  0
LINE
  5
1C6
  8
0
 62
1
 10
-100.331
 20
-31.3383
 30
0.0
 11
-100.519
 21
-31.42
 31
0.0
  0
LINE
  5
1C7
  8
0
 62
1
 10
-100.519
 20
-31.42
 30
0.0
 11
-100.713
 21
-31.4897
 31
0.0
  0
LINE
  5
1C8
  8
0
 62
1
 10
-100.713
 20
-31.4897
 30
0.0
 11
-100.911
 21
-31.5471
 31
0.0
  0
LINE
  5
1C9
  8
0
 62
1
 10
-100.911
 20
-31.5471
 30
0.0
 11
-101.111
 21
-31.592
 31
0.0
  0
LINE
  5
1CA
  8
0
 62
1
 10
-101.111
 20
-31.592
 30
0.0
 11
-101.315
 21
-31.6242
 31
0.0
  0
LINE
  5
1CB
  8
0
 62
1
 10
-101.315
 20
-31.6242
 30
0.0
 11
-101.519
 21
-31.6435
 31
0.0
  0
LINE
  5
1CC
  8
0
 62
1
 10
-101.519
 20
-31.6435
 30
0.0
 11
-101.725
 21
-31.65
 31
0.0
  0
LINE
  5
1CD
  8
0
 62
1
 10
-101.725
 20
-31.65
 30
0.0
 11
-101.931
 21
-31.6435
 31
0.0
  0
LINE
  5
1CE
  8
0
 62
1
 10
366.95
 20
49.81
 30
0.0
 11
328.95
 21
49.81
 31
0.0
  0
LINE
  5
1CF
  8
0
 62
1
 10
328.95
 20
49.81
 30
0.0
 11
328.95
 21
101.6
 31
0.0
  0
LINE
  5
1D0
  8
0
 62
1
 10
328.95
 20
101.6
 30
0.0
 11
125.65
 21
101.6
 31
0.0
  0
LINE
  5
1D1
  8
0
 62
1
 10
125.65
 20
101.6
 30
0.0
 11
125.65
 21
-101.6
 31
0.0
  0
LINE
  5
1D2
  8
0
 62
1
 10
125.65
 20
-101.6
 30
0.0
 11
366.95
 21
-101.6
 31
0.0
  0
LINE
  5
1D3
  8
0
 62
1
 10
366.95
 20
-101.6
 30
0.0
 11
366.95
 21
49.81
 31
0.0
  0
LINE
  5
1D4
  8
0
 62
1
 10
144.369
 20
24.5065
 30
0.0
 11
144.165
 21
24.5258
 31
0.0
  0
LINE
  5
1D5
  8
0
 62
1
 10
144.165
 20
24.5258
 30
0.0
 11
143.961
 21
24.558
 31
0.0
  0
LINE
  5
1D6
  8
0
 62
1
 10
143.961
 20
24.558
 30
0.0
 11
143.761
 21
24.6029
 31
0.0
  0
LINE
  5
1D7
  8
0
 62
1
 10
143.761
 20
24.6029
 30
0.0
 11
143.563
 21
24.6603
 31
0.0
  0
LINE
  5
1D8
  8
0
 62
1
 10
143.563
 20
24.6603
 30
0.0
 11
143.369
 21
24.73
 31
0.0
  0
LINE
  5
1D9
  8
0
 62
1
 10
143.369
 20
24.73
 30
0.0
 11
143.181
 21
24.8117
 31
0.0
  0
LINE
  5
1DA
  8
0
 62
1
 10
143.181
 20
24.8117
 30
0.0
 11
142.997
 21
24.9051
 31
0.0
  0
LINE
  5
1DB
  8
0
 62
1
 10
142.997
 20
24.9051
 30
0.0
 11
142.82
 21
25.0098
 31
0.0
  0
LINE
  5
1DC
  8
0
 62
1
 10
142.82
 20
25.0098
 30
0.0
 11
142.65
 21
25.1255
 31
0.0
  0
LINE
  5
1DD
  8
0
 62
1
 10
142.65
 20
25.1255
 30
0.0
 11
142.487
 21
25.2516
 31
0.0
  0
LINE
  5
1DE
  8
0
 62
1
 10
142.487
 20
25.2516
 30
0.0
 11
142.333
 21
25.3876
 31
0.0
  0
LINE
  5
1DF
  8
0
 62
1
 10
142.333
 20
25.3876
 30
0.0
 11
142.188
 21
25.5331
 31
0.0
  0
LINE
  5
1E0
  8
0
 62
1
 10
142.188
 20
25.5331
 30
0.0
 11
142.052
 21
25.6874
 31
0.0
  0
LINE
  5
1E1
  8
0
 62
1
 10
142.052
 20
25.6874
 30
0.0
 11
141.925
 21
25.85
 31
0.0
  0
LINE
  5
1E2
  8
0
 62
1
 10
141.925
 20
25.85
 30
0.0
 11
141.81
 21
26.0202
 31
0.0
  0
LINE
  5
1E3
  8
0
 62
1
 10
141.81
 20
26.0202
 30
0.0
 11
141.705
 21
26.1973
 31
0.0
  0
LINE
  5
1E4
  8
0
 62
1
 10
141.705
 20
26.1973
 30
0.0
 11
141.612
 21
26.3806
 31
0.0
  0
LINE
  5
1E5
  8
0
 62
1
 10
141.612
 20
26.3806
 30
0.0
 11
141.53
 21
26.5694
 31
0.0
  0
LINE
  5
1E6
  8
0
 62
1
 10
141.53
 20
26.5694
 30
0.0
 11
141.46
 21
26.763
 31
0.0
  0
LINE
  5
1E7
  8
0
 62
1
 10
141.46
 20
26.763
 30
0.0
 11
141.403
 21
26.9605
 31
0.0
  0
LINE
  5
1E8
  8
0
 62
1
 10
141.403
 20
26.9605
 30
0.0
 11
141.358
 21
27.1613
 31
0.0
  0
LINE
  5
1E9
  8
0
 62
1
 10
141.358
 20
27.1613
 30
0.0
 11
141.326
 21
27.3645
 31
0.0
  0
LINE
  5
1EA
  8
0
 62
1
 10
141.326
 20
27.3645
 30
0.0
 11
141.306
 21
27.5694
 31
0.0
  0
LINE
  5
1EB
  8
0
 62
1
 10
141.306
 20
27.5694
 30
0.0
 11
141.3
 21
27.775
 31
0.0
  0
LINE
  5
1EC
  8
0
 62
1
 10
141.3
 20
27.775
 30
0.0
 11
141.306
 21
27.9806
 31
0.0
  0
LINE
  5
1ED
  8
0
 62
1
 10
141.306
 20
27.9806
 30
0.0
 11
141.326
 21
28.1855
 31
0.0
  0
LINE
  5
1EE
  8
0
 62
1
 10
141.326
 20
28.1855
 30
0.0
 11
141.358
 21
28.3887
 31
0.0
  0
LINE
  5
1EF
  8
0
 62
1
 10
141.358
 20
28.3887
 30
0.0
 11
141.403
 21
28.5894
 31
0.0
  0
LINE
  5
1F0
  8
0
 62
1
 10
141.403
 20
28.5894
 30
0.0
 11
141.46
 21
28.787
 31
0.0
  0
LINE
  5
1F1
  8
0
 62
1
 10
141.46
 20
28.787
 30
0.0
 11
141.53
 21
28.9806
 31
0.0
  0
LINE
  5
1F2
  8
0
 62
1
 10
141.53
 20
28.9806
 30
0.0
 11
141.612
 21
29.1694
 31
0.0
  0
LINE
  5
1F3
  8
0
 62
1
 10
141.612
 20
29.1694
 30
0.0
 11
141.705
 21
29.3527
 31
0.0
  0
LINE
  5
1F4
  8
0
 62
1
 10
141.705
 20
29.3527
 30
0.0
 11
141.81
 21
29.5298
 31
0.0
  0
LINE
  5
1F5
  8
0
 62
1
 10
141.81
 20
29.5298
 30
0.0
 11
141.925
 21
29.7
 31
0.0
  0
LINE
  5
1F6
  8
0
 62
1
 10
141.925
 20
29.7
 30
0.0
 11
142.052
 21
29.8625
 31
0.0
  0
LINE
  5
1F7
  8
0
 62
1
 10
142.052
 20
29.8625
 30
0.0
 11
142.188
 21
30.0169
 31
0.0
  0
LINE
  5
1F8
  8
0
 62
1
 10
142.188
 20
30.0169
 30
0.0
 11
142.333
 21
30.1624
 31
0.0
  0
LINE
  5
1F9
  8
0
 62
1
 10
142.333
 20
30.1624
 30
0.0
 11
142.487
 21
30.2984
 31
0.0
  0
LINE
  5
1FA
  8
0
 62
1
 10
142.487
 20
30.2984
 30
0.0
 11
142.65
 21
30.4245
 31
0.0
  0
LINE
  5
1FB
  8
0
 62
1
 10
142.65
 20
30.4245
 30
0.0
 11
142.82
 21
30.5402
 31
0.0
  0
LINE
  5
1FC
  8
0
 62
1
 10
142.82
 20
30.5402
 30
0.0
 11
142.997
 21
30.6449
 31
0.0
  0
LINE
  5
1FD
  8
0
 62
1
 10
142.997
 20
30.6449
 30
0.0
 11
143.181
 21
30.7383
 31
0.0
  0
LINE
  5
1FE
  8
0
 62
1
 10
143.181
 20
30.7383
 30
0.0
 11
143.369
 21
30.82
 31
0.0
  0
LINE
  5
1FF
  8
0
 62
1
 10
143.369
 20
30.82
 30
0.0
 11
143.563
 21
30.8897
 31
0.0
  0
LINE
  5
200
  8
0
 62
1
 10
143.563
 20
30.8897
 30
0.0
 11
143.761
 21
30.9471
 31
0.0
  0
LINE
  5
201
  8
0
 62
1
 10
143.761
 20
30.9471
 30
0.0
 11
143.961
 21
30.992
 31
0.0
  0
LINE
  5
202
  8
0
 62
1
 10
143.961
 20
30.992
 30
0.0
 11
144.165
 21
31.0242
 31
0.0
  0
LINE
  5
203
  8
0
 62
1
 10
144.165
 20
31.0242
 30
0.0
 11
144.369
 21
31.0435
 31
0.0
  0
LINE
  5
204
  8
0
 62
1
 10
144.369
 20
31.0435
 30
0.0
 11
144.575
 21
31.05
 31
0.0
  0
LINE
  5
205
  8
0
 62
1
 10
144.575
 20
31.05
 30
0.0
 11
144.781
 21
31.0435
 31
0.0
  0
LINE
  5
206
  8
0
 62
1
 10
144.781
 20
31.0435
 30
0.0
 11
144.985
 21
31.0242
 31
0.0
  0
LINE
  5
207
  8
0
 62
1
 10
144.985
 20
31.0242
 30
0.0
 11
145.189
 21
30.992
 31
0.0
  0
LINE
  5
208
  8
0
 62
1
 10
145.189
 20
30.992
 30
0.0
 11
145.389
 21
30.9471
 31
0.0
  0
LINE
  5
209
  8
0
 62
1
 10
145.389
 20
30.9471
 30
0.0
 11
145.587
 21
30.8897
 31
0.0
  0
LINE
  5
20A
  8
0
 62
1
 10
145.587
 20
30.8897
 30
0.0
 11
145.781
 21
30.82
 31
0.0
  0
LINE
  5
20B
  8
0
 62
1
 10
145.781
 20
30.82
 30
0.0
 11
145.969
 21
30.7383
 31
0.0
  0
LINE
  5
20C
  8
0
 62
1
 10
145.969
 20
30.7383
 30
0.0
 11
146.153
 21
30.6449
 31
0.0
  0
LINE
  5
20D
  8
0
 62
1
 10
146.153
 20
30.6449
 30
0.0
 11
146.33
 21
30.5402
 31
0.0
  0
LINE
  5
20E
  8
0
 62
1
 10
146.33
 20
30.5402
 30
0.0
 11
146.5
 21
30.4245
 31
0.0
  0
LINE
  5
20F
  8
0
 62
1
 10
146.5
 20
30.4245
 30
0.0
 11
146.663
 21
30.2984
 31
0.0
  0
LINE
  5
210
  8
0
 62
1
 10
146.663
 20
30.2984
 30
0.0
 11
146.817
 21
30.1624
 31
0.0
  0
LINE
  5
211
  8
0
 62
1
 10
146.817
 20
30.1624
 30
0.0
 11
146.962
 21
30.0169
 31
0.0
  0
LINE
  5
212
  8
0
 62
1
 10
146.962
 20
30.0169
 30
0.0
 11
147.098
 21
29.8625
 31
0.0
  0
LINE
  5
213
  8
0
 62
1
 10
147.098
 20
29.8625
 30
0.0
 11
147.225
 21
29.7
 31
0.0
  0
LINE
  5
214
  8
0
 62
1
 10
147.225
 20
29.7
 30
0.0
 11
147.34
 21
29.5298
 31
0.0
  0
LINE
  5
215
  8
0
 62
1
 10
147.34
 20
29.5298
 30
0.0
 11
147.445
 21
29.3527
 31
0.0
  0
LINE
  5
216
  8
0
 62
1
 10
147.445
 20
29.3527
 30
0.0
 11
147.538
 21
29.1694
 31
0.0
  0
LINE
  5
217
  8
0
 62
1
 10
147.538
 20
29.1694
 30
0.0
 11
147.62
 21
28.9806
 31
0.0
  0
LINE
  5
218
  8
0
 62
1
 10
147.62
 20
28.9806
 30
0.0
 11
147.69
 21
28.787
 31
0.0
  0
LINE
  5
219
  8
0
 62
1
 10
147.69
 20
28.787
 30
0.0
 11
147.747
 21
28.5894
 31
0.0
  0
LINE
  5
21A
  8
0
 62
1
 10
147.747
 20
28.5894
 30
0.0
 11
147.792
 21
28.3887
 31
0.0
  0
LINE
  5
21B
  8
0
 62
1
 10
147.792
 20
28.3887
 30
0.0
 11
147.824
 21
28.1855
 31
0.0
  0
LINE
  5
21C
  8
0
 62
1
 10
147.824
 20
28.1855
 30
0.0
 11
147.844
 21
27.9806
 31
0.0
  0
LINE
  5
21D
  8
0
 62
1
 10
147.844
 20
27.9806
 30
0.0
 11
147.85
 21
27.775
 31
0.0
  0
LINE
  5
21E
  8
0
 62
1
 10
147.85
 20
27.775
 30
0.0
 11
147.844
 21
27.5694
 31
0.0
  0
LINE
  5
21F
  8
0
 62
1
 10
147.844
 20
27.5694
 30
0.0
 11
147.824
 21
27.3645
 31
0.0
  0
LINE
  5
220
  8
0
 62
1
 10
147.824
 20
27.3645
 30
0.0
 11
147.792
 21
27.1613
 31
0.0
  0
LINE
  5
221
  8
0
 62
1
 10
147.792
 20
27.1613
 30
0.0
 11
147.747
 21
26.9605
 31
0.0
  0
LINE
  5
222
  8
0
 62
1
 10
147.747
 20
26.9605
 30
0.0
 11
147.69
 21
26.763
 31
0.0
  0
LINE
  5
223
  8
0
 62
1
 10
147.69
 20
26.763
 30
0.0
 11
147.62
 21
26.5694
 31
0.0
  0
LINE
  5
224
  8
0
 62
1
 10
147.62
 20
26.5694
 30
0.0
 11
147.538
 21
26.3806
 31
0.0
  0
LINE
  5
225
  8
0
 62
1
 10
147.538
 20
26.3806
 30
0.0
 11
147.445
 21
26.1973
 31
0.0
  0
LINE
  5
226
  8
0
 62
1
 10
147.445
 20
26.1973
 30
0.0
 11
147.34
 21
26.0202
 31
0.0
  0
LINE
  5
227
  8
0
 62
1
 10
147.34
 20
26.0202
 30
0.0
 11
147.225
 21
25.85
 31
0.0
  0
LINE
  5
228
  8
0
 62
1
 10
147.225
 20
25.85
 30
0.0
 11
147.098
 21
25.6874
 31
0.0
  0
LINE
  5
229
  8
0
 62
1
 10
147.098
 20
25.6874
 30
0.0
 11
146.962
 21
25.5331
 31
0.0
  0
LINE
  5
22A
  8
0
 62
1
 10
146.962
 20
25.5331
 30
0.0
 11
146.817
 21
25.3876
 31
0.0
  0
LINE
  5
22B
  8
0
 62
1
 10
146.817
 20
25.3876
 30
0.0
 11
146.663
 21
25.2516
 31
0.0
  0
LINE
  5
22C
  8
0
 62
1
 10
146.663
 20
25.2516
 30
0.0
 11
146.5
 21
25.1255
 31
0.0
  0
LINE
  5
22D
  8
0
 62
1
 10
146.5
 20
25.1255
 30
0.0
 11
146.33
 21
25.0098
 31
0.0
  0
LINE
  5
22E
  8
0
 62
1
 10
146.33
 20
25.0098
 30
0.0
 11
146.153
 21
24.9051
 31
0.0
  0
LINE
  5
22F
  8
0
 62
1
 10
146.153
 20
24.9051
 30
0.0
 11
145.969
 21
24.8117
 31
0.0
  0
LINE
  5
230
  8
0
 62
1
 10
145.969
 20
24.8117
 30
0.0
 11
145.781
 21
24.73
 31
0.0
  0
LINE
  5
231
  8
0
 62
1
 10
145.781
 20
24.73
 30
0.0
 11
145.587
 21
24.6603
 31
0.0
  0
LINE
  5
232
  8
0
 62
1
 10
145.587
 20
24.6603
 30
0.0
 11
145.389
 21
24.6029
 31
0.0
  0
LINE
  5
233
  8
0
 62
1
 10
145.389
 20
24.6029
 30
0.0
 11
145.189
 21
24.558
 31
0.0
  0
LINE
  5
234
  8
0
 62
1
 10
145.189
 20
24.558
 30
0.0
 11
144.985
 21
24.5258
 31
0.0
  0
LINE
  5
235
  8
0
 62
1
 10
144.985
 20
24.5258
 30
0.0
 11
144.781
 21
24.5065
 31
0.0
  0
LINE
  5
236
  8
0
 62
1
 10
144.781
 20
24.5065
 30
0.0
 11
144.575
 21
24.5
 31
0.0
  0
LINE
  5
237
  8
0
 62
1
 10
144.575
 20
24.5
 30
0.0
 11
144.369
 21
24.5065
 31
0.0
  0
LINE
  5
238
  8
0
 62
1
 10
144.369
 20
-31.6435
 30
0.0
 11
144.165
 21
-31.6242
 31
0.0
  0
LINE
  5
239
  8
0
 62
1
 10
144.165
 20
-31.6242
 30
0.0
 11
143.961
 21
-31.592
 31
0.0
  0
LINE
  5
23A
  8
0
 62
1
 10
143.961
 20
-31.592
 30
0.0
 11
143.761
 21
-31.5471
 31
0.0
  0
LINE
  5
23B
  8
0
 62
1
 10
143.761
 20
-31.5471
 30
0.0
 11
143.563
 21
-31.4897
 31
0.0
  0
LINE
  5
23C
  8
0
 62
1
 10
143.563
 20
-31.4897
 30
0.0
 11
143.369
 21
-31.42
 31
0.0
  0
LINE
  5
23D
  8
0
 62
1
 10
143.369
 20
-31.42
 30
0.0
 11
143.181
 21
-31.3383
 31
0.0
  0
LINE
  5
23E
  8
0
 62
1
 10
143.181
 20
-31.3383
 30
0.0
 11
142.997
 21
-31.2449
 31
0.0
  0
LINE
  5
23F
  8
0
 62
1
 10
142.997
 20
-31.2449
 30
0.0
 11
142.82
 21
-31.1402
 31
0.0
  0
LINE
  5
240
  8
0
 62
1
 10
142.82
 20
-31.1402
 30
0.0
 11
142.65
 21
-31.0245
 31
0.0
  0
LINE
  5
241
  8
0
 62
1
 10
142.65
 20
-31.0245
 30
0.0
 11
142.487
 21
-30.8984
 31
0.0
  0
LINE
  5
242
  8
0
 62
1
 10
142.487
 20
-30.8984
 30
0.0
 11
142.333
 21
-30.7624
 31
0.0
  0
LINE
  5
243
  8
0
 62
1
 10
142.333
 20
-30.7624
 30
0.0
 11
142.188
 21
-30.6169
 31
0.0
  0
LINE
  5
244
  8
0
 62
1
 10
142.188
 20
-30.6169
 30
0.0
 11
142.052
 21
-30.4626
 31
0.0
  0
LINE
  5
245
  8
0
 62
1
 10
142.052
 20
-30.4626
 30
0.0
 11
141.925
 21
-30.3
 31
0.0
  0
LINE
  5
246
  8
0
 62
1
 10
141.925
 20
-30.3
 30
0.0
 11
141.81
 21
-30.1298
 31
0.0
  0
LINE
  5
247
  8
0
 62
1
 10
141.81
 20
-30.1298
 30
0.0
 11
141.705
 21
-29.9527
 31
0.0
  0
LINE
  5
248
  8
0
 62
1
 10
141.705
 20
-29.9527
 30
0.0
 11
141.612
 21
-29.7694
 31
0.0
  0
LINE
  5
249
  8
0
 62
1
 10
141.612
 20
-29.7694
 30
0.0
 11
141.53
 21
-29.5806
 31
0.0
  0
LINE
  5
24A
  8
0
 62
1
 10
141.53
 20
-29.5806
 30
0.0
 11
141.46
 21
-29.387
 31
0.0
  0
LINE
  5
24B
  8
0
 62
1
 10
141.46
 20
-29.387
 30
0.0
 11
141.403
 21
-29.1895
 31
0.0
  0
LINE
  5
24C
  8
0
 62
1
 10
141.403
 20
-29.1895
 30
0.0
 11
141.358
 21
-28.9887
 31
0.0
  0
LINE
  5
24D
  8
0
 62
1
 10
141.358
 20
-28.9887
 30
0.0
 11
141.326
 21
-28.7855
 31
0.0
  0
LINE
  5
24E
  8
0
 62
1
 10
141.326
 20
-28.7855
 30
0.0
 11
141.306
 21
-28.5806
 31
0.0
  0
LINE
  5
24F
  8
0
 62
1
 10
141.306
 20
-28.5806
 30
0.0
 11
141.3
 21
-28.375
 31
0.0
  0
LINE
  5
250
  8
0
 62
1
 10
141.3
 20
-28.375
 30
0.0
 11
141.306
 21
-28.1694
 31
0.0
  0
LINE
  5
251
  8
0
 62
1
 10
141.306
 20
-28.1694
 30
0.0
 11
141.326
 21
-27.9645
 31
0.0
  0
LINE
  5
252
  8
0
 62
1
 10
141.326
 20
-27.9645
 30
0.0
 11
141.358
 21
-27.7613
 31
0.0
  0
LINE
  5
253
  8
0
 62
1
 10
141.358
 20
-27.7613
 30
0.0
 11
141.403
 21
-27.5605
 31
0.0
  0
LINE
  5
254
  8
0
 62
1
 10
141.403
 20
-27.5605
 30
0.0
 11
141.46
 21
-27.363
 31
0.0
  0
LINE
  5
255
  8
0
 62
1
 10
141.46
 20
-27.363
 30
0.0
 11
141.53
 21
-27.1694
 31
0.0
  0
LINE
  5
256
  8
0
 62
1
 10
141.53
 20
-27.1694
 30
0.0
 11
141.612
 21
-26.9806
 31
0.0
  0
LINE
  5
257
  8
0
 62
1
 10
141.612
 20
-26.9806
 30
0.0
 11
141.705
 21
-26.7973
 31
0.0
  0
LINE
  5
258
  8
0
 62
1
 10
141.705
 20
-26.7973
 30
0.0
 11
141.81
 21
-26.6202
 31
0.0
  0
LINE
  5
259
  8
0
 62
1
 10
141.81
 20
-26.6202
 30
0.0
 11
141.925
 21
-26.45
 31
0.0
  0
LINE
  5
25A
  8
0
 62
1
 10
141.925
 20
-26.45
 30
0.0
 11
142.052
 21
-26.2874
 31
0.0
  0
LINE
  5
25B
  8
0
 62
1
 10
142.052
 20
-26.2874
 30
0.0
 11
142.188
 21
-26.1331
 31
0.0
  0
LINE
  5
25C
  8
0
 62
1
 10
142.188
 20
-26.1331
 30
0.0
 11
142.333
 21
-25.9876
 31
0.0
  0
LINE
  5
25D
  8
0
 62
1
 10
142.333
 20
-25.9876
 30
0.0
 11
142.487
 21
-25.8516
 31
0.0
  0
LINE
  5
25E
  8
0
 62
1
 10
142.487
 20
-25.8516
 30
0.0
 11
142.65
 21
-25.7255
 31
0.0
  0
LINE
  5
25F
  8
0
 62
1
 10
142.65
 20
-25.7255
 30
0.0
 11
142.82
 21
-25.6098
 31
0.0
  0
LINE
  5
260
  8
0
 62
1
 10
142.82
 20
-25.6098
 30
0.0
 11
142.997
 21
-25.5051
 31
0.0
  0
LINE
  5
261
  8
0
 62
1
 10
142.997
 20
-25.5051
 30
0.0
 11
143.181
 21
-25.4117
 31
0.0
  0
LINE
  5
262
  8
0
 62
1
 10
143.181
 20
-25.4117
 30
0.0
 11
143.369
 21
-25.33
 31
0.0
  0
LINE
  5
263
  8
0
 62
1
 10
143.369
 20
-25.33
 30
0.0
 11
143.563
 21
-25.2603
 31
0.0
  0
LINE
  5
264
  8
0
 62
1
 10
143.563
 20
-25.2603
 30
0.0
 11
143.761
 21
-25.2029
 31
0.0
  0
LINE
  5
265
  8
0
 62
1
 10
143.761
 20
-25.2029
 30
0.0
 11
143.961
 21
-25.158
 31
0.0
  0
LINE
  5
266
  8
0
 62
1
 10
143.961
 20
-25.158
 30
0.0
 11
144.165
 21
-25.1258
 31
0.0
  0
LINE
  5
267
  8
0
 62
1
 10
144.165
 20
-25.1258
 30
0.0
 11
144.369
 21
-25.1065
 31
0.0
  0
LINE
  5
268
  8
0
 62
1
 10
144.369
 20
-25.1065
 30
0.0
 11
144.575
 21
-25.1
 31
0.0
  0
LINE
  5
269
  8
0
 62
1
 10
144.575
 20
-25.1
 30
0.0
 11
144.781
 21
-25.1065
 31
0.0
  0
LINE
  5
26A
  8
0
 62
1
 10
144.781
 20
-25.1065
 30
0.0
 11
144.985
 21
-25.1258
 31
0.0
  0
LINE
  5
26B
  8
0
 62
1
 10
144.985
 20
-25.1258
 30
0.0
 11
145.189
 21
-25.158
 31
0.0
  0
LINE
  5
26C
  8
0
 62
1
 10
145.189
 20
-25.158
 30
0.0
 11
145.389
 21
-25.2029
 31
0.0
  0
LINE
  5
26D
  8
0
 62
1
 10
145.389
 20
-25.2029
 30
0.0
 11
145.587
 21
-25.2603
 31
0.0
  0
LINE
  5
26E
  8
0
 62
1
 10
145.587
 20
-25.2603
 30
0.0
 11
145.781
 21
-25.33
 31
0.0
  0
LINE
  5
26F
  8
0
 62
1
 10
145.781
 20
-25.33
 30
0.0
 11
145.969
 21
-25.4117
 31
0.0
  0
LINE
  5
270
  8
0
 62
1
 10
145.969
 20
-25.4117
 30
0.0
 11
146.153
 21
-25.5051
 31
0.0
  0
LINE
  5
271
  8
0
 62
1
 10
146.153
 20
-25.5051
 30
0.0
 11
146.33
 21
-25.6098
 31
0.0
  0
LINE
  5
272
  8
0
 62
1
 10
146.33
 20
-25.6098
 30
0.0
 11
146.5
 21
-25.7255
 31
0.0
  0
LINE
  5
273
  8
0
 62
1
 10
146.5
 20
-25.7255
 30
0.0
 11
146.663
 21
-25.8516
 31
0.0
  0
LINE
  5
274
  8
0
 62
1
 10
146.663
 20
-25.8516
 30
0.0
 11
146.817
 21
-25.9876
 31
0.0
  0
LINE
  5
275
  8
0
 62
1
 10
146.817
 20
-25.9876
 30
0.0
 11
146.962
 21
-26.1331
 31
0.0
  0
LINE
  5
276
  8
0
 62
1
 10
146.962
 20
-26.1331
 30
0.0
 11
147.098
 21
-26.2874
 31
0.0
  0
LINE
  5
277
  8
0
 62
1
 10
147.098
 20
-26.2874
 30
0.0
 11
147.225
 21
-26.45
 31
0.0
  0
LINE
  5
278
  8
0
 62
1
 10
147.225
 20
-26.45
 30
0.0
 11
147.34
 21
-26.6202
 31
0.0
  0
LINE
  5
279
  8
0
 62
1
 10
147.34
 20
-26.6202
 30
0.0
 11
147.445
 21
-26.7973
 31
0.0
  0
LINE
  5
27A
  8
0
 62
1
 10
147.445
 20
-26.7973
 30
0.0
 11
147.538
 21
-26.9806
 31
0.0
  0
LINE
  5
27B
  8
0
 62
1
 10
147.538
 20
-26.9806
 30
0.0
 11
147.62
 21
-27.1694
 31
0.0
  0
LINE
  5
27C
  8
0
 62
1
 10
147.62
 20
-27.1694
 30
0.0
 11
147.69
 21
-27.363
 31
0.0
  0
LINE
  5
27D
  8
0
 62
1
 10
147.69
 20
-27.363
 30
0.0
 11
147.747
 21
-27.5605
 31
0.0
  0
LINE
  5
27E
  8
0
 62
1
 10
147.747
 20
-27.5605
 30
0.0
 11
147.792
 21
-27.7613
 31
0.0
  0
LINE
  5
27F
  8
0
 62
1
 10
147.792
 20
-27.7613
 30
0.0
 11
147.824
 21
-27.9645
 31
0.0
  0
LINE
  5
280
  8
0
 62
1
 10
147.824
 20
-27.9645
 30
0.0
 11
147.844
 21
-28.1694
 31
0.0
  0
LINE
  5
281
  8
0
 62
1
 10
147.844
 20
-28.1694
 30
0.0
 11
147.85
 21
-28.375
 31
0.0
  0
LINE
  5
282
  8
0
 62
1
 10
147.85
 20
-28.375
 30
0.0
 11
147.844
 21
-28.5806
 31
0.0
  0
LINE
  5
283
  8
0
 62
1
 10
147.844
 20
-28.5806
 30
0.0
 11
147.824
 21
-28.7855
 31
0.0
  0
LINE
  5
284
  8
0
 62
1
 10
147.824
 20
-28.7855
 30
0.0
 11
147.792
 21
-28.9887
 31
0.0
  0
LINE
  5
285
  8
0
 62
1
 10
147.792
 20
-28.9887
 30
0.0
 11
147.747
 21
-29.1895
 31
0.0
  0
LINE
  5
286
  8
0
 62
1
 10
147.747
 20
-29.1895
 30
0.0
 11
147.69
 21
-29.387
 31
0.0
  0
LINE
  5
287
  8
0
 62
1
 10
147.69
 20
-29.387
 30
0.0
 11
147.62
 21
-29.5806
 31
0.0
  0
LINE
  5
288
  8
0
 62
1
 10
147.62
 20
-29.5806
 30
0.0
 11
147.538
 21
-29.7694
 31
0.0
  0
LINE
  5
289
  8
0
 62
1
 10
147.538
 20
-29.7694
 30
0.0
 11
147.445
 21
-29.9527
 31
0.0
  0
LINE
  5
28A
  8
0
 62
1
 10
147.445
 20
-29.9527
 30
0.0
 11
147.34
 21
-30.1298
 31
0.0
  0
LINE
  5
28B
  8
0
 62
1
 10
147.34
 20
-30.1298
 30
0.0
 11
147.225
 21
-30.3
 31
0.0
  0
LINE
  5
28C
  8
0
 62
1
 10
147.225
 20
-30.3
 30
0.0
 11
147.098
 21
-30.4626
 31
0.0
  0
LINE
  5
28D
  8
0
 62
1
 10
147.098
 20
-30.4626
 30
0.0
 11
146.962
 21
-30.6169
 31
0.0
  0
LINE
  5
28E
  8
0
 62
1
 10
146.962
 20
-30.6169
 30
0.0
 11
146.817
 21
-30.7624
 31
0.0
  0
LINE
  5
28F
  8
0
 62
1
 10
146.817
 20
-30.7624
 30
0.0
 11
146.663
 21
-30.8984
 31
0.0
  0
LINE
  5
290
  8
0
 62
1
 10
146.663
 20
-30.8984
 30
0.0
 11
146.5
 21
-31.0245
 31
0.0
  0
LINE
  5
291
  8
0
 62
1
 10
146.5
 20
-31.0245
 30
0.0
 11
146.33
 21
-31.1402
 31
0.0
  0
LINE
  5
292
  8
0
 62
1
 10
146.33
 20
-31.1402
 30
0.0
 11
146.153
 21
-31.2449
 31
0.0
  0
LINE
  5
293
  8
0
 62
1
 10
146.153
 20
-31.2449
 30
0.0
 11
145.969
 21
-31.3383
 31
0.0
  0
LINE
  5
294
  8
0
 62
1
 10
145.969
 20
-31.3383
 30
0.0
 11
145.781
 21
-31.42
 31
0.0
  0
LINE
  5
295
  8
0
 62
1
 10
145.781
 20
-31.42
 30
0.0
 11
145.587
 21
-31.4897
 31
0.0
  0
LINE
  5
296
  8
0
 62
1
 10
145.587
 20
-31.4897
 30
0.0
 11
145.389
 21
-31.5471
 31
0.0
  0
LINE
  5
297
  8
0
 62
1
 10
145.389
 20
-31.5471
 30
0.0
 11
145.189
 21
-31.592
 31
0.0
  0
LINE
  5
298
  8
0
 62
1
 10
145.189
 20
-31.592
 30
0.0
 11
144.985
 21
-31.6242
 31
0.0
  0
LINE
  5
299
  8
0
 62
1
 10
144.985
 20
-31.6242
 30
0.0
 11
144.781
 21
-31.6435
 31
0.0
  0
LINE
  5
29A
  8
0
 62
1
 10
144.781
 20
-31.6435
 30
0.0
 11
144.575
 21
-31.65
 31
0.0
  0
LINE
  5
29B
  8
0
 62
1
 10
144.575
 20
-31.65
 30
0.0
 11
144.369
 21
-31.6435
 31
0.0
  0
LINE
  5
29C
  8
0
 62
1
 10
456.5
 20
101.6
 30
0.0
 11
431.1
 21
101.6
 31
0.0
  0
LINE
  5
29D
  8
0
 62
1
 10
431.1
 20
101.6
 30
0.0
 11
431.1
 21
0.0
 31
0.0
  0
LINE
  5
29E
  8
0
 62
1
 10
431.1
 20
0.0
 30
0.0
 11
456.5
 21
0.0
 31
0.0
  0
LINE
  5
29F
  8
0
 62
1
 10
456.5
 20
0.0
 30
0.0
 11
456.5
 21
101.6
 31
0.0
  0
LINE
  5
2A0
  8
0
 62
1
 10
443.588
 20
85.5316
 30
0.0
 11
443.377
 21
85.5516
 31
0.0
  0
LINE
  5
2A1
  8
0
 62
1
 10
443.377
 20
85.5516
 30
0.0
 11
443.168
 21
85.5848
 31
0.0
  0
LINE
  5
2A2
  8
0
 62
1
 10
443.168
 20
85.5848
 30
0.0
 11
442.961
 21
85.631
 31
0.0
  0
LINE
  5
2A3
  8
0
 62
1
 10
442.961
 20
85.631
 30
0.0
 11
442.757
 21
85.6902
 31
0.0
  0
LINE
  5
2A4
  8
0
 62
1
 10
442.757
 20
85.6902
 30
0.0
 11
442.558
 21
85.762
 31
0.0
  0
LINE
  5
2A5
  8
0
 62
1
 10
442.558
 20
85.762
 30
0.0
 11
442.363
 21
85.8462
 31
0.0
  0
LINE
  5
2A6
  8
0
 62
1
 10
442.363
 20
85.8462
 30
0.0
 11
442.174
 21
85.9424
 31
0.0
  0
LINE
  5
2A7
  8
0
 62
1
 10
442.174
 20
85.9424
 30
0.0
 11
441.992
 21
86.0504
 31
0.0
  0
LINE
  5
2A8
  8
0
 62
1
 10
441.992
 20
86.0504
 30
0.0
 11
441.816
 21
86.1695
 31
0.0
  0
LINE
  5
2A9
  8
0
 62
1
 10
441.816
 20
86.1695
 30
0.0
 11
441.649
 21
86.2995
 31
0.0
  0
LINE
  5
2AA
  8
0
 62
1
 10
441.649
 20
86.2995
 30
0.0
 11
441.49
 21
86.4397
 31
0.0
  0
LINE
  5
2AB
  8
0
 62
1
 10
441.49
 20
86.4397
 30
0.0
 11
441.34
 21
86.5896
 31
0.0
  0
LINE
  5
2AC
  8
0
 62
1
 10
441.34
 20
86.5896
 30
0.0
 11
441.2
 21
86.7487
 31
0.0
  0
LINE
  5
2AD
  8
0
 62
1
 10
441.2
 20
86.7487
 30
0.0
 11
441.07
 21
86.9162
 31
0.0
  0
LINE
  5
2AE
  8
0
 62
1
 10
441.07
 20
86.9162
 30
0.0
 11
440.95
 21
87.0916
 31
0.0
  0
LINE
  5
2AF
  8
0
 62
1
 10
440.95
 20
87.0916
 30
0.0
 11
440.842
 21
87.2741
 31
0.0
  0
LINE
  5
2B0
  8
0
 62
1
 10
440.842
 20
87.2741
 30
0.0
 11
440.746
 21
87.463
 31
0.0
  0
LINE
  5
2B1
  8
0
 62
1
 10
440.746
 20
87.463
 30
0.0
 11
440.662
 21
87.6576
 31
0.0
  0
LINE
  5
2B2
  8
0
 62
1
 10
440.662
 20
87.6576
 30
0.0
 11
440.59
 21
87.857
 31
0.0
  0
LINE
  5
2B3
  8
0
 62
1
 10
440.59
 20
87.857
 30
0.0
 11
440.531
 21
88.0607
 31
0.0
  0
LINE
  5
2B4
  8
0
 62
1
 10
440.531
 20
88.0607
 30
0.0
 11
440.485
 21
88.2676
 31
0.0
  0
LINE
  5
2B5
  8
0
 62
1
 10
440.485
 20
88.2676
 30
0.0
 11
440.452
 21
88.477
 31
0.0
  0
LINE
  5
2B6
  8
0
 62
1
 10
440.452
 20
88.477
 30
0.0
 11
440.432
 21
88.6881
 31
0.0
  0
LINE
  5
2B7
  8
0
 62
1
 10
440.432
 20
88.6881
 30
0.0
 11
440.425
 21
88.9
 31
0.0
  0
LINE
  5
2B8
  8
0
 62
1
 10
440.425
 20
88.9
 30
0.0
 11
440.432
 21
89.1119
 31
0.0
  0
LINE
  5
2B9
  8
0
 62
1
 10
440.432
 20
89.1119
 30
0.0
 11
440.452
 21
89.323
 31
0.0
  0
LINE
  5
2BA
  8
0
 62
1
 10
440.452
 20
89.323
 30
0.0
 11
440.485
 21
89.5324
 31
0.0
  0
LINE
  5
2BB
  8
0
 62
1
 10
440.485
 20
89.5324
 30
0.0
 11
440.531
 21
89.7393
 31
0.0
  0
LINE
  5
2BC
  8
0
 62
1
 10
440.531
 20
89.7393
 30
0.0
 11
440.59
 21
89.9429
 31
0.0
  0
LINE
  5
2BD
  8
0
 62
1
 10
440.59
 20
89.9429
 30
0.0
 11
440.662
 21
90.1424
 31
0.0
  0
LINE
  5
2BE
  8
0
 62
1
 10
440.662
 20
90.1424
 30
0.0
 11
440.746
 21
90.337
 31
0.0
  0
LINE
  5
2BF
  8
0
 62
1
 10
440.746
 20
90.337
 30
0.0
 11
440.842
 21
90.5259
 31
0.0
  0
LINE
  5
2C0
  8
0
 62
1
 10
440.842
 20
90.5259
 30
0.0
 11
440.95
 21
90.7084
 31
0.0
  0
LINE
  5
2C1
  8
0
 62
1
 10
440.95
 20
90.7084
 30
0.0
 11
441.07
 21
90.8838
 31
0.0
  0
LINE
  5
2C2
  8
0
 62
1
 10
441.07
 20
90.8838
 30
0.0
 11
441.2
 21
91.0513
 31
0.0
  0
LINE
  5
2C3
  8
0
 62
1
 10
441.2
 20
91.0513
 30
0.0
 11
441.34
 21
91.2103
 31
0.0
  0
LINE
  5
2C4
  8
0
 62
1
 10
441.34
 20
91.2103
 30
0.0
 11
441.49
 21
91.3602
 31
0.0
  0
LINE
  5
2C5
  8
0
 62
1
 10
441.49
 20
91.3602
 30
0.0
 11
441.649
 21
91.5005
 31
0.0
  0
LINE
  5
2C6
  8
0
 62
1
 10
441.649
 20
91.5005
 30
0.0
 11
441.816
 21
91.6304
 31
0.0
  0
LINE
  5
2C7
  8
0
 62
1
 10
441.816
 20
91.6304
 30
0.0
 11
441.992
 21
91.7496
 31
0.0
  0
LINE
  5
2C8
  8
0
 62
1
 10
441.992
 20
91.7496
 30
0.0
 11
442.174
 21
91.8575
 31
0.0
  0
LINE
  5
2C9
  8
0
 62
1
 10
442.174
 20
91.8575
 30
0.0
 11
442.363
 21
91.9538
 31
0.0
  0
LINE
  5
2CA
  8
0
 62
1
 10
442.363
 20
91.9538
 30
0.0
 11
442.558
 21
92.038
 31
0.0
  0
LINE
  5
2CB
  8
0
 62
1
 10
442.558
 20
92.038
 30
0.0
 11
442.757
 21
92.1098
 31
0.0
  0
LINE
  5
2CC
  8
0
 62
1
 10
442.757
 20
92.1098
 30
0.0
 11
442.961
 21
92.1689
 31
0.0
  0
LINE
  5
2CD
  8
0
 62
1
 10
442.961
 20
92.1689
 30
0.0
 11
443.168
 21
92.2152
 31
0.0
  0
LINE
  5
2CE
  8
0
 62
1
 10
443.168
 20
92.2152
 30
0.0
 11
443.377
 21
92.2484
 31
0.0
  0
LINE
  5
2CF
  8
0
 62
1
 10
443.377
 20
92.2484
 30
0.0
 11
443.588
 21
92.2683
 31
0.0
  0
LINE
  5
2D0
  8
0
 62
1
 10
443.588
 20
92.2683
 30
0.0
 11
443.8
 21
92.275
 31
0.0
  0
LINE
  5
2D1
  8
0
 62
1
 10
443.8
 20
92.275
 30
0.0
 11
444.012
 21
92.2683
 31
0.0
  0
LINE
  5
2D2
  8
0
 62
1
 10
444.012
 20
92.2683
 30
0.0
 11
444.223
 21
92.2484
 31
0.0
  0
LINE
  5
2D3
  8
0
 62
1
 10
444.223
 20
92.2484
 30
0.0
 11
444.432
 21
92.2152
 31
0.0
  0
LINE
  5
2D4
  8
0
 62
1
 10
444.432
 20
92.2152
 30
0.0
 11
444.639
 21
92.1689
 31
0.0
  0
LINE
  5
2D5
  8
0
 62
1
 10
444.639
 20
92.1689
 30
0.0
 11
444.843
 21
92.1098
 31
0.0
  0
LINE
  5
2D6
  8
0
 62
1
 10
444.843
 20
92.1098
 30
0.0
 11
445.042
 21
92.038
 31
0.0
  0
LINE
  5
2D7
  8
0
 62
1
 10
445.042
 20
92.038
 30
0.0
 11
445.237
 21
91.9538
 31
0.0
  0
LINE
  5
2D8
  8
0
 62
1
 10
445.237
 20
91.9538
 30
0.0
 11
445.426
 21
91.8575
 31
0.0
  0
LINE
  5
2D9
  8
0
 62
1
 10
445.426
 20
91.8575
 30
0.0
 11
445.608
 21
91.7496
 31
0.0
  0
LINE
  5
2DA
  8
0
 62
1
 10
445.608
 20
91.7496
 30
0.0
 11
445.784
 21
91.6304
 31
0.0
  0
LINE
  5
2DB
  8
0
 62
1
 10
445.784
 20
91.6304
 30
0.0
 11
445.951
 21
91.5005
 31
0.0
  0
LINE
  5
2DC
  8
0
 62
1
 10
445.951
 20
91.5005
 30
0.0
 11
446.11
 21
91.3602
 31
0.0
  0
LINE
  5
2DD
  8
0
 62
1
 10
446.11
 20
91.3602
 30
0.0
 11
446.26
 21
91.2103
 31
0.0
  0
LINE
  5
2DE
  8
0
 62
1
 10
446.26
 20
91.2103
 30
0.0
 11
446.4
 21
91.0513
 31
0.0
  0
LINE
  5
2DF
  8
0
 62
1
 10
446.4
 20
91.0513
 30
0.0
 11
446.53
 21
90.8838
 31
0.0
  0
LINE
  5
2E0
  8
0
 62
1
 10
446.53
 20
90.8838
 30
0.0
 11
446.65
 21
90.7084
 31
0.0
  0
LINE
  5
2E1
  8
0
 62
1
 10
446.65
 20
90.7084
 30
0.0
 11
446.758
 21
90.5259
 31
0.0
  0
LINE
  5
2E2
  8
0
 62
1
 10
446.758
 20
90.5259
 30
0.0
 11
446.854
 21
90.337
 31
0.0
  0
LINE
  5
2E3
  8
0
 62
1
 10
446.854
 20
90.337
 30
0.0
 11
446.938
 21
90.1424
 31
0.0
  0
LINE
  5
2E4
  8
0
 62
1
 10
446.938
 20
90.1424
 30
0.0
 11
447.01
 21
89.9429
 31
0.0
  0
LINE
  5
2E5
  8
0
 62
1
 10
447.01
 20
89.9429
 30
0.0
 11
447.069
 21
89.7393
 31
0.0
  0
LINE
  5
2E6
  8
0
 62
1
 10
447.069
 20
89.7393
 30
0.0
 11
447.115
 21
89.5324
 31
0.0
  0
LINE
  5
2E7
  8
0
 62
1
 10
447.115
 20
89.5324
 30
0.0
 11
447.148
 21
89.323
 31
0.0
  0
LINE
  5
2E8
  8
0
 62
1
 10
447.148
 20
89.323
 30
0.0
 11
447.168
 21
89.1119
 31
0.0
  0
LINE
  5
2E9
  8
0
 62
1
 10
447.168
 20
89.1119
 30
0.0
 11
447.175
 21
88.9
 31
0.0
  0
LINE
  5
2EA
  8
0
 62
1
 10
447.175
 20
88.9
 30
0.0
 11
447.168
 21
88.6881
 31
0.0
  0
LINE
  5
2EB
  8
0
 62
1
 10
447.168
 20
88.6881
 30
0.0
 11
447.148
 21
88.477
 31
0.0
  0
LINE
  5
2EC
  8
0
 62
1
 10
447.148
 20
88.477
 30
0.0
 11
447.115
 21
88.2676
 31
0.0
  0
LINE
  5
2ED
  8
0
 62
1
 10
447.115
 20
88.2676
 30
0.0
 11
447.069
 21
88.0607
 31
0.0
  0
LINE
  5
2EE
  8
0
 62
1
 10
447.069
 20
88.0607
 30
0.0
 11
447.01
 21
87.857
 31
0.0
  0
LINE
  5
2EF
  8
0
 62
1
 10
447.01
 20
87.857
 30
0.0
 11
446.938
 21
87.6576
 31
0.0
  0
LINE
  5
2F0
  8
0
 62
1
 10
446.938
 20
87.6576
 30
0.0
 11
446.854
 21
87.463
 31
0.0
  0
LINE
  5
2F1
  8
0
 62
1
 10
446.854
 20
87.463
 30
0.0
 11
446.758
 21
87.2741
 31
0.0
  0
LINE
  5
2F2
  8
0
 62
1
 10
446.758
 20
87.2741
 30
0.0
 11
446.65
 21
87.0916
 31
0.0
  0
LINE
  5
2F3
  8
0
 62
1
 10
446.65
 20
87.0916
 30
0.0
 11
446.53
 21
86.9162
 31
0.0
  0
LINE
  5
2F4
  8
0
 62
1
 10
446.53
 20
86.9162
 30
0.0
 11
446.4
 21
86.7487
 31
0.0
  0
LINE
  5
2F5
  8
0
 62
1
 10
446.4
 20
86.7487
 30
0.0
 11
446.26
 21
86.5896
 31
0.0
  0
LINE
  5
2F6
  8
0
 62
1
 10
446.26
 20
86.5896
 30
0.0
 11
446.11
 21
86.4397
 31
0.0
  0
LINE
  5
2F7
  8
0
 62
1
 10
446.11
 20
86.4397
 30
0.0
 11
445.951
 21
86.2995
 31
0.0
  0
LINE
  5
2F8
  8
0
 62
1
 10
445.951
 20
86.2995
 30
0.0
 11
445.784
 21
86.1695
 31
0.0
  0
LINE
  5
2F9
  8
0
 62
1
 10
445.784
 20
86.1695
 30
0.0
 11
445.608
 21
86.0504
 31
0.0
  0
LINE
  5
2FA
  8
0
 62
1
 10
445.608
 20
86.0504
 30
0.0
 11
445.426
 21
85.9424
 31
0.0
  0
LINE
  5
2FB
  8
0
 62
1
 10
445.426
 20
85.9424
 30
0.0
 11
445.237
 21
85.8462
 31
0.0
  0
LINE
  5
2FC
  8
0
 62
1
 10
445.237
 20
85.8462
 30
0.0
 11
445.042
 21
85.762
 31
0.0
  0
LINE
  5
2FD
  8
0
 62
1
 10
445.042
 20
85.762
 30
0.0
 11
444.843
 21
85.6902
 31
0.0
  0
LINE
  5
2FE
  8
0
 62
1
 10
444.843
 20
85.6902
 30
0.0
 11
444.639
 21
85.631
 31
0.0
  0
LINE
  5
2FF
  8
0
 62
1
 10
444.639
 20
85.631
 30
0.0
 11
444.432
 21
85.5848
 31
0.0
  0
LINE
  5
300
  8
0
 62
1
 10
444.432
 20
85.5848
 30
0.0
 11
444.223
 21
85.5516
 31
0.0
  0
LINE
  5
301
  8
0
 62
1
 10
444.223
 20
85.5516
 30
0.0
 11
444.012
 21
85.5316
 31
0.0
  0
LINE
  5
302
  8
0
 62
1
 10
444.012
 20
85.5316
 30
0.0
 11
443.8
 21
85.525
 31
0.0
  0
LINE
  5
303
  8
0
 62
1
 10
443.8
 20
85.525
 30
0.0
 11
443.588
 21
85.5316
 31
0.0
  0
LINE
  5
304
  8
0
 62
1
 10
443.588
 20
60.1316
 30
0.0
 11
443.377
 21
60.1516
 31
0.0
  0
LINE
  5
305
  8
0
 62
1
 10
443.377
 20
60.1516
 30
0.0
 11
443.168
 21
60.1848
 31
0.0
  0
LINE
  5
306
  8
0
 62
1
 10
443.168
 20
60.1848
 30
0.0
 11
442.961
 21
60.231
 31
0.0
  0
LINE
  5
307
  8
0
 62
1
 10
442.961
 20
60.231
 30
0.0
 11
442.757
 21
60.2902
 31
0.0
  0
LINE
  5
308
  8
0
 62
1
 10
442.757
 20
60.2902
 30
0.0
 11
442.558
 21
60.362
 31
0.0
  0
LINE
  5
309
  8
0
 62
1
 10
442.558
 20
60.362
 30
0.0
 11
442.363
 21
60.4462
 31
0.0
  0
LINE
  5
30A
  8
0
 62
1
 10
442.363
 20
60.4462
 30
0.0
 11
442.174
 21
60.5424
 31
0.0
  0
LINE
  5
30B
  8
0
 62
1
 10
442.174
 20
60.5424
 30
0.0
 11
441.992
 21
60.6504
 31
0.0
  0
LINE
  5
30C
  8
0
 62
1
 10
441.992
 20
60.6504
 30
0.0
 11
441.816
 21
60.7695
 31
0.0
  0
LINE
  5
30D
  8
0
 62
1
 10
441.816
 20
60.7695
 30
0.0
 11
441.649
 21
60.8995
 31
0.0
  0
LINE
  5
30E
  8
0
 62
1
 10
441.649
 20
60.8995
 30
0.0
 11
441.49
 21
61.0397
 31
0.0
  0
LINE
  5
30F
  8
0
 62
1
 10
441.49
 20
61.0397
 30
0.0
 11
441.34
 21
61.1896
 31
0.0
  0
LINE
  5
310
  8
0
 62
1
 10
441.34
 20
61.1896
 30
0.0
 11
441.2
 21
61.3487
 31
0.0
  0
LINE
  5
311
  8
0
 62
1
 10
441.2
 20
61.3487
 30
0.0
 11
441.07
 21
61.5162
 31
0.0
  0
LINE
  5
312
  8
0
 62
1
 10
441.07
 20
61.5162
 30
0.0
 11
440.95
 21
61.6916
 31
0.0
  0
LINE
  5
313
  8
0
 62
1
 10
440.95
 20
61.6916
 30
0.0
 11
440.842
 21
61.8741
 31
0.0
  0
LINE
  5
314
  8
0
 62
1
 10
440.842
 20
61.8741
 30
0.0
 11
440.746
 21
62.063
 31
0.0
  0
LINE
  5
315
  8
0
 62
1
 10
440.746
 20
62.063
 30
0.0
 11
440.662
 21
62.2576
 31
0.0
  0
LINE
  5
316
  8
0
 62
1
 10
440.662
 20
62.2576
 30
0.0
 11
440.59
 21
62.457
 31
0.0
  0
LINE
  5
317
  8
0
 62
1
 10
440.59
 20
62.457
 30
0.0
 11
440.531
 21
62.6606
 31
0.0
  0
LINE
  5
318
  8
0
 62
1
 10
440.531
 20
62.6606
 30
0.0
 11
440.485
 21
62.8676
 31
0.0
  0
LINE
  5
319
  8
0
 62
1
 10
440.485
 20
62.8676
 30
0.0
 11
440.452
 21
63.077
 31
0.0
  0
LINE
  5
31A
  8
0
 62
1
 10
440.452
 20
63.077
 30
0.0
 11
440.432
 21
63.2881
 31
0.0
  0
LINE
  5
31B
  8
0
 62
1
 10
440.432
 20
63.2881
 30
0.0
 11
440.425
 21
63.5
 31
0.0
  0
LINE
  5
31C
  8
0
 62
1
 10
440.425
 20
63.5
 30
0.0
 11
440.432
 21
63.7119
 31
0.0
  0
LINE
  5
31D
  8
0
 62
1
 10
440.432
 20
63.7119
 30
0.0
 11
440.452
 21
63.923
 31
0.0
  0
LINE
  5
31E
  8
0
 62
1
 10
440.452
 20
63.923
 30
0.0
 11
440.485
 21
64.1324
 31
0.0
  0
LINE
  5
31F
  8
0
 62
1
 10
440.485
 20
64.1324
 30
0.0
 11
440.531
 21
64.3393
 31
0.0
  0
LINE
  5
320
  8
0
 62
1
 10
440.531
 20
64.3393
 30
0.0
 11
440.59
 21
64.5429
 31
0.0
  0
LINE
  5
321
  8
0
 62
1
 10
440.59
 20
64.5429
 30
0.0
 11
440.662
 21
64.7424
 31
0.0
  0
LINE
  5
322
  8
0
 62
1
 10
440.662
 20
64.7424
 30
0.0
 11
440.746
 21
64.937
 31
0.0
  0
LINE
  5
323
  8
0
 62
1
 10
440.746
 20
64.937
 30
0.0
 11
440.842
 21
65.1259
 31
0.0
  0
LINE
  5
324
  8
0
 62
1
 10
440.842
 20
65.1259
 30
0.0
 11
440.95
 21
65.3084
 31
0.0
  0
LINE
  5
325
  8
0
 62
1
 10
440.95
 20
65.3084
 30
0.0
 11
441.07
 21
65.4837
 31
0.0
  0
LINE
  5
326
  8
0
 62
1
 10
441.07
 20
65.4837
 30
0.0
 11
441.2
 21
65.6513
 31
0.0
  0
LINE
  5
327
  8
0
 62
1
 10
441.2
 20
65.6513
 30
0.0
 11
441.34
 21
65.8103
 31
0.0
  0
LINE
  5
328
  8
0
 62
1
 10
441.34
 20
65.8103
 30
0.0
 11
441.49
 21
65.9603
 31
0.0
  0
LINE
  5
329
  8
0
 62
1
 10
441.49
 20
65.9603
 30
0.0
 11
441.649
 21
66.1005
 31
0.0
  0
LINE
  5
32A
  8
0
 62
1
 10
441.649
 20
66.1005
 30
0.0
 11
441.816
 21
66.2304
 31
0.0
  0
LINE
  5
32B
  8
0
 62
1
 10
441.816
 20
66.2304
 30
0.0
 11
441.992
 21
66.3496
 31
0.0
  0
LINE
  5
32C
  8
0
 62
1
 10
441.992
 20
66.3496
 30
0.0
 11
442.174
 21
66.4575
 31
0.0
  0
LINE
  5
32D
  8
0
 62
1
 10
442.174
 20
66.4575
 30
0.0
 11
442.363
 21
66.5538
 31
0.0
  0
LINE
  5
32E
  8
0
 62
1
 10
442.363
 20
66.5538
 30
0.0
 11
442.558
 21
66.638
 31
0.0
  0
LINE
  5
32F
  8
0
 62
1
 10
442.558
 20
66.638
 30
0.0
 11
442.757
 21
66.7098
 31
0.0
  0
LINE
  5
330
  8
0
 62
1
 10
442.757
 20
66.7098
 30
0.0
 11
442.961
 21
66.769
 31
0.0
  0
LINE
  5
331
  8
0
 62
1
 10
442.961
 20
66.769
 30
0.0
 11
443.168
 21
66.8152
 31
0.0
  0
LINE
  5
332
  8
0
 62
1
 10
443.168
 20
66.8152
 30
0.0
 11
443.377
 21
66.8484
 31
0.0
  0
LINE
  5
333
  8
0
 62
1
 10
443.377
 20
66.8484
 30
0.0
 11
443.588
 21
66.8683
 31
0.0
  0
LINE
  5
334
  8
0
 62
1
 10
443.588
 20
66.8683
 30
0.0
 11
443.8
 21
66.875
 31
0.0
  0
LINE
  5
335
  8
0
 62
1
 10
443.8
 20
66.875
 30
0.0
 11
444.012
 21
66.8683
 31
0.0
  0
LINE
  5
336
  8
0
 62
1
 10
444.012
 20
66.8683
 30
0.0
 11
444.223
 21
66.8484
 31
0.0
  0
LINE
  5
337
  8
0
 62
1
 10
444.223
 20
66.8484
 30
0.0
 11
444.432
 21
66.8152
 31
0.0
  0
LINE
  5
338
  8
0
 62
1
 10
444.432
 20
66.8152
 30
0.0
 11
444.639
 21
66.769
 31
0.0
  0
LINE
  5
339
  8
0
 62
1
 10
444.639
 20
66.769
 30
0.0
 11
444.843
 21
66.7098
 31
0.0
  0
LINE
  5
33A
  8
0
 62
1
 10
444.843
 20
66.7098
 30
0.0
 11
445.042
 21
66.638
 31
0.0
  0
LINE
  5
33B
  8
0
 62
1
 10
445.042
 20
66.638
 30
0.0
 11
445.237
 21
66.5538
 31
0.0
  0
LINE
  5
33C
  8
0
 62
1
 10
445.237
 20
66.5538
 30
0.0
 11
445.426
 21
66.4575
 31
0.0
  0
LINE
  5
33D
  8
0
 62
1
 10
445.426
 20
66.4575
 30
0.0
 11
445.608
 21
66.3496
 31
0.0
  0
LINE
  5
33E
  8
0
 62
1
 10
445.608
 20
66.3496
 30
0.0
 11
445.784
 21
66.2304
 31
0.0
  0
LINE
  5
33F
  8
0
 62
1
 10
445.784
 20
66.2304
 30
0.0
 11
445.951
 21
66.1005
 31
0.0
  0
LINE
  5
340
  8
0
 62
1
 10
445.951
 20
66.1005
 30
0.0
 11
446.11
 21
65.9603
 31
0.0
  0
LINE
  5
341
  8
0
 62
1
 10
446.11
 20
65.9603
 30
0.0
 11
446.26
 21
65.8103
 31
0.0
  0
LINE
  5
342
  8
0
 62
1
 10
446.26
 20
65.8103
 30
0.0
 11
446.4
 21
65.6513
 31
0.0
  0
LINE
  5
343
  8
0
 62
1
 10
446.4
 20
65.6513
 30
0.0
 11
446.53
 21
65.4837
 31
0.0
  0
LINE
  5
344
  8
0
 62
1
 10
446.53
 20
65.4837
 30
0.0
 11
446.65
 21
65.3084
 31
0.0
  0
LINE
  5
345
  8
0
 62
1
 10
446.65
 20
65.3084
 30
0.0
 11
446.758
 21
65.1259
 31
0.0
  0
LINE
  5
346
  8
0
 62
1
 10
446.758
 20
65.1259
 30
0.0
 11
446.854
 21
64.937
 31
0.0
  0
LINE
  5
347
  8
0
 62
1
 10
446.854
 20
64.937
 30
0.0
 11
446.938
 21
64.7424
 31
0.0
  0
LINE
  5
348
  8
0
 62
1
 10
446.938
 20
64.7424
 30
0.0
 11
447.01
 21
64.5429
 31
0.0
  0
LINE
  5
349
  8
0
 62
1
 10
447.01
 20
64.5429
 30
0.0
 11
447.069
 21
64.3393
 31
0.0
  0
LINE
  5
34A
  8
0
 62
1
 10
447.069
 20
64.3393
 30
0.0
 11
447.115
 21
64.1324
 31
0.0
  0
LINE
  5
34B
  8
0
 62
1
 10
447.115
 20
64.1324
 30
0.0
 11
447.148
 21
63.923
 31
0.0
  0
LINE
  5
34C
  8
0
 62
1
 10
447.148
 20
63.923
 30
0.0
 11
447.168
 21
63.7119
 31
0.0
  0
LINE
  5
34D
  8
0
 62
1
 10
447.168
 20
63.7119
 30
0.0
 11
447.175
 21
63.5
 31
0.0
  0
LINE
  5
34E
  8
0
 62
1
 10
447.175
 20
63.5
 30
0.0
 11
447.168
 21
63.2881
 31
0.0
  0
LINE
  5
34F
  8
0
 62
1
 10
447.168
 20
63.2881
 30
0.0
 11
447.148
 21
63.077
 31
0.0
  0
LINE
  5
350
  8
0
 62
1
 10
447.148
 20
63.077
 30
0.0
 11
447.115
 21
62.8676
 31
0.0
  0
LINE
  5
351
  8
0
 62
1
 10
447.115
 20
62.8676
 30
0.0
 11
447.069
 21
62.6606
 31
0.0
  0
LINE
  5
352
  8
0
 62
1
 10
447.069
 20
62.6606
 30
0.0
 11
447.01
 21
62.457
 31
0.0
  0
LINE
  5
353
  8
0
 62
1
 10
447.01
 20
62.457
 30
0.0
 11
446.938
 21
62.2576
 31
0.0
  0
LINE
  5
354
  8
0
 62
1
 10
446.938
 20
62.2576
 30
0.0
 11
446.854
 21
62.063
 31
0.0
  0
LINE
  5
355
  8
0
 62
1
 10
446.854
 20
62.063
 30
0.0
 11
446.758
 21
61.8741
 31
0.0
  0
LINE
  5
356
  8
0
 62
1
 10
446.758
 20
61.8741
 30
0.0
 11
446.65
 21
61.6916
 31
0.0
  0
LINE
  5
357
  8
0
 62
1
 10
446.65
 20
61.6916
 30
0.0
 11
446.53
 21
61.5162
 31
0.0
  0
LINE
  5
358
  8
0
 62
1
 10
446.53
 20
61.5162
 30
0.0
 11
446.4
 21
61.3487
 31
0.0
  0
LINE
  5
359
  8
0
 62
1
 10
446.4
 20
61.3487
 30
0.0
 11
446.26
 21
61.1896
 31
0.0
  0
LINE
  5
35A
  8
0
 62
1
 10
446.26
 20
61.1896
 30
0.0
 11
446.11
 21
61.0397
 31
0.0
  0
LINE
  5
35B
  8
0
 62
1
 10
446.11
 20
61.0397
 30
0.0
 11
445.951
 21
60.8995
 31
0.0
  0
LINE
  5
35C
  8
0
 62
1
 10
445.951
 20
60.8995
 30
0.0
 11
445.784
 21
60.7695
 31
0.0
  0
LINE
  5
35D
  8
0
 62
1
 10
445.784
 20
60.7695
 30
0.0
 11
445.608
 21
60.6504
 31
0.0
  0
LINE
  5
35E
  8
0
 62
1
 10
445.608
 20
60.6504
 30
0.0
 11
445.426
 21
60.5424
 31
0.0
  0
LINE
  5
35F
  8
0
 62
1
 10
445.426
 20
60.5424
 30
0.0
 11
445.237
 21
60.4462
 31
0.0
  0
LINE
  5
360
  8
0
 62
1
 10
445.237
 20
60.4462
 30
0.0
 11
445.042
 21
60.362
 31
0.0
  0
LINE
  5
361
  8
0
 62
1
 10
445.042
 20
60.362
 30
0.0
 11
444.843
 21
60.2902
 31
0.0
  0
LINE
  5
362
  8
0
 62
1
 10
444.843
 20
60.2902
 30
0.0
 11
444.639
 21
60.231
 31
0.0
  0
LINE
  5
363
  8
0
 62
1
 10
444.639
 20
60.231
 30
0.0
 11
444.432
 21
60.1848
 31
0.0
  0
LINE
  5
364
  8
0
 62
1
 10
444.432
 20
60.1848
 30
0.0
 11
444.223
 21
60.1516
 31
0.0
  0
LINE
  5
365
  8
0
 62
1
 10
444.223
 20
60.1516
 30
0.0
 11
444.012
 21
60.1316
 31
0.0
  0
LINE
  5
366
  8
0
 62
1
 10
444.012
 20
60.1316
 30
0.0
 11
443.8
 21
60.125
 31
0.0
  0
LINE
  5
367
  8
0
 62
1
 10
443.8
 20
60.125
 30
0.0
 11
443.588
 21
60.1316
 31
0.0
  0
LINE
  5
368
  8
0
 62
1
 10
443.588
 20
34.7317
 30
0.0
 11
443.377
 21
34.7516
 31
0.0
  0
LINE
  5
369
  8
0
 62
1
 10
443.377
 20
34.7516
 30
0.0
 11
443.168
 21
34.7848
 31
0.0
  0
LINE
  5
36A
  8
0
 62
1
 10
443.168
 20
34.7848
 30
0.0
 11
442.961
 21
34.831
 31
0.0
  0
LINE
  5
36B
  8
0
 62
1
 10
442.961
 20
34.831
 30
0.0
 11
442.757
 21
34.8902
 31
0.0
  0
LINE
  5
36C
  8
0
 62
1
 10
442.757
 20
34.8902
 30
0.0
 11
442.558
 21
34.962
 31
0.0
  0
LINE
  5
36D
  8
0
 62
1
 10
442.558
 20
34.962
 30
0.0
 11
442.363
 21
35.0462
 31
0.0
  0
LINE
  5
36E
  8
0
 62
1
 10
442.363
 20
35.0462
 30
0.0
 11
442.174
 21
35.1425
 31
0.0
  0
LINE
  5
36F
  8
0
 62
1
 10
442.174
 20
35.1425
 30
0.0
 11
441.992
 21
35.2504
 31
0.0
  0
LINE
  5
370
  8
0
 62
1
 10
441.992
 20
35.2504
 30
0.0
 11
441.816
 21
35.3696
 31
0.0
  0
LINE
  5
371
  8
0
 62
1
 10
441.816
 20
35.3696
 30
0.0
 11
441.649
 21
35.4995
 31
0.0
  0
LINE
  5
372
  8
0
 62
1
 10
441.649
 20
35.4995
 30
0.0
 11
441.49
 21
35.6397
 31
0.0
  0
LINE
  5
373
  8
0
 62
1
 10
441.49
 20
35.6397
 30
0.0
 11
441.34
 21
35.7896
 31
0.0
  0
LINE
  5
374
  8
0
 62
1
 10
441.34
 20
35.7896
 30
0.0
 11
441.2
 21
35.9487
 31
0.0
  0
LINE
  5
375
  8
0
 62
1
 10
441.2
 20
35.9487
 30
0.0
 11
441.07
 21
36.1162
 31
0.0
  0
LINE
  5
376
  8
0
 62
1
 10
441.07
 20
36.1162
 30
0.0
 11
440.95
 21
36.2916
 31
0.0
  0
LINE
  5
377
  8
0
 62
1
 10
440.95
 20
36.2916
 30
0.0
 11
440.842
 21
36.4741
 31
0.0
  0
LINE
  5
378
  8
0
 62
1
 10
440.842
 20
36.4741
 30
0.0
 11
440.746
 21
36.663
 31
0.0
  0
LINE
  5
379
  8
0
 62
1
 10
440.746
 20
36.663
 30
0.0
 11
440.662
 21
36.8576
 31
0.0
  0
LINE
  5
37A
  8
0
 62
1
 10
440.662
 20
36.8576
 30
0.0
 11
440.59
 21
37.0571
 31
0.0
  0
LINE
  5
37B
  8
0
 62
1
 10
440.59
 20
37.0571
 30
0.0
 11
440.531
 21
37.2607
 31
0.0
  0
LINE
  5
37C
  8
0
 62
1
 10
440.531
 20
37.2607
 30
0.0
 11
440.485
 21
37.4676
 31
0.0
  0
LINE
  5
37D
  8
0
 62
1
 10
440.485
 20
37.4676
 30
0.0
 11
440.452
 21
37.677
 31
0.0
  0
LINE
  5
37E
  8
0
 62
1
 10
440.452
 20
37.677
 30
0.0
 11
440.432
 21
37.8881
 31
0.0
  0
LINE
  5
37F
  8
0
 62
1
 10
440.432
 20
37.8881
 30
0.0
 11
440.425
 21
38.1
 31
0.0
  0
LINE
  5
380
  8
0
 62
1
 10
440.425
 20
38.1
 30
0.0
 11
440.432
 21
38.3119
 31
0.0
  0
LINE
  5
381
  8
0
 62
1
 10
440.432
 20
38.3119
 30
0.0
 11
440.452
 21
38.523
 31
0.0
  0
LINE
  5
382
  8
0
 62
1
 10
440.452
 20
38.523
 30
0.0
 11
440.485
 21
38.7324
 31
0.0
  0
LINE
  5
383
  8
0
 62
1
 10
440.485
 20
38.7324
 30
0.0
 11
440.531
 21
38.9393
 31
0.0
  0
LINE
  5
384
  8
0
 62
1
 10
440.531
 20
38.9393
 30
0.0
 11
440.59
 21
39.1429
 31
0.0
  0
LINE
  5
385
  8
0
 62
1
 10
440.59
 20
39.1429
 30
0.0
 11
440.662
 21
39.3424
 31
0.0
  0
LINE
  5
386
  8
0
 62
1
 10
440.662
 20
39.3424
 30
0.0
 11
440.746
 21
39.537
 31
0.0
  0
LINE
  5
387
  8
0
 62
1
 10
440.746
 20
39.537
 30
0.0
 11
440.842
 21
39.7259
 31
0.0
  0
LINE
  5
388
  8
0
 62
1
 10
440.842
 20
39.7259
 30
0.0
 11
440.95
 21
39.9084
 31
0.0
  0
LINE
  5
389
  8
0
 62
1
 10
440.95
 20
39.9084
 30
0.0
 11
441.07
 21
40.0838
 31
0.0
  0
LINE
  5
38A
  8
0
 62
1
 10
441.07
 20
40.0838
 30
0.0
 11
441.2
 21
40.2513
 31
0.0
  0
LINE
  5
38B
  8
0
 62
1
 10
441.2
 20
40.2513
 30
0.0
 11
441.34
 21
40.4103
 31
0.0
  0
LINE
  5
38C
  8
0
 62
1
 10
441.34
 20
40.4103
 30
0.0
 11
441.49
 21
40.5603
 31
0.0
  0
LINE
  5
38D
  8
0
 62
1
 10
441.49
 20
40.5603
 30
0.0
 11
441.649
 21
40.7005
 31
0.0
  0
LINE
  5
38E
  8
0
 62
1
 10
441.649
 20
40.7005
 30
0.0
 11
441.816
 21
40.8304
 31
0.0
  0
LINE
  5
38F
  8
0
 62
1
 10
441.816
 20
40.8304
 30
0.0
 11
441.992
 21
40.9496
 31
0.0
  0
LINE
  5
390
  8
0
 62
1
 10
441.992
 20
40.9496
 30
0.0
 11
442.174
 21
41.0575
 31
0.0
  0
LINE
  5
391
  8
0
 62
1
 10
442.174
 20
41.0575
 30
0.0
 11
442.363
 21
41.1538
 31
0.0
  0
LINE
  5
392
  8
0
 62
1
 10
442.363
 20
41.1538
 30
0.0
 11
442.558
 21
41.238
 31
0.0
  0
LINE
  5
393
  8
0
 62
1
 10
442.558
 20
41.238
 30
0.0
 11
442.757
 21
41.3098
 31
0.0
  0
LINE
  5
394
  8
0
 62
1
 10
442.757
 20
41.3098
 30
0.0
 11
442.961
 21
41.369
 31
0.0
  0
LINE
  5
395
  8
0
 62
1
 10
442.961
 20
41.369
 30
0.0
 11
443.168
 21
41.4152
 31
0.0
  0
LINE
  5
396
  8
0
 62
1
 10
443.168
 20
41.4152
 30
0.0
 11
443.377
 21
41.4484
 31
0.0
  0
LINE
  5
397
  8
0
 62
1
 10
443.377
 20
41.4484
 30
0.0
 11
443.588
 21
41.4683
 31
0.0
  0
LINE
  5
398
  8
0
 62
1
 10
443.588
 20
41.4683
 30
0.0
 11
443.8
 21
41.475
 31
0.0
  0
LINE
  5
399
  8
0
 62
1
 10
443.8
 20
41.475
 30
0.0
 11
444.012
 21
41.4683
 31
0.0
  0
LINE
  5
39A
  8
0
 62
1
 10
444.012
 20
41.4683
 30
0.0
 11
444.223
 21
41.4484
 31
0.0
  0
LINE
  5
39B
  8
0
 62
1
 10
444.223
 20
41.4484
 30
0.0
 11
444.432
 21
41.4152
 31
0.0
  0
LINE
  5
39C
  8
0
 62
1
 10
444.432
 20
41.4152
 30
0.0
 11
444.639
 21
41.369
 31
0.0
  0
LINE
  5
39D
  8
0
 62
1
 10
444.639
 20
41.369
 30
0.0
 11
444.843
 21
41.3098
 31
0.0
  0
LINE
  5
39E
  8
0
 62
1
 10
444.843
 20
41.3098
 30
0.0
 11
445.042
 21
41.238
 31
0.0
  0
LINE
  5
39F
  8
0
 62
1
 10
445.042
 20
41.238
 30
0.0
 11
445.237
 21
41.1538
 31
0.0
  0
LINE
  5
3A0
  8
0
 62
1
 10
445.237
 20
41.1538
 30
0.0
 11
445.426
 21
41.0575
 31
0.0
  0
LINE
  5
3A1
  8
0
 62
1
 10
445.426
 20
41.0575
 30
0.0
 11
445.608
 21
40.9496
 31
0.0
  0
LINE
  5
3A2
  8
0
 62
1
 10
445.608
 20
40.9496
 30
0.0
 11
445.784
 21
40.8304
 31
0.0
  0
LINE
  5
3A3
  8
0
 62
1
 10
445.784
 20
40.8304
 30
0.0
 11
445.951
 21
40.7005
 31
0.0
  0
LINE
  5
3A4
  8
0
 62
1
 10
445.951
 20
40.7005
 30
0.0
 11
446.11
 21
40.5603
 31
0.0
  0
LINE
  5
3A5
  8
0
 62
1
 10
446.11
 20
40.5603
 30
0.0
 11
446.26
 21
40.4103
 31
0.0
  0
LINE
  5
3A6
  8
0
 62
1
 10
446.26
 20
40.4103
 30
0.0
 11
446.4
 21
40.2513
 31
0.0
  0
LINE
  5
3A7
  8
0
 62
1
 10
446.4
 20
40.2513
 30
0.0
 11
446.53
 21
40.0838
 31
0.0
  0
LINE
  5
3A8
  8
0
 62
1
 10
446.53
 20
40.0838
 30
0.0
 11
446.65
 21
39.9084
 31
0.0
  0
LINE
  5
3A9
  8
0
 62
1
 10
446.65
 20
39.9084
 30
0.0
 11
446.758
 21
39.7259
 31
0.0
  0
LINE
  5
3AA
  8
0
 62
1
 10
446.758
 20
39.7259
 30
0.0
 11
446.854
 21
39.537
 31
0.0
  0
LINE
  5
3AB
  8
0
 62
1
 10
446.854
 20
39.537
 30
0.0
 11
446.938
 21
39.3424
 31
0.0
  0
LINE
  5
3AC
  8
0
 62
1
 10
446.938
 20
39.3424
 30
0.0
 11
447.01
 21
39.1429
 31
0.0
  0
LINE
  5
3AD
  8
0
 62
1
 10
447.01
 20
39.1429
 30
0.0
 11
447.069
 21
38.9393
 31
0.0
  0
LINE
  5
3AE
  8
0
 62
1
 10
447.069
 20
38.9393
 30
0.0
 11
447.115
 21
38.7324
 31
0.0
  0
LINE
  5
3AF
  8
0
 62
1
 10
447.115
 20
38.7324
 30
0.0
 11
447.148
 21
38.523
 31
0.0
  0
LINE
  5
3B0
  8
0
 62
1
 10
447.148
 20
38.523
 30
0.0
 11
447.168
 21
38.3119
 31
0.0
  0
LINE
  5
3B1
  8
0
 62
1
 10
447.168
 20
38.3119
 30
0.0
 11
447.175
 21
38.1
 31
0.0
  0
LINE
  5
3B2
  8
0
 62
1
 10
447.175
 20
38.1
 30
0.0
 11
447.168
 21
37.8881
 31
0.0
  0
LINE
  5
3B3
  8
0
 62
1
 10
447.168
 20
37.8881
 30
0.0
 11
447.148
 21
37.677
 31
0.0
  0
LINE
  5
3B4
  8
0
 62
1
 10
447.148
 20
37.677
 30
0.0
 11
447.115
 21
37.4676
 31
0.0
  0
LINE
  5
3B5
  8
0
 62
1
 10
447.115
 20
37.4676
 30
0.0
 11
447.069
 21
37.2607
 31
0.0
  0
LINE
  5
3B6
  8
0
 62
1
 10
447.069
 20
37.2607
 30
0.0
 11
447.01
 21
37.0571
 31
0.0
  0
LINE
  5
3B7
  8
0
 62
1
 10
447.01
 20
37.0571
 30
0.0
 11
446.938
 21
36.8576
 31
0.0
  0
LINE
  5
3B8
  8
0
 62
1
 10
446.938
 20
36.8576
 30
0.0
 11
446.854
 21
36.663
 31
0.0
  0
LINE
  5
3B9
  8
0
 62
1
 10
446.854
 20
36.663
 30
0.0
 11
446.758
 21
36.4741
 31
0.0
  0
LINE
  5
3BA
  8
0
 62
1
 10
446.758
 20
36.4741
 30
0.0
 11
446.65
 21
36.2916
 31
0.0
  0
LINE
  5
3BB
  8
0
 62
1
 10
446.65
 20
36.2916
 30
0.0
 11
446.53
 21
36.1162
 31
0.0
  0
LINE
  5
3BC
  8
0
 62
1
 10
446.53
 20
36.1162
 30
0.0
 11
446.4
 21
35.9487
 31
0.0
  0
LINE
  5
3BD
  8
0
 62
1
 10
446.4
 20
35.9487
 30
0.0
 11
446.26
 21
35.7896
 31
0.0
  0
LINE
  5
3BE
  8
0
 62
1
 10
446.26
 20
35.7896
 30
0.0
 11
446.11
 21
35.6397
 31
0.0
  0
LINE
  5
3BF
  8
0
 62
1
 10
446.11
 20
35.6397
 30
0.0
 11
445.951
 21
35.4995
 31
0.0
  0
LINE
  5
3C0
  8
0
 62
1
 10
445.951
 20
35.4995
 30
0.0
 11
445.784
 21
35.3696
 31
0.0
  0
LINE
  5
3C1
  8
0
 62
1
 10
445.784
 20
35.3696
 30
0.0
 11
445.608
 21
35.2504
 31
0.0
  0
LINE
  5
3C2
  8
0
 62
1
 10
445.608
 20
35.2504
 30
0.0
 11
445.426
 21
35.1425
 31
0.0
  0
LINE
  5
3C3
  8
0
 62
1
 10
445.426
 20
35.1425
 30
0.0
 11
445.237
 21
35.0462
 31
0.0
  0
LINE
  5
3C4
  8
0
 62
1
 10
445.237
 20
35.0462
 30
0.0
 11
445.042
 21
34.962
 31
0.0
  0
LINE
  5
3C5
  8
0
 62
1
 10
445.042
 20
34.962
 30
0.0
 11
444.843
 21
34.8902
 31
0.0
  0
LINE
  5
3C6
  8
0
 62
1
 10
444.843
 20
34.8902
 30
0.0
 11
444.639
 21
34.831
 31
0.0
  0
LINE
  5
3C7
  8
0
 62
1
 10
444.639
 20
34.831
 30
0.0
 11
444.432
 21
34.7848
 31
0.0
  0
LINE
  5
3C8
  8
0
 62
1
 10
444.432
 20
34.7848
 30
0.0
 11
444.223
 21
34.7516
 31
0.0
  0
LINE
  5
3C9
  8
0
 62
1
 10
444.223
 20
34.7516
 30
0.0
 11
444.012
 21
34.7317
 31
0.0
  0
LINE
  5
3CA
  8
0
 62
1
 10
444.012
 20
34.7317
 30
0.0
 11
443.8
 21
34.725
 31
0.0
  0
LINE
  5
3CB
  8
0
 62
1
 10
443.8
 20
34.725
 30
0.0
 11
443.588
 21
34.7317
 31
0.0
  0
LINE
  5
3CC
  8
0
 62
1
 10
443.588
 20
9.33165
 30
0.0
 11
443.377
 21
9.35161
 31
0.0
  0
LINE
  5
3CD
  8
0
 62
1
 10
443.377
 20
9.35161
 30
0.0
 11
443.168
 21
9.38478
 31
0.0
  0
LINE
  5
3CE
  8
0
 62
1
 10
443.168
 20
9.38478
 30
0.0
 11
442.961
 21
9.43103
 31
0.0
  0
LINE
  5
3CF
  8
0
 62
1
 10
442.961
 20
9.43103
 30
0.0
 11
442.757
 21
9.49017
 31
0.0
  0
LINE
  5
3D0
  8
0
 62
1
 10
442.757
 20
9.49017
 30
0.0
 11
442.558
 21
9.562
 31
0.0
  0
LINE
  5
3D1
  8
0
 62
1
 10
442.558
 20
9.562
 30
0.0
 11
442.363
 21
9.64621
 31
0.0
  0
LINE
  5
3D2
  8
0
 62
1
 10
442.363
 20
9.64621
 30
0.0
 11
442.174
 21
9.74246
 31
0.0
  0
LINE
  5
3D3
  8
0
 62
1
 10
442.174
 20
9.74246
 30
0.0
 11
441.992
 21
9.85039
 31
0.0
  0
LINE
  5
3D4
  8
0
 62
1
 10
441.992
 20
9.85039
 30
0.0
 11
441.816
 21
9.96956
 31
0.0
  0
LINE
  5
3D5
  8
0
 62
1
 10
441.816
 20
9.96956
 30
0.0
 11
441.649
 21
10.0995
 31
0.0
  0
LINE
  5
3D6
  8
0
 62
1
 10
441.649
 20
10.0995
 30
0.0
 11
441.49
 21
10.2397
 31
0.0
  0
LINE
  5
3D7
  8
0
 62
1
 10
441.49
 20
10.2397
 30
0.0
 11
441.34
 21
10.3896
 31
0.0
  0
LINE
  5
3D8
  8
0
 62
1
 10
441.34
 20
10.3896
 30
0.0
 11
441.2
 21
10.5487
 31
0.0
  0
LINE
  5
3D9
  8
0
 62
1
 10
441.2
 20
10.5487
 30
0.0
 11
441.07
 21
10.7162
 31
0.0
  0
LINE
  5
3DA
  8
0
 62
1
 10
441.07
 20
10.7162
 30
0.0
 11
440.95
 21
10.8916
 31
0.0
  0
LINE
  5
3DB
  8
0
 62
1
 10
440.95
 20
10.8916
 30
0.0
 11
440.842
 21
11.0741
 31
0.0
  0
LINE
  5
3DC
  8
0
 62
1
 10
440.842
 20
11.0741
 30
0.0
 11
440.746
 21
11.263
 31
0.0
  0
LINE
  5
3DD
  8
0
 62
1
 10
440.746
 20
11.263
 30
0.0
 11
440.662
 21
11.4576
 31
0.0
  0
LINE
  5
3DE
  8
0
 62
1
 10
440.662
 20
11.4576
 30
0.0
 11
440.59
 21
11.6571
 31
0.0
  0
LINE
  5
3DF
  8
0
 62
1
 10
440.59
 20
11.6571
 30
0.0
 11
440.531
 21
11.8607
 31
0.0
  0
LINE
  5
3E0
  8
0
 62
1
 10
440.531
 20
11.8607
 30
0.0
 11
440.485
 21
12.0676
 31
0.0
  0
LINE
  5
3E1
  8
0
 62
1
 10
440.485
 20
12.0676
 30
0.0
 11
440.452
 21
12.277
 31
0.0
  0
LINE
  5
3E2
  8
0
 62
1
 10
440.452
 20
12.277
 30
0.0
 11
440.432
 21
12.4881
 31
0.0
  0
LINE
  5
3E3
  8
0
 62
1
 10
440.432
 20
12.4881
 30
0.0
 11
440.425
 21
12.7
 31
0.0
  0
LINE
  5
3E4
  8
0
 62
1
 10
440.425
 20
12.7
 30
0.0
 11
440.432
 21
12.9119
 31
0.0
  0
LINE
  5
3E5
  8
0
 62
1
 10
440.432
 20
12.9119
 30
0.0
 11
440.452
 21
13.123
 31
0.0
  0
LINE
  5
3E6
  8
0
 62
1
 10
440.452
 20
13.123
 30
0.0
 11
440.485
 21
13.3324
 31
0.0
  0
LINE
  5
3E7
  8
0
 62
1
 10
440.485
 20
13.3324
 30
0.0
 11
440.531
 21
13.5393
 31
0.0
  0
LINE
  5
3E8
  8
0
 62
1
 10
440.531
 20
13.5393
 30
0.0
 11
440.59
 21
13.7429
 31
0.0
  0
LINE
  5
3E9
  8
0
 62
1
 10
440.59
 20
13.7429
 30
0.0
 11
440.662
 21
13.9424
 31
0.0
  0
LINE
  5
3EA
  8
0
 62
1
 10
440.662
 20
13.9424
 30
0.0
 11
440.746
 21
14.137
 31
0.0
  0
LINE
  5
3EB
  8
0
 62
1
 10
440.746
 20
14.137
 30
0.0
 11
440.842
 21
14.3259
 31
0.0
  0
LINE
  5
3EC
  8
0
 62
1
 10
440.842
 20
14.3259
 30
0.0
 11
440.95
 21
14.5084
 31
0.0
  0
LINE
  5
3ED
  8
0
 62
1
 10
440.95
 20
14.5084
 30
0.0
 11
441.07
 21
14.6838
 31
0.0
  0
LINE
  5
3EE
  8
0
 62
1
 10
441.07
 20
14.6838
 30
0.0
 11
441.2
 21
14.8513
 31
0.0
  0
LINE
  5
3EF
  8
0
 62
1
 10
441.2
 20
14.8513
 30
0.0
 11
441.34
 21
15.0103
 31
0.0
  0
LINE
  5
3F0
  8
0
 62
1
 10
441.34
 20
15.0103
 30
0.0
 11
441.49
 21
15.1603
 31
0.0
  0
LINE
  5
3F1
  8
0
 62
1
 10
441.49
 20
15.1603
 30
0.0
 11
441.649
 21
15.3005
 31
0.0
  0
LINE
  5
3F2
  8
0
 62
1
 10
441.649
 20
15.3005
 30
0.0
 11
441.816
 21
15.4304
 31
0.0
  0
LINE
  5
3F3
  8
0
 62
1
 10
441.816
 20
15.4304
 30
0.0
 11
441.992
 21
15.5496
 31
0.0
  0
LINE
  5
3F4
  8
0
 62
1
 10
441.992
 20
15.5496
 30
0.0
 11
442.174
 21
15.6575
 31
0.0
  0
LINE
  5
3F5
  8
0
 62
1
 10
442.174
 20
15.6575
 30
0.0
 11
442.363
 21
15.7538
 31
0.0
  0
LINE
  5
3F6
  8
0
 62
1
 10
442.363
 20
15.7538
 30
0.0
 11
442.558
 21
15.838
 31
0.0
  0
LINE
  5
3F7
  8
0
 62
1
 10
442.558
 20
15.838
 30
0.0
 11
442.757
 21
15.9098
 31
0.0
  0
LINE
  5
3F8
  8
0
 62
1
 10
442.757
 20
15.9098
 30
0.0
 11
442.961
 21
15.969
 31
0.0
  0
LINE
  5
3F9
  8
0
 62
1
 10
442.961
 20
15.969
 30
0.0
 11
443.168
 21
16.0152
 31
0.0
  0
LINE
  5
3FA
  8
0
 62
1
 10
443.168
 20
16.0152
 30
0.0
 11
443.377
 21
16.0484
 31
0.0
  0
LINE
  5
3FB
  8
0
 62
1
 10
443.377
 20
16.0484
 30
0.0
 11
443.588
 21
16.0683
 31
0.0
  0
LINE
  5
3FC
  8
0
 62
1
 10
443.588
 20
16.0683
 30
0.0
 11
443.8
 21
16.075
 31
0.0
  0
LINE
  5
3FD
  8
0
 62
1
 10
443.8
 20
16.075
 30
0.0
 11
444.012
 21
16.0683
 31
0.0
  0
LINE
  5
3FE
  8
0
 62
1
 10
444.012
 20
16.0683
 30
0.0
 11
444.223
 21
16.0484
 31
0.0
  0
LINE
  5
3FF
  8
0
 62
1
 10
444.223
 20
16.0484
 30
0.0
 11
444.432
 21
16.0152
 31
0.0
  0
LINE
  5
400
  8
0
 62
1
 10
444.432
 20
16.0152
 30
0.0
 11
444.639
 21
15.969
 31
0.0
  0
LINE
  5
401
  8
0
 62
1
 10
444.639
 20
15.969
 30
0.0
 11
444.843
 21
15.9098
 31
0.0
  0
LINE
  5
402
  8
0
 62
1
 10
444.843
 20
15.9098
 30
0.0
 11
445.042
 21
15.838
 31
0.0
  0
LINE
  5
403
  8
0
 62
1
 10
445.042
 20
15.838
 30
0.0
 11
445.237
 21
15.7538
 31
0.0
  0
LINE
  5
404
  8
0
 62
1
 10
445.237
 20
15.7538
 30
0.0
 11
445.426
 21
15.6575
 31
0.0
  0
LINE
  5
405
  8
0
 62
1
 10
445.426
 20
15.6575
 30
0.0
 11
445.608
 21
15.5496
 31
0.0
  0
LINE
  5
406
  8
0
 62
1
 10
445.608
 20
15.5496
 30
0.0
 11
445.784
 21
15.4304
 31
0.0
  0
LINE
  5
407
  8
0
 62
1
 10
445.784
 20
15.4304
 30
0.0
 11
445.951
 21
15.3005
 31
0.0
  0
LINE
  5
408
  8
0
 62
1
 10
445.951
 20
15.3005
 30
0.0
 11
446.11
 21
15.1603
 31
0.0
  0
LINE
  5
409
  8
0
 62
1
 10
446.11
 20
15.1603
 30
0.0
 11
446.26
 21
15.0103
 31
0.0
  0
LINE
  5
40A
  8
0
 62
1
 10
446.26
 20
15.0103
 30
0.0
 11
446.4
 21
14.8513
 31
0.0
  0
LINE
  5
40B
  8
0
 62
1
 10
446.4
 20
14.8513
 30
0.0
 11
446.53
 21
14.6838
 31
0.0
  0
LINE
  5
40C
  8
0
 62
1
 10
446.53
 20
14.6838
 30
0.0
 11
446.65
 21
14.5084
 31
0.0
  0
LINE
  5
40D
  8
0
 62
1
 10
446.65
 20
14.5084
 30
0.0
 11
446.758
 21
14.3259
 31
0.0
  0
LINE
  5
40E
  8
0
 62
1
 10
446.758
 20
14.3259
 30
0.0
 11
446.854
 21
14.137
 31
0.0
  0
LINE
  5
40F
  8
0
 62
1
 10
446.854
 20
14.137
 30
0.0
 11
446.938
 21
13.9424
 31
0.0
  0
LINE
  5
410
  8
0
 62
1
 10
446.938
 20
13.9424
 30
0.0
 11
447.01
 21
13.7429
 31
0.0
  0
LINE
  5
411
  8
0
 62
1
 10
447.01
 20
13.7429
 30
0.0
 11
447.069
 21
13.5393
 31
0.0
  0
LINE
  5
412
  8
0
 62
1
 10
447.069
 20
13.5393
 30
0.0
 11
447.115
 21
13.3324
 31
0.0
  0
LINE
  5
413
  8
0
 62
1
 10
447.115
 20
13.3324
 30
0.0
 11
447.148
 21
13.123
 31
0.0
  0
LINE
  5
414
  8
0
 62
1
 10
447.148
 20
13.123
 30
0.0
 11
447.168
 21
12.9119
 31
0.0
  0
LINE
  5
415
  8
0
 62
1
 10
447.168
 20
12.9119
 30
0.0
 11
447.175
 21
12.7
 31
0.0
  0
LINE
  5
416
  8
0
 62
1
 10
447.175
 20
12.7
 30
0.0
 11
447.168
 21
12.4881
 31
0.0
  0
LINE
  5
417
  8
0
 62
1
 10
447.168
 20
12.4881
 30
0.0
 11
447.148
 21
12.277
 31
0.0
  0
LINE
  5
418
  8
0
 62
1
 10
447.148
 20
12.277
 30
0.0
 11
447.115
 21
12.0676
 31
0.0
  0
LINE
  5
419
  8
0
 62
1
 10
447.115
 20
12.0676
 30
0.0
 11
447.069
 21
11.8607
 31
0.0
  0
LINE
  5
41A
  8
0
 62
1
 10
447.069
 20
11.8607
 30
0.0
 11
447.01
 21
11.6571
 31
0.0
  0
LINE
  5
41B
  8
0
 62
1
 10
447.01
 20
11.6571
 30
0.0
 11
446.938
 21
11.4576
 31
0.0
  0
LINE
  5
41C
  8
0
 62
1
 10
446.938
 20
11.4576
 30
0.0
 11
446.854
 21
11.263
 31
0.0
  0
LINE
  5
41D
  8
0
 62
1
 10
446.854
 20
11.263
 30
0.0
 11
446.758
 21
11.0741
 31
0.0
  0
LINE
  5
41E
  8
0
 62
1
 10
446.758
 20
11.0741
 30
0.0
 11
446.65
 21
10.8916
 31
0.0
  0
LINE
  5
41F
  8
0
 62
1
 10
446.65
 20
10.8916
 30
0.0
 11
446.53
 21
10.7162
 31
0.0
  0
LINE
  5
420
  8
0
 62
1
 10
446.53
 20
10.7162
 30
0.0
 11
446.4
 21
10.5487
 31
0.0
  0
LINE
  5
421
  8
0
 62
1
 10
446.4
 20
10.5487
 30
0.0
 11
446.26
 21
10.3896
 31
0.0
  0
LINE
  5
422
  8
0
 62
1
 10
446.26
 20
10.3896
 30
0.0
 11
446.11
 21
10.2397
 31
0.0
  0
LINE
  5
423
  8
0
 62
1
 10
446.11
 20
10.2397
 30
0.0
 11
445.951
 21
10.0995
 31
0.0
  0
LINE
  5
424
  8
0
 62
1
 10
445.951
 20
10.0995
 30
0.0
 11
445.784
 21
9.96956
 31
0.0
  0
LINE
  5
425
  8
0
 62
1
 10
445.784
 20
9.96956
 30
0.0
 11
445.608
 21
9.85039
 31
0.0
  0
LINE
  5
426
  8
0
 62
1
 10
445.608
 20
9.85039
 30
0.0
 11
445.426
 21
9.74246
 31
0.0
  0
LINE
  5
427
  8
0
 62
1
 10
445.426
 20
9.74246
 30
0.0
 11
445.237
 21
9.64621
 31
0.0
  0
LINE
  5
428
  8
0
 62
1
 10
445.237
 20
9.64621
 30
0.0
 11
445.042
 21
9.562
 31
0.0
  0
LINE
  5
429
  8
0
 62
1
 10
445.042
 20
9.562
 30
0.0
 11
444.843
 21
9.49017
 31
0.0
  0
LINE
  5
42A
  8
0
 62
1
 10
444.843
 20
9.49017
 30
0.0
 11
444.639
 21
9.43103
 31
0.0
  0
LINE
  5
42B
  8
0
 62
1
 10
444.639
 20
9.43103
 30
0.0
 11
444.432
 21
9.38478
 31
0.0
  0
LINE
  5
42C
  8
0
 62
1
 10
444.432
 20
9.38478
 30
0.0
 11
444.223
 21
9.35161
 31
0.0
  0
LINE
  5
42D
  8
0
 62
1
 10
444.223
 20
9.35161
 30
0.0
 11
444.012
 21
9.33165
 31
0.0
  0
LINE
  5
42E
  8
0
 62
1
 10
444.012
 20
9.33165
 30
0.0
 11
443.8
 21
9.325
 31
0.0
  0
LINE
  5
42F
  8
0
 62
1
 10
443.8
 20
9.325
 30
0.0
 11
443.588
 21
9.33165
 31
0.0
  0
LINE
  5
430
  8
0
 62
1
 10
426.1
 20
101.6
 30
0.0
 11
400.7
 21
101.6
 31
0.0
  0
LINE
  5
431
  8
0
 62
1
 10
400.7
 20
101.6
 30
0.0
 11
400.7
 21
0.0
 31
0.0
  0
LINE
  5
432
  8
0
 62
1
 10
400.7
 20
0.0
 30
0.0
 11
426.1
 21
0.0
 31
0.0
  0
LINE
  5
433
  8
0
 62
1
 10
426.1
 20
0.0
 30
0.0
 11
426.1
 21
101.6
 31
0.0
  0
LINE
  5
434
  8
0
 62
1
 10
413.188
 20
85.5316
 30
0.0
 11
412.977
 21
85.5516
 31
0.0
  0
LINE
  5
435
  8
0
 62
1
 10
412.977
 20
85.5516
 30
0.0
 11
412.768
 21
85.5848
 31
0.0
  0
LINE
  5
436
  8
0
 62
1
 10
412.768
 20
85.5848
 30
0.0
 11
412.561
 21
85.631
 31
0.0
  0
LINE
  5
437
  8
0
 62
1
 10
412.561
 20
85.631
 30
0.0
 11
412.357
 21
85.6902
 31
0.0
  0
LINE
  5
438
  8
0
 62
1
 10
412.357
 20
85.6902
 30
0.0
 11
412.158
 21
85.762
 31
0.0
  0
LINE
  5
439
  8
0
 62
1
 10
412.158
 20
85.762
 30
0.0
 11
411.963
 21
85.8462
 31
0.0
  0
LINE
  5
43A
  8
0
 62
1
 10
411.963
 20
85.8462
 30
0.0
 11
411.774
 21
85.9424
 31
0.0
  0
LINE
  5
43B
  8
0
 62
1
 10
411.774
 20
85.9424
 30
0.0
 11
411.592
 21
86.0504
 31
0.0
  0
LINE
  5
43C
  8
0
 62
1
 10
411.592
 20
86.0504
 30
0.0
 11
411.416
 21
86.1695
 31
0.0
  0
LINE
  5
43D
  8
0
 62
1
 10
411.416
 20
86.1695
 30
0.0
 11
411.249
 21
86.2995
 31
0.0
  0
LINE
  5
43E
  8
0
 62
1
 10
411.249
 20
86.2995
 30
0.0
 11
411.09
 21
86.4397
 31
0.0
  0
LINE
  5
43F
  8
0
 62
1
 10
411.09
 20
86.4397
 30
0.0
 11
410.94
 21
86.5896
 31
0.0
  0
LINE
  5
440
  8
0
 62
1
 10
410.94
 20
86.5896
 30
0.0
 11
410.8
 21
86.7487
 31
0.0
  0
LINE
  5
441
  8
0
 62
1
 10
410.8
 20
86.7487
 30
0.0
 11
410.67
 21
86.9162
 31
0.0
  0
LINE
  5
442
  8
0
 62
1
 10
410.67
 20
86.9162
 30
0.0
 11
410.55
 21
87.0916
 31
0.0
  0
LINE
  5
443
  8
0
 62
1
 10
410.55
 20
87.0916
 30
0.0
 11
410.442
 21
87.2741
 31
0.0
  0
LINE
  5
444
  8
0
 62
1
 10
410.442
 20
87.2741
 30
0.0
 11
410.346
 21
87.463
 31
0.0
  0
LINE
  5
445
  8
0
 62
1
 10
410.346
 20
87.463
 30
0.0
 11
410.262
 21
87.6576
 31
0.0
  0
LINE
  5
446
  8
0
 62
1
 10
410.262
 20
87.6576
 30
0.0
 11
410.19
 21
87.857
 31
0.0
  0
LINE
  5
447
  8
0
 62
1
 10
410.19
 20
87.857
 30
0.0
 11
410.131
 21
88.0607
 31
0.0
  0
LINE
  5
448
  8
0
 62
1
 10
410.131
 20
88.0607
 30
0.0
 11
410.085
 21
88.2676
 31
0.0
  0
LINE
  5
449
  8
0
 62
1
 10
410.085
 20
88.2676
 30
0.0
 11
410.052
 21
88.477
 31
0.0
  0
LINE
  5
44A
  8
0
 62
1
 10
410.052
 20
88.477
 30
0.0
 11
410.032
 21
88.6881
 31
0.0
  0
LINE
  5
44B
  8
0
 62
1
 10
410.032
 20
88.6881
 30
0.0
 11
410.025
 21
88.9
 31
0.0
  0
LINE
  5
44C
  8
0
 62
1
 10
410.025
 20
88.9
 30
0.0
 11
410.032
 21
89.1119
 31
0.0
  0
LINE
  5
44D
  8
0
 62
1
 10
410.032
 20
89.1119
 30
0.0
 11
410.052
 21
89.323
 31
0.0
  0
LINE
  5
44E
  8
0
 62
1
 10
410.052
 20
89.323
 30
0.0
 11
410.085
 21
89.5324
 31
0.0
  0
LINE
  5
44F
  8
0
 62
1
 10
410.085
 20
89.5324
 30
0.0
 11
410.131
 21
89.7393
 31
0.0
  0
LINE
  5
450
  8
0
 62
1
 10
410.131
 20
89.7393
 30
0.0
 11
410.19
 21
89.9429
 31
0.0
  0
LINE
  5
451
  8
0
 62
1
 10
410.19
 20
89.9429
 30
0.0
 11
410.262
 21
90.1424
 31
0.0
  0
LINE
  5
452
  8
0
 62
1
 10
410.262
 20
90.1424
 30
0.0
 11
410.346
 21
90.337
 31
0.0
  0
LINE
  5
453
  8
0
 62
1
 10
410.346
 20
90.337
 30
0.0
 11
410.442
 21
90.5259
 31
0.0
  0
LINE
  5
454
  8
0
 62
1
 10
410.442
 20
90.5259
 30
0.0
 11
410.55
 21
90.7084
 31
0.0
  0
LINE
  5
455
  8
0
 62
1
 10
410.55
 20
90.7084
 30
0.0
 11
410.67
 21
90.8838
 31
0.0
  0
LINE
  5
456
  8
0
 62
1
 10
410.67
 20
90.8838
 30
0.0
 11
410.8
 21
91.0513
 31
0.0
  0
LINE
  5
457
  8
0
 62
1
 10
410.8
 20
91.0513
 30
0.0
 11
410.94
 21
91.2103
 31
0.0
  0
LINE
  5
458
  8
0
 62
1
 10
410.94
 20
91.2103
 30
0.0
 11
411.09
 21
91.3602
 31
0.0
  0
LINE
  5
459
  8
0
 62
1
 10
411.09
 20
91.3602
 30
0.0
 11
411.249
 21
91.5005
 31
0.0
  0
LINE
  5
45A
  8
0
 62
1
 10
411.249
 20
91.5005
 30
0.0
 11
411.416
 21
91.6304
 31
0.0
  0
LINE
  5
45B
  8
0
 62
1
 10
411.416
 20
91.6304
 30
0.0
 11
411.592
 21
91.7496
 31
0.0
  0
LINE
  5
45C
  8
0
 62
1
 10
411.592
 20
91.7496
 30
0.0
 11
411.774
 21
91.8575
 31
0.0
  0
LINE
  5
45D
  8
0
 62
1
 10
411.774
 20
91.8575
 30
0.0
 11
411.963
 21
91.9538
 31
0.0
  0
LINE
  5
45E
  8
0
 62
1
 10
411.963
 20
91.9538
 30
0.0
 11
412.158
 21
92.038
 31
0.0
  0
LINE
  5
45F
  8
0
 62
1
 10
412.158
 20
92.038
 30
0.0
 11
412.357
 21
92.1098
 31
0.0
  0
LINE
  5
460
  8
0
 62
1
 10
412.357
 20
92.1098
 30
0.0
 11
412.561
 21
92.1689
 31
0.0
  0
LINE
  5
461
  8
0
 62
1
 10
412.561
 20
92.1689
 30
0.0
 11
412.768
 21
92.2152
 31
0.0
  0
LINE
  5
462
  8
0
 62
1
 10
412.768
 20
92.2152
 30
0.0
 11
412.977
 21
92.2484
 31
0.0
  0
LINE
  5
463
  8
0
 62
1
 10
412.977
 20
92.2484
 30
0.0
 11
413.188
 21
92.2683
 31
0.0
  0
LINE
  5
464
  8
0
 62
1
 10
413.188
 20
92.2683
 30
0.0
 11
413.4
 21
92.275
 31
0.0
  0
LINE
  5
465
  8
0
 62
1
 10
413.4
 20
92.275
 30
0.0
 11
413.612
 21
92.2683
 31
0.0
  0
LINE
  5
466
  8
0
 62
1
 10
413.612
 20
92.2683
 30
0.0
 11
413.823
 21
92.2484
 31
0.0
  0
LINE
  5
467
  8
0
 62
1
 10
413.823
 20
92.2484
 30
0.0
 11
414.032
 21
92.2152
 31
0.0
  0
LINE
  5
468
  8
0
 62
1
 10
414.032
 20
92.2152
 30
0.0
 11
414.239
 21
92.1689
 31
0.0
  0
LINE
  5
469
  8
0
 62
1
 10
414.239
 20
92.1689
 30
0.0
 11
414.443
 21
92.1098
 31
0.0
  0
LINE
  5
46A
  8
0
 62
1
 10
414.443
 20
92.1098
 30
0.0
 11
414.642
 21
92.038
 31
0.0
  0
LINE
  5
46B
  8
0
 62
1
 10
414.642
 20
92.038
 30
0.0
 11
414.837
 21
91.9538
 31
0.0
  0
LINE
  5
46C
  8
0
 62
1
 10
414.837
 20
91.9538
 30
0.0
 11
415.026
 21
91.8575
 31
0.0
  0
LINE
  5
46D
  8
0
 62
1
 10
415.026
 20
91.8575
 30
0.0
 11
415.208
 21
91.7496
 31
0.0
  0
LINE
  5
46E
  8
0
 62
1
 10
415.208
 20
91.7496
 30
0.0
 11
415.384
 21
91.6304
 31
0.0
  0
LINE
  5
46F
  8
0
 62
1
 10
415.384
 20
91.6304
 30
0.0
 11
415.551
 21
91.5005
 31
0.0
  0
LINE
  5
470
  8
0
 62
1
 10
415.551
 20
91.5005
 30
0.0
 11
415.71
 21
91.3602
 31
0.0
  0
LINE
  5
471
  8
0
 62
1
 10
415.71
 20
91.3602
 30
0.0
 11
415.86
 21
91.2103
 31
0.0
  0
LINE
  5
472
  8
0
 62
1
 10
415.86
 20
91.2103
 30
0.0
 11
416.0
 21
91.0513
 31
0.0
  0
LINE
  5
473
  8
0
 62
1
 10
416.0
 20
91.0513
 30
0.0
 11
416.13
 21
90.8838
 31
0.0
  0
LINE
  5
474
  8
0
 62
1
 10
416.13
 20
90.8838
 30
0.0
 11
416.25
 21
90.7084
 31
0.0
  0
LINE
  5
475
  8
0
 62
1
 10
416.25
 20
90.7084
 30
0.0
 11
416.358
 21
90.5259
 31
0.0
  0
LINE
  5
476
  8
0
 62
1
 10
416.358
 20
90.5259
 30
0.0
 11
416.454
 21
90.337
 31
0.0
  0
LINE
  5
477
  8
0
 62
1
 10
416.454
 20
90.337
 30
0.0
 11
416.538
 21
90.1424
 31
0.0
  0
LINE
  5
478
  8
0
 62
1
 10
416.538
 20
90.1424
 30
0.0
 11
416.61
 21
89.9429
 31
0.0
  0
LINE
  5
479
  8
0
 62
1
 10
416.61
 20
89.9429
 30
0.0
 11
416.669
 21
89.7393
 31
0.0
  0
LINE
  5
47A
  8
0
 62
1
 10
416.669
 20
89.7393
 30
0.0
 11
416.715
 21
89.5324
 31
0.0
  0
LINE
  5
47B
  8
0
 62
1
 10
416.715
 20
89.5324
 30
0.0
 11
416.748
 21
89.323
 31
0.0
  0
LINE
  5
47C
  8
0
 62
1
 10
416.748
 20
89.323
 30
0.0
 11
416.768
 21
89.1119
 31
0.0
  0
LINE
  5
47D
  8
0
 62
1
 10
416.768
 20
89.1119
 30
0.0
 11
416.775
 21
88.9
 31
0.0
  0
LINE
  5
47E
  8
0
 62
1
 10
416.775
 20
88.9
 30
0.0
 11
416.768
 21
88.6881
 31
0.0
  0
LINE
  5
47F
  8
0
 62
1
 10
416.768
 20
88.6881
 30
0.0
 11
416.748
 21
88.477
 31
0.0
  0
LINE
  5
480
  8
0
 62
1
 10
416.748
 20
88.477
 30
0.0
 11
416.715
 21
88.2676
 31
0.0
  0
LINE
  5
481
  8
0
 62
1
 10
416.715
 20
88.2676
 30
0.0
 11
416.669
 21
88.0607
 31
0.0
  0
LINE
  5
482
  8
0
 62
1
 10
416.669
 20
88.0607
 30
0.0
 11
416.61
 21
87.857
 31
0.0
  0
LINE
  5
483
  8
0
 62
1
 10
416.61
 20
87.857
 30
0.0
 11
416.538
 21
87.6576
 31
0.0
  0
LINE
  5
484
  8
0
 62
1
 10
416.538
 20
87.6576
 30
0.0
 11
416.454
 21
87.463
 31
0.0
  0
LINE
  5
485
  8
0
 62
1
 10
416.454
 20
87.463
 30
0.0
 11
416.358
 21
87.2741
 31
0.0
  0
LINE
  5
486
  8
0
 62
1
 10
416.358
 20
87.2741
 30
0.0
 11
416.25
 21
87.0916
 31
0.0
  0
LINE
  5
487
  8
0
 62
1
 10
416.25
 20
87.0916
 30
0.0
 11
416.13
 21
86.9162
 31
0.0
  0
LINE
  5
488
  8
0
 62
1
 10
416.13
 20
86.9162
 30
0.0
 11
416.0
 21
86.7487
 31
0.0
  0
LINE
  5
489
  8
0
 62
1
 10
416.0
 20
86.7487
 30
0.0
 11
415.86
 21
86.5896
 31
0.0
  0
LINE
  5
48A
  8
0
 62
1
 10
415.86
 20
86.5896
 30
0.0
 11
415.71
 21
86.4397
 31
0.0
  0
LINE
  5
48B
  8
0
 62
1
 10
415.71
 20
86.4397
 30
0.0
 11
415.551
 21
86.2995
 31
0.0
  0
LINE
  5
48C
  8
0
 62
1
 10
415.551
 20
86.2995
 30
0.0
 11
415.384
 21
86.1695
 31
0.0
  0
LINE
  5
48D
  8
0
 62
1
 10
415.384
 20
86.1695
 30
0.0
 11
415.208
 21
86.0504
 31
0.0
  0
LINE
  5
48E
  8
0
 62
1
 10
415.208
 20
86.0504
 30
0.0
 11
415.026
 21
85.9424
 31
0.0
  0
LINE
  5
48F
  8
0
 62
1
 10
415.026
 20
85.9424
 30
0.0
 11
414.837
 21
85.8462
 31
0.0
  0
LINE
  5
490
  8
0
 62
1
 10
414.837
 20
85.8462
 30
0.0
 11
414.642
 21
85.762
 31
0.0
  0
LINE
  5
491
  8
0
 62
1
 10
414.642
 20
85.762
 30
0.0
 11
414.443
 21
85.6902
 31
0.0
  0
LINE
  5
492
  8
0
 62
1
 10
414.443
 20
85.6902
 30
0.0
 11
414.239
 21
85.631
 31
0.0
  0
LINE
  5
493
  8
0
 62
1
 10
414.239
 20
85.631
 30
0.0
 11
414.032
 21
85.5848
 31
0.0
  0
LINE
  5
494
  8
0
 62
1
 10
414.032
 20
85.5848
 30
0.0
 11
413.823
 21
85.5516
 31
0.0
  0
LINE
  5
495
  8
0
 62
1
 10
413.823
 20
85.5516
 30
0.0
 11
413.612
 21
85.5316
 31
0.0
  0
LINE
  5
496
  8
0
 62
1
 10
413.612
 20
85.5316
 30
0.0
 11
413.4
 21
85.525
 31
0.0
  0
LINE
  5
497
  8
0
 62
1
 10
413.4
 20
85.525
 30
0.0
 11
413.188
 21
85.5316
 31
0.0
  0
LINE
  5
498
  8
0
 62
1
 10
413.188
 20
60.1316
 30
0.0
 11
412.977
 21
60.1516
 31
0.0
  0
LINE
  5
499
  8
0
 62
1
 10
412.977
 20
60.1516
 30
0.0
 11
412.768
 21
60.1848
 31
0.0
  0
LINE
  5
49A
  8
0
 62
1
 10
412.768
 20
60.1848
 30
0.0
 11
412.561
 21
60.231
 31
0.0
  0
LINE
  5
49B
  8
0
 62
1
 10
412.561
 20
60.231
 30
0.0
 11
412.357
 21
60.2902
 31
0.0
  0
LINE
  5
49C
  8
0
 62
1
 10
412.357
 20
60.2902
 30
0.0
 11
412.158
 21
60.362
 31
0.0
  0
LINE
  5
49D
  8
0
 62
1
 10
412.158
 20
60.362
 30
0.0
 11
411.963
 21
60.4462
 31
0.0
  0
LINE
  5
49E
  8
0
 62
1
 10
411.963
 20
60.4462
 30
0.0
 11
411.774
 21
60.5424
 31
0.0
  0
LINE
  5
49F
  8
0
 62
1
 10
411.774
 20
60.5424
 30
0.0
 11
411.592
 21
60.6504
 31
0.0
  0
LINE
  5
4A0
  8
0
 62
1
 10
411.592
 20
60.6504
 30
0.0
 11
411.416
 21
60.7695
 31
0.0
  0
LINE
  5
4A1
  8
0
 62
1
 10
411.416
 20
60.7695
 30
0.0
 11
411.249
 21
60.8995
 31
0.0
  0
LINE
  5
4A2
  8
0
 62
1
 10
411.249
 20
60.8995
 30
0.0
 11
411.09
 21
61.0397
 31
0.0
  0
LINE
  5
4A3
  8
0
 62
1
 10
411.09
 20
61.0397
 30
0.0
 11
410.94
 21
61.1896
 31
0.0
  0
LINE
  5
4A4
  8
0
 62
1
 10
410.94
 20
61.1896
 30
0.0
 11
410.8
 21
61.3487
 31
0.0
  0
LINE
  5
4A5
  8
0
 62
1
 10
410.8
 20
61.3487
 30
0.0
 11
410.67
 21
61.5162
 31
0.0
  0
LINE
  5
4A6
  8
0
 62
1
 10
410.67
 20
61.5162
 30
0.0
 11
410.55
 21
61.6916
 31
0.0
  0
LINE
  5
4A7
  8
0
 62
1
 10
410.55
 20
61.6916
 30
0.0
 11
410.442
 21
61.8741
 31
0.0
  0
LINE
  5
4A8
  8
0
 62
1
 10
410.442
 20
61.8741
 30
0.0
 11
410.346
 21
62.063
 31
0.0
  0
LINE
  5
4A9
  8
0
 62
1
 10
410.346
 20
62.063
 30
0.0
 11
410.262
 21
62.2576
 31
0.0
  0
LINE
  5
4AA
  8
0
 62
1
 10
410.262
 20
62.2576
 30
0.0
 11
410.19
 21
62.457
 31
0.0
  0
LINE
  5
4AB
  8
0
 62
1
 10
410.19
 20
62.457
 30
0.0
 11
410.131
 21
62.6606
 31
0.0
  0
LINE
  5
4AC
  8
0
 62
1
 10
410.131
 20
62.6606
 30
0.0
 11
410.085
 21
62.8676
 31
0.0
  0
LINE
  5
4AD
  8
0
 62
1
 10
410.085
 20
62.8676
 30
0.0
 11
410.052
 21
63.077
 31
0.0
  0
LINE
  5
4AE
  8
0
 62
1
 10
410.052
 20
63.077
 30
0.0
 11
410.032
 21
63.2881
 31
0.0
  0
LINE
  5
4AF
  8
0
 62
1
 10
410.032
 20
63.2881
 30
0.0
 11
410.025
 21
63.5
 31
0.0
  0
LINE
  5
4B0
  8
0
 62
1
 10
410.025
 20
63.5
 30
0.0
 11
410.032
 21
63.7119
 31
0.0
  0
LINE
  5
4B1
  8
0
 62
1
 10
410.032
 20
63.7119
 30
0.0
 11
410.052
 21
63.923
 31
0.0
  0
LINE
  5
4B2
  8
0
 62
1
 10
410.052
 20
63.923
 30
0.0
 11
410.085
 21
64.1324
 31
0.0
  0
LINE
  5
4B3
  8
0
 62
1
 10
410.085
 20
64.1324
 30
0.0
 11
410.131
 21
64.3393
 31
0.0
  0
LINE
  5
4B4
  8
0
 62
1
 10
410.131
 20
64.3393
 30
0.0
 11
410.19
 21
64.5429
 31
0.0
  0
LINE
  5
4B5
  8
0
 62
1
 10
410.19
 20
64.5429
 30
0.0
 11
410.262
 21
64.7424
 31
0.0
  0
LINE
  5
4B6
  8
0
 62
1
 10
410.262
 20
64.7424
 30
0.0
 11
410.346
 21
64.937
 31
0.0
  0
LINE
  5
4B7
  8
0
 62
1
 10
410.346
 20
64.937
 30
0.0
 11
410.442
 21
65.1259
 31
0.0
  0
LINE
  5
4B8
  8
0
 62
1
 10
410.442
 20
65.1259
 30
0.0
 11
410.55
 21
65.3084
 31
0.0
  0
LINE
  5
4B9
  8
0
 62
1
 10
410.55
 20
65.3084
 30
0.0
 11
410.67
 21
65.4837
 31
0.0
  0
LINE
  5
4BA
  8
0
 62
1
 10
410.67
 20
65.4837
 30
0.0
 11
410.8
 21
65.6513
 31
0.0
  0
LINE
  5
4BB
  8
0
 62
1
 10
410.8
 20
65.6513
 30
0.0
 11
410.94
 21
65.8103
 31
0.0
  0
LINE
  5
4BC
  8
0
 62
1
 10
410.94
 20
65.8103
 30
0.0
 11
411.09
 21
65.9603
 31
0.0
  0
LINE
  5
4BD
  8
0
 62
1
 10
411.09
 20
65.9603
 30
0.0
 11
411.249
 21
66.1005
 31
0.0
  0
LINE
  5
4BE
  8
0
 62
1
 10
411.249
 20
66.1005
 30
0.0
 11
411.416
 21
66.2304
 31
0.0
  0
LINE
  5
4BF
  8
0
 62
1
 10
411.416
 20
66.2304
 30
0.0
 11
411.592
 21
66.3496
 31
0.0
  0
LINE
  5
4C0
  8
0
 62
1
 10
411.592
 20
66.3496
 30
0.0
 11
411.774
 21
66.4575
 31
0.0
  0
LINE
  5
4C1
  8
0
 62
1
 10
411.774
 20
66.4575
 30
0.0
 11
411.963
 21
66.5538
 31
0.0
  0
LINE
  5
4C2
  8
0
 62
1
 10
411.963
 20
66.5538
 30
0.0
 11
412.158
 21
66.638
 31
0.0
  0
LINE
  5
4C3
  8
0
 62
1
 10
412.158
 20
66.638
 30
0.0
 11
412.357
 21
66.7098
 31
0.0
  0
LINE
  5
4C4
  8
0
 62
1
 10
412.357
 20
66.7098
 30
0.0
 11
412.561
 21
66.769
 31
0.0
  0
LINE
  5
4C5
  8
0
 62
1
 10
412.561
 20
66.769
 30
0.0
 11
412.768
 21
66.8152
 31
0.0
  0
LINE
  5
4C6
  8
0
 62
1
 10
412.768
 20
66.8152
 30
0.0
 11
412.977
 21
66.8484
 31
0.0
  0
LINE
  5
4C7
  8
0
 62
1
 10
412.977
 20
66.8484
 30
0.0
 11
413.188
 21
66.8683
 31
0.0
  0
LINE
  5
4C8
  8
0
 62
1
 10
413.188
 20
66.8683
 30
0.0
 11
413.4
 21
66.875
 31
0.0
  0
LINE
  5
4C9
  8
0
 62
1
 10
413.4
 20
66.875
 30
0.0
 11
413.612
 21
66.8683
 31
0.0
  0
LINE
  5
4CA
  8
0
 62
1
 10
413.612
 20
66.8683
 30
0.0
 11
413.823
 21
66.8484
 31
0.0
  0
LINE
  5
4CB
  8
0
 62
1
 10
413.823
 20
66.8484
 30
0.0
 11
414.032
 21
66.8152
 31
0.0
  0
LINE
  5
4CC
  8
0
 62
1
 10
414.032
 20
66.8152
 30
0.0
 11
414.239
 21
66.769
 31
0.0
  0
LINE
  5
4CD
  8
0
 62
1
 10
414.239
 20
66.769
 30
0.0
 11
414.443
 21
66.7098
 31
0.0
  0
LINE
  5
4CE
  8
0
 62
1
 10
414.443
 20
66.7098
 30
0.0
 11
414.642
 21
66.638
 31
0.0
  0
LINE
  5
4CF
  8
0
 62
1
 10
414.642
 20
66.638
 30
0.0
 11
414.837
 21
66.5538
 31
0.0
  0
LINE
  5
4D0
  8
0
 62
1
 10
414.837
 20
66.5538
 30
0.0
 11
415.026
 21
66.4575
 31
0.0
  0
LINE
  5
4D1
  8
0
 62
1
 10
415.026
 20
66.4575
 30
0.0
 11
415.208
 21
66.3496
 31
0.0
  0
LINE
  5
4D2
  8
0
 62
1
 10
415.208
 20
66.3496
 30
0.0
 11
415.384
 21
66.2304
 31
0.0
  0
LINE
  5
4D3
  8
0
 62
1
 10
415.384
 20
66.2304
 30
0.0
 11
415.551
 21
66.1005
 31
0.0
  0
LINE
  5
4D4
  8
0
 62
1
 10
415.551
 20
66.1005
 30
0.0
 11
415.71
 21
65.9603
 31
0.0
  0
LINE
  5
4D5
  8
0
 62
1
 10
415.71
 20
65.9603
 30
0.0
 11
415.86
 21
65.8103
 31
0.0
  0
LINE
  5
4D6
  8
0
 62
1
 10
415.86
 20
65.8103
 30
0.0
 11
416.0
 21
65.6513
 31
0.0
  0
LINE
  5
4D7
  8
0
 62
1
 10
416.0
 20
65.6513
 30
0.0
 11
416.13
 21
65.4837
 31
0.0
  0
LINE
  5
4D8
  8
0
 62
1
 10
416.13
 20
65.4837
 30
0.0
 11
416.25
 21
65.3084
 31
0.0
  0
LINE
  5
4D9
  8
0
 62
1
 10
416.25
 20
65.3084
 30
0.0
 11
416.358
 21
65.1259
 31
0.0
  0
LINE
  5
4DA
  8
0
 62
1
 10
416.358
 20
65.1259
 30
0.0
 11
416.454
 21
64.937
 31
0.0
  0
LINE
  5
4DB
  8
0
 62
1
 10
416.454
 20
64.937
 30
0.0
 11
416.538
 21
64.7424
 31
0.0
  0
LINE
  5
4DC
  8
0
 62
1
 10
416.538
 20
64.7424
 30
0.0
 11
416.61
 21
64.5429
 31
0.0
  0
LINE
  5
4DD
  8
0
 62
1
 10
416.61
 20
64.5429
 30
0.0
 11
416.669
 21
64.3393
 31
0.0
  0
LINE
  5
4DE
  8
0
 62
1
 10
416.669
 20
64.3393
 30
0.0
 11
416.715
 21
64.1324
 31
0.0
  0
LINE
  5
4DF
  8
0
 62
1
 10
416.715
 20
64.1324
 30
0.0
 11
416.748
 21
63.923
 31
0.0
  0
LINE
  5
4E0
  8
0
 62
1
 10
416.748
 20
63.923
 30
0.0
 11
416.768
 21
63.7119
 31
0.0
  0
LINE
  5
4E1
  8
0
 62
1
 10
416.768
 20
63.7119
 30
0.0
 11
416.775
 21
63.5
 31
0.0
  0
LINE
  5
4E2
  8
0
 62
1
 10
416.775
 20
63.5
 30
0.0
 11
416.768
 21
63.2881
 31
0.0
  0
LINE
  5
4E3
  8
0
 62
1
 10
416.768
 20
63.2881
 30
0.0
 11
416.748
 21
63.077
 31
0.0
  0
LINE
  5
4E4
  8
0
 62
1
 10
416.748
 20
63.077
 30
0.0
 11
416.715
 21
62.8676
 31
0.0
  0
LINE
  5
4E5
  8
0
 62
1
 10
416.715
 20
62.8676
 30
0.0
 11
416.669
 21
62.6606
 31
0.0
  0
LINE
  5
4E6
  8
0
 62
1
 10
416.669
 20
62.6606
 30
0.0
 11
416.61
 21
62.457
 31
0.0
  0
LINE
  5
4E7
  8
0
 62
1
 10
416.61
 20
62.457
 30
0.0
 11
416.538
 21
62.2576
 31
0.0
  0
LINE
  5
4E8
  8
0
 62
1
 10
416.538
 20
62.2576
 30
0.0
 11
416.454
 21
62.063
 31
0.0
  0
LINE
  5
4E9
  8
0
 62
1
 10
416.454
 20
62.063
 30
0.0
 11
416.358
 21
61.8741
 31
0.0
  0
LINE
  5
4EA
  8
0
 62
1
 10
416.358
 20
61.8741
 30
0.0
 11
416.25
 21
61.6916
 31
0.0
  0
LINE
  5
4EB
  8
0
 62
1
 10
416.25
 20
61.6916
 30
0.0
 11
416.13
 21
61.5162
 31
0.0
  0
LINE
  5
4EC
  8
0
 62
1
 10
416.13
 20
61.5162
 30
0.0
 11
416.0
 21
61.3487
 31
0.0
  0
LINE
  5
4ED
  8
0
 62
1
 10
416.0
 20
61.3487
 30
0.0
 11
415.86
 21
61.1896
 31
0.0
  0
LINE
  5
4EE
  8
0
 62
1
 10
415.86
 20
61.1896
 30
0.0
 11
415.71
 21
61.0397
 31
0.0
  0
LINE
  5
4EF
  8
0
 62
1
 10
415.71
 20
61.0397
 30
0.0
 11
415.551
 21
60.8995
 31
0.0
  0
LINE
  5
4F0
  8
0
 62
1
 10
415.551
 20
60.8995
 30
0.0
 11
415.384
 21
60.7695
 31
0.0
  0
LINE
  5
4F1
  8
0
 62
1
 10
415.384
 20
60.7695
 30
0.0
 11
415.208
 21
60.6504
 31
0.0
  0
LINE
  5
4F2
  8
0
 62
1
 10
415.208
 20
60.6504
 30
0.0
 11
415.026
 21
60.5424
 31
0.0
  0
LINE
  5
4F3
  8
0
 62
1
 10
415.026
 20
60.5424
 30
0.0
 11
414.837
 21
60.4462
 31
0.0
  0
LINE
  5
4F4
  8
0
 62
1
 10
414.837
 20
60.4462
 30
0.0
 11
414.642
 21
60.362
 31
0.0
  0
LINE
  5
4F5
  8
0
 62
1
 10
414.642
 20
60.362
 30
0.0
 11
414.443
 21
60.2902
 31
0.0
  0
LINE
  5
4F6
  8
0
 62
1
 10
414.443
 20
60.2902
 30
0.0
 11
414.239
 21
60.231
 31
0.0
  0
LINE
  5
4F7
  8
0
 62
1
 10
414.239
 20
60.231
 30
0.0
 11
414.032
 21
60.1848
 31
0.0
  0
LINE
  5
4F8
  8
0
 62
1
 10
414.032
 20
60.1848
 30
0.0
 11
413.823
 21
60.1516
 31
0.0
  0
LINE
  5
4F9
  8
0
 62
1
 10
413.823
 20
60.1516
 30
0.0
 11
413.612
 21
60.1316
 31
0.0
  0
LINE
  5
4FA
  8
0
 62
1
 10
413.612
 20
60.1316
 30
0.0
 11
413.4
 21
60.125
 31
0.0
  0
LINE
  5
4FB
  8
0
 62
1
 10
413.4
 20
60.125
 30
0.0
 11
413.188
 21
60.1316
 31
0.0
  0
LINE
  5
4FC
  8
0
 62
1
 10
413.188
 20
34.7317
 30
0.0
 11
412.977
 21
34.7516
 31
0.0
  0
LINE
  5
4FD
  8
0
 62
1
 10
412.977
 20
34.7516
 30
0.0
 11
412.768
 21
34.7848
 31
0.0
  0
LINE
  5
4FE
  8
0
 62
1
 10
412.768
 20
34.7848
 30
0.0
 11
412.561
 21
34.831
 31
0.0
  0
LINE
  5
4FF
  8
0
 62
1
 10
412.561
 20
34.831
 30
0.0
 11
412.357
 21
34.8902
 31
0.0
  0
LINE
  5
500
  8
0
 62
1
 10
412.357
 20
34.8902
 30
0.0
 11
412.158
 21
34.962
 31
0.0
  0
LINE
  5
501
  8
0
 62
1
 10
412.158
 20
34.962
 30
0.0
 11
411.963
 21
35.0462
 31
0.0
  0
LINE
  5
502
  8
0
 62
1
 10
411.963
 20
35.0462
 30
0.0
 11
411.774
 21
35.1425
 31
0.0
  0
LINE
  5
503
  8
0
 62
1
 10
411.774
 20
35.1425
 30
0.0
 11
411.592
 21
35.2504
 31
0.0
  0
LINE
  5
504
  8
0
 62
1
 10
411.592
 20
35.2504
 30
0.0
 11
411.416
 21
35.3696
 31
0.0
  0
LINE
  5
505
  8
0
 62
1
 10
411.416
 20
35.3696
 30
0.0
 11
411.249
 21
35.4995
 31
0.0
  0
LINE
  5
506
  8
0
 62
1
 10
411.249
 20
35.4995
 30
0.0
 11
411.09
 21
35.6397
 31
0.0
  0
LINE
  5
507
  8
0
 62
1
 10
411.09
 20
35.6397
 30
0.0
 11
410.94
 21
35.7896
 31
0.0
  0
LINE
  5
508
  8
0
 62
1
 10
410.94
 20
35.7896
 30
0.0
 11
410.8
 21
35.9487
 31
0.0
  0
LINE
  5
509
  8
0
 62
1
 10
410.8
 20
35.9487
 30
0.0
 11
410.67
 21
36.1162
 31
0.0
  0
LINE
  5
50A
  8
0
 62
1
 10
410.67
 20
36.1162
 30
0.0
 11
410.55
 21
36.2916
 31
0.0
  0
LINE
  5
50B
  8
0
 62
1
 10
410.55
 20
36.2916
 30
0.0
 11
410.442
 21
36.4741
 31
0.0
  0
LINE
  5
50C
  8
0
 62
1
 10
410.442
 20
36.4741
 30
0.0
 11
410.346
 21
36.663
 31
0.0
  0
LINE
  5
50D
  8
0
 62
1
 10
410.346
 20
36.663
 30
0.0
 11
410.262
 21
36.8576
 31
0.0
  0
LINE
  5
50E
  8
0
 62
1
 10
410.262
 20
36.8576
 30
0.0
 11
410.19
 21
37.0571
 31
0.0
  0
LINE
  5
50F
  8
0
 62
1
 10
410.19
 20
37.0571
 30
0.0
 11
410.131
 21
37.2607
 31
0.0
  0
LINE
  5
510
  8
0
 62
1
 10
410.131
 20
37.2607
 30
0.0
 11
410.085
 21
37.4676
 31
0.0
  0
LINE
  5
511
  8
0
 62
1
 10
410.085
 20
37.4676
 30
0.0
 11
410.052
 21
37.677
 31
0.0
  0
LINE
  5
512
  8
0
 62
1
 10
410.052
 20
37.677
 30
0.0
 11
410.032
 21
37.8881
 31
0.0
  0
LINE
  5
513
  8
0
 62
1
 10
410.032
 20
37.8881
 30
0.0
 11
410.025
 21
38.1
 31
0.0
  0
LINE
  5
514
  8
0
 62
1
 10
410.025
 20
38.1
 30
0.0
 11
410.032
 21
38.3119
 31
0.0
  0
LINE
  5
515
  8
0
 62
1
 10
410.032
 20
38.3119
 30
0.0
 11
410.052
 21
38.523
 31
0.0
  0
LINE
  5
516
  8
0
 62
1
 10
410.052
 20
38.523
 30
0.0
 11
410.085
 21
38.7324
 31
0.0
  0
LINE
  5
517
  8
0
 62
1
 10
410.085
 20
38.7324
 30
0.0
 11
410.131
 21
38.9393
 31
0.0
  0
LINE
  5
518
  8
0
 62
1
 10
410.131
 20
38.9393
 30
0.0
 11
410.19
 21
39.1429
 31
0.0
  0
LINE
  5
519
  8
0
 62
1
 10
410.19
 20
39.1429
 30
0.0
 11
410.262
 21
39.3424
 31
0.0
  0
LINE
  5
51A
  8
0
 62
1
 10
410.262
 20
39.3424
 30
0.0
 11
410.346
 21
39.537
 31
0.0
  0
LINE
  5
51B
  8
0
 62
1
 10
410.346
 20
39.537
 30
0.0
 11
410.442
 21
39.7259
 31
0.0
  0
LINE
  5
51C
  8
0
 62
1
 10
410.442
 20
39.7259
 30
0.0
 11
410.55
 21
39.9084
 31
0.0
  0
LINE
  5
51D
  8
0
 62
1
 10
410.55
 20
39.9084
 30
0.0
 11
410.67
 21
40.0838
 31
0.0
  0
LINE
  5
51E
  8
0
 62
1
 10
410.67
 20
40.0838
 30
0.0
 11
410.8
 21
40.2513
 31
0.0
  0
LINE
  5
51F
  8
0
 62
1
 10
410.8
 20
40.2513
 30
0.0
 11
410.94
 21
40.4103
 31
0.0
  0
LINE
  5
520
  8
0
 62
1
 10
410.94
 20
40.4103
 30
0.0
 11
411.09
 21
40.5603
 31
0.0
  0
LINE
  5
521
  8
0
 62
1
 10
411.09
 20
40.5603
 30
0.0
 11
411.249
 21
40.7005
 31
0.0
  0
LINE
  5
522
  8
0
 62
1
 10
411.249
 20
40.7005
 30
0.0
 11
411.416
 21
40.8304
 31
0.0
  0
LINE
  5
523
  8
0
 62
1
 10
411.416
 20
40.8304
 30
0.0
 11
411.592
 21
40.9496
 31
0.0
  0
LINE
  5
524
  8
0
 62
1
 10
411.592
 20
40.9496
 30
0.0
 11
411.774
 21
41.0575
 31
0.0
  0
LINE
  5
525
  8
0
 62
1
 10
411.774
 20
41.0575
 30
0.0
 11
411.963
 21
41.1538
 31
0.0
  0
LINE
  5
526
  8
0
 62
1
 10
411.963
 20
41.1538
 30
0.0
 11
412.158
 21
41.238
 31
0.0
  0
LINE
  5
527
  8
0
 62
1
 10
412.158
 20
41.238
 30
0.0
 11
412.357
 21
41.3098
 31
0.0
  0
LINE
  5
528
  8
0
 62
1
 10
412.357
 20
41.3098
 30
0.0
 11
412.561
 21
41.369
 31
0.0
  0
LINE
  5
529
  8
0
 62
1
 10
412.561
 20
41.369
 30
0.0
 11
412.768
 21
41.4152
 31
0.0
  0
LINE
  5
52A
  8
0
 62
1
 10
412.768
 20
41.4152
 30
0.0
 11
412.977
 21
41.4484
 31
0.0
  0
LINE
  5
52B
  8
0
 62
1
 10
412.977
 20
41.4484
 30
0.0
 11
413.188
 21
41.4683
 31
0.0
  0
LINE
  5
52C
  8
0
 62
1
 10
413.188
 20
41.4683
 30
0.0
 11
413.4
 21
41.475
 31
0.0
  0
LINE
  5
52D
  8
0
 62
1
 10
413.4
 20
41.475
 30
0.0
 11
413.612
 21
41.4683
 31
0.0
  0
LINE
  5
52E
  8
0
 62
1
 10
413.612
 20
41.4683
 30
0.0
 11
413.823
 21
41.4484
 31
0.0
  0
LINE
  5
52F
  8
0
 62
1
 10
413.823
 20
41.4484
 30
0.0
 11
414.032
 21
41.4152
 31
0.0
  0
LINE
  5
530
  8
0
 62
1
 10
414.032
 20
41.4152
 30
0.0
 11
414.239
 21
41.369
 31
0.0
  0
LINE
  5
531
  8
0
 62
1
 10
414.239
 20
41.369
 30
0.0
 11
414.443
 21
41.3098
 31
0.0
  0
LINE
  5
532
  8
0
 62
1
 10
414.443
 20
41.3098
 30
0.0
 11
414.642
 21
41.238
 31
0.0
  0
LINE
  5
533
  8
0
 62
1
 10
414.642
 20
41.238
 30
0.0
 11
414.837
 21
41.1538
 31
0.0
  0
LINE
  5
534
  8
0
 62
1
 10
414.837
 20
41.1538
 30
0.0
 11
415.026
 21
41.0575
 31
0.0
  0
LINE
  5
535
  8
0
 62
1
 10
415.026
 20
41.0575
 30
0.0
 11
415.208
 21
40.9496
 31
0.0
  0
LINE
  5
536
  8
0
 62
1
 10
415.208
 20
40.9496
 30
0.0
 11
415.384
 21
40.8304
 31
0.0
  0
LINE
  5
537
  8
0
 62
1
 10
415.384
 20
40.8304
 30
0.0
 11
415.551
 21
40.7005
 31
0.0
  0
LINE
  5
538
  8
0
 62
1
 10
415.551
 20
40.7005
 30
0.0
 11
415.71
 21
40.5603
 31
0.0
  0
LINE
  5
539
  8
0
 62
1
 10
415.71
 20
40.5603
 30
0.0
 11
415.86
 21
40.4103
 31
0.0
  0
LINE
  5
53A
  8
0
 62
1
 10
415.86
 20
40.4103
 30
0.0
 11
416.0
 21
40.2513
 31
0.0
  0
LINE
  5
53B
  8
0
 62
1
 10
416.0
 20
40.2513
 30
0.0
 11
416.13
 21
40.0838
 31
0.0
  0
LINE
  5
53C
  8
0
 62
1
 10
416.13
 20
40.0838
 30
0.0
 11
416.25
 21
39.9084
 31
0.0
  0
LINE
  5
53D
  8
0
 62
1
 10
416.25
 20
39.9084
 30
0.0
 11
416.358
 21
39.7259
 31
0.0
  0
LINE
  5
53E
  8
0
 62
1
 10
416.358
 20
39.7259
 30
0.0
 11
416.454
 21
39.537
 31
0.0
  0
LINE
  5
53F
  8
0
 62
1
 10
416.454
 20
39.537
 30
0.0
 11
416.538
 21
39.3424
 31
0.0
  0
LINE
  5
540
  8
0
 62
1
 10
416.538
 20
39.3424
 30
0.0
 11
416.61
 21
39.1429
 31
0.0
  0
LINE
  5
541
  8
0
 62
1
 10
416.61
 20
39.1429
 30
0.0
 11
416.669
 21
38.9393
 31
0.0
  0
LINE
  5
542
  8
0
 62
1
 10
416.669
 20
38.9393
 30
0.0
 11
416.715
 21
38.7324
 31
0.0
  0
LINE
  5
543
  8
0
 62
1
 10
416.715
 20
38.7324
 30
0.0
 11
416.748
 21
38.523
 31
0.0
  0
LINE
  5
544
  8
0
 62
1
 10
416.748
 20
38.523
 30
0.0
 11
416.768
 21
38.3119
 31
0.0
  0
LINE
  5
545
  8
0
 62
1
 10
416.768
 20
38.3119
 30
0.0
 11
416.775
 21
38.1
 31
0.0
  0
LINE
  5
546
  8
0
 62
1
 10
416.775
 20
38.1
 30
0.0
 11
416.768
 21
37.8881
 31
0.0
  0
LINE
  5
547
  8
0
 62
1
 10
416.768
 20
37.8881
 30
0.0
 11
416.748
 21
37.677
 31
0.0
  0
LINE
  5
548
  8
0
 62
1
 10
416.748
 20
37.677
 30
0.0
 11
416.715
 21
37.4676
 31
0.0
  0
LINE
  5
549
  8
0
 62
1
 10
416.715
 20
37.4676
 30
0.0
 11
416.669
 21
37.2607
 31
0.0
  0
LINE
  5
54A
  8
0
 62
1
 10
416.669
 20
37.2607
 30
0.0
 11
416.61
 21
37.0571
 31
0.0
  0
LINE
  5
54B
  8
0
 62
1
 10
416.61
 20
37.0571
 30
0.0
 11
416.538
 21
36.8576
 31
0.0
  0
LINE
  5
54C
  8
0
 62
1
 10
416.538
 20
36.8576
 30
0.0
 11
416.454
 21
36.663
 31
0.0
  0
LINE
  5
54D
  8
0
 62
1
 10
416.454
 20
36.663
 30
0.0
 11
416.358
 21
36.4741
 31
0.0
  0
LINE
  5
54E
  8
0
 62
1
 10
416.358
 20
36.4741
 30
0.0
 11
416.25
 21
36.2916
 31
0.0
  0
LINE
  5
54F
  8
0
 62
1
 10
416.25
 20
36.2916
 30
0.0
 11
416.13
 21
36.1162
 31
0.0
  0
LINE
  5
550
  8
0
 62
1
 10
416.13
 20
36.1162
 30
0.0
 11
416.0
 21
35.9487
 31
0.0
  0
LINE
  5
551
  8
0
 62
1
 10
416.0
 20
35.9487
 30
0.0
 11
415.86
 21
35.7896
 31
0.0
  0
LINE
  5
552
  8
0
 62
1
 10
415.86
 20
35.7896
 30
0.0
 11
415.71
 21
35.6397
 31
0.0
  0
LINE
  5
553
  8
0
 62
1
 10
415.71
 20
35.6397
 30
0.0
 11
415.551
 21
35.4995
 31
0.0
  0
LINE
  5
554
  8
0
 62
1
 10
415.551
 20
35.4995
 30
0.0
 11
415.384
 21
35.3696
 31
0.0
  0
LINE
  5
555
  8
0
 62
1
 10
415.384
 20
35.3696
 30
0.0
 11
415.208
 21
35.2504
 31
0.0
  0
LINE
  5
556
  8
0
 62
1
 10
415.208
 20
35.2504
 30
0.0
 11
415.026
 21
35.1425
 31
0.0
  0
LINE
  5
557
  8
0
 62
1
 10
415.026
 20
35.1425
 30
0.0
 11
414.837
 21
35.0462
 31
0.0
  0
LINE
  5
558
  8
0
 62
1
 10
414.837
 20
35.0462
 30
0.0
 11
414.642
 21
34.962
 31
0.0
  0
LINE
  5
559
  8
0
 62
1
 10
414.642
 20
34.962
 30
0.0
 11
414.443
 21
34.8902
 31
0.0
  0
LINE
  5
55A
  8
0
 62
1
 10
414.443
 20
34.8902
 30
0.0
 11
414.239
 21
34.831
 31
0.0
  0
LINE
  5
55B
  8
0
 62
1
 10
414.239
 20
34.831
 30
0.0
 11
414.032
 21
34.7848
 31
0.0
  0
LINE
  5
55C
  8
0
 62
1
 10
414.032
 20
34.7848
 30
0.0
 11
413.823
 21
34.7516
 31
0.0
  0
LINE
  5
55D
  8
0
 62
1
 10
413.823
 20
34.7516
 30
0.0
 11
413.612
 21
34.7317
 31
0.0
  0
LINE
  5
55E
  8
0
 62
1
 10
413.612
 20
34.7317
 30
0.0
 11
413.4
 21
34.725
 31
0.0
  0
LINE
  5
55F
  8
0
 62
1
 10
413.4
 20
34.725
 30
0.0
 11
413.188
 21
34.7317
 31
0.0
  0
LINE
  5
560
  8
0
 62
1
 10
413.188
 20
9.33165
 30
0.0
 11
412.977
 21
9.35161
 31
0.0
  0
LINE
  5
561
  8
0
 62
1
 10
412.977
 20
9.35161
 30
0.0
 11
412.768
 21
9.38478
 31
0.0
  0
LINE
  5
562
  8
0
 62
1
 10
412.768
 20
9.38478
 30
0.0
 11
412.561
 21
9.43103
 31
0.0
  0
LINE
  5
563
  8
0
 62
1
 10
412.561
 20
9.43103
 30
0.0
 11
412.357
 21
9.49017
 31
0.0
  0
LINE
  5
564
  8
0
 62
1
 10
412.357
 20
9.49017
 30
0.0
 11
412.158
 21
9.562
 31
0.0
  0
LINE
  5
565
  8
0
 62
1
 10
412.158
 20
9.562
 30
0.0
 11
411.963
 21
9.64621
 31
0.0
  0
LINE
  5
566
  8
0
 62
1
 10
411.963
 20
9.64621
 30
0.0
 11
411.774
 21
9.74246
 31
0.0
  0
LINE
  5
567
  8
0
 62
1
 10
411.774
 20
9.74246
 30
0.0
 11
411.592
 21
9.85039
 31
0.0
  0
LINE
  5
568
  8
0
 62
1
 10
411.592
 20
9.85039
 30
0.0
 11
411.416
 21
9.96956
 31
0.0
  0
LINE
  5
569
  8
0
 62
1
 10
411.416
 20
9.96956
 30
0.0
 11
411.249
 21
10.0995
 31
0.0
  0
LINE
  5
56A
  8
0
 62
1
 10
411.249
 20
10.0995
 30
0.0
 11
411.09
 21
10.2397
 31
0.0
  0
LINE
  5
56B
  8
0
 62
1
 10
411.09
 20
10.2397
 30
0.0
 11
410.94
 21
10.3896
 31
0.0
  0
LINE
  5
56C
  8
0
 62
1
 10
410.94
 20
10.3896
 30
0.0
 11
410.8
 21
10.5487
 31
0.0
  0
LINE
  5
56D
  8
0
 62
1
 10
410.8
 20
10.5487
 30
0.0
 11
410.67
 21
10.7162
 31
0.0
  0
LINE
  5
56E
  8
0
 62
1
 10
410.67
 20
10.7162
 30
0.0
 11
410.55
 21
10.8916
 31
0.0
  0
LINE
  5
56F
  8
0
 62
1
 10
410.55
 20
10.8916
 30
0.0
 11
410.442
 21
11.0741
 31
0.0
  0
LINE
  5
570
  8
0
 62
1
 10
410.442
 20
11.0741
 30
0.0
 11
410.346
 21
11.263
 31
0.0
  0
LINE
  5
571
  8
0
 62
1
 10
410.346
 20
11.263
 30
0.0
 11
410.262
 21
11.4576
 31
0.0
  0
LINE
  5
572
  8
0
 62
1
 10
410.262
 20
11.4576
 30
0.0
 11
410.19
 21
11.6571
 31
0.0
  0
LINE
  5
573
  8
0
 62
1
 10
410.19
 20
11.6571
 30
0.0
 11
410.131
 21
11.8607
 31
0.0
  0
LINE
  5
574
  8
0
 62
1
 10
410.131
 20
11.8607
 30
0.0
 11
410.085
 21
12.0676
 31
0.0
  0
LINE
  5
575
  8
0
 62
1
 10
410.085
 20
12.0676
 30
0.0
 11
410.052
 21
12.277
 31
0.0
  0
LINE
  5
576
  8
0
 62
1
 10
410.052
 20
12.277
 30
0.0
 11
410.032
 21
12.4881
 31
0.0
  0
LINE
  5
577
  8
0
 62
1
 10
410.032
 20
12.4881
 30
0.0
 11
410.025
 21
12.7
 31
0.0
  0
LINE
  5
578
  8
0
 62
1
 10
410.025
 20
12.7
 30
0.0
 11
410.032
 21
12.9119
 31
0.0
  0
LINE
  5
579
  8
0
 62
1
 10
410.032
 20
12.9119
 30
0.0
 11
410.052
 21
13.123
 31
0.0
  0
LINE
  5
57A
  8
0
 62
1
 10
410.052
 20
13.123
 30
0.0
 11
410.085
 21
13.3324
 31
0.0
  0
LINE
  5
57B
  8
0
 62
1
 10
410.085
 20
13.3324
 30
0.0
 11
410.131
 21
13.5393
 31
0.0
  0
LINE
  5
57C
  8
0
 62
1
 10
410.131
 20
13.5393
 30
0.0
 11
410.19
 21
13.7429
 31
0.0
  0
LINE
  5
57D
  8
0
 62
1
 10
410.19
 20
13.7429
 30
0.0
 11
410.262
 21
13.9424
 31
0.0
  0
LINE
  5
57E
  8
0
 62
1
 10
410.262
 20
13.9424
 30
0.0
 11
410.346
 21
14.137
 31
0.0
  0
LINE
  5
57F
  8
0
 62
1
 10
410.346
 20
14.137
 30
0.0
 11
410.442
 21
14.3259
 31
0.0
  0
LINE
  5
580
  8
0
 62
1
 10
410.442
 20
14.3259
 30
0.0
 11
410.55
 21
14.5084
 31
0.0
  0
LINE
  5
581
  8
0
 62
1
 10
410.55
 20
14.5084
 30
0.0
 11
410.67
 21
14.6838
 31
0.0
  0
LINE
  5
582
  8
0
 62
1
 10
410.67
 20
14.6838
 30
0.0
 11
410.8
 21
14.8513
 31
0.0
  0
LINE
  5
583
  8
0
 62
1
 10
410.8
 20
14.8513
 30
0.0
 11
410.94
 21
15.0103
 31
0.0
  0
LINE
  5
584
  8
0
 62
1
 10
410.94
 20
15.0103
 30
0.0
 11
411.09
 21
15.1603
 31
0.0
  0
LINE
  5
585
  8
0
 62
1
 10
411.09
 20
15.1603
 30
0.0
 11
411.249
 21
15.3005
 31
0.0
  0
LINE
  5
586
  8
0
 62
1
 10
411.249
 20
15.3005
 30
0.0
 11
411.416
 21
15.4304
 31
0.0
  0
LINE
  5
587
  8
0
 62
1
 10
411.416
 20
15.4304
 30
0.0
 11
411.592
 21
15.5496
 31
0.0
  0
LINE
  5
588
  8
0
 62
1
 10
411.592
 20
15.5496
 30
0.0
 11
411.774
 21
15.6575
 31
0.0
  0
LINE
  5
589
  8
0
 62
1
 10
411.774
 20
15.6575
 30
0.0
 11
411.963
 21
15.7538
 31
0.0
  0
LINE
  5
58A
  8
0
 62
1
 10
411.963
 20
15.7538
 30
0.0
 11
412.158
 21
15.838
 31
0.0
  0
LINE
  5
58B
  8
0
 62
1
 10
412.158
 20
15.838
 30
0.0
 11
412.357
 21
15.9098
 31
0.0
  0
LINE
  5
58C
  8
0
 62
1
 10
412.357
 20
15.9098
 30
0.0
 11
412.561
 21
15.969
 31
0.0
  0
LINE
  5
58D
  8
0
 62
1
 10
412.561
 20
15.969
 30
0.0
 11
412.768
 21
16.0152
 31
0.0
  0
LINE
  5
58E
  8
0
 62
1
 10
412.768
 20
16.0152
 30
0.0
 11
412.977
 21
16.0484
 31
0.0
  0
LINE
  5
58F
  8
0
 62
1
 10
412.977
 20
16.0484
 30
0.0
 11
413.188
 21
16.0683
 31
0.0
  0
LINE
  5
590
  8
0
 62
1
 10
413.188
 20
16.0683
 30
0.0
 11
413.4
 21
16.075
 31
0.0
  0
LINE
  5
591
  8
0
 62
1
 10
413.4
 20
16.075
 30
0.0
 11
413.612
 21
16.0683
 31
0.0
  0
LINE
  5
592
  8
0
 62
1
 10
413.612
 20
16.0683
 30
0.0
 11
413.823
 21
16.0484
 31
0.0
  0
LINE
  5
593
  8
0
 62
1
 10
413.823
 20
16.0484
 30
0.0
 11
414.032
 21
16.0152
 31
0.0
  0
LINE
  5
594
  8
0
 62
1
 10
414.032
 20
16.0152
 30
0.0
 11
414.239
 21
15.969
 31
0.0
  0
LINE
  5
595
  8
0
 62
1
 10
414.239
 20
15.969
 30
0.0
 11
414.443
 21
15.9098
 31
0.0
  0
LINE
  5
596
  8
0
 62
1
 10
414.443
 20
15.9098
 30
0.0
 11
414.642
 21
15.838
 31
0.0
  0
LINE
  5
597
  8
0
 62
1
 10
414.642
 20
15.838
 30
0.0
 11
414.837
 21
15.7538
 31
0.0
  0
LINE
  5
598
  8
0
 62
1
 10
414.837
 20
15.7538
 30
0.0
 11
415.026
 21
15.6575
 31
0.0
  0
LINE
  5
599
  8
0
 62
1
 10
415.026
 20
15.6575
 30
0.0
 11
415.208
 21
15.5496
 31
0.0
  0
LINE
  5
59A
  8
0
 62
1
 10
415.208
 20
15.5496
 30
0.0
 11
415.384
 21
15.4304
 31
0.0
  0
LINE
  5
59B
  8
0
 62
1
 10
415.384
 20
15.4304
 30
0.0
 11
415.551
 21
15.3005
 31
0.0
  0
LINE
  5
59C
  8
0
 62
1
 10
415.551
 20
15.3005
 30
0.0
 11
415.71
 21
15.1603
 31
0.0
  0
LINE
  5
59D
  8
0
 62
1
 10
415.71
 20
15.1603
 30
0.0
 11
415.86
 21
15.0103
 31
0.0
  0
LINE
  5
59E
  8
0
 62
1
 10
415.86
 20
15.0103
 30
0.0
 11
416.0
 21
14.8513
 31
0.0
  0
LINE
  5
59F
  8
0
 62
1
 10
416.0
 20
14.8513
 30
0.0
 11
416.13
 21
14.6838
 31
0.0
  0
LINE
  5
5A0
  8
0
 62
1
 10
416.13
 20
14.6838
 30
0.0
 11
416.25
 21
14.5084
 31
0.0
  0
LINE
  5
5A1
  8
0
 62
1
 10
416.25
 20
14.5084
 30
0.0
 11
416.358
 21
14.3259
 31
0.0
  0
LINE
  5
5A2
  8
0
 62
1
 10
416.358
 20
14.3259
 30
0.0
 11
416.454
 21
14.137
 31
0.0
  0
LINE
  5
5A3
  8
0
 62
1
 10
416.454
 20
14.137
 30
0.0
 11
416.538
 21
13.9424
 31
0.0
  0
LINE
  5
5A4
  8
0
 62
1
 10
416.538
 20
13.9424
 30
0.0
 11
416.61
 21
13.7429
 31
0.0
  0
LINE
  5
5A5
  8
0
 62
1
 10
416.61
 20
13.7429
 30
0.0
 11
416.669
 21
13.5393
 31
0.0
  0
LINE
  5
5A6
  8
0
 62
1
 10
416.669
 20
13.5393
 30
0.0
 11
416.715
 21
13.3324
 31
0.0
  0
LINE
  5
5A7
  8
0
 62
1
 10
416.715
 20
13.3324
 30
0.0
 11
416.748
 21
13.123
 31
0.0
  0
LINE
  5
5A8
  8
0
 62
1
 10
416.748
 20
13.123
 30
0.0
 11
416.768
 21
12.9119
 31
0.0
  0
LINE
  5
5A9
  8
0
 62
1
 10
416.768
 20
12.9119
 30
0.0
 11
416.775
 21
12.7
 31
0.0
  0
LINE
  5
5AA
  8
0
 62
1
 10
416.775
 20
12.7
 30
0.0
 11
416.768
 21
12.4881
 31
0.0
  0
LINE
  5
5AB
  8
0
 62
1
 10
416.768
 20
12.4881
 30
0.0
 11
416.748
 21
12.277
 31
0.0
  0
LINE
  5
5AC
  8
0
 62
1
 10
416.748
 20
12.277
 30
0.0
 11
416.715
 21
12.0676
 31
0.0
  0
LINE
  5
5AD
  8
0
 62
1
 10
416.715
 20
12.0676
 30
0.0
 11
416.669
 21
11.8607
 31
0.0
  0
LINE
  5
5AE
  8
0
 62
1
 10
416.669
 20
11.8607
 30
0.0
 11
416.61
 21
11.6571
 31
0.0
  0
LINE
  5
5AF
  8
0
 62
1
 10
416.61
 20
11.6571
 30
0.0
 11
416.538
 21
11.4576
 31
0.0
  0
LINE
  5
5B0
  8
0
 62
1
 10
416.538
 20
11.4576
 30
0.0
 11
416.454
 21
11.263
 31
0.0
  0
LINE
  5
5B1
  8
0
 62
1
 10
416.454
 20
11.263
 30
0.0
 11
416.358
 21
11.0741
 31
0.0
  0
LINE
  5
5B2
  8
0
 62
1
 10
416.358
 20
11.0741
 30
0.0
 11
416.25
 21
10.8916
 31
0.0
  0
LINE
  5
5B3
  8
0
 62
1
 10
416.25
 20
10.8916
 30
0.0
 11
416.13
 21
10.7162
 31
0.0
  0
LINE
  5
5B4
  8
0
 62
1
 10
416.13
 20
10.7162
 30
0.0
 11
416.0
 21
10.5487
 31
0.0
  0
LINE
  5
5B5
  8
0
 62
1
 10
416.0
 20
10.5487
 30
0.0
 11
415.86
 21
10.3896
 31
0.0
  0
LINE
  5
5B6
  8
0
 62
1
 10
415.86
 20
10.3896
 30
0.0
 11
415.71
 21
10.2397
 31
0.0
  0
LINE
  5
5B7
  8
0
 62
1
 10
415.71
 20
10.2397
 30
0.0
 11
415.551
 21
10.0995
 31
0.0
  0
LINE
  5
5B8
  8
0
 62
1
 10
415.551
 20
10.0995
 30
0.0
 11
415.384
 21
9.96956
 31
0.0
  0
LINE
  5
5B9
  8
0
 62
1
 10
415.384
 20
9.96956
 30
0.0
 11
415.208
 21
9.85039
 31
0.0
  0
LINE
  5
5BA
  8
0
 62
1
 10
415.208
 20
9.85039
 30
0.0
 11
415.026
 21
9.74246
 31
0.0
  0
LINE
  5
5BB
  8
0
 62
1
 10
415.026
 20
9.74246
 30
0.0
 11
414.837
 21
9.64621
 31
0.0
  0
LINE
  5
5BC
  8
0
 62
1
 10
414.837
 20
9.64621
 30
0.0
 11
414.642
 21
9.562
 31
0.0
  0
LINE
  5
5BD
  8
0
 62
1
 10
414.642
 20
9.562
 30
0.0
 11
414.443
 21
9.49017
 31
0.0
  0
LINE
  5
5BE
  8
0
 62
1
 10
414.443
 20
9.49017
 30
0.0
 11
414.239
 21
9.43103
 31
0.0
  0
LINE
  5
5BF
  8
0
 62
1
 10
414.239
 20
9.43103
 30
0.0
 11
414.032
 21
9.38478
 31
0.0
  0
LINE
  5
5C0
  8
0
 62
1
 10
414.032
 20
9.38478
 30
0.0
 11
413.823
 21
9.35161
 31
0.0
  0
LINE
  5
5C1
  8
0
 62
1
 10
413.823
 20
9.35161
 30
0.0
 11
413.612
 21
9.33165
 31
0.0
  0
LINE
  5
5C2
  8
0
 62
1
 10
413.612
 20
9.33165
 30
0.0
 11
413.4
 21
9.325
 31
0.0
  0
LINE
  5
5C3
  8
0
 62
1
 10
413.4
 20
9.325
 30
0.0
 11
413.188
 21
9.33165
 31
0.0
  0
LINE
  5
5C4
  8
0
 62
1
 10
395.7
 20
101.6
 30
0.0
 11
370.3
 21
101.6
 31
0.0
  0
LINE
  5
5C5
  8
0
 62
1
 10
370.3
 20
101.6
 30
0.0
 11
370.3
 21
0.0
 31
0.0
  0
LINE
  5
5C6
  8
0
 62
1
 10
370.3
 20
0.0
 30
0.0
 11
395.7
 21
0.0
 31
0.0
  0
LINE
  5
5C7
  8
0
 62
1
 10
395.7
 20
0.0
 30
0.0
 11
395.7
 21
101.6
 31
0.0
  0
LINE
  5
5C8
  8
0
 62
1
 10
382.788
 20
85.5316
 30
0.0
 11
382.577
 21
85.5516
 31
0.0
  0
LINE
  5
5C9
  8
0
 62
1
 10
382.577
 20
85.5516
 30
0.0
 11
382.368
 21
85.5848
 31
0.0
  0
LINE
  5
5CA
  8
0
 62
1
 10
382.368
 20
85.5848
 30
0.0
 11
382.161
 21
85.631
 31
0.0
  0
LINE
  5
5CB
  8
0
 62
1
 10
382.161
 20
85.631
 30
0.0
 11
381.957
 21
85.6902
 31
0.0
  0
LINE
  5
5CC
  8
0
 62
1
 10
381.957
 20
85.6902
 30
0.0
 11
381.758
 21
85.762
 31
0.0
  0
LINE
  5
5CD
  8
0
 62
1
 10
381.758
 20
85.762
 30
0.0
 11
381.563
 21
85.8462
 31
0.0
  0
LINE
  5
5CE
  8
0
 62
1
 10
381.563
 20
85.8462
 30
0.0
 11
381.374
 21
85.9424
 31
0.0
  0
LINE
  5
5CF
  8
0
 62
1
 10
381.374
 20
85.9424
 30
0.0
 11
381.192
 21
86.0504
 31
0.0
  0
LINE
  5
5D0
  8
0
 62
1
 10
381.192
 20
86.0504
 30
0.0
 11
381.016
 21
86.1695
 31
0.0
  0
LINE
  5
5D1
  8
0
 62
1
 10
381.016
 20
86.1695
 30
0.0
 11
380.849
 21
86.2995
 31
0.0
  0
LINE
  5
5D2
  8
0
 62
1
 10
380.849
 20
86.2995
 30
0.0
 11
380.69
 21
86.4397
 31
0.0
  0
LINE
  5
5D3
  8
0
 62
1
 10
380.69
 20
86.4397
 30
0.0
 11
380.54
 21
86.5896
 31
0.0
  0
LINE
  5
5D4
  8
0
 62
1
 10
380.54
 20
86.5896
 30
0.0
 11
380.4
 21
86.7487
 31
0.0
  0
LINE
  5
5D5
  8
0
 62
1
 10
380.4
 20
86.7487
 30
0.0
 11
380.27
 21
86.9162
 31
0.0
  0
LINE
  5
5D6
  8
0
 62
1
 10
380.27
 20
86.9162
 30
0.0
 11
380.15
 21
87.0916
 31
0.0
  0
LINE
  5
5D7
  8
0
 62
1
 10
380.15
 20
87.0916
 30
0.0
 11
380.042
 21
87.2741
 31
0.0
  0
LINE
  5
5D8
  8
0
 62
1
 10
380.042
 20
87.2741
 30
0.0
 11
379.946
 21
87.463
 31
0.0
  0
LINE
  5
5D9
  8
0
 62
1
 10
379.946
 20
87.463
 30
0.0
 11
379.862
 21
87.6576
 31
0.0
  0
LINE
  5
5DA
  8
0
 62
1
 10
379.862
 20
87.6576
 30
0.0
 11
379.79
 21
87.857
 31
0.0
  0
LINE
  5
5DB
  8
0
 62
1
 10
379.79
 20
87.857
 30
0.0
 11
379.731
 21
88.0607
 31
0.0
  0
LINE
  5
5DC
  8
0
 62
1
 10
379.731
 20
88.0607
 30
0.0
 11
379.685
 21
88.2676
 31
0.0
  0
LINE
  5
5DD
  8
0
 62
1
 10
379.685
 20
88.2676
 30
0.0
 11
379.652
 21
88.477
 31
0.0
  0
LINE
  5
5DE
  8
0
 62
1
 10
379.652
 20
88.477
 30
0.0
 11
379.632
 21
88.6881
 31
0.0
  0
LINE
  5
5DF
  8
0
 62
1
 10
379.632
 20
88.6881
 30
0.0
 11
379.625
 21
88.9
 31
0.0
  0
LINE
  5
5E0
  8
0
 62
1
 10
379.625
 20
88.9
 30
0.0
 11
379.632
 21
89.1119
 31
0.0
  0
LINE
  5
5E1
  8
0
 62
1
 10
379.632
 20
89.1119
 30
0.0
 11
379.652
 21
89.323
 31
0.0
  0
LINE
  5
5E2
  8
0
 62
1
 10
379.652
 20
89.323
 30
0.0
 11
379.685
 21
89.5324
 31
0.0
  0
LINE
  5
5E3
  8
0
 62
1
 10
379.685
 20
89.5324
 30
0.0
 11
379.731
 21
89.7393
 31
0.0
  0
LINE
  5
5E4
  8
0
 62
1
 10
379.731
 20
89.7393
 30
0.0
 11
379.79
 21
89.9429
 31
0.0
  0
LINE
  5
5E5
  8
0
 62
1
 10
379.79
 20
89.9429
 30
0.0
 11
379.862
 21
90.1424
 31
0.0
  0
LINE
  5
5E6
  8
0
 62
1
 10
379.862
 20
90.1424
 30
0.0
 11
379.946
 21
90.337
 31
0.0
  0
LINE
  5
5E7
  8
0
 62
1
 10
379.946
 20
90.337
 30
0.0
 11
380.042
 21
90.5259
 31
0.0
  0
LINE
  5
5E8
  8
0
 62
1
 10
380.042
 20
90.5259
 30
0.0
 11
380.15
 21
90.7084
 31
0.0
  0
LINE
  5
5E9
  8
0
 62
1
 10
380.15
 20
90.7084
 30
0.0
 11
380.27
 21
90.8838
 31
0.0
  0
LINE
  5
5EA
  8
0
 62
1
 10
380.27
 20
90.8838
 30
0.0
 11
380.4
 21
91.0513
 31
0.0
  0
LINE
  5
5EB
  8
0
 62
1
 10
380.4
 20
91.0513
 30
0.0
 11
380.54
 21
91.2103
 31
0.0
  0
LINE
  5
5EC
  8
0
 62
1
 10
380.54
 20
91.2103
 30
0.0
 11
380.69
 21
91.3602
 31
0.0
  0
LINE
  5
5ED
  8
0
 62
1
 10
380.69
 20
91.3602
 30
0.0
 11
380.849
 21
91.5005
 31
0.0
  0
LINE
  5
5EE
  8
0
 62
1
 10
380.849
 20
91.5005
 30
0.0
 11
381.016
 21
91.6304
 31
0.0
  0
LINE
  5
5EF
  8
0
 62
1
 10
381.016
 20
91.6304
 30
0.0
 11
381.192
 21
91.7496
 31
0.0
  0
LINE
  5
5F0
  8
0
 62
1
 10
381.192
 20
91.7496
 30
0.0
 11
381.374
 21
91.8575
 31
0.0
  0
LINE
  5
5F1
  8
0
 62
1
 10
381.374
 20
91.8575
 30
0.0
 11
381.563
 21
91.9538
 31
0.0
  0
LINE
  5
5F2
  8
0
 62
1
 10
381.563
 20
91.9538
 30
0.0
 11
381.758
 21
92.038
 31
0.0
  0
LINE
  5
5F3
  8
0
 62
1
 10
381.758
 20
92.038
 30
0.0
 11
381.957
 21
92.1098
 31
0.0
  0
LINE
  5
5F4
  8
0
 62
1
 10
381.957
 20
92.1098
 30
0.0
 11
382.161
 21
92.1689
 31
0.0
  0
LINE
  5
5F5
  8
0
 62
1
 10
382.161
 20
92.1689
 30
0.0
 11
382.368
 21
92.2152
 31
0.0
  0
LINE
  5
5F6
  8
0
 62
1
 10
382.368
 20
92.2152
 30
0.0
 11
382.577
 21
92.2484
 31
0.0
  0
LINE
  5
5F7
  8
0
 62
1
 10
382.577
 20
92.2484
 30
0.0
 11
382.788
 21
92.2683
 31
0.0
  0
LINE
  5
5F8
  8
0
 62
1
 10
382.788
 20
92.2683
 30
0.0
 11
383.0
 21
92.275
 31
0.0
  0
LINE
  5
5F9
  8
0
 62
1
 10
383.0
 20
92.275
 30
0.0
 11
383.212
 21
92.2683
 31
0.0
  0
LINE
  5
5FA
  8
0
 62
1
 10
383.212
 20
92.2683
 30
0.0
 11
383.423
 21
92.2484
 31
0.0
  0
LINE
  5
5FB
  8
0
 62
1
 10
383.423
 20
92.2484
 30
0.0
 11
383.632
 21
92.2152
 31
0.0
  0
LINE
  5
5FC
  8
0
 62
1
 10
383.632
 20
92.2152
 30
0.0
 11
383.839
 21
92.1689
 31
0.0
  0
LINE
  5
5FD
  8
0
 62
1
 10
383.839
 20
92.1689
 30
0.0
 11
384.043
 21
92.1098
 31
0.0
  0
LINE
  5
5FE
  8
0
 62
1
 10
384.043
 20
92.1098
 30
0.0
 11
384.242
 21
92.038
 31
0.0
  0
LINE
  5
5FF
  8
0
 62
1
 10
384.242
 20
92.038
 30
0.0
 11
384.437
 21
91.9538
 31
0.0
  0
LINE
  5
600
  8
0
 62
1
 10
384.437
 20
91.9538
 30
0.0
 11
384.626
 21
91.8575
 31
0.0
  0
LINE
  5
601
  8
0
 62
1
 10
384.626
 20
91.8575
 30
0.0
 11
384.808
 21
91.7496
 31
0.0
  0
LINE
  5
602
  8
0
 62
1
 10
384.808
 20
91.7496
 30
0.0
 11
384.984
 21
91.6304
 31
0.0
  0
LINE
  5
603
  8
0
 62
1
 10
384.984
 20
91.6304
 30
0.0
 11
385.151
 21
91.5005
 31
0.0
  0
LINE
  5
604
  8
0
 62
1
 10
385.151
 20
91.5005
 30
0.0
 11
385.31
 21
91.3602
 31
0.0
  0
LINE
  5
605
  8
0
 62
1
 10
385.31
 20
91.3602
 30
0.0
 11
385.46
 21
91.2103
 31
0.0
  0
LINE
  5
606
  8
0
 62
1
 10
385.46
 20
91.2103
 30
0.0
 11
385.6
 21
91.0513
 31
0.0
  0
LINE
  5
607
  8
0
 62
1
 10
385.6
 20
91.0513
 30
0.0
 11
385.73
 21
90.8838
 31
0.0
  0
LINE
  5
608
  8
0
 62
1
 10
385.73
 20
90.8838
 30
0.0
 11
385.85
 21
90.7084
 31
0.0
  0
LINE
  5
609
  8
0
 62
1
 10
385.85
 20
90.7084
 30
0.0
 11
385.958
 21
90.5259
 31
0.0
  0
LINE
  5
60A
  8
0
 62
1
 10
385.958
 20
90.5259
 30
0.0
 11
386.054
 21
90.337
 31
0.0
  0
LINE
  5
60B
  8
0
 62
1
 10
386.054
 20
90.337
 30
0.0
 11
386.138
 21
90.1424
 31
0.0
  0
LINE
  5
60C
  8
0
 62
1
 10
386.138
 20
90.1424
 30
0.0
 11
386.21
 21
89.9429
 31
0.0
  0
LINE
  5
60D
  8
0
 62
1
 10
386.21
 20
89.9429
 30
0.0
 11
386.269
 21
89.7393
 31
0.0
  0
LINE
  5
60E
  8
0
 62
1
 10
386.269
 20
89.7393
 30
0.0
 11
386.315
 21
89.5324
 31
0.0
  0
LINE
  5
60F
  8
0
 62
1
 10
386.315
 20
89.5324
 30
0.0
 11
386.348
 21
89.323
 31
0.0
  0
LINE
  5
610
  8
0
 62
1
 10
386.348
 20
89.323
 30
0.0
 11
386.368
 21
89.1119
 31
0.0
  0
LINE
  5
611
  8
0
 62
1
 10
386.368
 20
89.1119
 30
0.0
 11
386.375
 21
88.9
 31
0.0
  0
LINE
  5
612
  8
0
 62
1
 10
386.375
 20
88.9
 30
0.0
 11
386.368
 21
88.6881
 31
0.0
  0
LINE
  5
613
  8
0
 62
1
 10
386.368
 20
88.6881
 30
0.0
 11
386.348
 21
88.477
 31
0.0
  0
LINE
  5
614
  8
0
 62
1
 10
386.348
 20
88.477
 30
0.0
 11
386.315
 21
88.2676
 31
0.0
  0
LINE
  5
615
  8
0
 62
1
 10
386.315
 20
88.2676
 30
0.0
 11
386.269
 21
88.0607
 31
0.0
  0
LINE
  5
616
  8
0
 62
1
 10
386.269
 20
88.0607
 30
0.0
 11
386.21
 21
87.857
 31
0.0
  0
LINE
  5
617
  8
0
 62
1
 10
386.21
 20
87.857
 30
0.0
 11
386.138
 21
87.6576
 31
0.0
  0
LINE
  5
618
  8
0
 62
1
 10
386.138
 20
87.6576
 30
0.0
 11
386.054
 21
87.463
 31
0.0
  0
LINE
  5
619
  8
0
 62
1
 10
386.054
 20
87.463
 30
0.0
 11
385.958
 21
87.2741
 31
0.0
  0
LINE
  5
61A
  8
0
 62
1
 10
385.958
 20
87.2741
 30
0.0
 11
385.85
 21
87.0916
 31
0.0
  0
LINE
  5
61B
  8
0
 62
1
 10
385.85
 20
87.0916
 30
0.0
 11
385.73
 21
86.9162
 31
0.0
  0
LINE
  5
61C
  8
0
 62
1
 10
385.73
 20
86.9162
 30
0.0
 11
385.6
 21
86.7487
 31
0.0
  0
LINE
  5
61D
  8
0
 62
1
 10
385.6
 20
86.7487
 30
0.0
 11
385.46
 21
86.5896
 31
0.0
  0
LINE
  5
61E
  8
0
 62
1
 10
385.46
 20
86.5896
 30
0.0
 11
385.31
 21
86.4397
 31
0.0
  0
LINE
  5
61F
  8
0
 62
1
 10
385.31
 20
86.4397
 30
0.0
 11
385.151
 21
86.2995
 31
0.0
  0
LINE
  5
620
  8
0
 62
1
 10
385.151
 20
86.2995
 30
0.0
 11
384.984
 21
86.1695
 31
0.0
  0
LINE
  5
621
  8
0
 62
1
 10
384.984
 20
86.1695
 30
0.0
 11
384.808
 21
86.0504
 31
0.0
  0
LINE
  5
622
  8
0
 62
1
 10
384.808
 20
86.0504
 30
0.0
 11
384.626
 21
85.9424
 31
0.0
  0
LINE
  5
623
  8
0
 62
1
 10
384.626
 20
85.9424
 30
0.0
 11
384.437
 21
85.8462
 31
0.0
  0
LINE
  5
624
  8
0
 62
1
 10
384.437
 20
85.8462
 30
0.0
 11
384.242
 21
85.762
 31
0.0
  0
LINE
  5
625
  8
0
 62
1
 10
384.242
 20
85.762
 30
0.0
 11
384.043
 21
85.6902
 31
0.0
  0
LINE
  5
626
  8
0
 62
1
 10
384.043
 20
85.6902
 30
0.0
 11
383.839
 21
85.631
 31
0.0
  0
LINE
  5
627
  8
0
 62
1
 10
383.839
 20
85.631
 30
0.0
 11
383.632
 21
85.5848
 31
0.0
  0
LINE
  5
628
  8
0
 62
1
 10
383.632
 20
85.5848
 30
0.0
 11
383.423
 21
85.5516
 31
0.0
  0
LINE
  5
629
  8
0
 62
1
 10
383.423
 20
85.5516
 30
0.0
 11
383.212
 21
85.5316
 31
0.0
  0
LINE
  5
62A
  8
0
 62
1
 10
383.212
 20
85.5316
 30
0.0
 11
383.0
 21
85.525
 31
0.0
  0
LINE
  5
62B
  8
0
 62
1
 10
383.0
 20
85.525
 30
0.0
 11
382.788
 21
85.5316
 31
0.0
  0
LINE
  5
62C
  8
0
 62
1
 10
382.788
 20
60.1316
 30
0.0
 11
382.577
 21
60.1516
 31
0.0
  0
LINE
  5
62D
  8
0
 62
1
 10
382.577
 20
60.1516
 30
0.0
 11
382.368
 21
60.1848
 31
0.0
  0
LINE
  5
62E
  8
0
 62
1
 10
382.368
 20
60.1848
 30
0.0
 11
382.161
 21
60.231
 31
0.0
  0
LINE
  5
62F
  8
0
 62
1
 10
382.161
 20
60.231
 30
0.0
 11
381.957
 21
60.2902
 31
0.0
  0
LINE
  5
630
  8
0
 62
1
 10
381.957
 20
60.2902
 30
0.0
 11
381.758
 21
60.362
 31
0.0
  0
LINE
  5
631
  8
0
 62
1
 10
381.758
 20
60.362
 30
0.0
 11
381.563
 21
60.4462
 31
0.0
  0
LINE
  5
632
  8
0
 62
1
 10
381.563
 20
60.4462
 30
0.0
 11
381.374
 21
60.5424
 31
0.0
  0
LINE
  5
633
  8
0
 62
1
 10
381.374
 20
60.5424
 30
0.0
 11
381.192
 21
60.6504
 31
0.0
  0
LINE
  5
634
  8
0
 62
1
 10
381.192
 20
60.6504
 30
0.0
 11
381.016
 21
60.7695
 31
0.0
  0
LINE
  5
635
  8
0
 62
1
 10
381.016
 20
60.7695
 30
0.0
 11
380.849
 21
60.8995
 31
0.0
  0
LINE
  5
636
  8
0
 62
1
 10
380.849
 20
60.8995
 30
0.0
 11
380.69
 21
61.0397
 31
0.0
  0
LINE
  5
637
  8
0
 62
1
 10
380.69
 20
61.0397
 30
0.0
 11
380.54
 21
61.1896
 31
0.0
  0
LINE
  5
638
  8
0
 62
1
 10
380.54
 20
61.1896
 30
0.0
 11
380.4
 21
61.3487
 31
0.0
  0
LINE
  5
639
  8
0
 62
1
 10
380.4
 20
61.3487
 30
0.0
 11
380.27
 21
61.5162
 31
0.0
  0
LINE
  5
63A
  8
0
 62
1
 10
380.27
 20
61.5162
 30
0.0
 11
380.15
 21
61.6916
 31
0.0
  0
LINE
  5
63B
  8
0
 62
1
 10
380.15
 20
61.6916
 30
0.0
 11
380.042
 21
61.8741
 31
0.0
  0
LINE
  5
63C
  8
0
 62
1
 10
380.042
 20
61.8741
 30
0.0
 11
379.946
 21
62.063
 31
0.0
  0
LINE
  5
63D
  8
0
 62
1
 10
379.946
 20
62.063
 30
0.0
 11
379.862
 21
62.2576
 31
0.0
  0
LINE
  5
63E
  8
0
 62
1
 10
379.862
 20
62.2576
 30
0.0
 11
379.79
 21
62.457
 31
0.0
  0
LINE
  5
63F
  8
0
 62
1
 10
379.79
 20
62.457
 30
0.0
 11
379.731
 21
62.6606
 31
0.0
  0
LINE
  5
640
  8
0
 62
1
 10
379.731
 20
62.6606
 30
0.0
 11
379.685
 21
62.8676
 31
0.0
  0
LINE
  5
641
  8
0
 62
1
 10
379.685
 20
62.8676
 30
0.0
 11
379.652
 21
63.077
 31
0.0
  0
LINE
  5
642
  8
0
 62
1
 10
379.652
 20
63.077
 30
0.0
 11
379.632
 21
63.2881
 31
0.0
  0
LINE
  5
643
  8
0
 62
1
 10
379.632
 20
63.2881
 30
0.0
 11
379.625
 21
63.5
 31
0.0
  0
LINE
  5
644
  8
0
 62
1
 10
379.625
 20
63.5
 30
0.0
 11
379.632
 21
63.7119
 31
0.0
  0
LINE
  5
645
  8
0
 62
1
 10
379.632
 20
63.7119
 30
0.0
 11
379.652
 21
63.923
 31
0.0
  0
LINE
  5
646
  8
0
 62
1
 10
379.652
 20
63.923
 30
0.0
 11
379.685
 21
64.1324
 31
0.0
  0
LINE
  5
647
  8
0
 62
1
 10
379.685
 20
64.1324
 30
0.0
 11
379.731
 21
64.3393
 31
0.0
  0
LINE
  5
648
  8
0
 62
1
 10
379.731
 20
64.3393
 30
0.0
 11
379.79
 21
64.5429
 31
0.0
  0
LINE
  5
649
  8
0
 62
1
 10
379.79
 20
64.5429
 30
0.0
 11
379.862
 21
64.7424
 31
0.0
  0
LINE
  5
64A
  8
0
 62
1
 10
379.862
 20
64.7424
 30
0.0
 11
379.946
 21
64.937
 31
0.0
  0
LINE
  5
64B
  8
0
 62
1
 10
379.946
 20
64.937
 30
0.0
 11
380.042
 21
65.1259
 31
0.0
  0
LINE
  5
64C
  8
0
 62
1
 10
380.042
 20
65.1259
 30
0.0
 11
380.15
 21
65.3084
 31
0.0
  0
LINE
  5
64D
  8
0
 62
1
 10
380.15
 20
65.3084
 30
0.0
 11
380.27
 21
65.4837
 31
0.0
  0
LINE
  5
64E
  8
0
 62
1
 10
380.27
 20
65.4837
 30
0.0
 11
380.4
 21
65.6513
 31
0.0
  0
LINE
  5
64F
  8
0
 62
1
 10
380.4
 20
65.6513
 30
0.0
 11
380.54
 21
65.8103
 31
0.0
  0
LINE
  5
650
  8
0
 62
1
 10
380.54
 20
65.8103
 30
0.0
 11
380.69
 21
65.9603
 31
0.0
  0
LINE
  5
651
  8
0
 62
1
 10
380.69
 20
65.9603
 30
0.0
 11
380.849
 21
66.1005
 31
0.0
  0
LINE
  5
652
  8
0
 62
1
 10
380.849
 20
66.1005
 30
0.0
 11
381.016
 21
66.2304
 31
0.0
  0
LINE
  5
653
  8
0
 62
1
 10
381.016
 20
66.2304
 30
0.0
 11
381.192
 21
66.3496
 31
0.0
  0
LINE
  5
654
  8
0
 62
1
 10
381.192
 20
66.3496
 30
0.0
 11
381.374
 21
66.4575
 31
0.0
  0
LINE
  5
655
  8
0
 62
1
 10
381.374
 20
66.4575
 30
0.0
 11
381.563
 21
66.5538
 31
0.0
  0
LINE
  5
656
  8
0
 62
1
 10
381.563
 20
66.5538
 30
0.0
 11
381.758
 21
66.638
 31
0.0
  0
LINE
  5
657
  8
0
 62
1
 10
381.758
 20
66.638
 30
0.0
 11
381.957
 21
66.7098
 31
0.0
  0
LINE
  5
658
  8
0
 62
1
 10
381.957
 20
66.7098
 30
0.0
 11
382.161
 21
66.769
 31
0.0
  0
LINE
  5
659
  8
0
 62
1
 10
382.161
 20
66.769
 30
0.0
 11
382.368
 21
66.8152
 31
0.0
  0
LINE
  5
65A
  8
0
 62
1
 10
382.368
 20
66.8152
 30
0.0
 11
382.577
 21
66.8484
 31
0.0
  0
LINE
  5
65B
  8
0
 62
1
 10
382.577
 20
66.8484
 30
0.0
 11
382.788
 21
66.8683
 31
0.0
  0
LINE
  5
65C
  8
0
 62
1
 10
382.788
 20
66.8683
 30
0.0
 11
383.0
 21
66.875
 31
0.0
  0
LINE
  5
65D
  8
0
 62
1
 10
383.0
 20
66.875
 30
0.0
 11
383.212
 21
66.8683
 31
0.0
  0
LINE
  5
65E
  8
0
 62
1
 10
383.212
 20
66.8683
 30
0.0
 11
383.423
 21
66.8484
 31
0.0
  0
LINE
  5
65F
  8
0
 62
1
 10
383.423
 20
66.8484
 30
0.0
 11
383.632
 21
66.8152
 31
0.0
  0
LINE
  5
660
  8
0
 62
1
 10
383.632
 20
66.8152
 30
0.0
 11
383.839
 21
66.769
 31
0.0
  0
LINE
  5
661
  8
0
 62
1
 10
383.839
 20
66.769
 30
0.0
 11
384.043
 21
66.7098
 31
0.0
  0
LINE
  5
662
  8
0
 62
1
 10
384.043
 20
66.7098
 30
0.0
 11
384.242
 21
66.638
 31
0.0
  0
LINE
  5
663
  8
0
 62
1
 10
384.242
 20
66.638
 30
0.0
 11
384.437
 21
66.5538
 31
0.0
  0
LINE
  5
664
  8
0
 62
1
 10
384.437
 20
66.5538
 30
0.0
 11
384.626
 21
66.4575
 31
0.0
  0
LINE
  5
665
  8
0
 62
1
 10
384.626
 20
66.4575
 30
0.0
 11
384.808
 21
66.3496
 31
0.0
  0
LINE
  5
666
  8
0
 62
1
 10
384.808
 20
66.3496
 30
0.0
 11
384.984
 21
66.2304
 31
0.0
  0
LINE
  5
667
  8
0
 62
1
 10
384.984
 20
66.2304
 30
0.0
 11
385.151
 21
66.1005
 31
0.0
  0
LINE
  5
668
  8
0
 62
1
 10
385.151
 20
66.1005
 30
0.0
 11
385.31
 21
65.9603
 31
0.0
  0
LINE
  5
669
  8
0
 62
1
 10
385.31
 20
65.9603
 30
0.0
 11
385.46
 21
65.8103
 31
0.0
  0
LINE
  5
66A
  8
0
 62
1
 10
385.46
 20
65.8103
 30
0.0
 11
385.6
 21
65.6513
 31
0.0
  0
LINE
  5
66B
  8
0
 62
1
 10
385.6
 20
65.6513
 30
0.0
 11
385.73
 21
65.4837
 31
0.0
  0
LINE
  5
66C
  8
0
 62
1
 10
385.73
 20
65.4837
 30
0.0
 11
385.85
 21
65.3084
 31
0.0
  0
LINE
  5
66D
  8
0
 62
1
 10
385.85
 20
65.3084
 30
0.0
 11
385.958
 21
65.1259
 31
0.0
  0
LINE
  5
66E
  8
0
 62
1
 10
385.958
 20
65.1259
 30
0.0
 11
386.054
 21
64.937
 31
0.0
  0
LINE
  5
66F
  8
0
 62
1
 10
386.054
 20
64.937
 30
0.0
 11
386.138
 21
64.7424
 31
0.0
  0
LINE
  5
670
  8
0
 62
1
 10
386.138
 20
64.7424
 30
0.0
 11
386.21
 21
64.5429
 31
0.0
  0
LINE
  5
671
  8
0
 62
1
 10
386.21
 20
64.5429
 30
0.0
 11
386.269
 21
64.3393
 31
0.0
  0
LINE
  5
672
  8
0
 62
1
 10
386.269
 20
64.3393
 30
0.0
 11
386.315
 21
64.1324
 31
0.0
  0
LINE
  5
673
  8
0
 62
1
 10
386.315
 20
64.1324
 30
0.0
 11
386.348
 21
63.923
 31
0.0
  0
LINE
  5
674
  8
0
 62
1
 10
386.348
 20
63.923
 30
0.0
 11
386.368
 21
63.7119
 31
0.0
  0
LINE
  5
675
  8
0
 62
1
 10
386.368
 20
63.7119
 30
0.0
 11
386.375
 21
63.5
 31
0.0
  0
LINE
  5
676
  8
0
 62
1
 10
386.375
 20
63.5
 30
0.0
 11
386.368
 21
63.2881
 31
0.0
  0
LINE
  5
677
  8
0
 62
1
 10
386.368
 20
63.2881
 30
0.0
 11
386.348
 21
63.077
 31
0.0
  0
LINE
  5
678
  8
0
 62
1
 10
386.348
 20
63.077
 30
0.0
 11
386.315
 21
62.8676
 31
0.0
  0
LINE
  5
679
  8
0
 62
1
 10
386.315
 20
62.8676
 30
0.0
 11
386.269
 21
62.6606
 31
0.0
  0
LINE
  5
67A
  8
0
 62
1
 10
386.269
 20
62.6606
 30
0.0
 11
386.21
 21
62.457
 31
0.0
  0
LINE
  5
67B
  8
0
 62
1
 10
386.21
 20
62.457
 30
0.0
 11
386.138
 21
62.2576
 31
0.0
  0
LINE
  5
67C
  8
0
 62
1
 10
386.138
 20
62.2576
 30
0.0
 11
386.054
 21
62.063
 31
0.0
  0
LINE
  5
67D
  8
0
 62
1
 10
386.054
 20
62.063
 30
0.0
 11
385.958
 21
61.8741
 31
0.0
  0
LINE
  5
67E
  8
0
 62
1
 10
385.958
 20
61.8741
 30
0.0
 11
385.85
 21
61.6916
 31
0.0
  0
LINE
  5
67F
  8
0
 62
1
 10
385.85
 20
61.6916
 30
0.0
 11
385.73
 21
61.5162
 31
0.0
  0
LINE
  5
680
  8
0
 62
1
 10
385.73
 20
61.5162
 30
0.0
 11
385.6
 21
61.3487
 31
0.0
  0
LINE
  5
681
  8
0
 62
1
 10
385.6
 20
61.3487
 30
0.0
 11
385.46
 21
61.1896
 31
0.0
  0
LINE
  5
682
  8
0
 62
1
 10
385.46
 20
61.1896
 30
0.0
 11
385.31
 21
61.0397
 31
0.0
  0
LINE
  5
683
  8
0
 62
1
 10
385.31
 20
61.0397
 30
0.0
 11
385.151
 21
60.8995
 31
0.0
  0
LINE
  5
684
  8
0
 62
1
 10
385.151
 20
60.8995
 30
0.0
 11
384.984
 21
60.7695
 31
0.0
  0
LINE
  5
685
  8
0
 62
1
 10
384.984
 20
60.7695
 30
0.0
 11
384.808
 21
60.6504
 31
0.0
  0
LINE
  5
686
  8
0
 62
1
 10
384.808
 20
60.6504
 30
0.0
 11
384.626
 21
60.5424
 31
0.0
  0
LINE
  5
687
  8
0
 62
1
 10
384.626
 20
60.5424
 30
0.0
 11
384.437
 21
60.4462
 31
0.0
  0
LINE
  5
688
  8
0
 62
1
 10
384.437
 20
60.4462
 30
0.0
 11
384.242
 21
60.362
 31
0.0
  0
LINE
  5
689
  8
0
 62
1
 10
384.242
 20
60.362
 30
0.0
 11
384.043
 21
60.2902
 31
0.0
  0
LINE
  5
68A
  8
0
 62
1
 10
384.043
 20
60.2902
 30
0.0
 11
383.839
 21
60.231
 31
0.0
  0
LINE
  5
68B
  8
0
 62
1
 10
383.839
 20
60.231
 30
0.0
 11
383.632
 21
60.1848
 31
0.0
  0
LINE
  5
68C
  8
0
 62
1
 10
383.632
 20
60.1848
 30
0.0
 11
383.423
 21
60.1516
 31
0.0
  0
LINE
  5
68D
  8
0
 62
1
 10
383.423
 20
60.1516
 30
0.0
 11
383.212
 21
60.1316
 31
0.0
  0
LINE
  5
68E
  8
0
 62
1
 10
383.212
 20
60.1316
 30
0.0
 11
383.0
 21
60.125
 31
0.0
  0
LINE
  5
68F
  8
0
 62
1
 10
383.0
 20
60.125
 30
0.0
 11
382.788
 21
60.1316
 31
0.0
  0
LINE
  5
690
  8
0
 62
1
 10
382.788
 20
34.7317
 30
0.0
 11
382.577
 21
34.7516
 31
0.0
  0
LINE
  5
691
  8
0
 62
1
 10
382.577
 20
34.7516
 30
0.0
 11
382.368
 21
34.7848
 31
0.0
  0
LINE
  5
692
  8
0
 62
1
 10
382.368
 20
34.7848
 30
0.0
 11
382.161
 21
34.831
 31
0.0
  0
LINE
  5
693
  8
0
 62
1
 10
382.161
 20
34.831
 30
0.0
 11
381.957
 21
34.8902
 31
0.0
  0
LINE
  5
694
  8
0
 62
1
 10
381.957
 20
34.8902
 30
0.0
 11
381.758
 21
34.962
 31
0.0
  0
LINE
  5
695
  8
0
 62
1
 10
381.758
 20
34.962
 30
0.0
 11
381.563
 21
35.0462
 31
0.0
  0
LINE
  5
696
  8
0
 62
1
 10
381.563
 20
35.0462
 30
0.0
 11
381.374
 21
35.1425
 31
0.0
  0
LINE
  5
697
  8
0
 62
1
 10
381.374
 20
35.1425
 30
0.0
 11
381.192
 21
35.2504
 31
0.0
  0
LINE
  5
698
  8
0
 62
1
 10
381.192
 20
35.2504
 30
0.0
 11
381.016
 21
35.3696
 31
0.0
  0
LINE
  5
699
  8
0
 62
1
 10
381.016
 20
35.3696
 30
0.0
 11
380.849
 21
35.4995
 31
0.0
  0
LINE
  5
69A
  8
0
 62
1
 10
380.849
 20
35.4995
 30
0.0
 11
380.69
 21
35.6397
 31
0.0
  0
LINE
  5
69B
  8
0
 62
1
 10
380.69
 20
35.6397
 30
0.0
 11
380.54
 21
35.7896
 31
0.0
  0
LINE
  5
69C
  8
0
 62
1
 10
380.54
 20
35.7896
 30
0.0
 11
380.4
 21
35.9487
 31
0.0
  0
LINE
  5
69D
  8
0
 62
1
 10
380.4
 20
35.9487
 30
0.0
 11
380.27
 21
36.1162
 31
0.0
  0
LINE
  5
69E
  8
0
 62
1
 10
380.27
 20
36.1162
 30
0.0
 11
380.15
 21
36.2916
 31
0.0
  0
LINE
  5
69F
  8
0
 62
1
 10
380.15
 20
36.2916
 30
0.0
 11
380.042
 21
36.4741
 31
0.0
  0
LINE
  5
6A0
  8
0
 62
1
 10
380.042
 20
36.4741
 30
0.0
 11
379.946
 21
36.663
 31
0.0
  0
LINE
  5
6A1
  8
0
 62
1
 10
379.946
 20
36.663
 30
0.0
 11
379.862
 21
36.8576
 31
0.0
  0
LINE
  5
6A2
  8
0
 62
1
 10
379.862
 20
36.8576
 30
0.0
 11
379.79
 21
37.0571
 31
0.0
  0
LINE
  5
6A3
  8
0
 62
1
 10
379.79
 20
37.0571
 30
0.0
 11
379.731
 21
37.2607
 31
0.0
  0
LINE
  5
6A4
  8
0
 62
1
 10
379.731
 20
37.2607
 30
0.0
 11
379.685
 21
37.4676
 31
0.0
  0
LINE
  5
6A5
  8
0
 62
1
 10
379.685
 20
37.4676
 30
0.0
 11
379.652
 21
37.677
 31
0.0
  0
LINE
  5
6A6
  8
0
 62
1
 10
379.652
 20
37.677
 30
0.0
 11
379.632
 21
37.8881
 31
0.0
  0
LINE
  5
6A7
  8
0
 62
1
 10
379.632
 20
37.8881
 30
0.0
 11
379.625
 21
38.1
 31
0.0
  0
LINE
  5
6A8
  8
0
 62
1
 10
379.625
 20
38.1
 30
0.0
 11
379.632
 21
38.3119
 31
0.0
  0
LINE
  5
6A9
  8
0
 62
1
 10
379.632
 20
38.3119
 30
0.0
 11
379.652
 21
38.523
 31
0.0
  0
LINE
  5
6AA
  8
0
 62
1
 10
379.652
 20
38.523
 30
0.0
 11
379.685
 21
38.7324
 31
0.0
  0
LINE
  5
6AB
  8
0
 62
1
 10
379.685
 20
38.7324
 30
0.0
 11
379.731
 21
38.9393
 31
0.0
  0
LINE
  5
6AC
  8
0
 62
1
 10
379.731
 20
38.9393
 30
0.0
 11
379.79
 21
39.1429
 31
0.0
  0
LINE
  5
6AD
  8
0
 62
1
 10
379.79
 20
39.1429
 30
0.0
 11
379.862
 21
39.3424
 31
0.0
  0
LINE
  5
6AE
  8
0
 62
1
 10
379.862
 20
39.3424
 30
0.0
 11
379.946
 21
39.537
 31
0.0
  0
LINE
  5
6AF
  8
0
 62
1
 10
379.946
 20
39.537
 30
0.0
 11
380.042
 21
39.7259
 31
0.0
  0
LINE
  5
6B0
  8
0
 62
1
 10
380.042
 20
39.7259
 30
0.0
 11
380.15
 21
39.9084
 31
0.0
  0
LINE
  5
6B1
  8
0
 62
1
 10
380.15
 20
39.9084
 30
0.0
 11
380.27
 21
40.0838
 31
0.0
  0
LINE
  5
6B2
  8
0
 62
1
 10
380.27
 20
40.0838
 30
0.0
 11
380.4
 21
40.2513
 31
0.0
  0
LINE
  5
6B3
  8
0
 62
1
 10
380.4
 20
40.2513
 30
0.0
 11
380.54
 21
40.4103
 31
0.0
  0
LINE
  5
6B4
  8
0
 62
1
 10
380.54
 20
40.4103
 30
0.0
 11
380.69
 21
40.5603
 31
0.0
  0
LINE
  5
6B5
  8
0
 62
1
 10
380.69
 20
40.5603
 30
0.0
 11
380.849
 21
40.7005
 31
0.0
  0
LINE
  5
6B6
  8
0
 62
1
 10
380.849
 20
40.7005
 30
0.0
 11
381.016
 21
40.8304
 31
0.0
  0
LINE
  5
6B7
  8
0
 62
1
 10
381.016
 20
40.8304
 30
0.0
 11
381.192
 21
40.9496
 31
0.0
  0
LINE
  5
6B8
  8
0
 62
1
 10
381.192
 20
40.9496
 30
0.0
 11
381.374
 21
41.0575
 31
0.0
  0
LINE
  5
6B9
  8
0
 62
1
 10
381.374
 20
41.0575
 30
0.0
 11
381.563
 21
41.1538
 31
0.0
  0
LINE
  5
6BA
  8
0
 62
1
 10
381.563
 20
41.1538
 30
0.0
 11
381.758
 21
41.238
 31
0.0
  0
LINE
  5
6BB
  8
0
 62
1
 10
381.758
 20
41.238
 30
0.0
 11
381.957
 21
41.3098
 31
0.0
  0
LINE
  5
6BC
  8
0
 62
1
 10
381.957
 20
41.3098
 30
0.0
 11
382.161
 21
41.369
 31
0.0
  0
LINE
  5
6BD
  8
0
 62
1
 10
382.161
 20
41.369
 30
0.0
 11
382.368
 21
41.4152
 31
0.0
  0
LINE
  5
6BE
  8
0
 62
1
 10
382.368
 20
41.4152
 30
0.0
 11
382.577
 21
41.4484
 31
0.0
  0
LINE
  5
6BF
  8
0
 62
1
 10
382.577
 20
41.4484
 30
0.0
 11
382.788
 21
41.4683
 31
0.0
  0
LINE
  5
6C0
  8
0
 62
1
 10
382.788
 20
41.4683
 30
0.0
 11
383.0
 21
41.475
 31
0.0
  0
LINE
  5
6C1
  8
0
 62
1
 10
383.0
 20
41.475
 30
0.0
 11
383.212
 21
41.4683
 31
0.0
  0
LINE
  5
6C2
  8
0
 62
1
 10
383.212
 20
41.4683
 30
0.0
 11
383.423
 21
41.4484
 31
0.0
  0
LINE
  5
6C3
  8
0
 62
1
 10
383.423
 20
41.4484
 30
0.0
 11
383.632
 21
41.4152
 31
0.0
  0
LINE
  5
6C4
  8
0
 62
1
 10
383.632
 20
41.4152
 30
0.0
 11
383.839
 21
41.369
 31
0.0
  0
LINE
  5
6C5
  8
0
 62
1
 10
383.839
 20
41.369
 30
0.0
 11
384.043
 21
41.3098
 31
0.0
  0
LINE
  5
6C6
  8
0
 62
1
 10
384.043
 20
41.3098
 30
0.0
 11
384.242
 21
41.238
 31
0.0
  0
LINE
  5
6C7
  8
0
 62
1
 10
384.242
 20
41.238
 30
0.0
 11
384.437
 21
41.1538
 31
0.0
  0
LINE
  5
6C8
  8
0
 62
1
 10
384.437
 20
41.1538
 30
0.0
 11
384.626
 21
41.0575
 31
0.0
  0
LINE
  5
6C9
  8
0
 62
1
 10
384.626
 20
41.0575
 30
0.0
 11
384.808
 21
40.9496
 31
0.0
  0
LINE
  5
6CA
  8
0
 62
1
 10
384.808
 20
40.9496
 30
0.0
 11
384.984
 21
40.8304
 31
0.0
  0
LINE
  5
6CB
  8
0
 62
1
 10
384.984
 20
40.8304
 30
0.0
 11
385.151
 21
40.7005
 31
0.0
  0
LINE
  5
6CC
  8
0
 62
1
 10
385.151
 20
40.7005
 30
0.0
 11
385.31
 21
40.5603
 31
0.0
  0
LINE
  5
6CD
  8
0
 62
1
 10
385.31
 20
40.5603
 30
0.0
 11
385.46
 21
40.4103
 31
0.0
  0
LINE
  5
6CE
  8
0
 62
1
 10
385.46
 20
40.4103
 30
0.0
 11
385.6
 21
40.2513
 31
0.0
  0
LINE
  5
6CF
  8
0
 62
1
 10
385.6
 20
40.2513
 30
0.0
 11
385.73
 21
40.0838
 31
0.0
  0
LINE
  5
6D0
  8
0
 62
1
 10
385.73
 20
40.0838
 30
0.0
 11
385.85
 21
39.9084
 31
0.0
  0
LINE
  5
6D1
  8
0
 62
1
 10
385.85
 20
39.9084
 30
0.0
 11
385.958
 21
39.7259
 31
0.0
  0
LINE
  5
6D2
  8
0
 62
1
 10
385.958
 20
39.7259
 30
0.0
 11
386.054
 21
39.537
 31
0.0
  0
LINE
  5
6D3
  8
0
 62
1
 10
386.054
 20
39.537
 30
0.0
 11
386.138
 21
39.3424
 31
0.0
  0
LINE
  5
6D4
  8
0
 62
1
 10
386.138
 20
39.3424
 30
0.0
 11
386.21
 21
39.1429
 31
0.0
  0
LINE
  5
6D5
  8
0
 62
1
 10
386.21
 20
39.1429
 30
0.0
 11
386.269
 21
38.9393
 31
0.0
  0
LINE
  5
6D6
  8
0
 62
1
 10
386.269
 20
38.9393
 30
0.0
 11
386.315
 21
38.7324
 31
0.0
  0
LINE
  5
6D7
  8
0
 62
1
 10
386.315
 20
38.7324
 30
0.0
 11
386.348
 21
38.523
 31
0.0
  0
LINE
  5
6D8
  8
0
 62
1
 10
386.348
 20
38.523
 30
0.0
 11
386.368
 21
38.3119
 31
0.0
  0
LINE
  5
6D9
  8
0
 62
1
 10
386.368
 20
38.3119
 30
0.0
 11
386.375
 21
38.1
 31
0.0
  0
LINE
  5
6DA
  8
0
 62
1
 10
386.375
 20
38.1
 30
0.0
 11
386.368
 21
37.8881
 31
0.0
  0
LINE
  5
6DB
  8
0
 62
1
 10
386.368
 20
37.8881
 30
0.0
 11
386.348
 21
37.677
 31
0.0
  0
LINE
  5
6DC
  8
0
 62
1
 10
386.348
 20
37.677
 30
0.0
 11
386.315
 21
37.4676
 31
0.0
  0
LINE
  5
6DD
  8
0
 62
1
 10
386.315
 20
37.4676
 30
0.0
 11
386.269
 21
37.2607
 31
0.0
  0
LINE
  5
6DE
  8
0
 62
1
 10
386.269
 20
37.2607
 30
0.0
 11
386.21
 21
37.0571
 31
0.0
  0
LINE
  5
6DF
  8
0
 62
1
 10
386.21
 20
37.0571
 30
0.0
 11
386.138
 21
36.8576
 31
0.0
  0
LINE
  5
6E0
  8
0
 62
1
 10
386.138
 20
36.8576
 30
0.0
 11
386.054
 21
36.663
 31
0.0
  0
LINE
  5
6E1
  8
0
 62
1
 10
386.054
 20
36.663
 30
0.0
 11
385.958
 21
36.4741
 31
0.0
  0
LINE
  5
6E2
  8
0
 62
1
 10
385.958
 20
36.4741
 30
0.0
 11
385.85
 21
36.2916
 31
0.0
  0
LINE
  5
6E3
  8
0
 62
1
 10
385.85
 20
36.2916
 30
0.0
 11
385.73
 21
36.1162
 31
0.0
  0
LINE
  5
6E4
  8
0
 62
1
 10
385.73
 20
36.1162
 30
0.0
 11
385.6
 21
35.9487
 31
0.0
  0
LINE
  5
6E5
  8
0
 62
1
 10
385.6
 20
35.9487
 30
0.0
 11
385.46
 21
35.7896
 31
0.0
  0
LINE
  5
6E6
  8
0
 62
1
 10
385.46
 20
35.7896
 30
0.0
 11
385.31
 21
35.6397
 31
0.0
  0
LINE
  5
6E7
  8
0
 62
1
 10
385.31
 20
35.6397
 30
0.0
 11
385.151
 21
35.4995
 31
0.0
  0
LINE
  5
6E8
  8
0
 62
1
 10
385.151
 20
35.4995
 30
0.0
 11
384.984
 21
35.3696
 31
0.0
  0
LINE
  5
6E9
  8
0
 62
1
 10
384.984
 20
35.3696
 30
0.0
 11
384.808
 21
35.2504
 31
0.0
  0
LINE
  5
6EA
  8
0
 62
1
 10
384.808
 20
35.2504
 30
0.0
 11
384.626
 21
35.1425
 31
0.0
  0
LINE
  5
6EB
  8
0
 62
1
 10
384.626
 20
35.1425
 30
0.0
 11
384.437
 21
35.0462
 31
0.0
  0
LINE
  5
6EC
  8
0
 62
1
 10
384.437
 20
35.0462
 30
0.0
 11
384.242
 21
34.962
 31
0.0
  0
LINE
  5
6ED
  8
0
 62
1
 10
384.242
 20
34.962
 30
0.0
 11
384.043
 21
34.8902
 31
0.0
  0
LINE
  5
6EE
  8
0
 62
1
 10
384.043
 20
34.8902
 30
0.0
 11
383.839
 21
34.831
 31
0.0
  0
LINE
  5
6EF
  8
0
 62
1
 10
383.839
 20
34.831
 30
0.0
 11
383.632
 21
34.7848
 31
0.0
  0
LINE
  5
6F0
  8
0
 62
1
 10
383.632
 20
34.7848
 30
0.0
 11
383.423
 21
34.7516
 31
0.0
  0
LINE
  5
6F1
  8
0
 62
1
 10
383.423
 20
34.7516
 30
0.0
 11
383.212
 21
34.7317
 31
0.0
  0
LINE
  5
6F2
  8
0
 62
1
 10
383.212
 20
34.7317
 30
0.0
 11
383.0
 21
34.725
 31
0.0
  0
LINE
  5
6F3
  8
0
 62
1
 10
383.0
 20
34.725
 30
0.0
 11
382.788
 21
34.7317
 31
0.0
  0
LINE
  5
6F4
  8
0
 62
1
 10
382.788
 20
9.33165
 30
0.0
 11
382.577
 21
9.35161
 31
0.0
  0
LINE
  5
6F5
  8
0
 62
1
 10
382.577
 20
9.35161
 30
0.0
 11
382.368
 21
9.38478
 31
0.0
  0
LINE
  5
6F6
  8
0
 62
1
 10
382.368
 20
9.38478
 30
0.0
 11
382.161
 21
9.43103
 31
0.0
  0
LINE
  5
6F7
  8
0
 62
1
 10
382.161
 20
9.43103
 30
0.0
 11
381.957
 21
9.49017
 31
0.0
  0
LINE
  5
6F8
  8
0
 62
1
 10
381.957
 20
9.49017
 30
0.0
 11
381.758
 21
9.562
 31
0.0
  0
LINE
  5
6F9
  8
0
 62
1
 10
381.758
 20
9.562
 30
0.0
 11
381.563
 21
9.64621
 31
0.0
  0
LINE
  5
6FA
  8
0
 62
1
 10
381.563
 20
9.64621
 30
0.0
 11
381.374
 21
9.74246
 31
0.0
  0
LINE
  5
6FB
  8
0
 62
1
 10
381.374
 20
9.74246
 30
0.0
 11
381.192
 21
9.85039
 31
0.0
  0
LINE
  5
6FC
  8
0
 62
1
 10
381.192
 20
9.85039
 30
0.0
 11
381.016
 21
9.96956
 31
0.0
  0
LINE
  5
6FD
  8
0
 62
1
 10
381.016
 20
9.96956
 30
0.0
 11
380.849
 21
10.0995
 31
0.0
  0
LINE
  5
6FE
  8
0
 62
1
 10
380.849
 20
10.0995
 30
0.0
 11
380.69
 21
10.2397
 31
0.0
  0
LINE
  5
6FF
  8
0
 62
1
 10
380.69
 20
10.2397
 30
0.0
 11
380.54
 21
10.3896
 31
0.0
  0
LINE
  5
700
  8
0
 62
1
 10
380.54
 20
10.3896
 30
0.0
 11
380.4
 21
10.5487
 31
0.0
  0
LINE
  5
701
  8
0
 62
1
 10
380.4
 20
10.5487
 30
0.0
 11
380.27
 21
10.7162
 31
0.0
  0
LINE
  5
702
  8
0
 62
1
 10
380.27
 20
10.7162
 30
0.0
 11
380.15
 21
10.8916
 31
0.0
  0
LINE
  5
703
  8
0
 62
1
 10
380.15
 20
10.8916
 30
0.0
 11
380.042
 21
11.0741
 31
0.0
  0
LINE
  5
704
  8
0
 62
1
 10
380.042
 20
11.0741
 30
0.0
 11
379.946
 21
11.263
 31
0.0
  0
LINE
  5
705
  8
0
 62
1
 10
379.946
 20
11.263
 30
0.0
 11
379.862
 21
11.4576
 31
0.0
  0
LINE
  5
706
  8
0
 62
1
 10
379.862
 20
11.4576
 30
0.0
 11
379.79
 21
11.6571
 31
0.0
  0
LINE
  5
707
  8
0
 62
1
 10
379.79
 20
11.6571
 30
0.0
 11
379.731
 21
11.8607
 31
0.0
  0
LINE
  5
708
  8
0
 62
1
 10
379.731
 20
11.8607
 30
0.0
 11
379.685
 21
12.0676
 31
0.0
  0
LINE
  5
709
  8
0
 62
1
 10
379.685
 20
12.0676
 30
0.0
 11
379.652
 21
12.277
 31
0.0
  0
LINE
  5
70A
  8
0
 62
1
 10
379.652
 20
12.277
 30
0.0
 11
379.632
 21
12.4881
 31
0.0
  0
LINE
  5
70B
  8
0
 62
1
 10
379.632
 20
12.4881
 30
0.0
 11
379.625
 21
12.7
 31
0.0
  0
LINE
  5
70C
  8
0
 62
1
 10
379.625
 20
12.7
 30
0.0
 11
379.632
 21
12.9119
 31
0.0
  0
LINE
  5
70D
  8
0
 62
1
 10
379.632
 20
12.9119
 30
0.0
 11
379.652
 21
13.123
 31
0.0
  0
LINE
  5
70E
  8
0
 62
1
 10
379.652
 20
13.123
 30
0.0
 11
379.685
 21
13.3324
 31
0.0
  0
LINE
  5
70F
  8
0
 62
1
 10
379.685
 20
13.3324
 30
0.0
 11
379.731
 21
13.5393
 31
0.0
  0
LINE
  5
710
  8
0
 62
1
 10
379.731
 20
13.5393
 30
0.0
 11
379.79
 21
13.7429
 31
0.0
  0
LINE
  5
711
  8
0
 62
1
 10
379.79
 20
13.7429
 30
0.0
 11
379.862
 21
13.9424
 31
0.0
  0
LINE
  5
712
  8
0
 62
1
 10
379.862
 20
13.9424
 30
0.0
 11
379.946
 21
14.137
 31
0.0
  0
LINE
  5
713
  8
0
 62
1
 10
379.946
 20
14.137
 30
0.0
 11
380.042
 21
14.3259
 31
0.0
  0
LINE
  5
714
  8
0
 62
1
 10
380.042
 20
14.3259
 30
0.0
 11
380.15
 21
14.5084
 31
0.0
  0
LINE
  5
715
  8
0
 62
1
 10
380.15
 20
14.5084
 30
0.0
 11
380.27
 21
14.6838
 31
0.0
  0
LINE
  5
716
  8
0
 62
1
 10
380.27
 20
14.6838
 30
0.0
 11
380.4
 21
14.8513
 31
0.0
  0
LINE
  5
717
  8
0
 62
1
 10
380.4
 20
14.8513
 30
0.0
 11
380.54
 21
15.0103
 31
0.0
  0
LINE
  5
718
  8
0
 62
1
 10
380.54
 20
15.0103
 30
0.0
 11
380.69
 21
15.1603
 31
0.0
  0
LINE
  5
719
  8
0
 62
1
 10
380.69
 20
15.1603
 30
0.0
 11
380.849
 21
15.3005
 31
0.0
  0
LINE
  5
71A
  8
0
 62
1
 10
380.849
 20
15.3005
 30
0.0
 11
381.016
 21
15.4304
 31
0.0
  0
LINE
  5
71B
  8
0
 62
1
 10
381.016
 20
15.4304
 30
0.0
 11
381.192
 21
15.5496
 31
0.0
  0
LINE
  5
71C
  8
0
 62
1
 10
381.192
 20
15.5496
 30
0.0
 11
381.374
 21
15.6575
 31
0.0
  0
LINE
  5
71D
  8
0
 62
1
 10
381.374
 20
15.6575
 30
0.0
 11
381.563
 21
15.7538
 31
0.0
  0
LINE
  5
71E
  8
0
 62
1
 10
381.563
 20
15.7538
 30
0.0
 11
381.758
 21
15.838
 31
0.0
  0
LINE
  5
71F
  8
0
 62
1
 10
381.758
 20
15.838
 30
0.0
 11
381.957
 21
15.9098
 31
0.0
  0
LINE
  5
720
  8
0
 62
1
 10
381.957
 20
15.9098
 30
0.0
 11
382.161
 21
15.969
 31
0.0
  0
LINE
  5
721
  8
0
 62
1
 10
382.161
 20
15.969
 30
0.0
 11
382.368
 21
16.0152
 31
0.0
  0
LINE
  5
722
  8
0
 62
1
 10
382.368
 20
16.0152
 30
0.0
 11
382.577
 21
16.0484
 31
0.0
  0
LINE
  5
723
  8
0
 62
1
 10
382.577
 20
16.0484
 30
0.0
 11
382.788
 21
16.0683
 31
0.0
  0
LINE
  5
724
  8
0
 62
1
 10
382.788
 20
16.0683
 30
0.0
 11
383.0
 21
16.075
 31
0.0
  0
LINE
  5
725
  8
0
 62
1
 10
383.0
 20
16.075
 30
0.0
 11
383.212
 21
16.0683
 31
0.0
  0
LINE
  5
726
  8
0
 62
1
 10
383.212
 20
16.0683
 30
0.0
 11
383.423
 21
16.0484
 31
0.0
  0
LINE
  5
727
  8
0
 62
1
 10
383.423
 20
16.0484
 30
0.0
 11
383.632
 21
16.0152
 31
0.0
  0
LINE
  5
728
  8
0
 62
1
 10
383.632
 20
16.0152
 30
0.0
 11
383.839
 21
15.969
 31
0.0
  0
LINE
  5
729
  8
0
 62
1
 10
383.839
 20
15.969
 30
0.0
 11
384.043
 21
15.9098
 31
0.0
  0
LINE
  5
72A
  8
0
 62
1
 10
384.043
 20
15.9098
 30
0.0
 11
384.242
 21
15.838
 31
0.0
  0
LINE
  5
72B
  8
0
 62
1
 10
384.242
 20
15.838
 30
0.0
 11
384.437
 21
15.7538
 31
0.0
  0
LINE
  5
72C
  8
0
 62
1
 10
384.437
 20
15.7538
 30
0.0
 11
384.626
 21
15.6575
 31
0.0
  0
LINE
  5
72D
  8
0
 62
1
 10
384.626
 20
15.6575
 30
0.0
 11
384.808
 21
15.5496
 31
0.0
  0
LINE
  5
72E
  8
0
 62
1
 10
384.808
 20
15.5496
 30
0.0
 11
384.984
 21
15.4304
 31
0.0
  0
LINE
  5
72F
  8
0
 62
1
 10
384.984
 20
15.4304
 30
0.0
 11
385.151
 21
15.3005
 31
0.0
  0
LINE
  5
730
  8
0
 62
1
 10
385.151
 20
15.3005
 30
0.0
 11
385.31
 21
15.1603
 31
0.0
  0
LINE
  5
731
  8
0
 62
1
 10
385.31
 20
15.1603
 30
0.0
 11
385.46
 21
15.0103
 31
0.0
  0
LINE
  5
732
  8
0
 62
1
 10
385.46
 20
15.0103
 30
0.0
 11
385.6
 21
14.8513
 31
0.0
  0
LINE
  5
733
  8
0
 62
1
 10
385.6
 20
14.8513
 30
0.0
 11
385.73
 21
14.6838
 31
0.0
  0
LINE
  5
734
  8
0
 62
1
 10
385.73
 20
14.6838
 30
0.0
 11
385.85
 21
14.5084
 31
0.0
  0
LINE
  5
735
  8
0
 62
1
 10
385.85
 20
14.5084
 30
0.0
 11
385.958
 21
14.3259
 31
0.0
  0
LINE
  5
736
  8
0
 62
1
 10
385.958
 20
14.3259
 30
0.0
 11
386.054
 21
14.137
 31
0.0
  0
LINE
  5
737
  8
0
 62
1
 10
386.054
 20
14.137
 30
0.0
 11
386.138
 21
13.9424
 31
0.0
  0
LINE
  5
738
  8
0
 62
1
 10
386.138
 20
13.9424
 30
0.0
 11
386.21
 21
13.7429
 31
0.0
  0
LINE
  5
739
  8
0
 62
1
 10
386.21
 20
13.7429
 30
0.0
 11
386.269
 21
13.5393
 31
0.0
  0
LINE
  5
73A
  8
0
 62
1
 10
386.269
 20
13.5393
 30
0.0
 11
386.315
 21
13.3324
 31
0.0
  0
LINE
  5
73B
  8
0
 62
1
 10
386.315
 20
13.3324
 30
0.0
 11
386.348
 21
13.123
 31
0.0
  0
LINE
  5
73C
  8
0
 62
1
 10
386.348
 20
13.123
 30
0.0
 11
386.368
 21
12.9119
 31
0.0
  0
LINE
  5
73D
  8
0
 62
1
 10
386.368
 20
12.9119
 30
0.0
 11
386.375
 21
12.7
 31
0.0
  0
LINE
  5
73E
  8
0
 62
1
 10
386.375
 20
12.7
 30
0.0
 11
386.368
 21
12.4881
 31
0.0
  0
LINE
  5
73F
  8
0
 62
1
 10
386.368
 20
12.4881
 30
0.0
 11
386.348
 21
12.277
 31
0.0
  0
LINE
  5
740
  8
0
 62
1
 10
386.348
 20
12.277
 30
0.0
 11
386.315
 21
12.0676
 31
0.0
  0
LINE
  5
741
  8
0
 62
1
 10
386.315
 20
12.0676
 30
0.0
 11
386.269
 21
11.8607
 31
0.0
  0
LINE
  5
742
  8
0
 62
1
 10
386.269
 20
11.8607
 30
0.0
 11
386.21
 21
11.6571
 31
0.0
  0
LINE
  5
743
  8
0
 62
1
 10
386.21
 20
11.6571
 30
0.0
 11
386.138
 21
11.4576
 31
0.0
  0
LINE
  5
744
  8
0
 62
1
 10
386.138
 20
11.4576
 30
0.0
 11
386.054
 21
11.263
 31
0.0
  0
LINE
  5
745
  8
0
 62
1
 10
386.054
 20
11.263
 30
0.0
 11
385.958
 21
11.0741
 31
0.0
  0
LINE
  5
746
  8
0
 62
1
 10
385.958
 20
11.0741
 30
0.0
 11
385.85
 21
10.8916
 31
0.0
  0
LINE
  5
747
  8
0
 62
1
 10
385.85
 20
10.8916
 30
0.0
 11
385.73
 21
10.7162
 31
0.0
  0
LINE
  5
748
  8
0
 62
1
 10
385.73
 20
10.7162
 30
0.0
 11
385.6
 21
10.5487
 31
0.0
  0
LINE
  5
749
  8
0
 62
1
 10
385.6
 20
10.5487
 30
0.0
 11
385.46
 21
10.3896
 31
0.0
  0
LINE
  5
74A
  8
0
 62
1
 10
385.46
 20
10.3896
 30
0.0
 11
385.31
 21
10.2397
 31
0.0
  0
LINE
  5
74B
  8
0
 62
1
 10
385.31
 20
10.2397
 30
0.0
 11
385.151
 21
10.0995
 31
0.0
  0
LINE
  5
74C
  8
0
 62
1
 10
385.151
 20
10.0995
 30
0.0
 11
384.984
 21
9.96956
 31
0.0
  0
LINE
  5
74D
  8
0
 62
1
 10
384.984
 20
9.96956
 30
0.0
 11
384.808
 21
9.85039
 31
0.0
  0
LINE
  5
74E
  8
0
 62
1
 10
384.808
 20
9.85039
 30
0.0
 11
384.626
 21
9.74246
 31
0.0
  0
LINE
  5
74F
  8
0
 62
1
 10
384.626
 20
9.74246
 30
0.0
 11
384.437
 21
9.64621
 31
0.0
  0
LINE
  5
750
  8
0
 62
1
 10
384.437
 20
9.64621
 30
0.0
 11
384.242
 21
9.562
 31
0.0
  0
LINE
  5
751
  8
0
 62
1
 10
384.242
 20
9.562
 30
0.0
 11
384.043
 21
9.49017
 31
0.0
  0
LINE
  5
752
  8
0
 62
1
 10
384.043
 20
9.49017
 30
0.0
 11
383.839
 21
9.43103
 31
0.0
  0
LINE
  5
753
  8
0
 62
1
 10
383.839
 20
9.43103
 30
0.0
 11
383.632
 21
9.38478
 31
0.0
  0
LINE
  5
754
  8
0
 62
1
 10
383.632
 20
9.38478
 30
0.0
 11
383.423
 21
9.35161
 31
0.0
  0
LINE
  5
755
  8
0
 62
1
 10
383.423
 20
9.35161
 30
0.0
 11
383.212
 21
9.33165
 31
0.0
  0
LINE
  5
756
  8
0
 62
1
 10
383.212
 20
9.33165
 30
0.0
 11
383.0
 21
9.325
 31
0.0
  0
LINE
  5
757
  8
0
 62
1
 10
383.0
 20
9.325
 30
0.0
 11
382.788
 21
9.33165
 31
0.0
  0
LINE
  5
758
  8
0
 62
1
 10
395.7
 20
-2.0
 30
0.0
 11
370.3
 21
-2.0
 31
0.0
  0
LINE
  5
759
  8
0
 62
1
 10
370.3
 20
-2.0
 30
0.0
 11
370.3
 21
-103.6
 31
0.0
  0
LINE
  5
75A
  8
0
 62
1
 10
370.3
 20
-103.6
 30
0.0
 11
395.7
 21
-103.6
 31
0.0
  0
LINE
  5
75B
  8
0
 62
1
 10
395.7
 20
-103.6
 30
0.0
 11
395.7
 21
-2.0
 31
0.0
  0
LINE
  5
75C
  8
0
 62
1
 10
382.788
 20
-18.0683
 30
0.0
 11
382.577
 21
-18.0484
 31
0.0
  0
LINE
  5
75D
  8
0
 62
1
 10
382.577
 20
-18.0484
 30
0.0
 11
382.368
 21
-18.0152
 31
0.0
  0
LINE
  5
75E
  8
0
 62
1
 10
382.368
 20
-18.0152
 30
0.0
 11
382.161
 21
-17.969
 31
0.0
  0
LINE
  5
75F
  8
0
 62
1
 10
382.161
 20
-17.969
 30
0.0
 11
381.957
 21
-17.9098
 31
0.0
  0
LINE
  5
760
  8
0
 62
1
 10
381.957
 20
-17.9098
 30
0.0
 11
381.758
 21
-17.838
 31
0.0
  0
LINE
  5
761
  8
0
 62
1
 10
381.758
 20
-17.838
 30
0.0
 11
381.563
 21
-17.7538
 31
0.0
  0
LINE
  5
762
  8
0
 62
1
 10
381.563
 20
-17.7538
 30
0.0
 11
381.374
 21
-17.6575
 31
0.0
  0
LINE
  5
763
  8
0
 62
1
 10
381.374
 20
-17.6575
 30
0.0
 11
381.192
 21
-17.5496
 31
0.0
  0
LINE
  5
764
  8
0
 62
1
 10
381.192
 20
-17.5496
 30
0.0
 11
381.016
 21
-17.4304
 31
0.0
  0
LINE
  5
765
  8
0
 62
1
 10
381.016
 20
-17.4304
 30
0.0
 11
380.849
 21
-17.3005
 31
0.0
  0
LINE
  5
766
  8
0
 62
1
 10
380.849
 20
-17.3005
 30
0.0
 11
380.69
 21
-17.1603
 31
0.0
  0
LINE
  5
767
  8
0
 62
1
 10
380.69
 20
-17.1603
 30
0.0
 11
380.54
 21
-17.0103
 31
0.0
  0
LINE
  5
768
  8
0
 62
1
 10
380.54
 20
-17.0103
 30
0.0
 11
380.4
 21
-16.8513
 31
0.0
  0
LINE
  5
769
  8
0
 62
1
 10
380.4
 20
-16.8513
 30
0.0
 11
380.27
 21
-16.6838
 31
0.0
  0
LINE
  5
76A
  8
0
 62
1
 10
380.27
 20
-16.6838
 30
0.0
 11
380.15
 21
-16.5084
 31
0.0
  0
LINE
  5
76B
  8
0
 62
1
 10
380.15
 20
-16.5084
 30
0.0
 11
380.042
 21
-16.3259
 31
0.0
  0
LINE
  5
76C
  8
0
 62
1
 10
380.042
 20
-16.3259
 30
0.0
 11
379.946
 21
-16.137
 31
0.0
  0
LINE
  5
76D
  8
0
 62
1
 10
379.946
 20
-16.137
 30
0.0
 11
379.862
 21
-15.9424
 31
0.0
  0
LINE
  5
76E
  8
0
 62
1
 10
379.862
 20
-15.9424
 30
0.0
 11
379.79
 21
-15.7429
 31
0.0
  0
LINE
  5
76F
  8
0
 62
1
 10
379.79
 20
-15.7429
 30
0.0
 11
379.731
 21
-15.5393
 31
0.0
  0
LINE
  5
770
  8
0
 62
1
 10
379.731
 20
-15.5393
 30
0.0
 11
379.685
 21
-15.3324
 31
0.0
  0
LINE
  5
771
  8
0
 62
1
 10
379.685
 20
-15.3324
 30
0.0
 11
379.652
 21
-15.123
 31
0.0
  0
LINE
  5
772
  8
0
 62
1
 10
379.652
 20
-15.123
 30
0.0
 11
379.632
 21
-14.9119
 31
0.0
  0
LINE
  5
773
  8
0
 62
1
 10
379.632
 20
-14.9119
 30
0.0
 11
379.625
 21
-14.7
 31
0.0
  0
LINE
  5
774
  8
0
 62
1
 10
379.625
 20
-14.7
 30
0.0
 11
379.632
 21
-14.4881
 31
0.0
  0
LINE
  5
775
  8
0
 62
1
 10
379.632
 20
-14.4881
 30
0.0
 11
379.652
 21
-14.277
 31
0.0
  0
LINE
  5
776
  8
0
 62
1
 10
379.652
 20
-14.277
 30
0.0
 11
379.685
 21
-14.0676
 31
0.0
  0
LINE
  5
777
  8
0
 62
1
 10
379.685
 20
-14.0676
 30
0.0
 11
379.731
 21
-13.8607
 31
0.0
  0
LINE
  5
778
  8
0
 62
1
 10
379.731
 20
-13.8607
 30
0.0
 11
379.79
 21
-13.6571
 31
0.0
  0
LINE
  5
779
  8
0
 62
1
 10
379.79
 20
-13.6571
 30
0.0
 11
379.862
 21
-13.4576
 31
0.0
  0
LINE
  5
77A
  8
0
 62
1
 10
379.862
 20
-13.4576
 30
0.0
 11
379.946
 21
-13.263
 31
0.0
  0
LINE
  5
77B
  8
0
 62
1
 10
379.946
 20
-13.263
 30
0.0
 11
380.042
 21
-13.0741
 31
0.0
  0
LINE
  5
77C
  8
0
 62
1
 10
380.042
 20
-13.0741
 30
0.0
 11
380.15
 21
-12.8916
 31
0.0
  0
LINE
  5
77D
  8
0
 62
1
 10
380.15
 20
-12.8916
 30
0.0
 11
380.27
 21
-12.7162
 31
0.0
  0
LINE
  5
77E
  8
0
 62
1
 10
380.27
 20
-12.7162
 30
0.0
 11
380.4
 21
-12.5487
 31
0.0
  0
LINE
  5
77F
  8
0
 62
1
 10
380.4
 20
-12.5487
 30
0.0
 11
380.54
 21
-12.3896
 31
0.0
  0
LINE
  5
780
  8
0
 62
1
 10
380.54
 20
-12.3896
 30
0.0
 11
380.69
 21
-12.2397
 31
0.0
  0
LINE
  5
781
  8
0
 62
1
 10
380.69
 20
-12.2397
 30
0.0
 11
380.849
 21
-12.0995
 31
0.0
  0
LINE
  5
782
  8
0
 62
1
 10
380.849
 20
-12.0995
 30
0.0
 11
381.016
 21
-11.9696
 31
0.0
  0
LINE
  5
783
  8
0
 62
1
 10
381.016
 20
-11.9696
 30
0.0
 11
381.192
 21
-11.8504
 31
0.0
  0
LINE
  5
784
  8
0
 62
1
 10
381.192
 20
-11.8504
 30
0.0
 11
381.374
 21
-11.7425
 31
0.0
  0
LINE
  5
785
  8
0
 62
1
 10
381.374
 20
-11.7425
 30
0.0
 11
381.563
 21
-11.6462
 31
0.0
  0
LINE
  5
786
  8
0
 62
1
 10
381.563
 20
-11.6462
 30
0.0
 11
381.758
 21
-11.562
 31
0.0
  0
LINE
  5
787
  8
0
 62
1
 10
381.758
 20
-11.562
 30
0.0
 11
381.957
 21
-11.4902
 31
0.0
  0
LINE
  5
788
  8
0
 62
1
 10
381.957
 20
-11.4902
 30
0.0
 11
382.161
 21
-11.431
 31
0.0
  0
LINE
  5
789
  8
0
 62
1
 10
382.161
 20
-11.431
 30
0.0
 11
382.368
 21
-11.3848
 31
0.0
  0
LINE
  5
78A
  8
0
 62
1
 10
382.368
 20
-11.3848
 30
0.0
 11
382.577
 21
-11.3516
 31
0.0
  0
LINE
  5
78B
  8
0
 62
1
 10
382.577
 20
-11.3516
 30
0.0
 11
382.788
 21
-11.3316
 31
0.0
  0
LINE
  5
78C
  8
0
 62
1
 10
382.788
 20
-11.3316
 30
0.0
 11
383.0
 21
-11.325
 31
0.0
  0
LINE
  5
78D
  8
0
 62
1
 10
383.0
 20
-11.325
 30
0.0
 11
383.212
 21
-11.3316
 31
0.0
  0
LINE
  5
78E
  8
0
 62
1
 10
383.212
 20
-11.3316
 30
0.0
 11
383.423
 21
-11.3516
 31
0.0
  0
LINE
  5
78F
  8
0
 62
1
 10
383.423
 20
-11.3516
 30
0.0
 11
383.632
 21
-11.3848
 31
0.0
  0
LINE
  5
790
  8
0
 62
1
 10
383.632
 20
-11.3848
 30
0.0
 11
383.839
 21
-11.431
 31
0.0
  0
LINE
  5
791
  8
0
 62
1
 10
383.839
 20
-11.431
 30
0.0
 11
384.043
 21
-11.4902
 31
0.0
  0
LINE
  5
792
  8
0
 62
1
 10
384.043
 20
-11.4902
 30
0.0
 11
384.242
 21
-11.562
 31
0.0
  0
LINE
  5
793
  8
0
 62
1
 10
384.242
 20
-11.562
 30
0.0
 11
384.437
 21
-11.6462
 31
0.0
  0
LINE
  5
794
  8
0
 62
1
 10
384.437
 20
-11.6462
 30
0.0
 11
384.626
 21
-11.7425
 31
0.0
  0
LINE
  5
795
  8
0
 62
1
 10
384.626
 20
-11.7425
 30
0.0
 11
384.808
 21
-11.8504
 31
0.0
  0
LINE
  5
796
  8
0
 62
1
 10
384.808
 20
-11.8504
 30
0.0
 11
384.984
 21
-11.9696
 31
0.0
  0
LINE
  5
797
  8
0
 62
1
 10
384.984
 20
-11.9696
 30
0.0
 11
385.151
 21
-12.0995
 31
0.0
  0
LINE
  5
798
  8
0
 62
1
 10
385.151
 20
-12.0995
 30
0.0
 11
385.31
 21
-12.2397
 31
0.0
  0
LINE
  5
799
  8
0
 62
1
 10
385.31
 20
-12.2397
 30
0.0
 11
385.46
 21
-12.3896
 31
0.0
  0
LINE
  5
79A
  8
0
 62
1
 10
385.46
 20
-12.3896
 30
0.0
 11
385.6
 21
-12.5487
 31
0.0
  0
LINE
  5
79B
  8
0
 62
1
 10
385.6
 20
-12.5487
 30
0.0
 11
385.73
 21
-12.7162
 31
0.0
  0
LINE
  5
79C
  8
0
 62
1
 10
385.73
 20
-12.7162
 30
0.0
 11
385.85
 21
-12.8916
 31
0.0
  0
LINE
  5
79D
  8
0
 62
1
 10
385.85
 20
-12.8916
 30
0.0
 11
385.958
 21
-13.0741
 31
0.0
  0
LINE
  5
79E
  8
0
 62
1
 10
385.958
 20
-13.0741
 30
0.0
 11
386.054
 21
-13.263
 31
0.0
  0
LINE
  5
79F
  8
0
 62
1
 10
386.054
 20
-13.263
 30
0.0
 11
386.138
 21
-13.4576
 31
0.0
  0
LINE
  5
7A0
  8
0
 62
1
 10
386.138
 20
-13.4576
 30
0.0
 11
386.21
 21
-13.6571
 31
0.0
  0
LINE
  5
7A1
  8
0
 62
1
 10
386.21
 20
-13.6571
 30
0.0
 11
386.269
 21
-13.8607
 31
0.0
  0
LINE
  5
7A2
  8
0
 62
1
 10
386.269
 20
-13.8607
 30
0.0
 11
386.315
 21
-14.0676
 31
0.0
  0
LINE
  5
7A3
  8
0
 62
1
 10
386.315
 20
-14.0676
 30
0.0
 11
386.348
 21
-14.277
 31
0.0
  0
LINE
  5
7A4
  8
0
 62
1
 10
386.348
 20
-14.277
 30
0.0
 11
386.368
 21
-14.4881
 31
0.0
  0
LINE
  5
7A5
  8
0
 62
1
 10
386.368
 20
-14.4881
 30
0.0
 11
386.375
 21
-14.7
 31
0.0
  0
LINE
  5
7A6
  8
0
 62
1
 10
386.375
 20
-14.7
 30
0.0
 11
386.368
 21
-14.9119
 31
0.0
  0
LINE
  5
7A7
  8
0
 62
1
 10
386.368
 20
-14.9119
 30
0.0
 11
386.348
 21
-15.123
 31
0.0
  0
LINE
  5
7A8
  8
0
 62
1
 10
386.348
 20
-15.123
 30
0.0
 11
386.315
 21
-15.3324
 31
0.0
  0
LINE
  5
7A9
  8
0
 62
1
 10
386.315
 20
-15.3324
 30
0.0
 11
386.269
 21
-15.5393
 31
0.0
  0
LINE
  5
7AA
  8
0
 62
1
 10
386.269
 20
-15.5393
 30
0.0
 11
386.21
 21
-15.7429
 31
0.0
  0
LINE
  5
7AB
  8
0
 62
1
 10
386.21
 20
-15.7429
 30
0.0
 11
386.138
 21
-15.9424
 31
0.0
  0
LINE
  5
7AC
  8
0
 62
1
 10
386.138
 20
-15.9424
 30
0.0
 11
386.054
 21
-16.137
 31
0.0
  0
LINE
  5
7AD
  8
0
 62
1
 10
386.054
 20
-16.137
 30
0.0
 11
385.958
 21
-16.3259
 31
0.0
  0
LINE
  5
7AE
  8
0
 62
1
 10
385.958
 20
-16.3259
 30
0.0
 11
385.85
 21
-16.5084
 31
0.0
  0
LINE
  5
7AF
  8
0
 62
1
 10
385.85
 20
-16.5084
 30
0.0
 11
385.73
 21
-16.6838
 31
0.0
  0
LINE
  5
7B0
  8
0
 62
1
 10
385.73
 20
-16.6838
 30
0.0
 11
385.6
 21
-16.8513
 31
0.0
  0
LINE
  5
7B1
  8
0
 62
1
 10
385.6
 20
-16.8513
 30
0.0
 11
385.46
 21
-17.0103
 31
0.0
  0
LINE
  5
7B2
  8
0
 62
1
 10
385.46
 20
-17.0103
 30
0.0
 11
385.31
 21
-17.1603
 31
0.0
  0
LINE
  5
7B3
  8
0
 62
1
 10
385.31
 20
-17.1603
 30
0.0
 11
385.151
 21
-17.3005
 31
0.0
  0
LINE
  5
7B4
  8
0
 62
1
 10
385.151
 20
-17.3005
 30
0.0
 11
384.984
 21
-17.4304
 31
0.0
  0
LINE
  5
7B5
  8
0
 62
1
 10
384.984
 20
-17.4304
 30
0.0
 11
384.808
 21
-17.5496
 31
0.0
  0
LINE
  5
7B6
  8
0
 62
1
 10
384.808
 20
-17.5496
 30
0.0
 11
384.626
 21
-17.6575
 31
0.0
  0
LINE
  5
7B7
  8
0
 62
1
 10
384.626
 20
-17.6575
 30
0.0
 11
384.437
 21
-17.7538
 31
0.0
  0
LINE
  5
7B8
  8
0
 62
1
 10
384.437
 20
-17.7538
 30
0.0
 11
384.242
 21
-17.838
 31
0.0
  0
LINE
  5
7B9
  8
0
 62
1
 10
384.242
 20
-17.838
 30
0.0
 11
384.043
 21
-17.9098
 31
0.0
  0
LINE
  5
7BA
  8
0
 62
1
 10
384.043
 20
-17.9098
 30
0.0
 11
383.839
 21
-17.969
 31
0.0
  0
LINE
  5
7BB
  8
0
 62
1
 10
383.839
 20
-17.969
 30
0.0
 11
383.632
 21
-18.0152
 31
0.0
  0
LINE
  5
7BC
  8
0
 62
1
 10
383.632
 20
-18.0152
 30
0.0
 11
383.423
 21
-18.0484
 31
0.0
  0
LINE
  5
7BD
  8
0
 62
1
 10
383.423
 20
-18.0484
 30
0.0
 11
383.212
 21
-18.0683
 31
0.0
  0
LINE
  5
7BE
  8
0
 62
1
 10
383.212
 20
-18.0683
 30
0.0
 11
383.0
 21
-18.075
 31
0.0
  0
LINE
  5
7BF
  8
0
 62
1
 10
383.0
 20
-18.075
 30
0.0
 11
382.788
 21
-18.0683
 31
0.0
  0
LINE
  5
7C0
  8
0
 62
1
 10
382.788
 20
-43.4683
 30
0.0
 11
382.577
 21
-43.4484
 31
0.0
  0
LINE
  5
7C1
  8
0
 62
1
 10
382.577
 20
-43.4484
 30
0.0
 11
382.368
 21
-43.4152
 31
0.0
  0
LINE
  5
7C2
  8
0
 62
1
 10
382.368
 20
-43.4152
 30
0.0
 11
382.161
 21
-43.369
 31
0.0
  0
LINE
  5
7C3
  8
0
 62
1
 10
382.161
 20
-43.369
 30
0.0
 11
381.957
 21
-43.3098
 31
0.0
  0
LINE
  5
7C4
  8
0
 62
1
 10
381.957
 20
-43.3098
 30
0.0
 11
381.758
 21
-43.238
 31
0.0
  0
LINE
  5
7C5
  8
0
 62
1
 10
381.758
 20
-43.238
 30
0.0
 11
381.563
 21
-43.1538
 31
0.0
  0
LINE
  5
7C6
  8
0
 62
1
 10
381.563
 20
-43.1538
 30
0.0
 11
381.374
 21
-43.0575
 31
0.0
  0
LINE
  5
7C7
  8
0
 62
1
 10
381.374
 20
-43.0575
 30
0.0
 11
381.192
 21
-42.9496
 31
0.0
  0
LINE
  5
7C8
  8
0
 62
1
 10
381.192
 20
-42.9496
 30
0.0
 11
381.016
 21
-42.8304
 31
0.0
  0
LINE
  5
7C9
  8
0
 62
1
 10
381.016
 20
-42.8304
 30
0.0
 11
380.849
 21
-42.7005
 31
0.0
  0
LINE
  5
7CA
  8
0
 62
1
 10
380.849
 20
-42.7005
 30
0.0
 11
380.69
 21
-42.5603
 31
0.0
  0
LINE
  5
7CB
  8
0
 62
1
 10
380.69
 20
-42.5603
 30
0.0
 11
380.54
 21
-42.4103
 31
0.0
  0
LINE
  5
7CC
  8
0
 62
1
 10
380.54
 20
-42.4103
 30
0.0
 11
380.4
 21
-42.2513
 31
0.0
  0
LINE
  5
7CD
  8
0
 62
1
 10
380.4
 20
-42.2513
 30
0.0
 11
380.27
 21
-42.0838
 31
0.0
  0
LINE
  5
7CE
  8
0
 62
1
 10
380.27
 20
-42.0838
 30
0.0
 11
380.15
 21
-41.9084
 31
0.0
  0
LINE
  5
7CF
  8
0
 62
1
 10
380.15
 20
-41.9084
 30
0.0
 11
380.042
 21
-41.7259
 31
0.0
  0
LINE
  5
7D0
  8
0
 62
1
 10
380.042
 20
-41.7259
 30
0.0
 11
379.946
 21
-41.537
 31
0.0
  0
LINE
  5
7D1
  8
0
 62
1
 10
379.946
 20
-41.537
 30
0.0
 11
379.862
 21
-41.3424
 31
0.0
  0
LINE
  5
7D2
  8
0
 62
1
 10
379.862
 20
-41.3424
 30
0.0
 11
379.79
 21
-41.1429
 31
0.0
  0
LINE
  5
7D3
  8
0
 62
1
 10
379.79
 20
-41.1429
 30
0.0
 11
379.731
 21
-40.9393
 31
0.0
  0
LINE
  5
7D4
  8
0
 62
1
 10
379.731
 20
-40.9393
 30
0.0
 11
379.685
 21
-40.7324
 31
0.0
  0
LINE
  5
7D5
  8
0
 62
1
 10
379.685
 20
-40.7324
 30
0.0
 11
379.652
 21
-40.523
 31
0.0
  0
LINE
  5
7D6
  8
0
 62
1
 10
379.652
 20
-40.523
 30
0.0
 11
379.632
 21
-40.3119
 31
0.0
  0
LINE
  5
7D7
  8
0
 62
1
 10
379.632
 20
-40.3119
 30
0.0
 11
379.625
 21
-40.1
 31
0.0
  0
LINE
  5
7D8
  8
0
 62
1
 10
379.625
 20
-40.1
 30
0.0
 11
379.632
 21
-39.8881
 31
0.0
  0
LINE
  5
7D9
  8
0
 62
1
 10
379.632
 20
-39.8881
 30
0.0
 11
379.652
 21
-39.677
 31
0.0
  0
LINE
  5
7DA
  8
0
 62
1
 10
379.652
 20
-39.677
 30
0.0
 11
379.685
 21
-39.4676
 31
0.0
  0
LINE
  5
7DB
  8
0
 62
1
 10
379.685
 20
-39.4676
 30
0.0
 11
379.731
 21
-39.2607
 31
0.0
  0
LINE
  5
7DC
  8
0
 62
1
 10
379.731
 20
-39.2607
 30
0.0
 11
379.79
 21
-39.0571
 31
0.0
  0
LINE
  5
7DD
  8
0
 62
1
 10
379.79
 20
-39.0571
 30
0.0
 11
379.862
 21
-38.8576
 31
0.0
  0
LINE
  5
7DE
  8
0
 62
1
 10
379.862
 20
-38.8576
 30
0.0
 11
379.946
 21
-38.663
 31
0.0
  0
LINE
  5
7DF
  8
0
 62
1
 10
379.946
 20
-38.663
 30
0.0
 11
380.042
 21
-38.4741
 31
0.0
  0
LINE
  5
7E0
  8
0
 62
1
 10
380.042
 20
-38.4741
 30
0.0
 11
380.15
 21
-38.2916
 31
0.0
  0
LINE
  5
7E1
  8
0
 62
1
 10
380.15
 20
-38.2916
 30
0.0
 11
380.27
 21
-38.1162
 31
0.0
  0
LINE
  5
7E2
  8
0
 62
1
 10
380.27
 20
-38.1162
 30
0.0
 11
380.4
 21
-37.9487
 31
0.0
  0
LINE
  5
7E3
  8
0
 62
1
 10
380.4
 20
-37.9487
 30
0.0
 11
380.54
 21
-37.7896
 31
0.0
  0
LINE
  5
7E4
  8
0
 62
1
 10
380.54
 20
-37.7896
 30
0.0
 11
380.69
 21
-37.6397
 31
0.0
  0
LINE
  5
7E5
  8
0
 62
1
 10
380.69
 20
-37.6397
 30
0.0
 11
380.849
 21
-37.4995
 31
0.0
  0
LINE
  5
7E6
  8
0
 62
1
 10
380.849
 20
-37.4995
 30
0.0
 11
381.016
 21
-37.3696
 31
0.0
  0
LINE
  5
7E7
  8
0
 62
1
 10
381.016
 20
-37.3696
 30
0.0
 11
381.192
 21
-37.2504
 31
0.0
  0
LINE
  5
7E8
  8
0
 62
1
 10
381.192
 20
-37.2504
 30
0.0
 11
381.374
 21
-37.1425
 31
0.0
  0
LINE
  5
7E9
  8
0
 62
1
 10
381.374
 20
-37.1425
 30
0.0
 11
381.563
 21
-37.0462
 31
0.0
  0
LINE
  5
7EA
  8
0
 62
1
 10
381.563
 20
-37.0462
 30
0.0
 11
381.758
 21
-36.962
 31
0.0
  0
LINE
  5
7EB
  8
0
 62
1
 10
381.758
 20
-36.962
 30
0.0
 11
381.957
 21
-36.8902
 31
0.0
  0
LINE
  5
7EC
  8
0
 62
1
 10
381.957
 20
-36.8902
 30
0.0
 11
382.161
 21
-36.831
 31
0.0
  0
LINE
  5
7ED
  8
0
 62
1
 10
382.161
 20
-36.831
 30
0.0
 11
382.368
 21
-36.7848
 31
0.0
  0
LINE
  5
7EE
  8
0
 62
1
 10
382.368
 20
-36.7848
 30
0.0
 11
382.577
 21
-36.7516
 31
0.0
  0
LINE
  5
7EF
  8
0
 62
1
 10
382.577
 20
-36.7516
 30
0.0
 11
382.788
 21
-36.7317
 31
0.0
  0
LINE
  5
7F0
  8
0
 62
1
 10
382.788
 20
-36.7317
 30
0.0
 11
383.0
 21
-36.725
 31
0.0
  0
LINE
  5
7F1
  8
0
 62
1
 10
383.0
 20
-36.725
 30
0.0
 11
383.212
 21
-36.7317
 31
0.0
  0
LINE
  5
7F2
  8
0
 62
1
 10
383.212
 20
-36.7317
 30
0.0
 11
383.423
 21
-36.7516
 31
0.0
  0
LINE
  5
7F3
  8
0
 62
1
 10
383.423
 20
-36.7516
 30
0.0
 11
383.632
 21
-36.7848
 31
0.0
  0
LINE
  5
7F4
  8
0
 62
1
 10
383.632
 20
-36.7848
 30
0.0
 11
383.839
 21
-36.831
 31
0.0
  0
LINE
  5
7F5
  8
0
 62
1
 10
383.839
 20
-36.831
 30
0.0
 11
384.043
 21
-36.8902
 31
0.0
  0
LINE
  5
7F6
  8
0
 62
1
 10
384.043
 20
-36.8902
 30
0.0
 11
384.242
 21
-36.962
 31
0.0
  0
LINE
  5
7F7
  8
0
 62
1
 10
384.242
 20
-36.962
 30
0.0
 11
384.437
 21
-37.0462
 31
0.0
  0
LINE
  5
7F8
  8
0
 62
1
 10
384.437
 20
-37.0462
 30
0.0
 11
384.626
 21
-37.1425
 31
0.0
  0
LINE
  5
7F9
  8
0
 62
1
 10
384.626
 20
-37.1425
 30
0.0
 11
384.808
 21
-37.2504
 31
0.0
  0
LINE
  5
7FA
  8
0
 62
1
 10
384.808
 20
-37.2504
 30
0.0
 11
384.984
 21
-37.3696
 31
0.0
  0
LINE
  5
7FB
  8
0
 62
1
 10
384.984
 20
-37.3696
 30
0.0
 11
385.151
 21
-37.4995
 31
0.0
  0
LINE
  5
7FC
  8
0
 62
1
 10
385.151
 20
-37.4995
 30
0.0
 11
385.31
 21
-37.6397
 31
0.0
  0
LINE
  5
7FD
  8
0
 62
1
 10
385.31
 20
-37.6397
 30
0.0
 11
385.46
 21
-37.7896
 31
0.0
  0
LINE
  5
7FE
  8
0
 62
1
 10
385.46
 20
-37.7896
 30
0.0
 11
385.6
 21
-37.9487
 31
0.0
  0
LINE
  5
7FF
  8
0
 62
1
 10
385.6
 20
-37.9487
 30
0.0
 11
385.73
 21
-38.1162
 31
0.0
  0
LINE
  5
800
  8
0
 62
1
 10
385.73
 20
-38.1162
 30
0.0
 11
385.85
 21
-38.2916
 31
0.0
  0
LINE
  5
801
  8
0
 62
1
 10
385.85
 20
-38.2916
 30
0.0
 11
385.958
 21
-38.4741
 31
0.0
  0
LINE
  5
802
  8
0
 62
1
 10
385.958
 20
-38.4741
 30
0.0
 11
386.054
 21
-38.663
 31
0.0
  0
LINE
  5
803
  8
0
 62
1
 10
386.054
 20
-38.663
 30
0.0
 11
386.138
 21
-38.8576
 31
0.0
  0
LINE
  5
804
  8
0
 62
1
 10
386.138
 20
-38.8576
 30
0.0
 11
386.21
 21
-39.0571
 31
0.0
  0
LINE
  5
805
  8
0
 62
1
 10
386.21
 20
-39.0571
 30
0.0
 11
386.269
 21
-39.2607
 31
0.0
  0
LINE
  5
806
  8
0
 62
1
 10
386.269
 20
-39.2607
 30
0.0
 11
386.315
 21
-39.4676
 31
0.0
  0
LINE
  5
807
  8
0
 62
1
 10
386.315
 20
-39.4676
 30
0.0
 11
386.348
 21
-39.677
 31
0.0
  0
LINE
  5
808
  8
0
 62
1
 10
386.348
 20
-39.677
 30
0.0
 11
386.368
 21
-39.8881
 31
0.0
  0
LINE
  5
809
  8
0
 62
1
 10
386.368
 20
-39.8881
 30
0.0
 11
386.375
 21
-40.1
 31
0.0
  0
LINE
  5
80A
  8
0
 62
1
 10
386.375
 20
-40.1
 30
0.0
 11
386.368
 21
-40.3119
 31
0.0
  0
LINE
  5
80B
  8
0
 62
1
 10
386.368
 20
-40.3119
 30
0.0
 11
386.348
 21
-40.523
 31
0.0
  0
LINE
  5
80C
  8
0
 62
1
 10
386.348
 20
-40.523
 30
0.0
 11
386.315
 21
-40.7324
 31
0.0
  0
LINE
  5
80D
  8
0
 62
1
 10
386.315
 20
-40.7324
 30
0.0
 11
386.269
 21
-40.9393
 31
0.0
  0
LINE
  5
80E
  8
0
 62
1
 10
386.269
 20
-40.9393
 30
0.0
 11
386.21
 21
-41.1429
 31
0.0
  0
LINE
  5
80F
  8
0
 62
1
 10
386.21
 20
-41.1429
 30
0.0
 11
386.138
 21
-41.3424
 31
0.0
  0
LINE
  5
810
  8
0
 62
1
 10
386.138
 20
-41.3424
 30
0.0
 11
386.054
 21
-41.537
 31
0.0
  0
LINE
  5
811
  8
0
 62
1
 10
386.054
 20
-41.537
 30
0.0
 11
385.958
 21
-41.7259
 31
0.0
  0
LINE
  5
812
  8
0
 62
1
 10
385.958
 20
-41.7259
 30
0.0
 11
385.85
 21
-41.9084
 31
0.0
  0
LINE
  5
813
  8
0
 62
1
 10
385.85
 20
-41.9084
 30
0.0
 11
385.73
 21
-42.0838
 31
0.0
  0
LINE
  5
814
  8
0
 62
1
 10
385.73
 20
-42.0838
 30
0.0
 11
385.6
 21
-42.2513
 31
0.0
  0
LINE
  5
815
  8
0
 62
1
 10
385.6
 20
-42.2513
 30
0.0
 11
385.46
 21
-42.4103
 31
0.0
  0
LINE
  5
816
  8
0
 62
1
 10
385.46
 20
-42.4103
 30
0.0
 11
385.31
 21
-42.5603
 31
0.0
  0
LINE
  5
817
  8
0
 62
1
 10
385.31
 20
-42.5603
 30
0.0
 11
385.151
 21
-42.7005
 31
0.0
  0
LINE
  5
818
  8
0
 62
1
 10
385.151
 20
-42.7005
 30
0.0
 11
384.984
 21
-42.8304
 31
0.0
  0
LINE
  5
819
  8
0
 62
1
 10
384.984
 20
-42.8304
 30
0.0
 11
384.808
 21
-42.9496
 31
0.0
  0
LINE
  5
81A
  8
0
 62
1
 10
384.808
 20
-42.9496
 30
0.0
 11
384.626
 21
-43.0575
 31
0.0
  0
LINE
  5
81B
  8
0
 62
1
 10
384.626
 20
-43.0575
 30
0.0
 11
384.437
 21
-43.1538
 31
0.0
  0
LINE
  5
81C
  8
0
 62
1
 10
384.437
 20
-43.1538
 30
0.0
 11
384.242
 21
-43.238
 31
0.0
  0
LINE
  5
81D
  8
0
 62
1
 10
384.242
 20
-43.238
 30
0.0
 11
384.043
 21
-43.3098
 31
0.0
  0
LINE
  5
81E
  8
0
 62
1
 10
384.043
 20
-43.3098
 30
0.0
 11
383.839
 21
-43.369
 31
0.0
  0
LINE
  5
81F
  8
0
 62
1
 10
383.839
 20
-43.369
 30
0.0
 11
383.632
 21
-43.4152
 31
0.0
  0
LINE
  5
820
  8
0
 62
1
 10
383.632
 20
-43.4152
 30
0.0
 11
383.423
 21
-43.4484
 31
0.0
  0
LINE
  5
821
  8
0
 62
1
 10
383.423
 20
-43.4484
 30
0.0
 11
383.212
 21
-43.4683
 31
0.0
  0
LINE
  5
822
  8
0
 62
1
 10
383.212
 20
-43.4683
 30
0.0
 11
383.0
 21
-43.475
 31
0.0
  0
LINE
  5
823
  8
0
 62
1
 10
383.0
 20
-43.475
 30
0.0
 11
382.788
 21
-43.4683
 31
0.0
  0
LINE
  5
824
  8
0
 62
1
 10
382.788
 20
-68.8683
 30
0.0
 11
382.577
 21
-68.8484
 31
0.0
  0
LINE
  5
825
  8
0
 62
1
 10
382.577
 20
-68.8484
 30
0.0
 11
382.368
 21
-68.8152
 31
0.0
  0
LINE
  5
826
  8
0
 62
1
 10
382.368
 20
-68.8152
 30
0.0
 11
382.161
 21
-68.769
 31
0.0
  0
LINE
  5
827
  8
0
 62
1
 10
382.161
 20
-68.769
 30
0.0
 11
381.957
 21
-68.7098
 31
0.0
  0
LINE
  5
828
  8
0
 62
1
 10
381.957
 20
-68.7098
 30
0.0
 11
381.758
 21
-68.638
 31
0.0
  0
LINE
  5
829
  8
0
 62
1
 10
381.758
 20
-68.638
 30
0.0
 11
381.563
 21
-68.5538
 31
0.0
  0
LINE
  5
82A
  8
0
 62
1
 10
381.563
 20
-68.5538
 30
0.0
 11
381.374
 21
-68.4575
 31
0.0
  0
LINE
  5
82B
  8
0
 62
1
 10
381.374
 20
-68.4575
 30
0.0
 11
381.192
 21
-68.3496
 31
0.0
  0
LINE
  5
82C
  8
0
 62
1
 10
381.192
 20
-68.3496
 30
0.0
 11
381.016
 21
-68.2304
 31
0.0
  0
LINE
  5
82D
  8
0
 62
1
 10
381.016
 20
-68.2304
 30
0.0
 11
380.849
 21
-68.1005
 31
0.0
  0
LINE
  5
82E
  8
0
 62
1
 10
380.849
 20
-68.1005
 30
0.0
 11
380.69
 21
-67.9603
 31
0.0
  0
LINE
  5
82F
  8
0
 62
1
 10
380.69
 20
-67.9603
 30
0.0
 11
380.54
 21
-67.8103
 31
0.0
  0
LINE
  5
830
  8
0
 62
1
 10
380.54
 20
-67.8103
 30
0.0
 11
380.4
 21
-67.6513
 31
0.0
  0
LINE
  5
831
  8
0
 62
1
 10
380.4
 20
-67.6513
 30
0.0
 11
380.27
 21
-67.4837
 31
0.0
  0
LINE
  5
832
  8
0
 62
1
 10
380.27
 20
-67.4837
 30
0.0
 11
380.15
 21
-67.3084
 31
0.0
  0
LINE
  5
833
  8
0
 62
1
 10
380.15
 20
-67.3084
 30
0.0
 11
380.042
 21
-67.1259
 31
0.0
  0
LINE
  5
834
  8
0
 62
1
 10
380.042
 20
-67.1259
 30
0.0
 11
379.946
 21
-66.937
 31
0.0
  0
LINE
  5
835
  8
0
 62
1
 10
379.946
 20
-66.937
 30
0.0
 11
379.862
 21
-66.7424
 31
0.0
  0
LINE
  5
836
  8
0
 62
1
 10
379.862
 20
-66.7424
 30
0.0
 11
379.79
 21
-66.5429
 31
0.0
  0
LINE
  5
837
  8
0
 62
1
 10
379.79
 20
-66.5429
 30
0.0
 11
379.731
 21
-66.3393
 31
0.0
  0
LINE
  5
838
  8
0
 62
1
 10
379.731
 20
-66.3393
 30
0.0
 11
379.685
 21
-66.1324
 31
0.0
  0
LINE
  5
839
  8
0
 62
1
 10
379.685
 20
-66.1324
 30
0.0
 11
379.652
 21
-65.923
 31
0.0
  0
LINE
  5
83A
  8
0
 62
1
 10
379.652
 20
-65.923
 30
0.0
 11
379.632
 21
-65.7119
 31
0.0
  0
LINE
  5
83B
  8
0
 62
1
 10
379.632
 20
-65.7119
 30
0.0
 11
379.625
 21
-65.5
 31
0.0
  0
LINE
  5
83C
  8
0
 62
1
 10
379.625
 20
-65.5
 30
0.0
 11
379.632
 21
-65.2881
 31
0.0
  0
LINE
  5
83D
  8
0
 62
1
 10
379.632
 20
-65.2881
 30
0.0
 11
379.652
 21
-65.077
 31
0.0
  0
LINE
  5
83E
  8
0
 62
1
 10
379.652
 20
-65.077
 30
0.0
 11
379.685
 21
-64.8676
 31
0.0
  0
LINE
  5
83F
  8
0
 62
1
 10
379.685
 20
-64.8676
 30
0.0
 11
379.731
 21
-64.6606
 31
0.0
  0
LINE
  5
840
  8
0
 62
1
 10
379.731
 20
-64.6606
 30
0.0
 11
379.79
 21
-64.457
 31
0.0
  0
LINE
  5
841
  8
0
 62
1
 10
379.79
 20
-64.457
 30
0.0
 11
379.862
 21
-64.2576
 31
0.0
  0
LINE
  5
842
  8
0
 62
1
 10
379.862
 20
-64.2576
 30
0.0
 11
379.946
 21
-64.063
 31
0.0
  0
LINE
  5
843
  8
0
 62
1
 10
379.946
 20
-64.063
 30
0.0
 11
380.042
 21
-63.8741
 31
0.0
  0
LINE
  5
844
  8
0
 62
1
 10
380.042
 20
-63.8741
 30
0.0
 11
380.15
 21
-63.6916
 31
0.0
  0
LINE
  5
845
  8
0
 62
1
 10
380.15
 20
-63.6916
 30
0.0
 11
380.27
 21
-63.5162
 31
0.0
  0
LINE
  5
846
  8
0
 62
1
 10
380.27
 20
-63.5162
 30
0.0
 11
380.4
 21
-63.3487
 31
0.0
  0
LINE
  5
847
  8
0
 62
1
 10
380.4
 20
-63.3487
 30
0.0
 11
380.54
 21
-63.1896
 31
0.0
  0
LINE
  5
848
  8
0
 62
1
 10
380.54
 20
-63.1896
 30
0.0
 11
380.69
 21
-63.0397
 31
0.0
  0
LINE
  5
849
  8
0
 62
1
 10
380.69
 20
-63.0397
 30
0.0
 11
380.849
 21
-62.8995
 31
0.0
  0
LINE
  5
84A
  8
0
 62
1
 10
380.849
 20
-62.8995
 30
0.0
 11
381.016
 21
-62.7695
 31
0.0
  0
LINE
  5
84B
  8
0
 62
1
 10
381.016
 20
-62.7695
 30
0.0
 11
381.192
 21
-62.6504
 31
0.0
  0
LINE
  5
84C
  8
0
 62
1
 10
381.192
 20
-62.6504
 30
0.0
 11
381.374
 21
-62.5424
 31
0.0
  0
LINE
  5
84D
  8
0
 62
1
 10
381.374
 20
-62.5424
 30
0.0
 11
381.563
 21
-62.4462
 31
0.0
  0
LINE
  5
84E
  8
0
 62
1
 10
381.563
 20
-62.4462
 30
0.0
 11
381.758
 21
-62.362
 31
0.0
  0
LINE
  5
84F
  8
0
 62
1
 10
381.758
 20
-62.362
 30
0.0
 11
381.957
 21
-62.2902
 31
0.0
  0
LINE
  5
850
  8
0
 62
1
 10
381.957
 20
-62.2902
 30
0.0
 11
382.161
 21
-62.231
 31
0.0
  0
LINE
  5
851
  8
0
 62
1
 10
382.161
 20
-62.231
 30
0.0
 11
382.368
 21
-62.1848
 31
0.0
  0
LINE
  5
852
  8
0
 62
1
 10
382.368
 20
-62.1848
 30
0.0
 11
382.577
 21
-62.1516
 31
0.0
  0
LINE
  5
853
  8
0
 62
1
 10
382.577
 20
-62.1516
 30
0.0
 11
382.788
 21
-62.1316
 31
0.0
  0
LINE
  5
854
  8
0
 62
1
 10
382.788
 20
-62.1316
 30
0.0
 11
383.0
 21
-62.125
 31
0.0
  0
LINE
  5
855
  8
0
 62
1
 10
383.0
 20
-62.125
 30
0.0
 11
383.212
 21
-62.1316
 31
0.0
  0
LINE
  5
856
  8
0
 62
1
 10
383.212
 20
-62.1316
 30
0.0
 11
383.423
 21
-62.1516
 31
0.0
  0
LINE
  5
857
  8
0
 62
1
 10
383.423
 20
-62.1516
 30
0.0
 11
383.632
 21
-62.1848
 31
0.0
  0
LINE
  5
858
  8
0
 62
1
 10
383.632
 20
-62.1848
 30
0.0
 11
383.839
 21
-62.231
 31
0.0
  0
LINE
  5
859
  8
0
 62
1
 10
383.839
 20
-62.231
 30
0.0
 11
384.043
 21
-62.2902
 31
0.0
  0
LINE
  5
85A
  8
0
 62
1
 10
384.043
 20
-62.2902
 30
0.0
 11
384.242
 21
-62.362
 31
0.0
  0
LINE
  5
85B
  8
0
 62
1
 10
384.242
 20
-62.362
 30
0.0
 11
384.437
 21
-62.4462
 31
0.0
  0
LINE
  5
85C
  8
0
 62
1
 10
384.437
 20
-62.4462
 30
0.0
 11
384.626
 21
-62.5424
 31
0.0
  0
LINE
  5
85D
  8
0
 62
1
 10
384.626
 20
-62.5424
 30
0.0
 11
384.808
 21
-62.6504
 31
0.0
  0
LINE
  5
85E
  8
0
 62
1
 10
384.808
 20
-62.6504
 30
0.0
 11
384.984
 21
-62.7695
 31
0.0
  0
LINE
  5
85F
  8
0
 62
1
 10
384.984
 20
-62.7695
 30
0.0
 11
385.151
 21
-62.8995
 31
0.0
  0
LINE
  5
860
  8
0
 62
1
 10
385.151
 20
-62.8995
 30
0.0
 11
385.31
 21
-63.0397
 31
0.0
  0
LINE
  5
861
  8
0
 62
1
 10
385.31
 20
-63.0397
 30
0.0
 11
385.46
 21
-63.1896
 31
0.0
  0
LINE
  5
862
  8
0
 62
1
 10
385.46
 20
-63.1896
 30
0.0
 11
385.6
 21
-63.3487
 31
0.0
  0
LINE
  5
863
  8
0
 62
1
 10
385.6
 20
-63.3487
 30
0.0
 11
385.73
 21
-63.5162
 31
0.0
  0
LINE
  5
864
  8
0
 62
1
 10
385.73
 20
-63.5162
 30
0.0
 11
385.85
 21
-63.6916
 31
0.0
  0
LINE
  5
865
  8
0
 62
1
 10
385.85
 20
-63.6916
 30
0.0
 11
385.958
 21
-63.8741
 31
0.0
  0
LINE
  5
866
  8
0
 62
1
 10
385.958
 20
-63.8741
 30
0.0
 11
386.054
 21
-64.063
 31
0.0
  0
LINE
  5
867
  8
0
 62
1
 10
386.054
 20
-64.063
 30
0.0
 11
386.138
 21
-64.2576
 31
0.0
  0
LINE
  5
868
  8
0
 62
1
 10
386.138
 20
-64.2576
 30
0.0
 11
386.21
 21
-64.457
 31
0.0
  0
LINE
  5
869
  8
0
 62
1
 10
386.21
 20
-64.457
 30
0.0
 11
386.269
 21
-64.6606
 31
0.0
  0
LINE
  5
86A
  8
0
 62
1
 10
386.269
 20
-64.6606
 30
0.0
 11
386.315
 21
-64.8676
 31
0.0
  0
LINE
  5
86B
  8
0
 62
1
 10
386.315
 20
-64.8676
 30
0.0
 11
386.348
 21
-65.077
 31
0.0
  0
LINE
  5
86C
  8
0
 62
1
 10
386.348
 20
-65.077
 30
0.0
 11
386.368
 21
-65.2881
 31
0.0
  0
LINE
  5
86D
  8
0
 62
1
 10
386.368
 20
-65.2881
 30
0.0
 11
386.375
 21
-65.5
 31
0.0
  0
LINE
  5
86E
  8
0
 62
1
 10
386.375
 20
-65.5
 30
0.0
 11
386.368
 21
-65.7119
 31
0.0
  0
LINE
  5
86F
  8
0
 62
1
 10
386.368
 20
-65.7119
 30
0.0
 11
386.348
 21
-65.923
 31
0.0
  0
LINE
  5
870
  8
0
 62
1
 10
386.348
 20
-65.923
 30
0.0
 11
386.315
 21
-66.1324
 31
0.0
  0
LINE
  5
871
  8
0
 62
1
 10
386.315
 20
-66.1324
 30
0.0
 11
386.269
 21
-66.3393
 31
0.0
  0
LINE
  5
872
  8
0
 62
1
 10
386.269
 20
-66.3393
 30
0.0
 11
386.21
 21
-66.5429
 31
0.0
  0
LINE
  5
873
  8
0
 62
1
 10
386.21
 20
-66.5429
 30
0.0
 11
386.138
 21
-66.7424
 31
0.0
  0
LINE
  5
874
  8
0
 62
1
 10
386.138
 20
-66.7424
 30
0.0
 11
386.054
 21
-66.937
 31
0.0
  0
LINE
  5
875
  8
0
 62
1
 10
386.054
 20
-66.937
 30
0.0
 11
385.958
 21
-67.1259
 31
0.0
  0
LINE
  5
876
  8
0
 62
1
 10
385.958
 20
-67.1259
 30
0.0
 11
385.85
 21
-67.3084
 31
0.0
  0
LINE
  5
877
  8
0
 62
1
 10
385.85
 20
-67.3084
 30
0.0
 11
385.73
 21
-67.4837
 31
0.0
  0
LINE
  5
878
  8
0
 62
1
 10
385.73
 20
-67.4837
 30
0.0
 11
385.6
 21
-67.6513
 31
0.0
  0
LINE
  5
879
  8
0
 62
1
 10
385.6
 20
-67.6513
 30
0.0
 11
385.46
 21
-67.8103
 31
0.0
  0
LINE
  5
87A
  8
0
 62
1
 10
385.46
 20
-67.8103
 30
0.0
 11
385.31
 21
-67.9603
 31
0.0
  0
LINE
  5
87B
  8
0
 62
1
 10
385.31
 20
-67.9603
 30
0.0
 11
385.151
 21
-68.1005
 31
0.0
  0
LINE
  5
87C
  8
0
 62
1
 10
385.151
 20
-68.1005
 30
0.0
 11
384.984
 21
-68.2304
 31
0.0
  0
LINE
  5
87D
  8
0
 62
1
 10
384.984
 20
-68.2304
 30
0.0
 11
384.808
 21
-68.3496
 31
0.0
  0
LINE
  5
87E
  8
0
 62
1
 10
384.808
 20
-68.3496
 30
0.0
 11
384.626
 21
-68.4575
 31
0.0
  0
LINE
  5
87F
  8
0
 62
1
 10
384.626
 20
-68.4575
 30
0.0
 11
384.437
 21
-68.5538
 31
0.0
  0
LINE
  5
880
  8
0
 62
1
 10
384.437
 20
-68.5538
 30
0.0
 11
384.242
 21
-68.638
 31
0.0
  0
LINE
  5
881
  8
0
 62
1
 10
384.242
 20
-68.638
 30
0.0
 11
384.043
 21
-68.7098
 31
0.0
  0
LINE
  5
882
  8
0
 62
1
 10
384.043
 20
-68.7098
 30
0.0
 11
383.839
 21
-68.769
 31
0.0
  0
LINE
  5
883
  8
0
 62
1
 10
383.839
 20
-68.769
 30
0.0
 11
383.632
 21
-68.8152
 31
0.0
  0
LINE
  5
884
  8
0
 62
1
 10
383.632
 20
-68.8152
 30
0.0
 11
383.423
 21
-68.8484
 31
0.0
  0
LINE
  5
885
  8
0
 62
1
 10
383.423
 20
-68.8484
 30
0.0
 11
383.212
 21
-68.8683
 31
0.0
  0
LINE
  5
886
  8
0
 62
1
 10
383.212
 20
-68.8683
 30
0.0
 11
383.0
 21
-68.875
 31
0.0
  0
LINE
  5
887
  8
0
 62
1
 10
383.0
 20
-68.875
 30
0.0
 11
382.788
 21
-68.8683
 31
0.0
  0
LINE
  5
888
  8
0
 62
1
 10
382.788
 20
-94.2683
 30
0.0
 11
382.577
 21
-94.2484
 31
0.0
  0
LINE
  5
889
  8
0
 62
1
 10
382.577
 20
-94.2484
 30
0.0
 11
382.368
 21
-94.2152
 31
0.0
  0
LINE
  5
88A
  8
0
 62
1
 10
382.368
 20
-94.2152
 30
0.0
 11
382.161
 21
-94.1689
 31
0.0
  0
LINE
  5
88B
  8
0
 62
1
 10
382.161
 20
-94.1689
 30
0.0
 11
381.957
 21
-94.1098
 31
0.0
  0
LINE
  5
88C
  8
0
 62
1
 10
381.957
 20
-94.1098
 30
0.0
 11
381.758
 21
-94.038
 31
0.0
  0
LINE
  5
88D
  8
0
 62
1
 10
381.758
 20
-94.038
 30
0.0
 11
381.563
 21
-93.9538
 31
0.0
  0
LINE
  5
88E
  8
0
 62
1
 10
381.563
 20
-93.9538
 30
0.0
 11
381.374
 21
-93.8575
 31
0.0
  0
LINE
  5
88F
  8
0
 62
1
 10
381.374
 20
-93.8575
 30
0.0
 11
381.192
 21
-93.7496
 31
0.0
  0
LINE
  5
890
  8
0
 62
1
 10
381.192
 20
-93.7496
 30
0.0
 11
381.016
 21
-93.6304
 31
0.0
  0
LINE
  5
891
  8
0
 62
1
 10
381.016
 20
-93.6304
 30
0.0
 11
380.849
 21
-93.5005
 31
0.0
  0
LINE
  5
892
  8
0
 62
1
 10
380.849
 20
-93.5005
 30
0.0
 11
380.69
 21
-93.3602
 31
0.0
  0
LINE
  5
893
  8
0
 62
1
 10
380.69
 20
-93.3602
 30
0.0
 11
380.54
 21
-93.2103
 31
0.0
  0
LINE
  5
894
  8
0
 62
1
 10
380.54
 20
-93.2103
 30
0.0
 11
380.4
 21
-93.0513
 31
0.0
  0
LINE
  5
895
  8
0
 62
1
 10
380.4
 20
-93.0513
 30
0.0
 11
380.27
 21
-92.8838
 31
0.0
  0
LINE
  5
896
  8
0
 62
1
 10
380.27
 20
-92.8838
 30
0.0
 11
380.15
 21
-92.7084
 31
0.0
  0
LINE
  5
897
  8
0
 62
1
 10
380.15
 20
-92.7084
 30
0.0
 11
380.042
 21
-92.5259
 31
0.0
  0
LINE
  5
898
  8
0
 62
1
 10
380.042
 20
-92.5259
 30
0.0
 11
379.946
 21
-92.337
 31
0.0
  0
LINE
  5
899
  8
0
 62
1
 10
379.946
 20
-92.337
 30
0.0
 11
379.862
 21
-92.1424
 31
0.0
  0
LINE
  5
89A
  8
0
 62
1
 10
379.862
 20
-92.1424
 30
0.0
 11
379.79
 21
-91.9429
 31
0.0
  0
LINE
  5
89B
  8
0
 62
1
 10
379.79
 20
-91.9429
 30
0.0
 11
379.731
 21
-91.7393
 31
0.0
  0
LINE
  5
89C
  8
0
 62
1
 10
379.731
 20
-91.7393
 30
0.0
 11
379.685
 21
-91.5324
 31
0.0
  0
LINE
  5
89D
  8
0
 62
1
 10
379.685
 20
-91.5324
 30
0.0
 11
379.652
 21
-91.323
 31
0.0
  0
LINE
  5
89E
  8
0
 62
1
 10
379.652
 20
-91.323
 30
0.0
 11
379.632
 21
-91.1119
 31
0.0
  0
LINE
  5
89F
  8
0
 62
1
 10
379.632
 20
-91.1119
 30
0.0
 11
379.625
 21
-90.9
 31
0.0
  0
LINE
  5
8A0
  8
0
 62
1
 10
379.625
 20
-90.9
 30
0.0
 11
379.632
 21
-90.6881
 31
0.0
  0
LINE
  5
8A1
  8
0
 62
1
 10
379.632
 20
-90.6881
 30
0.0
 11
379.652
 21
-90.477
 31
0.0
  0
LINE
  5
8A2
  8
0
 62
1
 10
379.652
 20
-90.477
 30
0.0
 11
379.685
 21
-90.2676
 31
0.0
  0
LINE
  5
8A3
  8
0
 62
1
 10
379.685
 20
-90.2676
 30
0.0
 11
379.731
 21
-90.0607
 31
0.0
  0
LINE
  5
8A4
  8
0
 62
1
 10
379.731
 20
-90.0607
 30
0.0
 11
379.79
 21
-89.857
 31
0.0
  0
LINE
  5
8A5
  8
0
 62
1
 10
379.79
 20
-89.857
 30
0.0
 11
379.862
 21
-89.6576
 31
0.0
  0
LINE
  5
8A6
  8
0
 62
1
 10
379.862
 20
-89.6576
 30
0.0
 11
379.946
 21
-89.463
 31
0.0
  0
LINE
  5
8A7
  8
0
 62
1
 10
379.946
 20
-89.463
 30
0.0
 11
380.042
 21
-89.2741
 31
0.0
  0
LINE
  5
8A8
  8
0
 62
1
 10
380.042
 20
-89.2741
 30
0.0
 11
380.15
 21
-89.0916
 31
0.0
  0
LINE
  5
8A9
  8
0
 62
1
 10
380.15
 20
-89.0916
 30
0.0
 11
380.27
 21
-88.9162
 31
0.0
  0
LINE
  5
8AA
  8
0
 62
1
 10
380.27
 20
-88.9162
 30
0.0
 11
380.4
 21
-88.7487
 31
0.0
  0
LINE
  5
8AB
  8
0
 62
1
 10
380.4
 20
-88.7487
 30
0.0
 11
380.54
 21
-88.5896
 31
0.0
  0
LINE
  5
8AC
  8
0
 62
1
 10
380.54
 20
-88.5896
 30
0.0
 11
380.69
 21
-88.4397
 31
0.0
  0
LINE
  5
8AD
  8
0
 62
1
 10
380.69
 20
-88.4397
 30
0.0
 11
380.849
 21
-88.2995
 31
0.0
  0
LINE
  5
8AE
  8
0
 62
1
 10
380.849
 20
-88.2995
 30
0.0
 11
381.016
 21
-88.1695
 31
0.0
  0
LINE
  5
8AF
  8
0
 62
1
 10
381.016
 20
-88.1695
 30
0.0
 11
381.192
 21
-88.0504
 31
0.0
  0
LINE
  5
8B0
  8
0
 62
1
 10
381.192
 20
-88.0504
 30
0.0
 11
381.374
 21
-87.9424
 31
0.0
  0
LINE
  5
8B1
  8
0
 62
1
 10
381.374
 20
-87.9424
 30
0.0
 11
381.563
 21
-87.8462
 31
0.0
  0
LINE
  5
8B2
  8
0
 62
1
 10
381.563
 20
-87.8462
 30
0.0
 11
381.758
 21
-87.762
 31
0.0
  0
LINE
  5
8B3
  8
0
 62
1
 10
381.758
 20
-87.762
 30
0.0
 11
381.957
 21
-87.6902
 31
0.0
  0
LINE
  5
8B4
  8
0
 62
1
 10
381.957
 20
-87.6902
 30
0.0
 11
382.161
 21
-87.631
 31
0.0
  0
LINE
  5
8B5
  8
0
 62
1
 10
382.161
 20
-87.631
 30
0.0
 11
382.368
 21
-87.5848
 31
0.0
  0
LINE
  5
8B6
  8
0
 62
1
 10
382.368
 20
-87.5848
 30
0.0
 11
382.577
 21
-87.5516
 31
0.0
  0
LINE
  5
8B7
  8
0
 62
1
 10
382.577
 20
-87.5516
 30
0.0
 11
382.788
 21
-87.5316
 31
0.0
  0
LINE
  5
8B8
  8
0
 62
1
 10
382.788
 20
-87.5316
 30
0.0
 11
383.0
 21
-87.525
 31
0.0
  0
LINE
  5
8B9
  8
0
 62
1
 10
383.0
 20
-87.525
 30
0.0
 11
383.212
 21
-87.5316
 31
0.0
  0
LINE
  5
8BA
  8
0
 62
1
 10
383.212
 20
-87.5316
 30
0.0
 11
383.423
 21
-87.5516
 31
0.0
  0
LINE
  5
8BB
  8
0
 62
1
 10
383.423
 20
-87.5516
 30
0.0
 11
383.632
 21
-87.5848
 31
0.0
  0
LINE
  5
8BC
  8
0
 62
1
 10
383.632
 20
-87.5848
 30
0.0
 11
383.839
 21
-87.631
 31
0.0
  0
LINE
  5
8BD
  8
0
 62
1
 10
383.839
 20
-87.631
 30
0.0
 11
384.043
 21
-87.6902
 31
0.0
  0
LINE
  5
8BE
  8
0
 62
1
 10
384.043
 20
-87.6902
 30
0.0
 11
384.242
 21
-87.762
 31
0.0
  0
LINE
  5
8BF
  8
0
 62
1
 10
384.242
 20
-87.762
 30
0.0
 11
384.437
 21
-87.8462
 31
0.0
  0
LINE
  5
8C0
  8
0
 62
1
 10
384.437
 20
-87.8462
 30
0.0
 11
384.626
 21
-87.9424
 31
0.0
  0
LINE
  5
8C1
  8
0
 62
1
 10
384.626
 20
-87.9424
 30
0.0
 11
384.808
 21
-88.0504
 31
0.0
  0
LINE
  5
8C2
  8
0
 62
1
 10
384.808
 20
-88.0504
 30
0.0
 11
384.984
 21
-88.1695
 31
0.0
  0
LINE
  5
8C3
  8
0
 62
1
 10
384.984
 20
-88.1695
 30
0.0
 11
385.151
 21
-88.2995
 31
0.0
  0
LINE
  5
8C4
  8
0
 62
1
 10
385.151
 20
-88.2995
 30
0.0
 11
385.31
 21
-88.4397
 31
0.0
  0
LINE
  5
8C5
  8
0
 62
1
 10
385.31
 20
-88.4397
 30
0.0
 11
385.46
 21
-88.5896
 31
0.0
  0
LINE
  5
8C6
  8
0
 62
1
 10
385.46
 20
-88.5896
 30
0.0
 11
385.6
 21
-88.7487
 31
0.0
  0
LINE
  5
8C7
  8
0
 62
1
 10
385.6
 20
-88.7487
 30
0.0
 11
385.73
 21
-88.9162
 31
0.0
  0
LINE
  5
8C8
  8
0
 62
1
 10
385.73
 20
-88.9162
 30
0.0
 11
385.85
 21
-89.0916
 31
0.0
  0
LINE
  5
8C9
  8
0
 62
1
 10
385.85
 20
-89.0916
 30
0.0
 11
385.958
 21
-89.2741
 31
0.0
  0
LINE
  5
8CA
  8
0
 62
1
 10
385.958
 20
-89.2741
 30
0.0
 11
386.054
 21
-89.463
 31
0.0
  0
LINE
  5
8CB
  8
0
 62
1
 10
386.054
 20
-89.463
 30
0.0
 11
386.138
 21
-89.6576
 31
0.0
  0
LINE
  5
8CC
  8
0
 62
1
 10
386.138
 20
-89.6576
 30
0.0
 11
386.21
 21
-89.857
 31
0.0
  0
LINE
  5
8CD
  8
0
 62
1
 10
386.21
 20
-89.857
 30
0.0
 11
386.269
 21
-90.0607
 31
0.0
  0
LINE
  5
8CE
  8
0
 62
1
 10
386.269
 20
-90.0607
 30
0.0
 11
386.315
 21
-90.2676
 31
0.0
  0
LINE
  5
8CF
  8
0
 62
1
 10
386.315
 20
-90.2676
 30
0.0
 11
386.348
 21
-90.477
 31
0.0
  0
LINE
  5
8D0
  8
0
 62
1
 10
386.348
 20
-90.477
 30
0.0
 11
386.368
 21
-90.6881
 31
0.0
  0
LINE
  5
8D1
  8
0
 62
1
 10
386.368
 20
-90.6881
 30
0.0
 11
386.375
 21
-90.9
 31
0.0
  0
LINE
  5
8D2
  8
0
 62
1
 10
386.375
 20
-90.9
 30
0.0
 11
386.368
 21
-91.1119
 31
0.0
  0
LINE
  5
8D3
  8
0
 62
1
 10
386.368
 20
-91.1119
 30
0.0
 11
386.348
 21
-91.323
 31
0.0
  0
LINE
  5
8D4
  8
0
 62
1
 10
386.348
 20
-91.323
 30
0.0
 11
386.315
 21
-91.5324
 31
0.0
  0
LINE
  5
8D5
  8
0
 62
1
 10
386.315
 20
-91.5324
 30
0.0
 11
386.269
 21
-91.7393
 31
0.0
  0
LINE
  5
8D6
  8
0
 62
1
 10
386.269
 20
-91.7393
 30
0.0
 11
386.21
 21
-91.9429
 31
0.0
  0
LINE
  5
8D7
  8
0
 62
1
 10
386.21
 20
-91.9429
 30
0.0
 11
386.138
 21
-92.1424
 31
0.0
  0
LINE
  5
8D8
  8
0
 62
1
 10
386.138
 20
-92.1424
 30
0.0
 11
386.054
 21
-92.337
 31
0.0
  0
LINE
  5
8D9
  8
0
 62
1
 10
386.054
 20
-92.337
 30
0.0
 11
385.958
 21
-92.5259
 31
0.0
  0
LINE
  5
8DA
  8
0
 62
1
 10
385.958
 20
-92.5259
 30
0.0
 11
385.85
 21
-92.7084
 31
0.0
  0
LINE
  5
8DB
  8
0
 62
1
 10
385.85
 20
-92.7084
 30
0.0
 11
385.73
 21
-92.8838
 31
0.0
  0
LINE
  5
8DC
  8
0
 62
1
 10
385.73
 20
-92.8838
 30
0.0
 11
385.6
 21
-93.0513
 31
0.0
  0
LINE
  5
8DD
  8
0
 62
1
 10
385.6
 20
-93.0513
 30
0.0
 11
385.46
 21
-93.2103
 31
0.0
  0
LINE
  5
8DE
  8
0
 62
1
 10
385.46
 20
-93.2103
 30
0.0
 11
385.31
 21
-93.3602
 31
0.0
  0
LINE
  5
8DF
  8
0
 62
1
 10
385.31
 20
-93.3602
 30
0.0
 11
385.151
 21
-93.5005
 31
0.0
  0
LINE
  5
8E0
  8
0
 62
1
 10
385.151
 20
-93.5005
 30
0.0
 11
384.984
 21
-93.6304
 31
0.0
  0
LINE
  5
8E1
  8
0
 62
1
 10
384.984
 20
-93.6304
 30
0.0
 11
384.808
 21
-93.7496
 31
0.0
  0
LINE
  5
8E2
  8
0
 62
1
 10
384.808
 20
-93.7496
 30
0.0
 11
384.626
 21
-93.8575
 31
0.0
  0
LINE
  5
8E3
  8
0
 62
1
 10
384.626
 20
-93.8575
 30
0.0
 11
384.437
 21
-93.9538
 31
0.0
  0
LINE
  5
8E4
  8
0
 62
1
 10
384.437
 20
-93.9538
 30
0.0
 11
384.242
 21
-94.038
 31
0.0
  0
LINE
  5
8E5
  8
0
 62
1
 10
384.242
 20
-94.038
 30
0.0
 11
384.043
 21
-94.1098
 31
0.0
  0
LINE
  5
8E6
  8
0
 62
1
 10
384.043
 20
-94.1098
 30
0.0
 11
383.839
 21
-94.1689
 31
0.0
  0
LINE
  5
8E7
  8
0
 62
1
 10
383.839
 20
-94.1689
 30
0.0
 11
383.632
 21
-94.2152
 31
0.0
  0
LINE
  5
8E8
  8
0
 62
1
 10
383.632
 20
-94.2152
 30
0.0
 11
383.423
 21
-94.2484
 31
0.0
  0
LINE
  5
8E9
  8
0
 62
1
 10
383.423
 20
-94.2484
 30
0.0
 11
383.212
 21
-94.2683
 31
0.0
  0
LINE
  5
8EA
  8
0
 62
1
 10
383.212
 20
-94.2683
 30
0.0
 11
383.0
 21
-94.275
 31
0.0
  0
LINE
  5
8EB
  8
0
 62
1
 10
383.0
 20
-94.275
 30
0.0
 11
382.788
 21
-94.2683
 31
0.0
  0
LINE
  5
8EC
  8
0
 62
1
 10
426.1
 20
-2.0
 30
0.0
 11
400.7
 21
-2.0
 31
0.0
  0
LINE
  5
8ED
  8
0
 62
1
 10
400.7
 20
-2.0
 30
0.0
 11
400.7
 21
-103.6
 31
0.0
  0
LINE
  5
8EE
  8
0
 62
1
 10
400.7
 20
-103.6
 30
0.0
 11
426.1
 21
-103.6
 31
0.0
  0
LINE
  5
8EF
  8
0
 62
1
 10
426.1
 20
-103.6
 30
0.0
 11
426.1
 21
-2.0
 31
0.0
  0
LINE
  5
8F0
  8
0
 62
1
 10
413.188
 20
-18.0683
 30
0.0
 11
412.977
 21
-18.0484
 31
0.0
  0
LINE
  5
8F1
  8
0
 62
1
 10
412.977
 20
-18.0484
 30
0.0
 11
412.768
 21
-18.0152
 31
0.0
  0
LINE
  5
8F2
  8
0
 62
1
 10
412.768
 20
-18.0152
 30
0.0
 11
412.561
 21
-17.969
 31
0.0
  0
LINE
  5
8F3
  8
0
 62
1
 10
412.561
 20
-17.969
 30
0.0
 11
412.357
 21
-17.9098
 31
0.0
  0
LINE
  5
8F4
  8
0
 62
1
 10
412.357
 20
-17.9098
 30
0.0
 11
412.158
 21
-17.838
 31
0.0
  0
LINE
  5
8F5
  8
0
 62
1
 10
412.158
 20
-17.838
 30
0.0
 11
411.963
 21
-17.7538
 31
0.0
  0
LINE
  5
8F6
  8
0
 62
1
 10
411.963
 20
-17.7538
 30
0.0
 11
411.774
 21
-17.6575
 31
0.0
  0
LINE
  5
8F7
  8
0
 62
1
 10
411.774
 20
-17.6575
 30
0.0
 11
411.592
 21
-17.5496
 31
0.0
  0
LINE
  5
8F8
  8
0
 62
1
 10
411.592
 20
-17.5496
 30
0.0
 11
411.416
 21
-17.4304
 31
0.0
  0
LINE
  5
8F9
  8
0
 62
1
 10
411.416
 20
-17.4304
 30
0.0
 11
411.249
 21
-17.3005
 31
0.0
  0
LINE
  5
8FA
  8
0
 62
1
 10
411.249
 20
-17.3005
 30
0.0
 11
411.09
 21
-17.1603
 31
0.0
  0
LINE
  5
8FB
  8
0
 62
1
 10
411.09
 20
-17.1603
 30
0.0
 11
410.94
 21
-17.0103
 31
0.0
  0
LINE
  5
8FC
  8
0
 62
1
 10
410.94
 20
-17.0103
 30
0.0
 11
410.8
 21
-16.8513
 31
0.0
  0
LINE
  5
8FD
  8
0
 62
1
 10
410.8
 20
-16.8513
 30
0.0
 11
410.67
 21
-16.6838
 31
0.0
  0
LINE
  5
8FE
  8
0
 62
1
 10
410.67
 20
-16.6838
 30
0.0
 11
410.55
 21
-16.5084
 31
0.0
  0
LINE
  5
8FF
  8
0
 62
1
 10
410.55
 20
-16.5084
 30
0.0
 11
410.442
 21
-16.3259
 31
0.0
  0
LINE
  5
900
  8
0
 62
1
 10
410.442
 20
-16.3259
 30
0.0
 11
410.346
 21
-16.137
 31
0.0
  0
LINE
  5
901
  8
0
 62
1
 10
410.346
 20
-16.137
 30
0.0
 11
410.262
 21
-15.9424
 31
0.0
  0
LINE
  5
902
  8
0
 62
1
 10
410.262
 20
-15.9424
 30
0.0
 11
410.19
 21
-15.7429
 31
0.0
  0
LINE
  5
903
  8
0
 62
1
 10
410.19
 20
-15.7429
 30
0.0
 11
410.131
 21
-15.5393
 31
0.0
  0
LINE
  5
904
  8
0
 62
1
 10
410.131
 20
-15.5393
 30
0.0
 11
410.085
 21
-15.3324
 31
0.0
  0
LINE
  5
905
  8
0
 62
1
 10
410.085
 20
-15.3324
 30
0.0
 11
410.052
 21
-15.123
 31
0.0
  0
LINE
  5
906
  8
0
 62
1
 10
410.052
 20
-15.123
 30
0.0
 11
410.032
 21
-14.9119
 31
0.0
  0
LINE
  5
907
  8
0
 62
1
 10
410.032
 20
-14.9119
 30
0.0
 11
410.025
 21
-14.7
 31
0.0
  0
LINE
  5
908
  8
0
 62
1
 10
410.025
 20
-14.7
 30
0.0
 11
410.032
 21
-14.4881
 31
0.0
  0
LINE
  5
909
  8
0
 62
1
 10
410.032
 20
-14.4881
 30
0.0
 11
410.052
 21
-14.277
 31
0.0
  0
LINE
  5
90A
  8
0
 62
1
 10
410.052
 20
-14.277
 30
0.0
 11
410.085
 21
-14.0676
 31
0.0
  0
LINE
  5
90B
  8
0
 62
1
 10
410.085
 20
-14.0676
 30
0.0
 11
410.131
 21
-13.8607
 31
0.0
  0
LINE
  5
90C
  8
0
 62
1
 10
410.131
 20
-13.8607
 30
0.0
 11
410.19
 21
-13.6571
 31
0.0
  0
LINE
  5
90D
  8
0
 62
1
 10
410.19
 20
-13.6571
 30
0.0
 11
410.262
 21
-13.4576
 31
0.0
  0
LINE
  5
90E
  8
0
 62
1
 10
410.262
 20
-13.4576
 30
0.0
 11
410.346
 21
-13.263
 31
0.0
  0
LINE
  5
90F
  8
0
 62
1
 10
410.346
 20
-13.263
 30
0.0
 11
410.442
 21
-13.0741
 31
0.0
  0
LINE
  5
910
  8
0
 62
1
 10
410.442
 20
-13.0741
 30
0.0
 11
410.55
 21
-12.8916
 31
0.0
  0
LINE
  5
911
  8
0
 62
1
 10
410.55
 20
-12.8916
 30
0.0
 11
410.67
 21
-12.7162
 31
0.0
  0
LINE
  5
912
  8
0
 62
1
 10
410.67
 20
-12.7162
 30
0.0
 11
410.8
 21
-12.5487
 31
0.0
  0
LINE
  5
913
  8
0
 62
1
 10
410.8
 20
-12.5487
 30
0.0
 11
410.94
 21
-12.3896
 31
0.0
  0
LINE
  5
914
  8
0
 62
1
 10
410.94
 20
-12.3896
 30
0.0
 11
411.09
 21
-12.2397
 31
0.0
  0
LINE
  5
915
  8
0
 62
1
 10
411.09
 20
-12.2397
 30
0.0
 11
411.249
 21
-12.0995
 31
0.0
  0
LINE
  5
916
  8
0
 62
1
 10
411.249
 20
-12.0995
 30
0.0
 11
411.416
 21
-11.9696
 31
0.0
  0
LINE
  5
917
  8
0
 62
1
 10
411.416
 20
-11.9696
 30
0.0
 11
411.592
 21
-11.8504
 31
0.0
  0
LINE
  5
918
  8
0
 62
1
 10
411.592
 20
-11.8504
 30
0.0
 11
411.774
 21
-11.7425
 31
0.0
  0
LINE
  5
919
  8
0
 62
1
 10
411.774
 20
-11.7425
 30
0.0
 11
411.963
 21
-11.6462
 31
0.0
  0
LINE
  5
91A
  8
0
 62
1
 10
411.963
 20
-11.6462
 30
0.0
 11
412.158
 21
-11.562
 31
0.0
  0
LINE
  5
91B
  8
0
 62
1
 10
412.158
 20
-11.562
 30
0.0
 11
412.357
 21
-11.4902
 31
0.0
  0
LINE
  5
91C
  8
0
 62
1
 10
412.357
 20
-11.4902
 30
0.0
 11
412.561
 21
-11.431
 31
0.0
  0
LINE
  5
91D
  8
0
 62
1
 10
412.561
 20
-11.431
 30
0.0
 11
412.768
 21
-11.3848
 31
0.0
  0
LINE
  5
91E
  8
0
 62
1
 10
412.768
 20
-11.3848
 30
0.0
 11
412.977
 21
-11.3516
 31
0.0
  0
LINE
  5
91F
  8
0
 62
1
 10
412.977
 20
-11.3516
 30
0.0
 11
413.188
 21
-11.3316
 31
0.0
  0
LINE
  5
920
  8
0
 62
1
 10
413.188
 20
-11.3316
 30
0.0
 11
413.4
 21
-11.325
 31
0.0
  0
LINE
  5
921
  8
0
 62
1
 10
413.4
 20
-11.325
 30
0.0
 11
413.612
 21
-11.3316
 31
0.0
  0
LINE
  5
922
  8
0
 62
1
 10
413.612
 20
-11.3316
 30
0.0
 11
413.823
 21
-11.3516
 31
0.0
  0
LINE
  5
923
  8
0
 62
1
 10
413.823
 20
-11.3516
 30
0.0
 11
414.032
 21
-11.3848
 31
0.0
  0
LINE
  5
924
  8
0
 62
1
 10
414.032
 20
-11.3848
 30
0.0
 11
414.239
 21
-11.431
 31
0.0
  0
LINE
  5
925
  8
0
 62
1
 10
414.239
 20
-11.431
 30
0.0
 11
414.443
 21
-11.4902
 31
0.0
  0
LINE
  5
926
  8
0
 62
1
 10
414.443
 20
-11.4902
 30
0.0
 11
414.642
 21
-11.562
 31
0.0
  0
LINE
  5
927
  8
0
 62
1
 10
414.642
 20
-11.562
 30
0.0
 11
414.837
 21
-11.6462
 31
0.0
  0
LINE
  5
928
  8
0
 62
1
 10
414.837
 20
-11.6462
 30
0.0
 11
415.026
 21
-11.7425
 31
0.0
  0
LINE
  5
929
  8
0
 62
1
 10
415.026
 20
-11.7425
 30
0.0
 11
415.208
 21
-11.8504
 31
0.0
  0
LINE
  5
92A
  8
0
 62
1
 10
415.208
 20
-11.8504
 30
0.0
 11
415.384
 21
-11.9696
 31
0.0
  0
LINE
  5
92B
  8
0
 62
1
 10
415.384
 20
-11.9696
 30
0.0
 11
415.551
 21
-12.0995
 31
0.0
  0
LINE
  5
92C
  8
0
 62
1
 10
415.551
 20
-12.0995
 30
0.0
 11
415.71
 21
-12.2397
 31
0.0
  0
LINE
  5
92D
  8
0
 62
1
 10
415.71
 20
-12.2397
 30
0.0
 11
415.86
 21
-12.3896
 31
0.0
  0
LINE
  5
92E
  8
0
 62
1
 10
415.86
 20
-12.3896
 30
0.0
 11
416.0
 21
-12.5487
 31
0.0
  0
LINE
  5
92F
  8
0
 62
1
 10
416.0
 20
-12.5487
 30
0.0
 11
416.13
 21
-12.7162
 31
0.0
  0
LINE
  5
930
  8
0
 62
1
 10
416.13
 20
-12.7162
 30
0.0
 11
416.25
 21
-12.8916
 31
0.0
  0
LINE
  5
931
  8
0
 62
1
 10
416.25
 20
-12.8916
 30
0.0
 11
416.358
 21
-13.0741
 31
0.0
  0
LINE
  5
932
  8
0
 62
1
 10
416.358
 20
-13.0741
 30
0.0
 11
416.454
 21
-13.263
 31
0.0
  0
LINE
  5
933
  8
0
 62
1
 10
416.454
 20
-13.263
 30
0.0
 11
416.538
 21
-13.4576
 31
0.0
  0
LINE
  5
934
  8
0
 62
1
 10
416.538
 20
-13.4576
 30
0.0
 11
416.61
 21
-13.6571
 31
0.0
  0
LINE
  5
935
  8
0
 62
1
 10
416.61
 20
-13.6571
 30
0.0
 11
416.669
 21
-13.8607
 31
0.0
  0
LINE
  5
936
  8
0
 62
1
 10
416.669
 20
-13.8607
 30
0.0
 11
416.715
 21
-14.0676
 31
0.0
  0
LINE
  5
937
  8
0
 62
1
 10
416.715
 20
-14.0676
 30
0.0
 11
416.748
 21
-14.277
 31
0.0
  0
LINE
  5
938
  8
0
 62
1
 10
416.748
 20
-14.277
 30
0.0
 11
416.768
 21
-14.4881
 31
0.0
  0
LINE
  5
939
  8
0
 62
1
 10
416.768
 20
-14.4881
 30
0.0
 11
416.775
 21
-14.7
 31
0.0
  0
LINE
  5
93A
  8
0
 62
1
 10
416.775
 20
-14.7
 30
0.0
 11
416.768
 21
-14.9119
 31
0.0
  0
LINE
  5
93B
  8
0
 62
1
 10
416.768
 20
-14.9119
 30
0.0
 11
416.748
 21
-15.123
 31
0.0
  0
LINE
  5
93C
  8
0
 62
1
 10
416.748
 20
-15.123
 30
0.0
 11
416.715
 21
-15.3324
 31
0.0
  0
LINE
  5
93D
  8
0
 62
1
 10
416.715
 20
-15.3324
 30
0.0
 11
416.669
 21
-15.5393
 31
0.0
  0
LINE
  5
93E
  8
0
 62
1
 10
416.669
 20
-15.5393
 30
0.0
 11
416.61
 21
-15.7429
 31
0.0
  0
LINE
  5
93F
  8
0
 62
1
 10
416.61
 20
-15.7429
 30
0.0
 11
416.538
 21
-15.9424
 31
0.0
  0
LINE
  5
940
  8
0
 62
1
 10
416.538
 20
-15.9424
 30
0.0
 11
416.454
 21
-16.137
 31
0.0
  0
LINE
  5
941
  8
0
 62
1
 10
416.454
 20
-16.137
 30
0.0
 11
416.358
 21
-16.3259
 31
0.0
  0
LINE
  5
942
  8
0
 62
1
 10
416.358
 20
-16.3259
 30
0.0
 11
416.25
 21
-16.5084
 31
0.0
  0
LINE
  5
943
  8
0
 62
1
 10
416.25
 20
-16.5084
 30
0.0
 11
416.13
 21
-16.6838
 31
0.0
  0
LINE
  5
944
  8
0
 62
1
 10
416.13
 20
-16.6838
 30
0.0
 11
416.0
 21
-16.8513
 31
0.0
  0
LINE
  5
945
  8
0
 62
1
 10
416.0
 20
-16.8513
 30
0.0
 11
415.86
 21
-17.0103
 31
0.0
  0
LINE
  5
946
  8
0
 62
1
 10
415.86
 20
-17.0103
 30
0.0
 11
415.71
 21
-17.1603
 31
0.0
  0
LINE
  5
947
  8
0
 62
1
 10
415.71
 20
-17.1603
 30
0.0
 11
415.551
 21
-17.3005
 31
0.0
  0
LINE
  5
948
  8
0
 62
1
 10
415.551
 20
-17.3005
 30
0.0
 11
415.384
 21
-17.4304
 31
0.0
  0
LINE
  5
949
  8
0
 62
1
 10
415.384
 20
-17.4304
 30
0.0
 11
415.208
 21
-17.5496
 31
0.0
  0
LINE
  5
94A
  8
0
 62
1
 10
415.208
 20
-17.5496
 30
0.0
 11
415.026
 21
-17.6575
 31
0.0
  0
LINE
  5
94B
  8
0
 62
1
 10
415.026
 20
-17.6575
 30
0.0
 11
414.837
 21
-17.7538
 31
0.0
  0
LINE
  5
94C
  8
0
 62
1
 10
414.837
 20
-17.7538
 30
0.0
 11
414.642
 21
-17.838
 31
0.0
  0
LINE
  5
94D
  8
0
 62
1
 10
414.642
 20
-17.838
 30
0.0
 11
414.443
 21
-17.9098
 31
0.0
  0
LINE
  5
94E
  8
0
 62
1
 10
414.443
 20
-17.9098
 30
0.0
 11
414.239
 21
-17.969
 31
0.0
  0
LINE
  5
94F
  8
0
 62
1
 10
414.239
 20
-17.969
 30
0.0
 11
414.032
 21
-18.0152
 31
0.0
  0
LINE
  5
950
  8
0
 62
1
 10
414.032
 20
-18.0152
 30
0.0
 11
413.823
 21
-18.0484
 31
0.0
  0
LINE
  5
951
  8
0
 62
1
 10
413.823
 20
-18.0484
 30
0.0
 11
413.612
 21
-18.0683
 31
0.0
  0
LINE
  5
952
  8
0
 62
1
 10
413.612
 20
-18.0683
 30
0.0
 11
413.4
 21
-18.075
 31
0.0
  0
LINE
  5
953
  8
0
 62
1
 10
413.4
 20
-18.075
 30
0.0
 11
413.188
 21
-18.0683
 31
0.0
  0
LINE
  5
954
  8
0
 62
1
 10
413.188
 20
-43.4683
 30
0.0
 11
412.977
 21
-43.4484
 31
0.0
  0
LINE
  5
955
  8
0
 62
1
 10
412.977
 20
-43.4484
 30
0.0
 11
412.768
 21
-43.4152
 31
0.0
  0
LINE
  5
956
  8
0
 62
1
 10
412.768
 20
-43.4152
 30
0.0
 11
412.561
 21
-43.369
 31
0.0
  0
LINE
  5
957
  8
0
 62
1
 10
412.561
 20
-43.369
 30
0.0
 11
412.357
 21
-43.3098
 31
0.0
  0
LINE
  5
958
  8
0
 62
1
 10
412.357
 20
-43.3098
 30
0.0
 11
412.158
 21
-43.238
 31
0.0
  0
LINE
  5
959
  8
0
 62
1
 10
412.158
 20
-43.238
 30
0.0
 11
411.963
 21
-43.1538
 31
0.0
  0
LINE
  5
95A
  8
0
 62
1
 10
411.963
 20
-43.1538
 30
0.0
 11
411.774
 21
-43.0575
 31
0.0
  0
LINE
  5
95B
  8
0
 62
1
 10
411.774
 20
-43.0575
 30
0.0
 11
411.592
 21
-42.9496
 31
0.0
  0
LINE
  5
95C
  8
0
 62
1
 10
411.592
 20
-42.9496
 30
0.0
 11
411.416
 21
-42.8304
 31
0.0
  0
LINE
  5
95D
  8
0
 62
1
 10
411.416
 20
-42.8304
 30
0.0
 11
411.249
 21
-42.7005
 31
0.0
  0
LINE
  5
95E
  8
0
 62
1
 10
411.249
 20
-42.7005
 30
0.0
 11
411.09
 21
-42.5603
 31
0.0
  0
LINE
  5
95F
  8
0
 62
1
 10
411.09
 20
-42.5603
 30
0.0
 11
410.94
 21
-42.4103
 31
0.0
  0
LINE
  5
960
  8
0
 62
1
 10
410.94
 20
-42.4103
 30
0.0
 11
410.8
 21
-42.2513
 31
0.0
  0
LINE
  5
961
  8
0
 62
1
 10
410.8
 20
-42.2513
 30
0.0
 11
410.67
 21
-42.0838
 31
0.0
  0
LINE
  5
962
  8
0
 62
1
 10
410.67
 20
-42.0838
 30
0.0
 11
410.55
 21
-41.9084
 31
0.0
  0
LINE
  5
963
  8
0
 62
1
 10
410.55
 20
-41.9084
 30
0.0
 11
410.442
 21
-41.7259
 31
0.0
  0
LINE
  5
964
  8
0
 62
1
 10
410.442
 20
-41.7259
 30
0.0
 11
410.346
 21
-41.537
 31
0.0
  0
LINE
  5
965
  8
0
 62
1
 10
410.346
 20
-41.537
 30
0.0
 11
410.262
 21
-41.3424
 31
0.0
  0
LINE
  5
966
  8
0
 62
1
 10
410.262
 20
-41.3424
 30
0.0
 11
410.19
 21
-41.1429
 31
0.0
  0
LINE
  5
967
  8
0
 62
1
 10
410.19
 20
-41.1429
 30
0.0
 11
410.131
 21
-40.9393
 31
0.0
  0
LINE
  5
968
  8
0
 62
1
 10
410.131
 20
-40.9393
 30
0.0
 11
410.085
 21
-40.7324
 31
0.0
  0
LINE
  5
969
  8
0
 62
1
 10
410.085
 20
-40.7324
 30
0.0
 11
410.052
 21
-40.523
 31
0.0
  0
LINE
  5
96A
  8
0
 62
1
 10
410.052
 20
-40.523
 30
0.0
 11
410.032
 21
-40.3119
 31
0.0
  0
LINE
  5
96B
  8
0
 62
1
 10
410.032
 20
-40.3119
 30
0.0
 11
410.025
 21
-40.1
 31
0.0
  0
LINE
  5
96C
  8
0
 62
1
 10
410.025
 20
-40.1
 30
0.0
 11
410.032
 21
-39.8881
 31
0.0
  0
LINE
  5
96D
  8
0
 62
1
 10
410.032
 20
-39.8881
 30
0.0
 11
410.052
 21
-39.677
 31
0.0
  0
LINE
  5
96E
  8
0
 62
1
 10
410.052
 20
-39.677
 30
0.0
 11
410.085
 21
-39.4676
 31
0.0
  0
LINE
  5
96F
  8
0
 62
1
 10
410.085
 20
-39.4676
 30
0.0
 11
410.131
 21
-39.2607
 31
0.0
  0
LINE
  5
970
  8
0
 62
1
 10
410.131
 20
-39.2607
 30
0.0
 11
410.19
 21
-39.0571
 31
0.0
  0
LINE
  5
971
  8
0
 62
1
 10
410.19
 20
-39.0571
 30
0.0
 11
410.262
 21
-38.8576
 31
0.0
  0
LINE
  5
972
  8
0
 62
1
 10
410.262
 20
-38.8576
 30
0.0
 11
410.346
 21
-38.663
 31
0.0
  0
LINE
  5
973
  8
0
 62
1
 10
410.346
 20
-38.663
 30
0.0
 11
410.442
 21
-38.4741
 31
0.0
  0
LINE
  5
974
  8
0
 62
1
 10
410.442
 20
-38.4741
 30
0.0
 11
410.55
 21
-38.2916
 31
0.0
  0
LINE
  5
975
  8
0
 62
1
 10
410.55
 20
-38.2916
 30
0.0
 11
410.67
 21
-38.1162
 31
0.0
  0
LINE
  5
976
  8
0
 62
1
 10
410.67
 20
-38.1162
 30
0.0
 11
410.8
 21
-37.9487
 31
0.0
  0
LINE
  5
977
  8
0
 62
1
 10
410.8
 20
-37.9487
 30
0.0
 11
410.94
 21
-37.7896
 31
0.0
  0
LINE
  5
978
  8
0
 62
1
 10
410.94
 20
-37.7896
 30
0.0
 11
411.09
 21
-37.6397
 31
0.0
  0
LINE
  5
979
  8
0
 62
1
 10
411.09
 20
-37.6397
 30
0.0
 11
411.249
 21
-37.4995
 31
0.0
  0
LINE
  5
97A
  8
0
 62
1
 10
411.249
 20
-37.4995
 30
0.0
 11
411.416
 21
-37.3696
 31
0.0
  0
LINE
  5
97B
  8
0
 62
1
 10
411.416
 20
-37.3696
 30
0.0
 11
411.592
 21
-37.2504
 31
0.0
  0
LINE
  5
97C
  8
0
 62
1
 10
411.592
 20
-37.2504
 30
0.0
 11
411.774
 21
-37.1425
 31
0.0
  0
LINE
  5
97D
  8
0
 62
1
 10
411.774
 20
-37.1425
 30
0.0
 11
411.963
 21
-37.0462
 31
0.0
  0
LINE
  5
97E
  8
0
 62
1
 10
411.963
 20
-37.0462
 30
0.0
 11
412.158
 21
-36.962
 31
0.0
  0
LINE
  5
97F
  8
0
 62
1
 10
412.158
 20
-36.962
 30
0.0
 11
412.357
 21
-36.8902
 31
0.0
  0
LINE
  5
980
  8
0
 62
1
 10
412.357
 20
-36.8902
 30
0.0
 11
412.561
 21
-36.831
 31
0.0
  0
LINE
  5
981
  8
0
 62
1
 10
412.561
 20
-36.831
 30
0.0
 11
412.768
 21
-36.7848
 31
0.0
  0
LINE
  5
982
  8
0
 62
1
 10
412.768
 20
-36.7848
 30
0.0
 11
412.977
 21
-36.7516
 31
0.0
  0
LINE
  5
983
  8
0
 62
1
 10
412.977
 20
-36.7516
 30
0.0
 11
413.188
 21
-36.7317
 31
0.0
  0
LINE
  5
984
  8
0
 62
1
 10
413.188
 20
-36.7317
 30
0.0
 11
413.4
 21
-36.725
 31
0.0
  0
LINE
  5
985
  8
0
 62
1
 10
413.4
 20
-36.725
 30
0.0
 11
413.612
 21
-36.7317
 31
0.0
  0
LINE
  5
986
  8
0
 62
1
 10
413.612
 20
-36.7317
 30
0.0
 11
413.823
 21
-36.7516
 31
0.0
  0
LINE
  5
987
  8
0
 62
1
 10
413.823
 20
-36.7516
 30
0.0
 11
414.032
 21
-36.7848
 31
0.0
  0
LINE
  5
988
  8
0
 62
1
 10
414.032
 20
-36.7848
 30
0.0
 11
414.239
 21
-36.831
 31
0.0
  0
LINE
  5
989
  8
0
 62
1
 10
414.239
 20
-36.831
 30
0.0
 11
414.443
 21
-36.8902
 31
0.0
  0
LINE
  5
98A
  8
0
 62
1
 10
414.443
 20
-36.8902
 30
0.0
 11
414.642
 21
-36.962
 31
0.0
  0
LINE
  5
98B
  8
0
 62
1
 10
414.642
 20
-36.962
 30
0.0
 11
414.837
 21
-37.0462
 31
0.0
  0
LINE
  5
98C
  8
0
 62
1
 10
414.837
 20
-37.0462
 30
0.0
 11
415.026
 21
-37.1425
 31
0.0
  0
LINE
  5
98D
  8
0
 62
1
 10
415.026
 20
-37.1425
 30
0.0
 11
415.208
 21
-37.2504
 31
0.0
  0
LINE
  5
98E
  8
0
 62
1
 10
415.208
 20
-37.2504
 30
0.0
 11
415.384
 21
-37.3696
 31
0.0
  0
LINE
  5
98F
  8
0
 62
1
 10
415.384
 20
-37.3696
 30
0.0
 11
415.551
 21
-37.4995
 31
0.0
  0
LINE
  5
990
  8
0
 62
1
 10
415.551
 20
-37.4995
 30
0.0
 11
415.71
 21
-37.6397
 31
0.0
  0
LINE
  5
991
  8
0
 62
1
 10
415.71
 20
-37.6397
 30
0.0
 11
415.86
 21
-37.7896
 31
0.0
  0
LINE
  5
992
  8
0
 62
1
 10
415.86
 20
-37.7896
 30
0.0
 11
416.0
 21
-37.9487
 31
0.0
  0
LINE
  5
993
  8
0
 62
1
 10
416.0
 20
-37.9487
 30
0.0
 11
416.13
 21
-38.1162
 31
0.0
  0
LINE
  5
994
  8
0
 62
1
 10
416.13
 20
-38.1162
 30
0.0
 11
416.25
 21
-38.2916
 31
0.0
  0
LINE
  5
995
  8
0
 62
1
 10
416.25
 20
-38.2916
 30
0.0
 11
416.358
 21
-38.4741
 31
0.0
  0
LINE
  5
996
  8
0
 62
1
 10
416.358
 20
-38.4741
 30
0.0
 11
416.454
 21
-38.663
 31
0.0
  0
LINE
  5
997
  8
0
 62
1
 10
416.454
 20
-38.663
 30
0.0
 11
416.538
 21
-38.8576
 31
0.0
  0
LINE
  5
998
  8
0
 62
1
 10
416.538
 20
-38.8576
 30
0.0
 11
416.61
 21
-39.0571
 31
0.0
  0
LINE
  5
999
  8
0
 62
1
 10
416.61
 20
-39.0571
 30
0.0
 11
416.669
 21
-39.2607
 31
0.0
  0
LINE
  5
99A
  8
0
 62
1
 10
416.669
 20
-39.2607
 30
0.0
 11
416.715
 21
-39.4676
 31
0.0
  0
LINE
  5
99B
  8
0
 62
1
 10
416.715
 20
-39.4676
 30
0.0
 11
416.748
 21
-39.677
 31
0.0
  0
LINE
  5
99C
  8
0
 62
1
 10
416.748
 20
-39.677
 30
0.0
 11
416.768
 21
-39.8881
 31
0.0
  0
LINE
  5
99D
  8
0
 62
1
 10
416.768
 20
-39.8881
 30
0.0
 11
416.775
 21
-40.1
 31
0.0
  0
LINE
  5
99E
  8
0
 62
1
 10
416.775
 20
-40.1
 30
0.0
 11
416.768
 21
-40.3119
 31
0.0
  0
LINE
  5
99F
  8
0
 62
1
 10
416.768
 20
-40.3119
 30
0.0
 11
416.748
 21
-40.523
 31
0.0
  0
LINE
  5
9A0
  8
0
 62
1
 10
416.748
 20
-40.523
 30
0.0
 11
416.715
 21
-40.7324
 31
0.0
  0
LINE
  5
9A1
  8
0
 62
1
 10
416.715
 20
-40.7324
 30
0.0
 11
416.669
 21
-40.9393
 31
0.0
  0
LINE
  5
9A2
  8
0
 62
1
 10
416.669
 20
-40.9393
 30
0.0
 11
416.61
 21
-41.1429
 31
0.0
  0
LINE
  5
9A3
  8
0
 62
1
 10
416.61
 20
-41.1429
 30
0.0
 11
416.538
 21
-41.3424
 31
0.0
  0
LINE
  5
9A4
  8
0
 62
1
 10
416.538
 20
-41.3424
 30
0.0
 11
416.454
 21
-41.537
 31
0.0
  0
LINE
  5
9A5
  8
0
 62
1
 10
416.454
 20
-41.537
 30
0.0
 11
416.358
 21
-41.7259
 31
0.0
  0
LINE
  5
9A6
  8
0
 62
1
 10
416.358
 20
-41.7259
 30
0.0
 11
416.25
 21
-41.9084
 31
0.0
  0
LINE
  5
9A7
  8
0
 62
1
 10
416.25
 20
-41.9084
 30
0.0
 11
416.13
 21
-42.0838
 31
0.0
  0
LINE
  5
9A8
  8
0
 62
1
 10
416.13
 20
-42.0838
 30
0.0
 11
416.0
 21
-42.2513
 31
0.0
  0
LINE
  5
9A9
  8
0
 62
1
 10
416.0
 20
-42.2513
 30
0.0
 11
415.86
 21
-42.4103
 31
0.0
  0
LINE
  5
9AA
  8
0
 62
1
 10
415.86
 20
-42.4103
 30
0.0
 11
415.71
 21
-42.5603
 31
0.0
  0
LINE
  5
9AB
  8
0
 62
1
 10
415.71
 20
-42.5603
 30
0.0
 11
415.551
 21
-42.7005
 31
0.0
  0
LINE
  5
9AC
  8
0
 62
1
 10
415.551
 20
-42.7005
 30
0.0
 11
415.384
 21
-42.8304
 31
0.0
  0
LINE
  5
9AD
  8
0
 62
1
 10
415.384
 20
-42.8304
 30
0.0
 11
415.208
 21
-42.9496
 31
0.0
  0
LINE
  5
9AE
  8
0
 62
1
 10
415.208
 20
-42.9496
 30
0.0
 11
415.026
 21
-43.0575
 31
0.0
  0
LINE
  5
9AF
  8
0
 62
1
 10
415.026
 20
-43.0575
 30
0.0
 11
414.837
 21
-43.1538
 31
0.0
  0
LINE
  5
9B0
  8
0
 62
1
 10
414.837
 20
-43.1538
 30
0.0
 11
414.642
 21
-43.238
 31
0.0
  0
LINE
  5
9B1
  8
0
 62
1
 10
414.642
 20
-43.238
 30
0.0
 11
414.443
 21
-43.3098
 31
0.0
  0
LINE
  5
9B2
  8
0
 62
1
 10
414.443
 20
-43.3098
 30
0.0
 11
414.239
 21
-43.369
 31
0.0
  0
LINE
  5
9B3
  8
0
 62
1
 10
414.239
 20
-43.369
 30
0.0
 11
414.032
 21
-43.4152
 31
0.0
  0
LINE
  5
9B4
  8
0
 62
1
 10
414.032
 20
-43.4152
 30
0.0
 11
413.823
 21
-43.4484
 31
0.0
  0
LINE
  5
9B5
  8
0
 62
1
 10
413.823
 20
-43.4484
 30
0.0
 11
413.612
 21
-43.4683
 31
0.0
  0
LINE
  5
9B6
  8
0
 62
1
 10
413.612
 20
-43.4683
 30
0.0
 11
413.4
 21
-43.475
 31
0.0
  0
LINE
  5
9B7
  8
0
 62
1
 10
413.4
 20
-43.475
 30
0.0
 11
413.188
 21
-43.4683
 31
0.0
  0
LINE
  5
9B8
  8
0
 62
1
 10
413.188
 20
-68.8683
 30
0.0
 11
412.977
 21
-68.8484
 31
0.0
  0
LINE
  5
9B9
  8
0
 62
1
 10
412.977
 20
-68.8484
 30
0.0
 11
412.768
 21
-68.8152
 31
0.0
  0
LINE
  5
9BA
  8
0
 62
1
 10
412.768
 20
-68.8152
 30
0.0
 11
412.561
 21
-68.769
 31
0.0
  0
LINE
  5
9BB
  8
0
 62
1
 10
412.561
 20
-68.769
 30
0.0
 11
412.357
 21
-68.7098
 31
0.0
  0
LINE
  5
9BC
  8
0
 62
1
 10
412.357
 20
-68.7098
 30
0.0
 11
412.158
 21
-68.638
 31
0.0
  0
LINE
  5
9BD
  8
0
 62
1
 10
412.158
 20
-68.638
 30
0.0
 11
411.963
 21
-68.5538
 31
0.0
  0
LINE
  5
9BE
  8
0
 62
1
 10
411.963
 20
-68.5538
 30
0.0
 11
411.774
 21
-68.4575
 31
0.0
  0
LINE
  5
9BF
  8
0
 62
1
 10
411.774
 20
-68.4575
 30
0.0
 11
411.592
 21
-68.3496
 31
0.0
  0
LINE
  5
9C0
  8
0
 62
1
 10
411.592
 20
-68.3496
 30
0.0
 11
411.416
 21
-68.2304
 31
0.0
  0
LINE
  5
9C1
  8
0
 62
1
 10
411.416
 20
-68.2304
 30
0.0
 11
411.249
 21
-68.1005
 31
0.0
  0
LINE
  5
9C2
  8
0
 62
1
 10
411.249
 20
-68.1005
 30
0.0
 11
411.09
 21
-67.9603
 31
0.0
  0
LINE
  5
9C3
  8
0
 62
1
 10
411.09
 20
-67.9603
 30
0.0
 11
410.94
 21
-67.8103
 31
0.0
  0
LINE
  5
9C4
  8
0
 62
1
 10
410.94
 20
-67.8103
 30
0.0
 11
410.8
 21
-67.6513
 31
0.0
  0
LINE
  5
9C5
  8
0
 62
1
 10
410.8
 20
-67.6513
 30
0.0
 11
410.67
 21
-67.4837
 31
0.0
  0
LINE
  5
9C6
  8
0
 62
1
 10
410.67
 20
-67.4837
 30
0.0
 11
410.55
 21
-67.3084
 31
0.0
  0
LINE
  5
9C7
  8
0
 62
1
 10
410.55
 20
-67.3084
 30
0.0
 11
410.442
 21
-67.1259
 31
0.0
  0
LINE
  5
9C8
  8
0
 62
1
 10
410.442
 20
-67.1259
 30
0.0
 11
410.346
 21
-66.937
 31
0.0
  0
LINE
  5
9C9
  8
0
 62
1
 10
410.346
 20
-66.937
 30
0.0
 11
410.262
 21
-66.7424
 31
0.0
  0
LINE
  5
9CA
  8
0
 62
1
 10
410.262
 20
-66.7424
 30
0.0
 11
410.19
 21
-66.5429
 31
0.0
  0
LINE
  5
9CB
  8
0
 62
1
 10
410.19
 20
-66.5429
 30
0.0
 11
410.131
 21
-66.3393
 31
0.0
  0
LINE
  5
9CC
  8
0
 62
1
 10
410.131
 20
-66.3393
 30
0.0
 11
410.085
 21
-66.1324
 31
0.0
  0
LINE
  5
9CD
  8
0
 62
1
 10
410.085
 20
-66.1324
 30
0.0
 11
410.052
 21
-65.923
 31
0.0
  0
LINE
  5
9CE
  8
0
 62
1
 10
410.052
 20
-65.923
 30
0.0
 11
410.032
 21
-65.7119
 31
0.0
  0
LINE
  5
9CF
  8
0
 62
1
 10
410.032
 20
-65.7119
 30
0.0
 11
410.025
 21
-65.5
 31
0.0
  0
LINE
  5
9D0
  8
0
 62
1
 10
410.025
 20
-65.5
 30
0.0
 11
410.032
 21
-65.2881
 31
0.0
  0
LINE
  5
9D1
  8
0
 62
1
 10
410.032
 20
-65.2881
 30
0.0
 11
410.052
 21
-65.077
 31
0.0
  0
LINE
  5
9D2
  8
0
 62
1
 10
410.052
 20
-65.077
 30
0.0
 11
410.085
 21
-64.8676
 31
0.0
  0
LINE
  5
9D3
  8
0
 62
1
 10
410.085
 20
-64.8676
 30
0.0
 11
410.131
 21
-64.6606
 31
0.0
  0
LINE
  5
9D4
  8
0
 62
1
 10
410.131
 20
-64.6606
 30
0.0
 11
410.19
 21
-64.457
 31
0.0
  0
LINE
  5
9D5
  8
0
 62
1
 10
410.19
 20
-64.457
 30
0.0
 11
410.262
 21
-64.2576
 31
0.0
  0
LINE
  5
9D6
  8
0
 62
1
 10
410.262
 20
-64.2576
 30
0.0
 11
410.346
 21
-64.063
 31
0.0
  0
LINE
  5
9D7
  8
0
 62
1
 10
410.346
 20
-64.063
 30
0.0
 11
410.442
 21
-63.8741
 31
0.0
  0
LINE
  5
9D8
  8
0
 62
1
 10
410.442
 20
-63.8741
 30
0.0
 11
410.55
 21
-63.6916
 31
0.0
  0
LINE
  5
9D9
  8
0
 62
1
 10
410.55
 20
-63.6916
 30
0.0
 11
410.67
 21
-63.5162
 31
0.0
  0
LINE
  5
9DA
  8
0
 62
1
 10
410.67
 20
-63.5162
 30
0.0
 11
410.8
 21
-63.3487
 31
0.0
  0
LINE
  5
9DB
  8
0
 62
1
 10
410.8
 20
-63.3487
 30
0.0
 11
410.94
 21
-63.1896
 31
0.0
  0
LINE
  5
9DC
  8
0
 62
1
 10
410.94
 20
-63.1896
 30
0.0
 11
411.09
 21
-63.0397
 31
0.0
  0
LINE
  5
9DD
  8
0
 62
1
 10
411.09
 20
-63.0397
 30
0.0
 11
411.249
 21
-62.8995
 31
0.0
  0
LINE
  5
9DE
  8
0
 62
1
 10
411.249
 20
-62.8995
 30
0.0
 11
411.416
 21
-62.7695
 31
0.0
  0
LINE
  5
9DF
  8
0
 62
1
 10
411.416
 20
-62.7695
 30
0.0
 11
411.592
 21
-62.6504
 31
0.0
  0
LINE
  5
9E0
  8
0
 62
1
 10
411.592
 20
-62.6504
 30
0.0
 11
411.774
 21
-62.5424
 31
0.0
  0
LINE
  5
9E1
  8
0
 62
1
 10
411.774
 20
-62.5424
 30
0.0
 11
411.963
 21
-62.4462
 31
0.0
  0
LINE
  5
9E2
  8
0
 62
1
 10
411.963
 20
-62.4462
 30
0.0
 11
412.158
 21
-62.362
 31
0.0
  0
LINE
  5
9E3
  8
0
 62
1
 10
412.158
 20
-62.362
 30
0.0
 11
412.357
 21
-62.2902
 31
0.0
  0
LINE
  5
9E4
  8
0
 62
1
 10
412.357
 20
-62.2902
 30
0.0
 11
412.561
 21
-62.231
 31
0.0
  0
LINE
  5
9E5
  8
0
 62
1
 10
412.561
 20
-62.231
 30
0.0
 11
412.768
 21
-62.1848
 31
0.0
  0
LINE
  5
9E6
  8
0
 62
1
 10
412.768
 20
-62.1848
 30
0.0
 11
412.977
 21
-62.1516
 31
0.0
  0
LINE
  5
9E7
  8
0
 62
1
 10
412.977
 20
-62.1516
 30
0.0
 11
413.188
 21
-62.1316
 31
0.0
  0
LINE
  5
9E8
  8
0
 62
1
 10
413.188
 20
-62.1316
 30
0.0
 11
413.4
 21
-62.125
 31
0.0
  0
LINE
  5
9E9
  8
0
 62
1
 10
413.4
 20
-62.125
 30
0.0
 11
413.612
 21
-62.1316
 31
0.0
  0
LINE
  5
9EA
  8
0
 62
1
 10
413.612
 20
-62.1316
 30
0.0
 11
413.823
 21
-62.1516
 31
0.0
  0
LINE
  5
9EB
  8
0
 62
1
 10
413.823
 20
-62.1516
 30
0.0
 11
414.032
 21
-62.1848
 31
0.0
  0
LINE
  5
9EC
  8
0
 62
1
 10
414.032
 20
-62.1848
 30
0.0
 11
414.239
 21
-62.231
 31
0.0
  0
LINE
  5
9ED
  8
0
 62
1
 10
414.239
 20
-62.231
 30
0.0
 11
414.443
 21
-62.2902
 31
0.0
  0
LINE
  5
9EE
  8
0
 62
1
 10
414.443
 20
-62.2902
 30
0.0
 11
414.642
 21
-62.362
 31
0.0
  0
LINE
  5
9EF
  8
0
 62
1
 10
414.642
 20
-62.362
 30
0.0
 11
414.837
 21
-62.4462
 31
0.0
  0
LINE
  5
9F0
  8
0
 62
1
 10
414.837
 20
-62.4462
 30
0.0
 11
415.026
 21
-62.5424
 31
0.0
  0
LINE
  5
9F1
  8
0
 62
1
 10
415.026
 20
-62.5424
 30
0.0
 11
415.208
 21
-62.6504
 31
0.0
  0
LINE
  5
9F2
  8
0
 62
1
 10
415.208
 20
-62.6504
 30
0.0
 11
415.384
 21
-62.7695
 31
0.0
  0
LINE
  5
9F3
  8
0
 62
1
 10
415.384
 20
-62.7695
 30
0.0
 11
415.551
 21
-62.8995
 31
0.0
  0
LINE
  5
9F4
  8
0
 62
1
 10
415.551
 20
-62.8995
 30
0.0
 11
415.71
 21
-63.0397
 31
0.0
  0
LINE
  5
9F5
  8
0
 62
1
 10
415.71
 20
-63.0397
 30
0.0
 11
415.86
 21
-63.1896
 31
0.0
  0
LINE
  5
9F6
  8
0
 62
1
 10
415.86
 20
-63.1896
 30
0.0
 11
416.0
 21
-63.3487
 31
0.0
  0
LINE
  5
9F7
  8
0
 62
1
 10
416.0
 20
-63.3487
 30
0.0
 11
416.13
 21
-63.5162
 31
0.0
  0
LINE
  5
9F8
  8
0
 62
1
 10
416.13
 20
-63.5162
 30
0.0
 11
416.25
 21
-63.6916
 31
0.0
  0
LINE
  5
9F9
  8
0
 62
1
 10
416.25
 20
-63.6916
 30
0.0
 11
416.358
 21
-63.8741
 31
0.0
  0
LINE
  5
9FA
  8
0
 62
1
 10
416.358
 20
-63.8741
 30
0.0
 11
416.454
 21
-64.063
 31
0.0
  0
LINE
  5
9FB
  8
0
 62
1
 10
416.454
 20
-64.063
 30
0.0
 11
416.538
 21
-64.2576
 31
0.0
  0
LINE
  5
9FC
  8
0
 62
1
 10
416.538
 20
-64.2576
 30
0.0
 11
416.61
 21
-64.457
 31
0.0
  0
LINE
  5
9FD
  8
0
 62
1
 10
416.61
 20
-64.457
 30
0.0
 11
416.669
 21
-64.6606
 31
0.0
  0
LINE
  5
9FE
  8
0
 62
1
 10
416.669
 20
-64.6606
 30
0.0
 11
416.715
 21
-64.8676
 31
0.0
  0
LINE
  5
9FF
  8
0
 62
1
 10
416.715
 20
-64.8676
 30
0.0
 11
416.748
 21
-65.077
 31
0.0
  0
LINE
  5
A00
  8
0
 62
1
 10
416.748
 20
-65.077
 30
0.0
 11
416.768
 21
-65.2881
 31
0.0
  0
LINE
  5
A01
  8
0
 62
1
 10
416.768
 20
-65.2881
 30
0.0
 11
416.775
 21
-65.5
 31
0.0
  0
LINE
  5
A02
  8
0
 62
1
 10
416.775
 20
-65.5
 30
0.0
 11
416.768
 21
-65.7119
 31
0.0
  0
LINE
  5
A03
  8
0
 62
1
 10
416.768
 20
-65.7119
 30
0.0
 11
416.748
 21
-65.923
 31
0.0
  0
LINE
  5
A04
  8
0
 62
1
 10
416.748
 20
-65.923
 30
0.0
 11
416.715
 21
-66.1324
 31
0.0
  0
LINE
  5
A05
  8
0
 62
1
 10
416.715
 20
-66.1324
 30
0.0
 11
416.669
 21
-66.3393
 31
0.0
  0
LINE
  5
A06
  8
0
 62
1
 10
416.669
 20
-66.3393
 30
0.0
 11
416.61
 21
-66.5429
 31
0.0
  0
LINE
  5
A07
  8
0
 62
1
 10
416.61
 20
-66.5429
 30
0.0
 11
416.538
 21
-66.7424
 31
0.0
  0
LINE
  5
A08
  8
0
 62
1
 10
416.538
 20
-66.7424
 30
0.0
 11
416.454
 21
-66.937
 31
0.0
  0
LINE
  5
A09
  8
0
 62
1
 10
416.454
 20
-66.937
 30
0.0
 11
416.358
 21
-67.1259
 31
0.0
  0
LINE
  5
A0A
  8
0
 62
1
 10
416.358
 20
-67.1259
 30
0.0
 11
416.25
 21
-67.3084
 31
0.0
  0
LINE
  5
A0B
  8
0
 62
1
 10
416.25
 20
-67.3084
 30
0.0
 11
416.13
 21
-67.4837
 31
0.0
  0
LINE
  5
A0C
  8
0
 62
1
 10
416.13
 20
-67.4837
 30
0.0
 11
416.0
 21
-67.6513
 31
0.0
  0
LINE
  5
A0D
  8
0
 62
1
 10
416.0
 20
-67.6513
 30
0.0
 11
415.86
 21
-67.8103
 31
0.0
  0
LINE
  5
A0E
  8
0
 62
1
 10
415.86
 20
-67.8103
 30
0.0
 11
415.71
 21
-67.9603
 31
0.0
  0
LINE
  5
A0F
  8
0
 62
1
 10
415.71
 20
-67.9603
 30
0.0
 11
415.551
 21
-68.1005
 31
0.0
  0
LINE
  5
A10
  8
0
 62
1
 10
415.551
 20
-68.1005
 30
0.0
 11
415.384
 21
-68.2304
 31
0.0
  0
LINE
  5
A11
  8
0
 62
1
 10
415.384
 20
-68.2304
 30
0.0
 11
415.208
 21
-68.3496
 31
0.0
  0
LINE
  5
A12
  8
0
 62
1
 10
415.208
 20
-68.3496
 30
0.0
 11
415.026
 21
-68.4575
 31
0.0
  0
LINE
  5
A13
  8
0
 62
1
 10
415.026
 20
-68.4575
 30
0.0
 11
414.837
 21
-68.5538
 31
0.0
  0
LINE
  5
A14
  8
0
 62
1
 10
414.837
 20
-68.5538
 30
0.0
 11
414.642
 21
-68.638
 31
0.0
  0
LINE
  5
A15
  8
0
 62
1
 10
414.642
 20
-68.638
 30
0.0
 11
414.443
 21
-68.7098
 31
0.0
  0
LINE
  5
A16
  8
0
 62
1
 10
414.443
 20
-68.7098
 30
0.0
 11
414.239
 21
-68.769
 31
0.0
  0
LINE
  5
A17
  8
0
 62
1
 10
414.239
 20
-68.769
 30
0.0
 11
414.032
 21
-68.8152
 31
0.0
  0
LINE
  5
A18
  8
0
 62
1
 10
414.032
 20
-68.8152
 30
0.0
 11
413.823
 21
-68.8484
 31
0.0
  0
LINE
  5
A19
  8
0
 62
1
 10
413.823
 20
-68.8484
 30
0.0
 11
413.612
 21
-68.8683
 31
0.0
  0
LINE
  5
A1A
  8
0
 62
1
 10
413.612
 20
-68.8683
 30
0.0
 11
413.4
 21
-68.875
 31
0.0
  0
LINE
  5
A1B
  8
0
 62
1
 10
413.4
 20
-68.875
 30
0.0
 11
413.188
 21
-68.8683
 31
0.0
  0
LINE
  5
A1C
  8
0
 62
1
 10
413.188
 20
-94.2683
 30
0.0
 11
412.977
 21
-94.2484
 31
0.0
  0
LINE
  5
A1D
  8
0
 62
1
 10
412.977
 20
-94.2484
 30
0.0
 11
412.768
 21
-94.2152
 31
0.0
  0
LINE
  5
A1E
  8
0
 62
1
 10
412.768
 20
-94.2152
 30
0.0
 11
412.561
 21
-94.1689
 31
0.0
  0
LINE
  5
A1F
  8
0
 62
1
 10
412.561
 20
-94.1689
 30
0.0
 11
412.357
 21
-94.1098
 31
0.0
  0
LINE
  5
A20
  8
0
 62
1
 10
412.357
 20
-94.1098
 30
0.0
 11
412.158
 21
-94.038
 31
0.0
  0
LINE
  5
A21
  8
0
 62
1
 10
412.158
 20
-94.038
 30
0.0
 11
411.963
 21
-93.9538
 31
0.0
  0
LINE
  5
A22
  8
0
 62
1
 10
411.963
 20
-93.9538
 30
0.0
 11
411.774
 21
-93.8575
 31
0.0
  0
LINE
  5
A23
  8
0
 62
1
 10
411.774
 20
-93.8575
 30
0.0
 11
411.592
 21
-93.7496
 31
0.0
  0
LINE
  5
A24
  8
0
 62
1
 10
411.592
 20
-93.7496
 30
0.0
 11
411.416
 21
-93.6304
 31
0.0
  0
LINE
  5
A25
  8
0
 62
1
 10
411.416
 20
-93.6304
 30
0.0
 11
411.249
 21
-93.5005
 31
0.0
  0
LINE
  5
A26
  8
0
 62
1
 10
411.249
 20
-93.5005
 30
0.0
 11
411.09
 21
-93.3602
 31
0.0
  0
LINE
  5
A27
  8
0
 62
1
 10
411.09
 20
-93.3602
 30
0.0
 11
410.94
 21
-93.2103
 31
0.0
  0
LINE
  5
A28
  8
0
 62
1
 10
410.94
 20
-93.2103
 30
0.0
 11
410.8
 21
-93.0513
 31
0.0
  0
LINE
  5
A29
  8
0
 62
1
 10
410.8
 20
-93.0513
 30
0.0
 11
410.67
 21
-92.8838
 31
0.0
  0
LINE
  5
A2A
  8
0
 62
1
 10
410.67
 20
-92.8838
 30
0.0
 11
410.55
 21
-92.7084
 31
0.0
  0
LINE
  5
A2B
  8
0
 62
1
 10
410.55
 20
-92.7084
 30
0.0
 11
410.442
 21
-92.5259
 31
0.0
  0
LINE
  5
A2C
  8
0
 62
1
 10
410.442
 20
-92.5259
 30
0.0
 11
410.346
 21
-92.337
 31
0.0
  0
LINE
  5
A2D
  8
0
 62
1
 10
410.346
 20
-92.337
 30
0.0
 11
410.262
 21
-92.1424
 31
0.0
  0
LINE
  5
A2E
  8
0
 62
1
 10
410.262
 20
-92.1424
 30
0.0
 11
410.19
 21
-91.9429
 31
0.0
  0
LINE
  5
A2F
  8
0
 62
1
 10
410.19
 20
-91.9429
 30
0.0
 11
410.131
 21
-91.7393
 31
0.0
  0
LINE
  5
A30
  8
0
 62
1
 10
410.131
 20
-91.7393
 30
0.0
 11
410.085
 21
-91.5324
 31
0.0
  0
LINE
  5
A31
  8
0
 62
1
 10
410.085
 20
-91.5324
 30
0.0
 11
410.052
 21
-91.323
 31
0.0
  0
LINE
  5
A32
  8
0
 62
1
 10
410.052
 20
-91.323
 30
0.0
 11
410.032
 21
-91.1119
 31
0.0
  0
LINE
  5
A33
  8
0
 62
1
 10
410.032
 20
-91.1119
 30
0.0
 11
410.025
 21
-90.9
 31
0.0
  0
LINE
  5
A34
  8
0
 62
1
 10
410.025
 20
-90.9
 30
0.0
 11
410.032
 21
-90.6881
 31
0.0
  0
LINE
  5
A35
  8
0
 62
1
 10
410.032
 20
-90.6881
 30
0.0
 11
410.052
 21
-90.477
 31
0.0
  0
LINE
  5
A36
  8
0
 62
1
 10
410.052
 20
-90.477
 30
0.0
 11
410.085
 21
-90.2676
 31
0.0
  0
LINE
  5
A37
  8
0
 62
1
 10
410.085
 20
-90.2676
 30
0.0
 11
410.131
 21
-90.0607
 31
0.0
  0
LINE
  5
A38
  8
0
 62
1
 10
410.131
 20
-90.0607
 30
0.0
 11
410.19
 21
-89.857
 31
0.0
  0
LINE
  5
A39
  8
0
 62
1
 10
410.19
 20
-89.857
 30
0.0
 11
410.262
 21
-89.6576
 31
0.0
  0
LINE
  5
A3A
  8
0
 62
1
 10
410.262
 20
-89.6576
 30
0.0
 11
410.346
 21
-89.463
 31
0.0
  0
LINE
  5
A3B
  8
0
 62
1
 10
410.346
 20
-89.463
 30
0.0
 11
410.442
 21
-89.2741
 31
0.0
  0
LINE
  5
A3C
  8
0
 62
1
 10
410.442
 20
-89.2741
 30
0.0
 11
410.55
 21
-89.0916
 31
0.0
  0
LINE
  5
A3D
  8
0
 62
1
 10
410.55
 20
-89.0916
 30
0.0
 11
410.67
 21
-88.9162
 31
0.0
  0
LINE
  5
A3E
  8
0
 62
1
 10
410.67
 20
-88.9162
 30
0.0
 11
410.8
 21
-88.7487
 31
0.0
  0
LINE
  5
A3F
  8
0
 62
1
 10
410.8
 20
-88.7487
 30
0.0
 11
410.94
 21
-88.5896
 31
0.0
  0
LINE
  5
A40
  8
0
 62
1
 10
410.94
 20
-88.5896
 30
0.0
 11
411.09
 21
-88.4397
 31
0.0
  0
LINE
  5
A41
  8
0
 62
1
 10
411.09
 20
-88.4397
 30
0.0
 11
411.249
 21
-88.2995
 31
0.0
  0
LINE
  5
A42
  8
0
 62
1
 10
411.249
 20
-88.2995
 30
0.0
 11
411.416
 21
-88.1695
 31
0.0
  0
LINE
  5
A43
  8
0
 62
1
 10
411.416
 20
-88.1695
 30
0.0
 11
411.592
 21
-88.0504
 31
0.0
  0
LINE
  5
A44
  8
0
 62
1
 10
411.592
 20
-88.0504
 30
0.0
 11
411.774
 21
-87.9424
 31
0.0
  0
LINE
  5
A45
  8
0
 62
1
 10
411.774
 20
-87.9424
 30
0.0
 11
411.963
 21
-87.8462
 31
0.0
  0
LINE
  5
A46
  8
0
 62
1
 10
411.963
 20
-87.8462
 30
0.0
 11
412.158
 21
-87.762
 31
0.0
  0
LINE
  5
A47
  8
0
 62
1
 10
412.158
 20
-87.762
 30
0.0
 11
412.357
 21
-87.6902
 31
0.0
  0
LINE
  5
A48
  8
0
 62
1
 10
412.357
 20
-87.6902
 30
0.0
 11
412.561
 21
-87.631
 31
0.0
  0
LINE
  5
A49
  8
0
 62
1
 10
412.561
 20
-87.631
 30
0.0
 11
412.768
 21
-87.5848
 31
0.0
  0
LINE
  5
A4A
  8
0
 62
1
 10
412.768
 20
-87.5848
 30
0.0
 11
412.977
 21
-87.5516
 31
0.0
  0
LINE
  5
A4B
  8
0
 62
1
 10
412.977
 20
-87.5516
 30
0.0
 11
413.188
 21
-87.5316
 31
0.0
  0
LINE
  5
A4C
  8
0
 62
1
 10
413.188
 20
-87.5316
 30
0.0
 11
413.4
 21
-87.525
 31
0.0
  0
LINE
  5
A4D
  8
0
 62
1
 10
413.4
 20
-87.525
 30
0.0
 11
413.612
 21
-87.5316
 31
0.0
  0
LINE
  5
A4E
  8
0
 62
1
 10
413.612
 20
-87.5316
 30
0.0
 11
413.823
 21
-87.5516
 31
0.0
  0
LINE
  5
A4F
  8
0
 62
1
 10
413.823
 20
-87.5516
 30
0.0
 11
414.032
 21
-87.5848
 31
0.0
  0
LINE
  5
A50
  8
0
 62
1
 10
414.032
 20
-87.5848
 30
0.0
 11
414.239
 21
-87.631
 31
0.0
  0
LINE
  5
A51
  8
0
 62
1
 10
414.239
 20
-87.631
 30
0.0
 11
414.443
 21
-87.6902
 31
0.0
  0
LINE
  5
A52
  8
0
 62
1
 10
414.443
 20
-87.6902
 30
0.0
 11
414.642
 21
-87.762
 31
0.0
  0
LINE
  5
A53
  8
0
 62
1
 10
414.642
 20
-87.762
 30
0.0
 11
414.837
 21
-87.8462
 31
0.0
  0
LINE
  5
A54
  8
0
 62
1
 10
414.837
 20
-87.8462
 30
0.0
 11
415.026
 21
-87.9424
 31
0.0
  0
LINE
  5
A55
  8
0
 62
1
 10
415.026
 20
-87.9424
 30
0.0
 11
415.208
 21
-88.0504
 31
0.0
  0
LINE
  5
A56
  8
0
 62
1
 10
415.208
 20
-88.0504
 30
0.0
 11
415.384
 21
-88.1695
 31
0.0
  0
LINE
  5
A57
  8
0
 62
1
 10
415.384
 20
-88.1695
 30
0.0
 11
415.551
 21
-88.2995
 31
0.0
  0
LINE
  5
A58
  8
0
 62
1
 10
415.551
 20
-88.2995
 30
0.0
 11
415.71
 21
-88.4397
 31
0.0
  0
LINE
  5
A59
  8
0
 62
1
 10
415.71
 20
-88.4397
 30
0.0
 11
415.86
 21
-88.5896
 31
0.0
  0
LINE
  5
A5A
  8
0
 62
1
 10
415.86
 20
-88.5896
 30
0.0
 11
416.0
 21
-88.7487
 31
0.0
  0
LINE
  5
A5B
  8
0
 62
1
 10
416.0
 20
-88.7487
 30
0.0
 11
416.13
 21
-88.9162
 31
0.0
  0
LINE
  5
A5C
  8
0
 62
1
 10
416.13
 20
-88.9162
 30
0.0
 11
416.25
 21
-89.0916
 31
0.0
  0
LINE
  5
A5D
  8
0
 62
1
 10
416.25
 20
-89.0916
 30
0.0
 11
416.358
 21
-89.2741
 31
0.0
  0
LINE
  5
A5E
  8
0
 62
1
 10
416.358
 20
-89.2741
 30
0.0
 11
416.454
 21
-89.463
 31
0.0
  0
LINE
  5
A5F
  8
0
 62
1
 10
416.454
 20
-89.463
 30
0.0
 11
416.538
 21
-89.6576
 31
0.0
  0
LINE
  5
A60
  8
0
 62
1
 10
416.538
 20
-89.6576
 30
0.0
 11
416.61
 21
-89.857
 31
0.0
  0
LINE
  5
A61
  8
0
 62
1
 10
416.61
 20
-89.857
 30
0.0
 11
416.669
 21
-90.0607
 31
0.0
  0
LINE
  5
A62
  8
0
 62
1
 10
416.669
 20
-90.0607
 30
0.0
 11
416.715
 21
-90.2676
 31
0.0
  0
LINE
  5
A63
  8
0
 62
1
 10
416.715
 20
-90.2676
 30
0.0
 11
416.748
 21
-90.477
 31
0.0
  0
LINE
  5
A64
  8
0
 62
1
 10
416.748
 20
-90.477
 30
0.0
 11
416.768
 21
-90.6881
 31
0.0
  0
LINE
  5
A65
  8
0
 62
1
 10
416.768
 20
-90.6881
 30
0.0
 11
416.775
 21
-90.9
 31
0.0
  0
LINE
  5
A66
  8
0
 62
1
 10
416.775
 20
-90.9
 30
0.0
 11
416.768
 21
-91.1119
 31
0.0
  0
LINE
  5
A67
  8
0
 62
1
 10
416.768
 20
-91.1119
 30
0.0
 11
416.748
 21
-91.323
 31
0.0
  0
LINE
  5
A68
  8
0
 62
1
 10
416.748
 20
-91.323
 30
0.0
 11
416.715
 21
-91.5324
 31
0.0
  0
LINE
  5
A69
  8
0
 62
1
 10
416.715
 20
-91.5324
 30
0.0
 11
416.669
 21
-91.7393
 31
0.0
  0
LINE
  5
A6A
  8
0
 62
1
 10
416.669
 20
-91.7393
 30
0.0
 11
416.61
 21
-91.9429
 31
0.0
  0
LINE
  5
A6B
  8
0
 62
1
 10
416.61
 20
-91.9429
 30
0.0
 11
416.538
 21
-92.1424
 31
0.0
  0
LINE
  5
A6C
  8
0
 62
1
 10
416.538
 20
-92.1424
 30
0.0
 11
416.454
 21
-92.337
 31
0.0
  0
LINE
  5
A6D
  8
0
 62
1
 10
416.454
 20
-92.337
 30
0.0
 11
416.358
 21
-92.5259
 31
0.0
  0
LINE
  5
A6E
  8
0
 62
1
 10
416.358
 20
-92.5259
 30
0.0
 11
416.25
 21
-92.7084
 31
0.0
  0
LINE
  5
A6F
  8
0
 62
1
 10
416.25
 20
-92.7084
 30
0.0
 11
416.13
 21
-92.8838
 31
0.0
  0
LINE
  5
A70
  8
0
 62
1
 10
416.13
 20
-92.8838
 30
0.0
 11
416.0
 21
-93.0513
 31
0.0
  0
LINE
  5
A71
  8
0
 62
1
 10
416.0
 20
-93.0513
 30
0.0
 11
415.86
 21
-93.2103
 31
0.0
  0
LINE
  5
A72
  8
0
 62
1
 10
415.86
 20
-93.2103
 30
0.0
 11
415.71
 21
-93.3602
 31
0.0
  0
LINE
  5
A73
  8
0
 62
1
 10
415.71
 20
-93.3602
 30
0.0
 11
415.551
 21
-93.5005
 31
0.0
  0
LINE
  5
A74
  8
0
 62
1
 10
415.551
 20
-93.5005
 30
0.0
 11
415.384
 21
-93.6304
 31
0.0
  0
LINE
  5
A75
  8
0
 62
1
 10
415.384
 20
-93.6304
 30
0.0
 11
415.208
 21
-93.7496
 31
0.0
  0
LINE
  5
A76
  8
0
 62
1
 10
415.208
 20
-93.7496
 30
0.0
 11
415.026
 21
-93.8575
 31
0.0
  0
LINE
  5
A77
  8
0
 62
1
 10
415.026
 20
-93.8575
 30
0.0
 11
414.837
 21
-93.9538
 31
0.0
  0
LINE
  5
A78
  8
0
 62
1
 10
414.837
 20
-93.9538
 30
0.0
 11
414.642
 21
-94.038
 31
0.0
  0
LINE
  5
A79
  8
0
 62
1
 10
414.642
 20
-94.038
 30
0.0
 11
414.443
 21
-94.1098
 31
0.0
  0
LINE
  5
A7A
  8
0
 62
1
 10
414.443
 20
-94.1098
 30
0.0
 11
414.239
 21
-94.1689
 31
0.0
  0
LINE
  5
A7B
  8
0
 62
1
 10
414.239
 20
-94.1689
 30
0.0
 11
414.032
 21
-94.2152
 31
0.0
  0
LINE
  5
A7C
  8
0
 62
1
 10
414.032
 20
-94.2152
 30
0.0
 11
413.823
 21
-94.2484
 31
0.0
  0
LINE
  5
A7D
  8
0
 62
1
 10
413.823
 20
-94.2484
 30
0.0
 11
413.612
 21
-94.2683
 31
0.0
  0
LINE
  5
A7E
  8
0
 62
1
 10
413.612
 20
-94.2683
 30
0.0
 11
413.4
 21
-94.275
 31
0.0
  0
LINE
  5
A7F
  8
0
 62
1
 10
413.4
 20
-94.275
 30
0.0
 11
413.188
 21
-94.2683
 31
0.0
  0
LINE
  5
A80
  8
0
 62
1
 10
456.5
 20
-2.0
 30
0.0
 11
431.1
 21
-2.0
 31
0.0
  0
LINE
  5
A81
  8
0
 62
1
 10
431.1
 20
-2.0
 30
0.0
 11
431.1
 21
-103.6
 31
0.0
  0
LINE
  5
A82
  8
0
 62
1
 10
431.1
 20
-103.6
 30
0.0
 11
456.5
 21
-103.6
 31
0.0
  0
LINE
  5
A83
  8
0
 62
1
 10
456.5
 20
-103.6
 30
0.0
 11
456.5
 21
-2.0
 31
0.0
  0
LINE
  5
A84
  8
0
 62
1
 10
443.588
 20
-18.0683
 30
0.0
 11
443.377
 21
-18.0484
 31
0.0
  0
LINE
  5
A85
  8
0
 62
1
 10
443.377
 20
-18.0484
 30
0.0
 11
443.168
 21
-18.0152
 31
0.0
  0
LINE
  5
A86
  8
0
 62
1
 10
443.168
 20
-18.0152
 30
0.0
 11
442.961
 21
-17.969
 31
0.0
  0
LINE
  5
A87
  8
0
 62
1
 10
442.961
 20
-17.969
 30
0.0
 11
442.757
 21
-17.9098
 31
0.0
  0
LINE
  5
A88
  8
0
 62
1
 10
442.757
 20
-17.9098
 30
0.0
 11
442.558
 21
-17.838
 31
0.0
  0
LINE
  5
A89
  8
0
 62
1
 10
442.558
 20
-17.838
 30
0.0
 11
442.363
 21
-17.7538
 31
0.0
  0
LINE
  5
A8A
  8
0
 62
1
 10
442.363
 20
-17.7538
 30
0.0
 11
442.174
 21
-17.6575
 31
0.0
  0
LINE
  5
A8B
  8
0
 62
1
 10
442.174
 20
-17.6575
 30
0.0
 11
441.992
 21
-17.5496
 31
0.0
  0
LINE
  5
A8C
  8
0
 62
1
 10
441.992
 20
-17.5496
 30
0.0
 11
441.816
 21
-17.4304
 31
0.0
  0
LINE
  5
A8D
  8
0
 62
1
 10
441.816
 20
-17.4304
 30
0.0
 11
441.649
 21
-17.3005
 31
0.0
  0
LINE
  5
A8E
  8
0
 62
1
 10
441.649
 20
-17.3005
 30
0.0
 11
441.49
 21
-17.1603
 31
0.0
  0
LINE
  5
A8F
  8
0
 62
1
 10
441.49
 20
-17.1603
 30
0.0
 11
441.34
 21
-17.0103
 31
0.0
  0
LINE
  5
A90
  8
0
 62
1
 10
441.34
 20
-17.0103
 30
0.0
 11
441.2
 21
-16.8513
 31
0.0
  0
LINE
  5
A91
  8
0
 62
1
 10
441.2
 20
-16.8513
 30
0.0
 11
441.07
 21
-16.6838
 31
0.0
  0
LINE
  5
A92
  8
0
 62
1
 10
441.07
 20
-16.6838
 30
0.0
 11
440.95
 21
-16.5084
 31
0.0
  0
LINE
  5
A93
  8
0
 62
1
 10
440.95
 20
-16.5084
 30
0.0
 11
440.842
 21
-16.3259
 31
0.0
  0
LINE
  5
A94
  8
0
 62
1
 10
440.842
 20
-16.3259
 30
0.0
 11
440.746
 21
-16.137
 31
0.0
  0
LINE
  5
A95
  8
0
 62
1
 10
440.746
 20
-16.137
 30
0.0
 11
440.662
 21
-15.9424
 31
0.0
  0
LINE
  5
A96
  8
0
 62
1
 10
440.662
 20
-15.9424
 30
0.0
 11
440.59
 21
-15.7429
 31
0.0
  0
LINE
  5
A97
  8
0
 62
1
 10
440.59
 20
-15.7429
 30
0.0
 11
440.531
 21
-15.5393
 31
0.0
  0
LINE
  5
A98
  8
0
 62
1
 10
440.531
 20
-15.5393
 30
0.0
 11
440.485
 21
-15.3324
 31
0.0
  0
LINE
  5
A99
  8
0
 62
1
 10
440.485
 20
-15.3324
 30
0.0
 11
440.452
 21
-15.123
 31
0.0
  0
LINE
  5
A9A
  8
0
 62
1
 10
440.452
 20
-15.123
 30
0.0
 11
440.432
 21
-14.9119
 31
0.0
  0
LINE
  5
A9B
  8
0
 62
1
 10
440.432
 20
-14.9119
 30
0.0
 11
440.425
 21
-14.7
 31
0.0
  0
LINE
  5
A9C
  8
0
 62
1
 10
440.425
 20
-14.7
 30
0.0
 11
440.432
 21
-14.4881
 31
0.0
  0
LINE
  5
A9D
  8
0
 62
1
 10
440.432
 20
-14.4881
 30
0.0
 11
440.452
 21
-14.277
 31
0.0
  0
LINE
  5
A9E
  8
0
 62
1
 10
440.452
 20
-14.277
 30
0.0
 11
440.485
 21
-14.0676
 31
0.0
  0
LINE
  5
A9F
  8
0
 62
1
 10
440.485
 20
-14.0676
 30
0.0
 11
440.531
 21
-13.8607
 31
0.0
  0
LINE
  5
AA0
  8
0
 62
1
 10
440.531
 20
-13.8607
 30
0.0
 11
440.59
 21
-13.6571
 31
0.0
  0
LINE
  5
AA1
  8
0
 62
1
 10
440.59
 20
-13.6571
 30
0.0
 11
440.662
 21
-13.4576
 31
0.0
  0
LINE
  5
AA2
  8
0
 62
1
 10
440.662
 20
-13.4576
 30
0.0
 11
440.746
 21
-13.263
 31
0.0
  0
LINE
  5
AA3
  8
0
 62
1
 10
440.746
 20
-13.263
 30
0.0
 11
440.842
 21
-13.0741
 31
0.0
  0
LINE
  5
AA4
  8
0
 62
1
 10
440.842
 20
-13.0741
 30
0.0
 11
440.95
 21
-12.8916
 31
0.0
  0
LINE
  5
AA5
  8
0
 62
1
 10
440.95
 20
-12.8916
 30
0.0
 11
441.07
 21
-12.7162
 31
0.0
  0
LINE
  5
AA6
  8
0
 62
1
 10
441.07
 20
-12.7162
 30
0.0
 11
441.2
 21
-12.5487
 31
0.0
  0
LINE
  5
AA7
  8
0
 62
1
 10
441.2
 20
-12.5487
 30
0.0
 11
441.34
 21
-12.3896
 31
0.0
  0
LINE
  5
AA8
  8
0
 62
1
 10
441.34
 20
-12.3896
 30
0.0
 11
441.49
 21
-12.2397
 31
0.0
  0
LINE
  5
AA9
  8
0
 62
1
 10
441.49
 20
-12.2397
 30
0.0
 11
441.649
 21
-12.0995
 31
0.0
  0
LINE
  5
AAA
  8
0
 62
1
 10
441.649
 20
-12.0995
 30
0.0
 11
441.816
 21
-11.9696
 31
0.0
  0
LINE
  5
AAB
  8
0
 62
1
 10
441.816
 20
-11.9696
 30
0.0
 11
441.992
 21
-11.8504
 31
0.0
  0
LINE
  5
AAC
  8
0
 62
1
 10
441.992
 20
-11.8504
 30
0.0
 11
442.174
 21
-11.7425
 31
0.0
  0
LINE
  5
AAD
  8
0
 62
1
 10
442.174
 20
-11.7425
 30
0.0
 11
442.363
 21
-11.6462
 31
0.0
  0
LINE
  5
AAE
  8
0
 62
1
 10
442.363
 20
-11.6462
 30
0.0
 11
442.558
 21
-11.562
 31
0.0
  0
LINE
  5
AAF
  8
0
 62
1
 10
442.558
 20
-11.562
 30
0.0
 11
442.757
 21
-11.4902
 31
0.0
  0
LINE
  5
AB0
  8
0
 62
1
 10
442.757
 20
-11.4902
 30
0.0
 11
442.961
 21
-11.431
 31
0.0
  0
LINE
  5
AB1
  8
0
 62
1
 10
442.961
 20
-11.431
 30
0.0
 11
443.168
 21
-11.3848
 31
0.0
  0
LINE
  5
AB2
  8
0
 62
1
 10
443.168
 20
-11.3848
 30
0.0
 11
443.377
 21
-11.3516
 31
0.0
  0
LINE
  5
AB3
  8
0
 62
1
 10
443.377
 20
-11.3516
 30
0.0
 11
443.588
 21
-11.3316
 31
0.0
  0
LINE
  5
AB4
  8
0
 62
1
 10
443.588
 20
-11.3316
 30
0.0
 11
443.8
 21
-11.325
 31
0.0
  0
LINE
  5
AB5
  8
0
 62
1
 10
443.8
 20
-11.325
 30
0.0
 11
444.012
 21
-11.3316
 31
0.0
  0
LINE
  5
AB6
  8
0
 62
1
 10
444.012
 20
-11.3316
 30
0.0
 11
444.223
 21
-11.3516
 31
0.0
  0
LINE
  5
AB7
  8
0
 62
1
 10
444.223
 20
-11.3516
 30
0.0
 11
444.432
 21
-11.3848
 31
0.0
  0
LINE
  5
AB8
  8
0
 62
1
 10
444.432
 20
-11.3848
 30
0.0
 11
444.639
 21
-11.431
 31
0.0
  0
LINE
  5
AB9
  8
0
 62
1
 10
444.639
 20
-11.431
 30
0.0
 11
444.843
 21
-11.4902
 31
0.0
  0
LINE
  5
ABA
  8
0
 62
1
 10
444.843
 20
-11.4902
 30
0.0
 11
445.042
 21
-11.562
 31
0.0
  0
LINE
  5
ABB
  8
0
 62
1
 10
445.042
 20
-11.562
 30
0.0
 11
445.237
 21
-11.6462
 31
0.0
  0
LINE
  5
ABC
  8
0
 62
1
 10
445.237
 20
-11.6462
 30
0.0
 11
445.426
 21
-11.7425
 31
0.0
  0
LINE
  5
ABD
  8
0
 62
1
 10
445.426
 20
-11.7425
 30
0.0
 11
445.608
 21
-11.8504
 31
0.0
  0
LINE
  5
ABE
  8
0
 62
1
 10
445.608
 20
-11.8504
 30
0.0
 11
445.784
 21
-11.9696
 31
0.0
  0
LINE
  5
ABF
  8
0
 62
1
 10
445.784
 20
-11.9696
 30
0.0
 11
445.951
 21
-12.0995
 31
0.0
  0
LINE
  5
AC0
  8
0
 62
1
 10
445.951
 20
-12.0995
 30
0.0
 11
446.11
 21
-12.2397
 31
0.0
  0
LINE
  5
AC1
  8
0
 62
1
 10
446.11
 20
-12.2397
 30
0.0
 11
446.26
 21
-12.3896
 31
0.0
  0
LINE
  5
AC2
  8
0
 62
1
 10
446.26
 20
-12.3896
 30
0.0
 11
446.4
 21
-12.5487
 31
0.0
  0
LINE
  5
AC3
  8
0
 62
1
 10
446.4
 20
-12.5487
 30
0.0
 11
446.53
 21
-12.7162
 31
0.0
  0
LINE
  5
AC4
  8
0
 62
1
 10
446.53
 20
-12.7162
 30
0.0
 11
446.65
 21
-12.8916
 31
0.0
  0
LINE
  5
AC5
  8
0
 62
1
 10
446.65
 20
-12.8916
 30
0.0
 11
446.758
 21
-13.0741
 31
0.0
  0
LINE
  5
AC6
  8
0
 62
1
 10
446.758
 20
-13.0741
 30
0.0
 11
446.854
 21
-13.263
 31
0.0
  0
LINE
  5
AC7
  8
0
 62
1
 10
446.854
 20
-13.263
 30
0.0
 11
446.938
 21
-13.4576
 31
0.0
  0
LINE
  5
AC8
  8
0
 62
1
 10
446.938
 20
-13.4576
 30
0.0
 11
447.01
 21
-13.6571
 31
0.0
  0
LINE
  5
AC9
  8
0
 62
1
 10
447.01
 20
-13.6571
 30
0.0
 11
447.069
 21
-13.8607
 31
0.0
  0
LINE
  5
ACA
  8
0
 62
1
 10
447.069
 20
-13.8607
 30
0.0
 11
447.115
 21
-14.0676
 31
0.0
  0
LINE
  5
ACB
  8
0
 62
1
 10
447.115
 20
-14.0676
 30
0.0
 11
447.148
 21
-14.277
 31
0.0
  0
LINE
  5
ACC
  8
0
 62
1
 10
447.148
 20
-14.277
 30
0.0
 11
447.168
 21
-14.4881
 31
0.0
  0
LINE
  5
ACD
  8
0
 62
1
 10
447.168
 20
-14.4881
 30
0.0
 11
447.175
 21
-14.7
 31
0.0
  0
LINE
  5
ACE
  8
0
 62
1
 10
447.175
 20
-14.7
 30
0.0
 11
447.168
 21
-14.9119
 31
0.0
  0
LINE
  5
ACF
  8
0
 62
1
 10
447.168
 20
-14.9119
 30
0.0
 11
447.148
 21
-15.123
 31
0.0
  0
LINE
  5
AD0
  8
0
 62
1
 10
447.148
 20
-15.123
 30
0.0
 11
447.115
 21
-15.3324
 31
0.0
  0
LINE
  5
AD1
  8
0
 62
1
 10
447.115
 20
-15.3324
 30
0.0
 11
447.069
 21
-15.5393
 31
0.0
  0
LINE
  5
AD2
  8
0
 62
1
 10
447.069
 20
-15.5393
 30
0.0
 11
447.01
 21
-15.7429
 31
0.0
  0
LINE
  5
AD3
  8
0
 62
1
 10
447.01
 20
-15.7429
 30
0.0
 11
446.938
 21
-15.9424
 31
0.0
  0
LINE
  5
AD4
  8
0
 62
1
 10
446.938
 20
-15.9424
 30
0.0
 11
446.854
 21
-16.137
 31
0.0
  0
LINE
  5
AD5
  8
0
 62
1
 10
446.854
 20
-16.137
 30
0.0
 11
446.758
 21
-16.3259
 31
0.0
  0
LINE
  5
AD6
  8
0
 62
1
 10
446.758
 20
-16.3259
 30
0.0
 11
446.65
 21
-16.5084
 31
0.0
  0
LINE
  5
AD7
  8
0
 62
1
 10
446.65
 20
-16.5084
 30
0.0
 11
446.53
 21
-16.6838
 31
0.0
  0
LINE
  5
AD8
  8
0
 62
1
 10
446.53
 20
-16.6838
 30
0.0
 11
446.4
 21
-16.8513
 31
0.0
  0
LINE
  5
AD9
  8
0
 62
1
 10
446.4
 20
-16.8513
 30
0.0
 11
446.26
 21
-17.0103
 31
0.0
  0
LINE
  5
ADA
  8
0
 62
1
 10
446.26
 20
-17.0103
 30
0.0
 11
446.11
 21
-17.1603
 31
0.0
  0
LINE
  5
ADB
  8
0
 62
1
 10
446.11
 20
-17.1603
 30
0.0
 11
445.951
 21
-17.3005
 31
0.0
  0
LINE
  5
ADC
  8
0
 62
1
 10
445.951
 20
-17.3005
 30
0.0
 11
445.784
 21
-17.4304
 31
0.0
  0
LINE
  5
ADD
  8
0
 62
1
 10
445.784
 20
-17.4304
 30
0.0
 11
445.608
 21
-17.5496
 31
0.0
  0
LINE
  5
ADE
  8
0
 62
1
 10
445.608
 20
-17.5496
 30
0.0
 11
445.426
 21
-17.6575
 31
0.0
  0
LINE
  5
ADF
  8
0
 62
1
 10
445.426
 20
-17.6575
 30
0.0
 11
445.237
 21
-17.7538
 31
0.0
  0
LINE
  5
AE0
  8
0
 62
1
 10
445.237
 20
-17.7538
 30
0.0
 11
445.042
 21
-17.838
 31
0.0
  0
LINE
  5
AE1
  8
0
 62
1
 10
445.042
 20
-17.838
 30
0.0
 11
444.843
 21
-17.9098
 31
0.0
  0
LINE
  5
AE2
  8
0
 62
1
 10
444.843
 20
-17.9098
 30
0.0
 11
444.639
 21
-17.969
 31
0.0
  0
LINE
  5
AE3
  8
0
 62
1
 10
444.639
 20
-17.969
 30
0.0
 11
444.432
 21
-18.0152
 31
0.0
  0
LINE
  5
AE4
  8
0
 62
1
 10
444.432
 20
-18.0152
 30
0.0
 11
444.223
 21
-18.0484
 31
0.0
  0
LINE
  5
AE5
  8
0
 62
1
 10
444.223
 20
-18.0484
 30
0.0
 11
444.012
 21
-18.0683
 31
0.0
  0
LINE
  5
AE6
  8
0
 62
1
 10
444.012
 20
-18.0683
 30
0.0
 11
443.8
 21
-18.075
 31
0.0
  0
LINE
  5
AE7
  8
0
 62
1
 10
443.8
 20
-18.075
 30
0.0
 11
443.588
 21
-18.0683
 31
0.0
  0
LINE
  5
AE8
  8
0
 62
1
 10
443.588
 20
-43.4683
 30
0.0
 11
443.377
 21
-43.4484
 31
0.0
  0
LINE
  5
AE9
  8
0
 62
1
 10
443.377
 20
-43.4484
 30
0.0
 11
443.168
 21
-43.4152
 31
0.0
  0
LINE
  5
AEA
  8
0
 62
1
 10
443.168
 20
-43.4152
 30
0.0
 11
442.961
 21
-43.369
 31
0.0
  0
LINE
  5
AEB
  8
0
 62
1
 10
442.961
 20
-43.369
 30
0.0
 11
442.757
 21
-43.3098
 31
0.0
  0
LINE
  5
AEC
  8
0
 62
1
 10
442.757
 20
-43.3098
 30
0.0
 11
442.558
 21
-43.238
 31
0.0
  0
LINE
  5
AED
  8
0
 62
1
 10
442.558
 20
-43.238
 30
0.0
 11
442.363
 21
-43.1538
 31
0.0
  0
LINE
  5
AEE
  8
0
 62
1
 10
442.363
 20
-43.1538
 30
0.0
 11
442.174
 21
-43.0575
 31
0.0
  0
LINE
  5
AEF
  8
0
 62
1
 10
442.174
 20
-43.0575
 30
0.0
 11
441.992
 21
-42.9496
 31
0.0
  0
LINE
  5
AF0
  8
0
 62
1
 10
441.992
 20
-42.9496
 30
0.0
 11
441.816
 21
-42.8304
 31
0.0
  0
LINE
  5
AF1
  8
0
 62
1
 10
441.816
 20
-42.8304
 30
0.0
 11
441.649
 21
-42.7005
 31
0.0
  0
LINE
  5
AF2
  8
0
 62
1
 10
441.649
 20
-42.7005
 30
0.0
 11
441.49
 21
-42.5603
 31
0.0
  0
LINE
  5
AF3
  8
0
 62
1
 10
441.49
 20
-42.5603
 30
0.0
 11
441.34
 21
-42.4103
 31
0.0
  0
LINE
  5
AF4
  8
0
 62
1
 10
441.34
 20
-42.4103
 30
0.0
 11
441.2
 21
-42.2513
 31
0.0
  0
LINE
  5
AF5
  8
0
 62
1
 10
441.2
 20
-42.2513
 30
0.0
 11
441.07
 21
-42.0838
 31
0.0
  0
LINE
  5
AF6
  8
0
 62
1
 10
441.07
 20
-42.0838
 30
0.0
 11
440.95
 21
-41.9084
 31
0.0
  0
LINE
  5
AF7
  8
0
 62
1
 10
440.95
 20
-41.9084
 30
0.0
 11
440.842
 21
-41.7259
 31
0.0
  0
LINE
  5
AF8
  8
0
 62
1
 10
440.842
 20
-41.7259
 30
0.0
 11
440.746
 21
-41.537
 31
0.0
  0
LINE
  5
AF9
  8
0
 62
1
 10
440.746
 20
-41.537
 30
0.0
 11
440.662
 21
-41.3424
 31
0.0
  0
LINE
  5
AFA
  8
0
 62
1
 10
440.662
 20
-41.3424
 30
0.0
 11
440.59
 21
-41.1429
 31
0.0
  0
LINE
  5
AFB
  8
0
 62
1
 10
440.59
 20
-41.1429
 30
0.0
 11
440.531
 21
-40.9393
 31
0.0
  0
LINE
  5
AFC
  8
0
 62
1
 10
440.531
 20
-40.9393
 30
0.0
 11
440.485
 21
-40.7324
 31
0.0
  0
LINE
  5
AFD
  8
0
 62
1
 10
440.485
 20
-40.7324
 30
0.0
 11
440.452
 21
-40.523
 31
0.0
  0
LINE
  5
AFE
  8
0
 62
1
 10
440.452
 20
-40.523
 30
0.0
 11
440.432
 21
-40.3119
 31
0.0
  0
LINE
  5
AFF
  8
0
 62
1
 10
440.432
 20
-40.3119
 30
0.0
 11
440.425
 21
-40.1
 31
0.0
  0
LINE
  5
B00
  8
0
 62
1
 10
440.425
 20
-40.1
 30
0.0
 11
440.432
 21
-39.8881
 31
0.0
  0
LINE
  5
B01
  8
0
 62
1
 10
440.432
 20
-39.8881
 30
0.0
 11
440.452
 21
-39.677
 31
0.0
  0
LINE
  5
B02
  8
0
 62
1
 10
440.452
 20
-39.677
 30
0.0
 11
440.485
 21
-39.4676
 31
0.0
  0
LINE
  5
B03
  8
0
 62
1
 10
440.485
 20
-39.4676
 30
0.0
 11
440.531
 21
-39.2607
 31
0.0
  0
LINE
  5
B04
  8
0
 62
1
 10
440.531
 20
-39.2607
 30
0.0
 11
440.59
 21
-39.0571
 31
0.0
  0
LINE
  5
B05
  8
0
 62
1
 10
440.59
 20
-39.0571
 30
0.0
 11
440.662
 21
-38.8576
 31
0.0
  0
LINE
  5
B06
  8
0
 62
1
 10
440.662
 20
-38.8576
 30
0.0
 11
440.746
 21
-38.663
 31
0.0
  0
LINE
  5
B07
  8
0
 62
1
 10
440.746
 20
-38.663
 30
0.0
 11
440.842
 21
-38.4741
 31
0.0
  0
LINE
  5
B08
  8
0
 62
1
 10
440.842
 20
-38.4741
 30
0.0
 11
440.95
 21
-38.2916
 31
0.0
  0
LINE
  5
B09
  8
0
 62
1
 10
440.95
 20
-38.2916
 30
0.0
 11
441.07
 21
-38.1162
 31
0.0
  0
LINE
  5
B0A
  8
0
 62
1
 10
441.07
 20
-38.1162
 30
0.0
 11
441.2
 21
-37.9487
 31
0.0
  0
LINE
  5
B0B
  8
0
 62
1
 10
441.2
 20
-37.9487
 30
0.0
 11
441.34
 21
-37.7896
 31
0.0
  0
LINE
  5
B0C
  8
0
 62
1
 10
441.34
 20
-37.7896
 30
0.0
 11
441.49
 21
-37.6397
 31
0.0
  0
LINE
  5
B0D
  8
0
 62
1
 10
441.49
 20
-37.6397
 30
0.0
 11
441.649
 21
-37.4995
 31
0.0
  0
LINE
  5
B0E
  8
0
 62
1
 10
441.649
 20
-37.4995
 30
0.0
 11
441.816
 21
-37.3696
 31
0.0
  0
LINE
  5
B0F
  8
0
 62
1
 10
441.816
 20
-37.3696
 30
0.0
 11
441.992
 21
-37.2504
 31
0.0
  0
LINE
  5
B10
  8
0
 62
1
 10
441.992
 20
-37.2504
 30
0.0
 11
442.174
 21
-37.1425
 31
0.0
  0
LINE
  5
B11
  8
0
 62
1
 10
442.174
 20
-37.1425
 30
0.0
 11
442.363
 21
-37.0462
 31
0.0
  0
LINE
  5
B12
  8
0
 62
1
 10
442.363
 20
-37.0462
 30
0.0
 11
442.558
 21
-36.962
 31
0.0
  0
LINE
  5
B13
  8
0
 62
1
 10
442.558
 20
-36.962
 30
0.0
 11
442.757
 21
-36.8902
 31
0.0
  0
LINE
  5
B14
  8
0
 62
1
 10
442.757
 20
-36.8902
 30
0.0
 11
442.961
 21
-36.831
 31
0.0
  0
LINE
  5
B15
  8
0
 62
1
 10
442.961
 20
-36.831
 30
0.0
 11
443.168
 21
-36.7848
 31
0.0
  0
LINE
  5
B16
  8
0
 62
1
 10
443.168
 20
-36.7848
 30
0.0
 11
443.377
 21
-36.7516
 31
0.0
  0
LINE
  5
B17
  8
0
 62
1
 10
443.377
 20
-36.7516
 30
0.0
 11
443.588
 21
-36.7317
 31
0.0
  0
LINE
  5
B18
  8
0
 62
1
 10
443.588
 20
-36.7317
 30
0.0
 11
443.8
 21
-36.725
 31
0.0
  0
LINE
  5
B19
  8
0
 62
1
 10
443.8
 20
-36.725
 30
0.0
 11
444.012
 21
-36.7317
 31
0.0
  0
LINE
  5
B1A
  8
0
 62
1
 10
444.012
 20
-36.7317
 30
0.0
 11
444.223
 21
-36.7516
 31
0.0
  0
LINE
  5
B1B
  8
0
 62
1
 10
444.223
 20
-36.7516
 30
0.0
 11
444.432
 21
-36.7848
 31
0.0
  0
LINE
  5
B1C
  8
0
 62
1
 10
444.432
 20
-36.7848
 30
0.0
 11
444.639
 21
-36.831
 31
0.0
  0
LINE
  5
B1D
  8
0
 62
1
 10
444.639
 20
-36.831
 30
0.0
 11
444.843
 21
-36.8902
 31
0.0
  0
LINE
  5
B1E
  8
0
 62
1
 10
444.843
 20
-36.8902
 30
0.0
 11
445.042
 21
-36.962
 31
0.0
  0
LINE
  5
B1F
  8
0
 62
1
 10
445.042
 20
-36.962
 30
0.0
 11
445.237
 21
-37.0462
 31
0.0
  0
LINE
  5
B20
  8
0
 62
1
 10
445.237
 20
-37.0462
 30
0.0
 11
445.426
 21
-37.1425
 31
0.0
  0
LINE
  5
B21
  8
0
 62
1
 10
445.426
 20
-37.1425
 30
0.0
 11
445.608
 21
-37.2504
 31
0.0
  0
LINE
  5
B22
  8
0
 62
1
 10
445.608
 20
-37.2504
 30
0.0
 11
445.784
 21
-37.3696
 31
0.0
  0
LINE
  5
B23
  8
0
 62
1
 10
445.784
 20
-37.3696
 30
0.0
 11
445.951
 21
-37.4995
 31
0.0
  0
LINE
  5
B24
  8
0
 62
1
 10
445.951
 20
-37.4995
 30
0.0
 11
446.11
 21
-37.6397
 31
0.0
  0
LINE
  5
B25
  8
0
 62
1
 10
446.11
 20
-37.6397
 30
0.0
 11
446.26
 21
-37.7896
 31
0.0
  0
LINE
  5
B26
  8
0
 62
1
 10
446.26
 20
-37.7896
 30
0.0
 11
446.4
 21
-37.9487
 31
0.0
  0
LINE
  5
B27
  8
0
 62
1
 10
446.4
 20
-37.9487
 30
0.0
 11
446.53
 21
-38.1162
 31
0.0
  0
LINE
  5
B28
  8
0
 62
1
 10
446.53
 20
-38.1162
 30
0.0
 11
446.65
 21
-38.2916
 31
0.0
  0
LINE
  5
B29
  8
0
 62
1
 10
446.65
 20
-38.2916
 30
0.0
 11
446.758
 21
-38.4741
 31
0.0
  0
LINE
  5
B2A
  8
0
 62
1
 10
446.758
 20
-38.4741
 30
0.0
 11
446.854
 21
-38.663
 31
0.0
  0
LINE
  5
B2B
  8
0
 62
1
 10
446.854
 20
-38.663
 30
0.0
 11
446.938
 21
-38.8576
 31
0.0
  0
LINE
  5
B2C
  8
0
 62
1
 10
446.938
 20
-38.8576
 30
0.0
 11
447.01
 21
-39.0571
 31
0.0
  0
LINE
  5
B2D
  8
0
 62
1
 10
447.01
 20
-39.0571
 30
0.0
 11
447.069
 21
-39.2607
 31
0.0
  0
LINE
  5
B2E
  8
0
 62
1
 10
447.069
 20
-39.2607
 30
0.0
 11
447.115
 21
-39.4676
 31
0.0
  0
LINE
  5
B2F
  8
0
 62
1
 10
447.115
 20
-39.4676
 30
0.0
 11
447.148
 21
-39.677
 31
0.0
  0
LINE
  5
B30
  8
0
 62
1
 10
447.148
 20
-39.677
 30
0.0
 11
447.168
 21
-39.8881
 31
0.0
  0
LINE
  5
B31
  8
0
 62
1
 10
447.168
 20
-39.8881
 30
0.0
 11
447.175
 21
-40.1
 31
0.0
  0
LINE
  5
B32
  8
0
 62
1
 10
447.175
 20
-40.1
 30
0.0
 11
447.168
 21
-40.3119
 31
0.0
  0
LINE
  5
B33
  8
0
 62
1
 10
447.168
 20
-40.3119
 30
0.0
 11
447.148
 21
-40.523
 31
0.0
  0
LINE
  5
B34
  8
0
 62
1
 10
447.148
 20
-40.523
 30
0.0
 11
447.115
 21
-40.7324
 31
0.0
  0
LINE
  5
B35
  8
0
 62
1
 10
447.115
 20
-40.7324
 30
0.0
 11
447.069
 21
-40.9393
 31
0.0
  0
LINE
  5
B36
  8
0
 62
1
 10
447.069
 20
-40.9393
 30
0.0
 11
447.01
 21
-41.1429
 31
0.0
  0
LINE
  5
B37
  8
0
 62
1
 10
447.01
 20
-41.1429
 30
0.0
 11
446.938
 21
-41.3424
 31
0.0
  0
LINE
  5
B38
  8
0
 62
1
 10
446.938
 20
-41.3424
 30
0.0
 11
446.854
 21
-41.537
 31
0.0
  0
LINE
  5
B39
  8
0
 62
1
 10
446.854
 20
-41.537
 30
0.0
 11
446.758
 21
-41.7259
 31
0.0
  0
LINE
  5
B3A
  8
0
 62
1
 10
446.758
 20
-41.7259
 30
0.0
 11
446.65
 21
-41.9084
 31
0.0
  0
LINE
  5
B3B
  8
0
 62
1
 10
446.65
 20
-41.9084
 30
0.0
 11
446.53
 21
-42.0838
 31
0.0
  0
LINE
  5
B3C
  8
0
 62
1
 10
446.53
 20
-42.0838
 30
0.0
 11
446.4
 21
-42.2513
 31
0.0
  0
LINE
  5
B3D
  8
0
 62
1
 10
446.4
 20
-42.2513
 30
0.0
 11
446.26
 21
-42.4103
 31
0.0
  0
LINE
  5
B3E
  8
0
 62
1
 10
446.26
 20
-42.4103
 30
0.0
 11
446.11
 21
-42.5603
 31
0.0
  0
LINE
  5
B3F
  8
0
 62
1
 10
446.11
 20
-42.5603
 30
0.0
 11
445.951
 21
-42.7005
 31
0.0
  0
LINE
  5
B40
  8
0
 62
1
 10
445.951
 20
-42.7005
 30
0.0
 11
445.784
 21
-42.8304
 31
0.0
  0
LINE
  5
B41
  8
0
 62
1
 10
445.784
 20
-42.8304
 30
0.0
 11
445.608
 21
-42.9496
 31
0.0
  0
LINE
  5
B42
  8
0
 62
1
 10
445.608
 20
-42.9496
 30
0.0
 11
445.426
 21
-43.0575
 31
0.0
  0
LINE
  5
B43
  8
0
 62
1
 10
445.426
 20
-43.0575
 30
0.0
 11
445.237
 21
-43.1538
 31
0.0
  0
LINE
  5
B44
  8
0
 62
1
 10
445.237
 20
-43.1538
 30
0.0
 11
445.042
 21
-43.238
 31
0.0
  0
LINE
  5
B45
  8
0
 62
1
 10
445.042
 20
-43.238
 30
0.0
 11
444.843
 21
-43.3098
 31
0.0
  0
LINE
  5
B46
  8
0
 62
1
 10
444.843
 20
-43.3098
 30
0.0
 11
444.639
 21
-43.369
 31
0.0
  0
LINE
  5
B47
  8
0
 62
1
 10
444.639
 20
-43.369
 30
0.0
 11
444.432
 21
-43.4152
 31
0.0
  0
LINE
  5
B48
  8
0
 62
1
 10
444.432
 20
-43.4152
 30
0.0
 11
444.223
 21
-43.4484
 31
0.0
  0
LINE
  5
B49
  8
0
 62
1
 10
444.223
 20
-43.4484
 30
0.0
 11
444.012
 21
-43.4683
 31
0.0
  0
LINE
  5
B4A
  8
0
 62
1
 10
444.012
 20
-43.4683
 30
0.0
 11
443.8
 21
-43.475
 31
0.0
  0
LINE
  5
B4B
  8
0
 62
1
 10
443.8
 20
-43.475
 30
0.0
 11
443.588
 21
-43.4683
 31
0.0
  0
LINE
  5
B4C
  8
0
 62
1
 10
443.588
 20
-68.8683
 30
0.0
 11
443.377
 21
-68.8484
 31
0.0
  0
LINE
  5
B4D
  8
0
 62
1
 10
443.377
 20
-68.8484
 30
0.0
 11
443.168
 21
-68.8152
 31
0.0
  0
LINE
  5
B4E
  8
0
 62
1
 10
443.168
 20
-68.8152
 30
0.0
 11
442.961
 21
-68.769
 31
0.0
  0
LINE
  5
B4F
  8
0
 62
1
 10
442.961
 20
-68.769
 30
0.0
 11
442.757
 21
-68.7098
 31
0.0
  0
LINE
  5
B50
  8
0
 62
1
 10
442.757
 20
-68.7098
 30
0.0
 11
442.558
 21
-68.638
 31
0.0
  0
LINE
  5
B51
  8
0
 62
1
 10
442.558
 20
-68.638
 30
0.0
 11
442.363
 21
-68.5538
 31
0.0
  0
LINE
  5
B52
  8
0
 62
1
 10
442.363
 20
-68.5538
 30
0.0
 11
442.174
 21
-68.4575
 31
0.0
  0
LINE
  5
B53
  8
0
 62
1
 10
442.174
 20
-68.4575
 30
0.0
 11
441.992
 21
-68.3496
 31
0.0
  0
LINE
  5
B54
  8
0
 62
1
 10
441.992
 20
-68.3496
 30
0.0
 11
441.816
 21
-68.2304
 31
0.0
  0
LINE
  5
B55
  8
0
 62
1
 10
441.816
 20
-68.2304
 30
0.0
 11
441.649
 21
-68.1005
 31
0.0
  0
LINE
  5
B56
  8
0
 62
1
 10
441.649
 20
-68.1005
 30
0.0
 11
441.49
 21
-67.9603
 31
0.0
  0
LINE
  5
B57
  8
0
 62
1
 10
441.49
 20
-67.9603
 30
0.0
 11
441.34
 21
-67.8103
 31
0.0
  0
LINE
  5
B58
  8
0
 62
1
 10
441.34
 20
-67.8103
 30
0.0
 11
441.2
 21
-67.6513
 31
0.0
  0
LINE
  5
B59
  8
0
 62
1
 10
441.2
 20
-67.6513
 30
0.0
 11
441.07
 21
-67.4837
 31
0.0
  0
LINE
  5
B5A
  8
0
 62
1
 10
441.07
 20
-67.4837
 30
0.0
 11
440.95
 21
-67.3084
 31
0.0
  0
LINE
  5
B5B
  8
0
 62
1
 10
440.95
 20
-67.3084
 30
0.0
 11
440.842
 21
-67.1259
 31
0.0
  0
LINE
  5
B5C
  8
0
 62
1
 10
440.842
 20
-67.1259
 30
0.0
 11
440.746
 21
-66.937
 31
0.0
  0
LINE
  5
B5D
  8
0
 62
1
 10
440.746
 20
-66.937
 30
0.0
 11
440.662
 21
-66.7424
 31
0.0
  0
LINE
  5
B5E
  8
0
 62
1
 10
440.662
 20
-66.7424
 30
0.0
 11
440.59
 21
-66.5429
 31
0.0
  0
LINE
  5
B5F
  8
0
 62
1
 10
440.59
 20
-66.5429
 30
0.0
 11
440.531
 21
-66.3393
 31
0.0
  0
LINE
  5
B60
  8
0
 62
1
 10
440.531
 20
-66.3393
 30
0.0
 11
440.485
 21
-66.1324
 31
0.0
  0
LINE
  5
B61
  8
0
 62
1
 10
440.485
 20
-66.1324
 30
0.0
 11
440.452
 21
-65.923
 31
0.0
  0
LINE
  5
B62
  8
0
 62
1
 10
440.452
 20
-65.923
 30
0.0
 11
440.432
 21
-65.7119
 31
0.0
  0
LINE
  5
B63
  8
0
 62
1
 10
440.432
 20
-65.7119
 30
0.0
 11
440.425
 21
-65.5
 31
0.0
  0
LINE
  5
B64
  8
0
 62
1
 10
440.425
 20
-65.5
 30
0.0
 11
440.432
 21
-65.2881
 31
0.0
  0
LINE
  5
B65
  8
0
 62
1
 10
440.432
 20
-65.2881
 30
0.0
 11
440.452
 21
-65.077
 31
0.0
  0
LINE
  5
B66
  8
0
 62
1
 10
440.452
 20
-65.077
 30
0.0
 11
440.485
 21
-64.8676
 31
0.0
  0
LINE
  5
B67
  8
0
 62
1
 10
440.485
 20
-64.8676
 30
0.0
 11
440.531
 21
-64.6606
 31
0.0
  0
LINE
  5
B68
  8
0
 62
1
 10
440.531
 20
-64.6606
 30
0.0
 11
440.59
 21
-64.457
 31
0.0
  0
LINE
  5
B69
  8
0
 62
1
 10
440.59
 20
-64.457
 30
0.0
 11
440.662
 21
-64.2576
 31
0.0
  0
LINE
  5
B6A
  8
0
 62
1
 10
440.662
 20
-64.2576
 30
0.0
 11
440.746
 21
-64.063
 31
0.0
  0
LINE
  5
B6B
  8
0
 62
1
 10
440.746
 20
-64.063
 30
0.0
 11
440.842
 21
-63.8741
 31
0.0
  0
LINE
  5
B6C
  8
0
 62
1
 10
440.842
 20
-63.8741
 30
0.0
 11
440.95
 21
-63.6916
 31
0.0
  0
LINE
  5
B6D
  8
0
 62
1
 10
440.95
 20
-63.6916
 30
0.0
 11
441.07
 21
-63.5162
 31
0.0
  0
LINE
  5
B6E
  8
0
 62
1
 10
441.07
 20
-63.5162
 30
0.0
 11
441.2
 21
-63.3487
 31
0.0
  0
LINE
  5
B6F
  8
0
 62
1
 10
441.2
 20
-63.3487
 30
0.0
 11
441.34
 21
-63.1896
 31
0.0
  0
LINE
  5
B70
  8
0
 62
1
 10
441.34
 20
-63.1896
 30
0.0
 11
441.49
 21
-63.0397
 31
0.0
  0
LINE
  5
B71
  8
0
 62
1
 10
441.49
 20
-63.0397
 30
0.0
 11
441.649
 21
-62.8995
 31
0.0
  0
LINE
  5
B72
  8
0
 62
1
 10
441.649
 20
-62.8995
 30
0.0
 11
441.816
 21
-62.7695
 31
0.0
  0
LINE
  5
B73
  8
0
 62
1
 10
441.816
 20
-62.7695
 30
0.0
 11
441.992
 21
-62.6504
 31
0.0
  0
LINE
  5
B74
  8
0
 62
1
 10
441.992
 20
-62.6504
 30
0.0
 11
442.174
 21
-62.5424
 31
0.0
  0
LINE
  5
B75
  8
0
 62
1
 10
442.174
 20
-62.5424
 30
0.0
 11
442.363
 21
-62.4462
 31
0.0
  0
LINE
  5
B76
  8
0
 62
1
 10
442.363
 20
-62.4462
 30
0.0
 11
442.558
 21
-62.362
 31
0.0
  0
LINE
  5
B77
  8
0
 62
1
 10
442.558
 20
-62.362
 30
0.0
 11
442.757
 21
-62.2902
 31
0.0
  0
LINE
  5
B78
  8
0
 62
1
 10
442.757
 20
-62.2902
 30
0.0
 11
442.961
 21
-62.231
 31
0.0
  0
LINE
  5
B79
  8
0
 62
1
 10
442.961
 20
-62.231
 30
0.0
 11
443.168
 21
-62.1848
 31
0.0
  0
LINE
  5
B7A
  8
0
 62
1
 10
443.168
 20
-62.1848
 30
0.0
 11
443.377
 21
-62.1516
 31
0.0
  0
LINE
  5
B7B
  8
0
 62
1
 10
443.377
 20
-62.1516
 30
0.0
 11
443.588
 21
-62.1316
 31
0.0
  0
LINE
  5
B7C
  8
0
 62
1
 10
443.588
 20
-62.1316
 30
0.0
 11
443.8
 21
-62.125
 31
0.0
  0
LINE
  5
B7D
  8
0
 62
1
 10
443.8
 20
-62.125
 30
0.0
 11
444.012
 21
-62.1316
 31
0.0
  0
LINE
  5
B7E
  8
0
 62
1
 10
444.012
 20
-62.1316
 30
0.0
 11
444.223
 21
-62.1516
 31
0.0
  0
LINE
  5
B7F
  8
0
 62
1
 10
444.223
 20
-62.1516
 30
0.0
 11
444.432
 21
-62.1848
 31
0.0
  0
LINE
  5
B80
  8
0
 62
1
 10
444.432
 20
-62.1848
 30
0.0
 11
444.639
 21
-62.231
 31
0.0
  0
LINE
  5
B81
  8
0
 62
1
 10
444.639
 20
-62.231
 30
0.0
 11
444.843
 21
-62.2902
 31
0.0
  0
LINE
  5
B82
  8
0
 62
1
 10
444.843
 20
-62.2902
 30
0.0
 11
445.042
 21
-62.362
 31
0.0
  0
LINE
  5
B83
  8
0
 62
1
 10
445.042
 20
-62.362
 30
0.0
 11
445.237
 21
-62.4462
 31
0.0
  0
LINE
  5
B84
  8
0
 62
1
 10
445.237
 20
-62.4462
 30
0.0
 11
445.426
 21
-62.5424
 31
0.0
  0
LINE
  5
B85
  8
0
 62
1
 10
445.426
 20
-62.5424
 30
0.0
 11
445.608
 21
-62.6504
 31
0.0
  0
LINE
  5
B86
  8
0
 62
1
 10
445.608
 20
-62.6504
 30
0.0
 11
445.784
 21
-62.7695
 31
0.0
  0
LINE
  5
B87
  8
0
 62
1
 10
445.784
 20
-62.7695
 30
0.0
 11
445.951
 21
-62.8995
 31
0.0
  0
LINE
  5
B88
  8
0
 62
1
 10
445.951
 20
-62.8995
 30
0.0
 11
446.11
 21
-63.0397
 31
0.0
  0
LINE
  5
B89
  8
0
 62
1
 10
446.11
 20
-63.0397
 30
0.0
 11
446.26
 21
-63.1896
 31
0.0
  0
LINE
  5
B8A
  8
0
 62
1
 10
446.26
 20
-63.1896
 30
0.0
 11
446.4
 21
-63.3487
 31
0.0
  0
LINE
  5
B8B
  8
0
 62
1
 10
446.4
 20
-63.3487
 30
0.0
 11
446.53
 21
-63.5162
 31
0.0
  0
LINE
  5
B8C
  8
0
 62
1
 10
446.53
 20
-63.5162
 30
0.0
 11
446.65
 21
-63.6916
 31
0.0
  0
LINE
  5
B8D
  8
0
 62
1
 10
446.65
 20
-63.6916
 30
0.0
 11
446.758
 21
-63.8741
 31
0.0
  0
LINE
  5
B8E
  8
0
 62
1
 10
446.758
 20
-63.8741
 30
0.0
 11
446.854
 21
-64.063
 31
0.0
  0
LINE
  5
B8F
  8
0
 62
1
 10
446.854
 20
-64.063
 30
0.0
 11
446.938
 21
-64.2576
 31
0.0
  0
LINE
  5
B90
  8
0
 62
1
 10
446.938
 20
-64.2576
 30
0.0
 11
447.01
 21
-64.457
 31
0.0
  0
LINE
  5
B91
  8
0
 62
1
 10
447.01
 20
-64.457
 30
0.0
 11
447.069
 21
-64.6606
 31
0.0
  0
LINE
  5
B92
  8
0
 62
1
 10
447.069
 20
-64.6606
 30
0.0
 11
447.115
 21
-64.8676
 31
0.0
  0
LINE
  5
B93
  8
0
 62
1
 10
447.115
 20
-64.8676
 30
0.0
 11
447.148
 21
-65.077
 31
0.0
  0
LINE
  5
B94
  8
0
 62
1
 10
447.148
 20
-65.077
 30
0.0
 11
447.168
 21
-65.2881
 31
0.0
  0
LINE
  5
B95
  8
0
 62
1
 10
447.168
 20
-65.2881
 30
0.0
 11
447.175
 21
-65.5
 31
0.0
  0
LINE
  5
B96
  8
0
 62
1
 10
447.175
 20
-65.5
 30
0.0
 11
447.168
 21
-65.7119
 31
0.0
  0
LINE
  5
B97
  8
0
 62
1
 10
447.168
 20
-65.7119
 30
0.0
 11
447.148
 21
-65.923
 31
0.0
  0
LINE
  5
B98
  8
0
 62
1
 10
447.148
 20
-65.923
 30
0.0
 11
447.115
 21
-66.1324
 31
0.0
  0
LINE
  5
B99
  8
0
 62
1
 10
447.115
 20
-66.1324
 30
0.0
 11
447.069
 21
-66.3393
 31
0.0
  0
LINE
  5
B9A
  8
0
 62
1
 10
447.069
 20
-66.3393
 30
0.0
 11
447.01
 21
-66.5429
 31
0.0
  0
LINE
  5
B9B
  8
0
 62
1
 10
447.01
 20
-66.5429
 30
0.0
 11
446.938
 21
-66.7424
 31
0.0
  0
LINE
  5
B9C
  8
0
 62
1
 10
446.938
 20
-66.7424
 30
0.0
 11
446.854
 21
-66.937
 31
0.0
  0
LINE
  5
B9D
  8
0
 62
1
 10
446.854
 20
-66.937
 30
0.0
 11
446.758
 21
-67.1259
 31
0.0
  0
LINE
  5
B9E
  8
0
 62
1
 10
446.758
 20
-67.1259
 30
0.0
 11
446.65
 21
-67.3084
 31
0.0
  0
LINE
  5
B9F
  8
0
 62
1
 10
446.65
 20
-67.3084
 30
0.0
 11
446.53
 21
-67.4837
 31
0.0
  0
LINE
  5
BA0
  8
0
 62
1
 10
446.53
 20
-67.4837
 30
0.0
 11
446.4
 21
-67.6513
 31
0.0
  0
LINE
  5
BA1
  8
0
 62
1
 10
446.4
 20
-67.6513
 30
0.0
 11
446.26
 21
-67.8103
 31
0.0
  0
LINE
  5
BA2
  8
0
 62
1
 10
446.26
 20
-67.8103
 30
0.0
 11
446.11
 21
-67.9603
 31
0.0
  0
LINE
  5
BA3
  8
0
 62
1
 10
446.11
 20
-67.9603
 30
0.0
 11
445.951
 21
-68.1005
 31
0.0
  0
LINE
  5
BA4
  8
0
 62
1
 10
445.951
 20
-68.1005
 30
0.0
 11
445.784
 21
-68.2304
 31
0.0
  0
LINE
  5
BA5
  8
0
 62
1
 10
445.784
 20
-68.2304
 30
0.0
 11
445.608
 21
-68.3496
 31
0.0
  0
LINE
  5
BA6
  8
0
 62
1
 10
445.608
 20
-68.3496
 30
0.0
 11
445.426
 21
-68.4575
 31
0.0
  0
LINE
  5
BA7
  8
0
 62
1
 10
445.426
 20
-68.4575
 30
0.0
 11
445.237
 21
-68.5538
 31
0.0
  0
LINE
  5
BA8
  8
0
 62
1
 10
445.237
 20
-68.5538
 30
0.0
 11
445.042
 21
-68.638
 31
0.0
  0
LINE
  5
BA9
  8
0
 62
1
 10
445.042
 20
-68.638
 30
0.0
 11
444.843
 21
-68.7098
 31
0.0
  0
LINE
  5
BAA
  8
0
 62
1
 10
444.843
 20
-68.7098
 30
0.0
 11
444.639
 21
-68.769
 31
0.0
  0
LINE
  5
BAB
  8
0
 62
1
 10
444.639
 20
-68.769
 30
0.0
 11
444.432
 21
-68.8152
 31
0.0
  0
LINE
  5
BAC
  8
0
 62
1
 10
444.432
 20
-68.8152
 30
0.0
 11
444.223
 21
-68.8484
 31
0.0
  0
LINE
  5
BAD
  8
0
 62
1
 10
444.223
 20
-68.8484
 30
0.0
 11
444.012
 21
-68.8683
 31
0.0
  0
LINE
  5
BAE
  8
0
 62
1
 10
444.012
 20
-68.8683
 30
0.0
 11
443.8
 21
-68.875
 31
0.0
  0
LINE
  5
BAF
  8
0
 62
1
 10
443.8
 20
-68.875
 30
0.0
 11
443.588
 21
-68.8683
 31
0.0
  0
LINE
  5
BB0
  8
0
 62
1
 10
443.588
 20
-94.2683
 30
0.0
 11
443.377
 21
-94.2484
 31
0.0
  0
LINE
  5
BB1
  8
0
 62
1
 10
443.377
 20
-94.2484
 30
0.0
 11
443.168
 21
-94.2152
 31
0.0
  0
LINE
  5
BB2
  8
0
 62
1
 10
443.168
 20
-94.2152
 30
0.0
 11
442.961
 21
-94.1689
 31
0.0
  0
LINE
  5
BB3
  8
0
 62
1
 10
442.961
 20
-94.1689
 30
0.0
 11
442.757
 21
-94.1098
 31
0.0
  0
LINE
  5
BB4
  8
0
 62
1
 10
442.757
 20
-94.1098
 30
0.0
 11
442.558
 21
-94.038
 31
0.0
  0
LINE
  5
BB5
  8
0
 62
1
 10
442.558
 20
-94.038
 30
0.0
 11
442.363
 21
-93.9538
 31
0.0
  0
LINE
  5
BB6
  8
0
 62
1
 10
442.363
 20
-93.9538
 30
0.0
 11
442.174
 21
-93.8575
 31
0.0
  0
LINE
  5
BB7
  8
0
 62
1
 10
442.174
 20
-93.8575
 30
0.0
 11
441.992
 21
-93.7496
 31
0.0
  0
LINE
  5
BB8
  8
0
 62
1
 10
441.992
 20
-93.7496
 30
0.0
 11
441.816
 21
-93.6304
 31
0.0
  0
LINE
  5
BB9
  8
0
 62
1
 10
441.816
 20
-93.6304
 30
0.0
 11
441.649
 21
-93.5005
 31
0.0
  0
LINE
  5
BBA
  8
0
 62
1
 10
441.649
 20
-93.5005
 30
0.0
 11
441.49
 21
-93.3602
 31
0.0
  0
LINE
  5
BBB
  8
0
 62
1
 10
441.49
 20
-93.3602
 30
0.0
 11
441.34
 21
-93.2103
 31
0.0
  0
LINE
  5
BBC
  8
0
 62
1
 10
441.34
 20
-93.2103
 30
0.0
 11
441.2
 21
-93.0513
 31
0.0
  0
LINE
  5
BBD
  8
0
 62
1
 10
441.2
 20
-93.0513
 30
0.0
 11
441.07
 21
-92.8838
 31
0.0
  0
LINE
  5
BBE
  8
0
 62
1
 10
441.07
 20
-92.8838
 30
0.0
 11
440.95
 21
-92.7084
 31
0.0
  0
LINE
  5
BBF
  8
0
 62
1
 10
440.95
 20
-92.7084
 30
0.0
 11
440.842
 21
-92.5259
 31
0.0
  0
LINE
  5
BC0
  8
0
 62
1
 10
440.842
 20
-92.5259
 30
0.0
 11
440.746
 21
-92.337
 31
0.0
  0
LINE
  5
BC1
  8
0
 62
1
 10
440.746
 20
-92.337
 30
0.0
 11
440.662
 21
-92.1424
 31
0.0
  0
LINE
  5
BC2
  8
0
 62
1
 10
440.662
 20
-92.1424
 30
0.0
 11
440.59
 21
-91.9429
 31
0.0
  0
LINE
  5
BC3
  8
0
 62
1
 10
440.59
 20
-91.9429
 30
0.0
 11
440.531
 21
-91.7393
 31
0.0
  0
LINE
  5
BC4
  8
0
 62
1
 10
440.531
 20
-91.7393
 30
0.0
 11
440.485
 21
-91.5324
 31
0.0
  0
LINE
  5
BC5
  8
0
 62
1
 10
440.485
 20
-91.5324
 30
0.0
 11
440.452
 21
-91.323
 31
0.0
  0
LINE
  5
BC6
  8
0
 62
1
 10
440.452
 20
-91.323
 30
0.0
 11
440.432
 21
-91.1119
 31
0.0
  0
LINE
  5
BC7
  8
0
 62
1
 10
440.432
 20
-91.1119
 30
0.0
 11
440.425
 21
-90.9
 31
0.0
  0
LINE
  5
BC8
  8
0
 62
1
 10
440.425
 20
-90.9
 30
0.0
 11
440.432
 21
-90.6881
 31
0.0
  0
LINE
  5
BC9
  8
0
 62
1
 10
440.432
 20
-90.6881
 30
0.0
 11
440.452
 21
-90.477
 31
0.0
  0
LINE
  5
BCA
  8
0
 62
1
 10
440.452
 20
-90.477
 30
0.0
 11
440.485
 21
-90.2676
 31
0.0
  0
LINE
  5
BCB
  8
0
 62
1
 10
440.485
 20
-90.2676
 30
0.0
 11
440.531
 21
-90.0607
 31
0.0
  0
LINE
  5
BCC
  8
0
 62
1
 10
440.531
 20
-90.0607
 30
0.0
 11
440.59
 21
-89.857
 31
0.0
  0
LINE
  5
BCD
  8
0
 62
1
 10
440.59
 20
-89.857
 30
0.0
 11
440.662
 21
-89.6576
 31
0.0
  0
LINE
  5
BCE
  8
0
 62
1
 10
440.662
 20
-89.6576
 30
0.0
 11
440.746
 21
-89.463
 31
0.0
  0
LINE
  5
BCF
  8
0
 62
1
 10
440.746
 20
-89.463
 30
0.0
 11
440.842
 21
-89.2741
 31
0.0
  0
LINE
  5
BD0
  8
0
 62
1
 10
440.842
 20
-89.2741
 30
0.0
 11
440.95
 21
-89.0916
 31
0.0
  0
LINE
  5
BD1
  8
0
 62
1
 10
440.95
 20
-89.0916
 30
0.0
 11
441.07
 21
-88.9162
 31
0.0
  0
LINE
  5
BD2
  8
0
 62
1
 10
441.07
 20
-88.9162
 30
0.0
 11
441.2
 21
-88.7487
 31
0.0
  0
LINE
  5
BD3
  8
0
 62
1
 10
441.2
 20
-88.7487
 30
0.0
 11
441.34
 21
-88.5896
 31
0.0
  0
LINE
  5
BD4
  8
0
 62
1
 10
441.34
 20
-88.5896
 30
0.0
 11
441.49
 21
-88.4397
 31
0.0
  0
LINE
  5
BD5
  8
0
 62
1
 10
441.49
 20
-88.4397
 30
0.0
 11
441.649
 21
-88.2995
 31
0.0
  0
LINE
  5
BD6
  8
0
 62
1
 10
441.649
 20
-88.2995
 30
0.0
 11
441.816
 21
-88.1695
 31
0.0
  0
LINE
  5
BD7
  8
0
 62
1
 10
441.816
 20
-88.1695
 30
0.0
 11
441.992
 21
-88.0504
 31
0.0
  0
LINE
  5
BD8
  8
0
 62
1
 10
441.992
 20
-88.0504
 30
0.0
 11
442.174
 21
-87.9424
 31
0.0
  0
LINE
  5
BD9
  8
0
 62
1
 10
442.174
 20
-87.9424
 30
0.0
 11
442.363
 21
-87.8462
 31
0.0
  0
LINE
  5
BDA
  8
0
 62
1
 10
442.363
 20
-87.8462
 30
0.0
 11
442.558
 21
-87.762
 31
0.0
  0
LINE
  5
BDB
  8
0
 62
1
 10
442.558
 20
-87.762
 30
0.0
 11
442.757
 21
-87.6902
 31
0.0
  0
LINE
  5
BDC
  8
0
 62
1
 10
442.757
 20
-87.6902
 30
0.0
 11
442.961
 21
-87.631
 31
0.0
  0
LINE
  5
BDD
  8
0
 62
1
 10
442.961
 20
-87.631
 30
0.0
 11
443.168
 21
-87.5848
 31
0.0
  0
LINE
  5
BDE
  8
0
 62
1
 10
443.168
 20
-87.5848
 30
0.0
 11
443.377
 21
-87.5516
 31
0.0
  0
LINE
  5
BDF
  8
0
 62
1
 10
443.377
 20
-87.5516
 30
0.0
 11
443.588
 21
-87.5316
 31
0.0
  0
LINE
  5
BE0
  8
0
 62
1
 10
443.588
 20
-87.5316
 30
0.0
 11
443.8
 21
-87.525
 31
0.0
  0
LINE
  5
BE1
  8
0
 62
1
 10
443.8
 20
-87.525
 30
0.0
 11
444.012
 21
-87.5316
 31
0.0
  0
LINE
  5
BE2
  8
0
 62
1
 10
444.012
 20
-87.5316
 30
0.0
 11
444.223
 21
-87.5516
 31
0.0
  0
LINE
  5
BE3
  8
0
 62
1
 10
444.223
 20
-87.5516
 30
0.0
 11
444.432
 21
-87.5848
 31
0.0
  0
LINE
  5
BE4
  8
0
 62
1
 10
444.432
 20
-87.5848
 30
0.0
 11
444.639
 21
-87.631
 31
0.0
  0
LINE
  5
BE5
  8
0
 62
1
 10
444.639
 20
-87.631
 30
0.0
 11
444.843
 21
-87.6902
 31
0.0
  0
LINE
  5
BE6
  8
0
 62
1
 10
444.843
 20
-87.6902
 30
0.0
 11
445.042
 21
-87.762
 31
0.0
  0
LINE
  5
BE7
  8
0
 62
1
 10
445.042
 20
-87.762
 30
0.0
 11
445.237
 21
-87.8462
 31
0.0
  0
LINE
  5
BE8
  8
0
 62
1
 10
445.237
 20
-87.8462
 30
0.0
 11
445.426
 21
-87.9424
 31
0.0
  0
LINE
  5
BE9
  8
0
 62
1
 10
445.426
 20
-87.9424
 30
0.0
 11
445.608
 21
-88.0504
 31
0.0
  0
LINE
  5
BEA
  8
0
 62
1
 10
445.608
 20
-88.0504
 30
0.0
 11
445.784
 21
-88.1695
 31
0.0
  0
LINE
  5
BEB
  8
0
 62
1
 10
445.784
 20
-88.1695
 30
0.0
 11
445.951
 21
-88.2995
 31
0.0
  0
LINE
  5
BEC
  8
0
 62
1
 10
445.951
 20
-88.2995
 30
0.0
 11
446.11
 21
-88.4397
 31
0.0
  0
LINE
  5
BED
  8
0
 62
1
 10
446.11
 20
-88.4397
 30
0.0
 11
446.26
 21
-88.5896
 31
0.0
  0
LINE
  5
BEE
  8
0
 62
1
 10
446.26
 20
-88.5896
 30
0.0
 11
446.4
 21
-88.7487
 31
0.0
  0
LINE
  5
BEF
  8
0
 62
1
 10
446.4
 20
-88.7487
 30
0.0
 11
446.53
 21
-88.9162
 31
0.0
  0
LINE
  5
BF0
  8
0
 62
1
 10
446.53
 20
-88.9162
 30
0.0
 11
446.65
 21
-89.0916
 31
0.0
  0
LINE
  5
BF1
  8
0
 62
1
 10
446.65
 20
-89.0916
 30
0.0
 11
446.758
 21
-89.2741
 31
0.0
  0
LINE
  5
BF2
  8
0
 62
1
 10
446.758
 20
-89.2741
 30
0.0
 11
446.854
 21
-89.463
 31
0.0
  0
LINE
  5
BF3
  8
0
 62
1
 10
446.854
 20
-89.463
 30
0.0
 11
446.938
 21
-89.6576
 31
0.0
  0
LINE
  5
BF4
  8
0
 62
1
 10
446.938
 20
-89.6576
 30
0.0
 11
447.01
 21
-89.857
 31
0.0
  0
LINE
  5
BF5
  8
0
 62
1
 10
447.01
 20
-89.857
 30
0.0
 11
447.069
 21
-90.0607
 31
0.0
  0
LINE
  5
BF6
  8
0
 62
1
 10
447.069
 20
-90.0607
 30
0.0
 11
447.115
 21
-90.2676
 31
0.0
  0
LINE
  5
BF7
  8
0
 62
1
 10
447.115
 20
-90.2676
 30
0.0
 11
447.148
 21
-90.477
 31
0.0
  0
LINE
  5
BF8
  8
0
 62
1
 10
447.148
 20
-90.477
 30
0.0
 11
447.168
 21
-90.6881
 31
0.0
  0
LINE
  5
BF9
  8
0
 62
1
 10
447.168
 20
-90.6881
 30
0.0
 11
447.175
 21
-90.9
 31
0.0
  0
LINE
  5
BFA
  8
0
 62
1
 10
447.175
 20
-90.9
 30
0.0
 11
447.168
 21
-91.1119
 31
0.0
  0
LINE
  5
BFB
  8
0
 62
1
 10
447.168
 20
-91.1119
 30
0.0
 11
447.148
 21
-91.323
 31
0.0
  0
LINE
  5
BFC
  8
0
 62
1
 10
447.148
 20
-91.323
 30
0.0
 11
447.115
 21
-91.5324
 31
0.0
  0
LINE
  5
BFD
  8
0
 62
1
 10
447.115
 20
-91.5324
 30
0.0
 11
447.069
 21
-91.7393
 31
0.0
  0
LINE
  5
BFE
  8
0
 62
1
 10
447.069
 20
-91.7393
 30
0.0
 11
447.01
 21
-91.9429
 31
0.0
  0
LINE
  5
BFF
  8
0
 62
1
 10
447.01
 20
-91.9429
 30
0.0
 11
446.938
 21
-92.1424
 31
0.0
  0
LINE
  5
C00
  8
0
 62
1
 10
446.938
 20
-92.1424
 30
0.0
 11
446.854
 21
-92.337
 31
0.0
  0
LINE
  5
C01
  8
0
 62
1
 10
446.854
 20
-92.337
 30
0.0
 11
446.758
 21
-92.5259
 31
0.0
  0
LINE
  5
C02
  8
0
 62
1
 10
446.758
 20
-92.5259
 30
0.0
 11
446.65
 21
-92.7084
 31
0.0
  0
LINE
  5
C03
  8
0
 62
1
 10
446.65
 20
-92.7084
 30
0.0
 11
446.53
 21
-92.8838
 31
0.0
  0
LINE
  5
C04
  8
0
 62
1
 10
446.53
 20
-92.8838
 30
0.0
 11
446.4
 21
-93.0513
 31
0.0
  0
LINE
  5
C05
  8
0
 62
1
 10
446.4
 20
-93.0513
 30
0.0
 11
446.26
 21
-93.2103
 31
0.0
  0
LINE
  5
C06
  8
0
 62
1
 10
446.26
 20
-93.2103
 30
0.0
 11
446.11
 21
-93.3602
 31
0.0
  0
LINE
  5
C07
  8
0
 62
1
 10
446.11
 20
-93.3602
 30
0.0
 11
445.951
 21
-93.5005
 31
0.0
  0
LINE
  5
C08
  8
0
 62
1
 10
445.951
 20
-93.5005
 30
0.0
 11
445.784
 21
-93.6304
 31
0.0
  0
LINE
  5
C09
  8
0
 62
1
 10
445.784
 20
-93.6304
 30
0.0
 11
445.608
 21
-93.7496
 31
0.0
  0
LINE
  5
C0A
  8
0
 62
1
 10
445.608
 20
-93.7496
 30
0.0
 11
445.426
 21
-93.8575
 31
0.0
  0
LINE
  5
C0B
  8
0
 62
1
 10
445.426
 20
-93.8575
 30
0.0
 11
445.237
 21
-93.9538
 31
0.0
  0
LINE
  5
C0C
  8
0
 62
1
 10
445.237
 20
-93.9538
 30
0.0
 11
445.042
 21
-94.038
 31
0.0
  0
LINE
  5
C0D
  8
0
 62
1
 10
445.042
 20
-94.038
 30
0.0
 11
444.843
 21
-94.1098
 31
0.0
  0
LINE
  5
C0E
  8
0
 62
1
 10
444.843
 20
-94.1098
 30
0.0
 11
444.639
 21
-94.1689
 31
0.0
  0
LINE
  5
C0F
  8
0
 62
1
 10
444.639
 20
-94.1689
 30
0.0
 11
444.432
 21
-94.2152
 31
0.0
  0
LINE
  5
C10
  8
0
 62
1
 10
444.432
 20
-94.2152
 30
0.0
 11
444.223
 21
-94.2484
 31
0.0
  0
LINE
  5
C11
  8
0
 62
1
 10
444.223
 20
-94.2484
 30
0.0
 11
444.012
 21
-94.2683
 31
0.0
  0
LINE
  5
C12
  8
0
 62
1
 10
444.012
 20
-94.2683
 30
0.0
 11
443.8
 21
-94.275
 31
0.0
  0
LINE
  5
C13
  8
0
 62
1
 10
443.8
 20
-94.275
 30
0.0
 11
443.588
 21
-94.2683
 31
0.0
  0
LINE
  5
C14
  8
0
 62
1
 10
392.5
 20
-183.55
 30
0.0
 11
365.7
 21
-183.55
 31
0.0
  0
LINE
  5
C15
  8
0
 62
1
 10
365.7
 20
-183.55
 30
0.0
 11
365.7
 21
-156.65
 31
0.0
  0
LINE
  5
C16
  8
0
 62
1
 10
365.7
 20
-156.65
 30
0.0
 11
392.5
 21
-156.65
 31
0.0
  0
LINE
  5
C17
  8
0
 62
1
 10
392.5
 20
-156.65
 30
0.0
 11
392.5
 21
-105.65
 31
0.0
  0
LINE
  5
C18
  8
0
 62
1
 10
392.5
 20
-105.65
 30
0.0
 11
138.5
 21
-105.65
 31
0.0
  0
LINE
  5
C19
  8
0
 62
1
 10
138.5
 20
-105.65
 30
0.0
 11
138.5
 21
-156.65
 31
0.0
  0
LINE
  5
C1A
  8
0
 62
1
 10
138.5
 20
-156.65
 30
0.0
 11
165.3
 21
-156.65
 31
0.0
  0
LINE
  5
C1B
  8
0
 62
1
 10
165.3
 20
-156.65
 30
0.0
 11
165.3
 21
-183.55
 31
0.0
  0
LINE
  5
C1C
  8
0
 62
1
 10
165.3
 20
-183.55
 30
0.0
 11
138.5
 21
-183.55
 31
0.0
  0
LINE
  5
C1D
  8
0
 62
1
 10
138.5
 20
-183.55
 30
0.0
 11
138.5
 21
-234.55
 31
0.0
  0
LINE
  5
C1E
  8
0
 62
1
 10
138.5
 20
-234.55
 30
0.0
 11
392.5
 21
-234.55
 31
0.0
  0
LINE
  5
C1F
  8
0
 62
1
 10
392.5
 20
-234.55
 30
0.0
 11
392.5
 21
-183.55
 31
0.0
  0
LINE
  5
C20
  8
0
 62
1
 10
378.938
 20
-122.668
 30
0.0
 11
378.727
 21
-122.648
 31
0.0
  0
LINE
  5
C21
  8
0
 62
1
 10
378.727
 20
-122.648
 30
0.0
 11
378.518
 21
-122.615
 31
0.0
  0
LINE
  5
C22
  8
0
 62
1
 10
378.518
 20
-122.615
 30
0.0
 11
378.311
 21
-122.569
 31
0.0
  0
LINE
  5
C23
  8
0
 62
1
 10
378.311
 20
-122.569
 30
0.0
 11
378.107
 21
-122.51
 31
0.0
  0
LINE
  5
C24
  8
0
 62
1
 10
378.107
 20
-122.51
 30
0.0
 11
377.908
 21
-122.438
 31
0.0
  0
LINE
  5
C25
  8
0
 62
1
 10
377.908
 20
-122.438
 30
0.0
 11
377.713
 21
-122.354
 31
0.0
  0
LINE
  5
C26
  8
0
 62
1
 10
377.713
 20
-122.354
 30
0.0
 11
377.524
 21
-122.258
 31
0.0
  0
LINE
  5
C27
  8
0
 62
1
 10
377.524
 20
-122.258
 30
0.0
 11
377.342
 21
-122.15
 31
0.0
  0
LINE
  5
C28
  8
0
 62
1
 10
377.342
 20
-122.15
 30
0.0
 11
377.166
 21
-122.03
 31
0.0
  0
LINE
  5
C29
  8
0
 62
1
 10
377.166
 20
-122.03
 30
0.0
 11
376.999
 21
-121.9
 31
0.0
  0
LINE
  5
C2A
  8
0
 62
1
 10
376.999
 20
-121.9
 30
0.0
 11
376.84
 21
-121.76
 31
0.0
  0
LINE
  5
C2B
  8
0
 62
1
 10
376.84
 20
-121.76
 30
0.0
 11
376.69
 21
-121.61
 31
0.0
  0
LINE
  5
C2C
  8
0
 62
1
 10
376.69
 20
-121.61
 30
0.0
 11
376.55
 21
-121.451
 31
0.0
  0
LINE
  5
C2D
  8
0
 62
1
 10
376.55
 20
-121.451
 30
0.0
 11
376.42
 21
-121.284
 31
0.0
  0
LINE
  5
C2E
  8
0
 62
1
 10
376.42
 20
-121.284
 30
0.0
 11
376.3
 21
-121.108
 31
0.0
  0
LINE
  5
C2F
  8
0
 62
1
 10
376.3
 20
-121.108
 30
0.0
 11
376.192
 21
-120.926
 31
0.0
  0
LINE
  5
C30
  8
0
 62
1
 10
376.192
 20
-120.926
 30
0.0
 11
376.096
 21
-120.737
 31
0.0
  0
LINE
  5
C31
  8
0
 62
1
 10
376.096
 20
-120.737
 30
0.0
 11
376.012
 21
-120.542
 31
0.0
  0
LINE
  5
C32
  8
0
 62
1
 10
376.012
 20
-120.542
 30
0.0
 11
375.94
 21
-120.343
 31
0.0
  0
LINE
  5
C33
  8
0
 62
1
 10
375.94
 20
-120.343
 30
0.0
 11
375.881
 21
-120.139
 31
0.0
  0
LINE
  5
C34
  8
0
 62
1
 10
375.881
 20
-120.139
 30
0.0
 11
375.835
 21
-119.932
 31
0.0
  0
LINE
  5
C35
  8
0
 62
1
 10
375.835
 20
-119.932
 30
0.0
 11
375.802
 21
-119.723
 31
0.0
  0
LINE
  5
C36
  8
0
 62
1
 10
375.802
 20
-119.723
 30
0.0
 11
375.782
 21
-119.512
 31
0.0
  0
LINE
  5
C37
  8
0
 62
1
 10
375.782
 20
-119.512
 30
0.0
 11
375.775
 21
-119.3
 31
0.0
  0
LINE
  5
C38
  8
0
 62
1
 10
375.775
 20
-119.3
 30
0.0
 11
375.782
 21
-119.088
 31
0.0
  0
LINE
  5
C39
  8
0
 62
1
 10
375.782
 20
-119.088
 30
0.0
 11
375.802
 21
-118.877
 31
0.0
  0
LINE
  5
C3A
  8
0
 62
1
 10
375.802
 20
-118.877
 30
0.0
 11
375.835
 21
-118.668
 31
0.0
  0
LINE
  5
C3B
  8
0
 62
1
 10
375.835
 20
-118.668
 30
0.0
 11
375.881
 21
-118.461
 31
0.0
  0
LINE
  5
C3C
  8
0
 62
1
 10
375.881
 20
-118.461
 30
0.0
 11
375.94
 21
-118.257
 31
0.0
  0
LINE
  5
C3D
  8
0
 62
1
 10
375.94
 20
-118.257
 30
0.0
 11
376.012
 21
-118.058
 31
0.0
  0
LINE
  5
C3E
  8
0
 62
1
 10
376.012
 20
-118.058
 30
0.0
 11
376.096
 21
-117.863
 31
0.0
  0
LINE
  5
C3F
  8
0
 62
1
 10
376.096
 20
-117.863
 30
0.0
 11
376.192
 21
-117.674
 31
0.0
  0
LINE
  5
C40
  8
0
 62
1
 10
376.192
 20
-117.674
 30
0.0
 11
376.3
 21
-117.492
 31
0.0
  0
LINE
  5
C41
  8
0
 62
1
 10
376.3
 20
-117.492
 30
0.0
 11
376.42
 21
-117.316
 31
0.0
  0
LINE
  5
C42
  8
0
 62
1
 10
376.42
 20
-117.316
 30
0.0
 11
376.55
 21
-117.149
 31
0.0
  0
LINE
  5
C43
  8
0
 62
1
 10
376.55
 20
-117.149
 30
0.0
 11
376.69
 21
-116.99
 31
0.0
  0
LINE
  5
C44
  8
0
 62
1
 10
376.69
 20
-116.99
 30
0.0
 11
376.84
 21
-116.84
 31
0.0
  0
LINE
  5
C45
  8
0
 62
1
 10
376.84
 20
-116.84
 30
0.0
 11
376.999
 21
-116.7
 31
0.0
  0
LINE
  5
C46
  8
0
 62
1
 10
376.999
 20
-116.7
 30
0.0
 11
377.166
 21
-116.57
 31
0.0
  0
LINE
  5
C47
  8
0
 62
1
 10
377.166
 20
-116.57
 30
0.0
 11
377.342
 21
-116.45
 31
0.0
  0
LINE
  5
C48
  8
0
 62
1
 10
377.342
 20
-116.45
 30
0.0
 11
377.524
 21
-116.342
 31
0.0
  0
LINE
  5
C49
  8
0
 62
1
 10
377.524
 20
-116.342
 30
0.0
 11
377.713
 21
-116.246
 31
0.0
  0
LINE
  5
C4A
  8
0
 62
1
 10
377.713
 20
-116.246
 30
0.0
 11
377.908
 21
-116.162
 31
0.0
  0
LINE
  5
C4B
  8
0
 62
1
 10
377.908
 20
-116.162
 30
0.0
 11
378.107
 21
-116.09
 31
0.0
  0
LINE
  5
C4C
  8
0
 62
1
 10
378.107
 20
-116.09
 30
0.0
 11
378.311
 21
-116.031
 31
0.0
  0
LINE
  5
C4D
  8
0
 62
1
 10
378.311
 20
-116.031
 30
0.0
 11
378.518
 21
-115.985
 31
0.0
  0
LINE
  5
C4E
  8
0
 62
1
 10
378.518
 20
-115.985
 30
0.0
 11
378.727
 21
-115.952
 31
0.0
  0
LINE
  5
C4F
  8
0
 62
1
 10
378.727
 20
-115.952
 30
0.0
 11
378.938
 21
-115.932
 31
0.0
  0
LINE
  5
C50
  8
0
 62
1
 10
378.938
 20
-115.932
 30
0.0
 11
379.15
 21
-115.925
 31
0.0
  0
LINE
  5
C51
  8
0
 62
1
 10
379.15
 20
-115.925
 30
0.0
 11
379.362
 21
-115.932
 31
0.0
  0
LINE
  5
C52
  8
0
 62
1
 10
379.362
 20
-115.932
 30
0.0
 11
379.573
 21
-115.952
 31
0.0
  0
LINE
  5
C53
  8
0
 62
1
 10
379.573
 20
-115.952
 30
0.0
 11
379.782
 21
-115.985
 31
0.0
  0
LINE
  5
C54
  8
0
 62
1
 10
379.782
 20
-115.985
 30
0.0
 11
379.989
 21
-116.031
 31
0.0
  0
LINE
  5
C55
  8
0
 62
1
 10
379.989
 20
-116.031
 30
0.0
 11
380.193
 21
-116.09
 31
0.0
  0
LINE
  5
C56
  8
0
 62
1
 10
380.193
 20
-116.09
 30
0.0
 11
380.392
 21
-116.162
 31
0.0
  0
LINE
  5
C57
  8
0
 62
1
 10
380.392
 20
-116.162
 30
0.0
 11
380.587
 21
-116.246
 31
0.0
  0
LINE
  5
C58
  8
0
 62
1
 10
380.587
 20
-116.246
 30
0.0
 11
380.776
 21
-116.342
 31
0.0
  0
LINE
  5
C59
  8
0
 62
1
 10
380.776
 20
-116.342
 30
0.0
 11
380.958
 21
-116.45
 31
0.0
  0
LINE
  5
C5A
  8
0
 62
1
 10
380.958
 20
-116.45
 30
0.0
 11
381.134
 21
-116.57
 31
0.0
  0
LINE
  5
C5B
  8
0
 62
1
 10
381.134
 20
-116.57
 30
0.0
 11
381.301
 21
-116.7
 31
0.0
  0
LINE
  5
C5C
  8
0
 62
1
 10
381.301
 20
-116.7
 30
0.0
 11
381.46
 21
-116.84
 31
0.0
  0
LINE
  5
C5D
  8
0
 62
1
 10
381.46
 20
-116.84
 30
0.0
 11
381.61
 21
-116.99
 31
0.0
  0
LINE
  5
C5E
  8
0
 62
1
 10
381.61
 20
-116.99
 30
0.0
 11
381.75
 21
-117.149
 31
0.0
  0
LINE
  5
C5F
  8
0
 62
1
 10
381.75
 20
-117.149
 30
0.0
 11
381.88
 21
-117.316
 31
0.0
  0
LINE
  5
C60
  8
0
 62
1
 10
381.88
 20
-117.316
 30
0.0
 11
382.0
 21
-117.492
 31
0.0
  0
LINE
  5
C61
  8
0
 62
1
 10
382.0
 20
-117.492
 30
0.0
 11
382.108
 21
-117.674
 31
0.0
  0
LINE
  5
C62
  8
0
 62
1
 10
382.108
 20
-117.674
 30
0.0
 11
382.204
 21
-117.863
 31
0.0
  0
LINE
  5
C63
  8
0
 62
1
 10
382.204
 20
-117.863
 30
0.0
 11
382.288
 21
-118.058
 31
0.0
  0
LINE
  5
C64
  8
0
 62
1
 10
382.288
 20
-118.058
 30
0.0
 11
382.36
 21
-118.257
 31
0.0
  0
LINE
  5
C65
  8
0
 62
1
 10
382.36
 20
-118.257
 30
0.0
 11
382.419
 21
-118.461
 31
0.0
  0
LINE
  5
C66
  8
0
 62
1
 10
382.419
 20
-118.461
 30
0.0
 11
382.465
 21
-118.668
 31
0.0
  0
LINE
  5
C67
  8
0
 62
1
 10
382.465
 20
-118.668
 30
0.0
 11
382.498
 21
-118.877
 31
0.0
  0
LINE
  5
C68
  8
0
 62
1
 10
382.498
 20
-118.877
 30
0.0
 11
382.518
 21
-119.088
 31
0.0
  0
LINE
  5
C69
  8
0
 62
1
 10
382.518
 20
-119.088
 30
0.0
 11
382.525
 21
-119.3
 31
0.0
  0
LINE
  5
C6A
  8
0
 62
1
 10
382.525
 20
-119.3
 30
0.0
 11
382.518
 21
-119.512
 31
0.0
  0
LINE
  5
C6B
  8
0
 62
1
 10
382.518
 20
-119.512
 30
0.0
 11
382.498
 21
-119.723
 31
0.0
  0
LINE
  5
C6C
  8
0
 62
1
 10
382.498
 20
-119.723
 30
0.0
 11
382.465
 21
-119.932
 31
0.0
  0
LINE
  5
C6D
  8
0
 62
1
 10
382.465
 20
-119.932
 30
0.0
 11
382.419
 21
-120.139
 31
0.0
  0
LINE
  5
C6E
  8
0
 62
1
 10
382.419
 20
-120.139
 30
0.0
 11
382.36
 21
-120.343
 31
0.0
  0
LINE
  5
C6F
  8
0
 62
1
 10
382.36
 20
-120.343
 30
0.0
 11
382.288
 21
-120.542
 31
0.0
  0
LINE
  5
C70
  8
0
 62
1
 10
382.288
 20
-120.542
 30
0.0
 11
382.204
 21
-120.737
 31
0.0
  0
LINE
  5
C71
  8
0
 62
1
 10
382.204
 20
-120.737
 30
0.0
 11
382.108
 21
-120.926
 31
0.0
  0
LINE
  5
C72
  8
0
 62
1
 10
382.108
 20
-120.926
 30
0.0
 11
382.0
 21
-121.108
 31
0.0
  0
LINE
  5
C73
  8
0
 62
1
 10
382.0
 20
-121.108
 30
0.0
 11
381.88
 21
-121.284
 31
0.0
  0
LINE
  5
C74
  8
0
 62
1
 10
381.88
 20
-121.284
 30
0.0
 11
381.75
 21
-121.451
 31
0.0
  0
LINE
  5
C75
  8
0
 62
1
 10
381.75
 20
-121.451
 30
0.0
 11
381.61
 21
-121.61
 31
0.0
  0
LINE
  5
C76
  8
0
 62
1
 10
381.61
 20
-121.61
 30
0.0
 11
381.46
 21
-121.76
 31
0.0
  0
LINE
  5
C77
  8
0
 62
1
 10
381.46
 20
-121.76
 30
0.0
 11
381.301
 21
-121.9
 31
0.0
  0
LINE
  5
C78
  8
0
 62
1
 10
381.301
 20
-121.9
 30
0.0
 11
381.134
 21
-122.03
 31
0.0
  0
LINE
  5
C79
  8
0
 62
1
 10
381.134
 20
-122.03
 30
0.0
 11
380.958
 21
-122.15
 31
0.0
  0
LINE
  5
C7A
  8
0
 62
1
 10
380.958
 20
-122.15
 30
0.0
 11
380.776
 21
-122.258
 31
0.0
  0
LINE
  5
C7B
  8
0
 62
1
 10
380.776
 20
-122.258
 30
0.0
 11
380.587
 21
-122.354
 31
0.0
  0
LINE
  5
C7C
  8
0
 62
1
 10
380.587
 20
-122.354
 30
0.0
 11
380.392
 21
-122.438
 31
0.0
  0
LINE
  5
C7D
  8
0
 62
1
 10
380.392
 20
-122.438
 30
0.0
 11
380.193
 21
-122.51
 31
0.0
  0
LINE
  5
C7E
  8
0
 62
1
 10
380.193
 20
-122.51
 30
0.0
 11
379.989
 21
-122.569
 31
0.0
  0
LINE
  5
C7F
  8
0
 62
1
 10
379.989
 20
-122.569
 30
0.0
 11
379.782
 21
-122.615
 31
0.0
  0
LINE
  5
C80
  8
0
 62
1
 10
379.782
 20
-122.615
 30
0.0
 11
379.573
 21
-122.648
 31
0.0
  0
LINE
  5
C81
  8
0
 62
1
 10
379.573
 20
-122.648
 30
0.0
 11
379.362
 21
-122.668
 31
0.0
  0
LINE
  5
C82
  8
0
 62
1
 10
379.362
 20
-122.668
 30
0.0
 11
379.15
 21
-122.675
 31
0.0
  0
LINE
  5
C83
  8
0
 62
1
 10
379.15
 20
-122.675
 30
0.0
 11
378.938
 21
-122.668
 31
0.0
  0
LINE
  5
C84
  8
0
 62
1
 10
151.638
 20
-122.668
 30
0.0
 11
151.427
 21
-122.648
 31
0.0
  0
LINE
  5
C85
  8
0
 62
1
 10
151.427
 20
-122.648
 30
0.0
 11
151.218
 21
-122.615
 31
0.0
  0
LINE
  5
C86
  8
0
 62
1
 10
151.218
 20
-122.615
 30
0.0
 11
151.011
 21
-122.569
 31
0.0
  0
LINE
  5
C87
  8
0
 62
1
 10
151.011
 20
-122.569
 30
0.0
 11
150.807
 21
-122.51
 31
0.0
  0
LINE
  5
C88
  8
0
 62
1
 10
150.807
 20
-122.51
 30
0.0
 11
150.608
 21
-122.438
 31
0.0
  0
LINE
  5
C89
  8
0
 62
1
 10
150.608
 20
-122.438
 30
0.0
 11
150.413
 21
-122.354
 31
0.0
  0
LINE
  5
C8A
  8
0
 62
1
 10
150.413
 20
-122.354
 30
0.0
 11
150.224
 21
-122.258
 31
0.0
  0
LINE
  5
C8B
  8
0
 62
1
 10
150.224
 20
-122.258
 30
0.0
 11
150.042
 21
-122.15
 31
0.0
  0
LINE
  5
C8C
  8
0
 62
1
 10
150.042
 20
-122.15
 30
0.0
 11
149.866
 21
-122.03
 31
0.0
  0
LINE
  5
C8D
  8
0
 62
1
 10
149.866
 20
-122.03
 30
0.0
 11
149.699
 21
-121.9
 31
0.0
  0
LINE
  5
C8E
  8
0
 62
1
 10
149.699
 20
-121.9
 30
0.0
 11
149.54
 21
-121.76
 31
0.0
  0
LINE
  5
C8F
  8
0
 62
1
 10
149.54
 20
-121.76
 30
0.0
 11
149.39
 21
-121.61
 31
0.0
  0
LINE
  5
C90
  8
0
 62
1
 10
149.39
 20
-121.61
 30
0.0
 11
149.25
 21
-121.451
 31
0.0
  0
LINE
  5
C91
  8
0
 62
1
 10
149.25
 20
-121.451
 30
0.0
 11
149.12
 21
-121.284
 31
0.0
  0
LINE
  5
C92
  8
0
 62
1
 10
149.12
 20
-121.284
 30
0.0
 11
149.0
 21
-121.108
 31
0.0
  0
LINE
  5
C93
  8
0
 62
1
 10
149.0
 20
-121.108
 30
0.0
 11
148.892
 21
-120.926
 31
0.0
  0
LINE
  5
C94
  8
0
 62
1
 10
148.892
 20
-120.926
 30
0.0
 11
148.796
 21
-120.737
 31
0.0
  0
LINE
  5
C95
  8
0
 62
1
 10
148.796
 20
-120.737
 30
0.0
 11
148.712
 21
-120.542
 31
0.0
  0
LINE
  5
C96
  8
0
 62
1
 10
148.712
 20
-120.542
 30
0.0
 11
148.64
 21
-120.343
 31
0.0
  0
LINE
  5
C97
  8
0
 62
1
 10
148.64
 20
-120.343
 30
0.0
 11
148.581
 21
-120.139
 31
0.0
  0
LINE
  5
C98
  8
0
 62
1
 10
148.581
 20
-120.139
 30
0.0
 11
148.535
 21
-119.932
 31
0.0
  0
LINE
  5
C99
  8
0
 62
1
 10
148.535
 20
-119.932
 30
0.0
 11
148.502
 21
-119.723
 31
0.0
  0
LINE
  5
C9A
  8
0
 62
1
 10
148.502
 20
-119.723
 30
0.0
 11
148.482
 21
-119.512
 31
0.0
  0
LINE
  5
C9B
  8
0
 62
1
 10
148.482
 20
-119.512
 30
0.0
 11
148.475
 21
-119.3
 31
0.0
  0
LINE
  5
C9C
  8
0
 62
1
 10
148.475
 20
-119.3
 30
0.0
 11
148.482
 21
-119.088
 31
0.0
  0
LINE
  5
C9D
  8
0
 62
1
 10
148.482
 20
-119.088
 30
0.0
 11
148.502
 21
-118.877
 31
0.0
  0
LINE
  5
C9E
  8
0
 62
1
 10
148.502
 20
-118.877
 30
0.0
 11
148.535
 21
-118.668
 31
0.0
  0
LINE
  5
C9F
  8
0
 62
1
 10
148.535
 20
-118.668
 30
0.0
 11
148.581
 21
-118.461
 31
0.0
  0
LINE
  5
CA0
  8
0
 62
1
 10
148.581
 20
-118.461
 30
0.0
 11
148.64
 21
-118.257
 31
0.0
  0
LINE
  5
CA1
  8
0
 62
1
 10
148.64
 20
-118.257
 30
0.0
 11
148.712
 21
-118.058
 31
0.0
  0
LINE
  5
CA2
  8
0
 62
1
 10
148.712
 20
-118.058
 30
0.0
 11
148.796
 21
-117.863
 31
0.0
  0
LINE
  5
CA3
  8
0
 62
1
 10
148.796
 20
-117.863
 30
0.0
 11
148.892
 21
-117.674
 31
0.0
  0
LINE
  5
CA4
  8
0
 62
1
 10
148.892
 20
-117.674
 30
0.0
 11
149.0
 21
-117.492
 31
0.0
  0
LINE
  5
CA5
  8
0
 62
1
 10
149.0
 20
-117.492
 30
0.0
 11
149.12
 21
-117.316
 31
0.0
  0
LINE
  5
CA6
  8
0
 62
1
 10
149.12
 20
-117.316
 30
0.0
 11
149.25
 21
-117.149
 31
0.0
  0
LINE
  5
CA7
  8
0
 62
1
 10
149.25
 20
-117.149
 30
0.0
 11
149.39
 21
-116.99
 31
0.0
  0
LINE
  5
CA8
  8
0
 62
1
 10
149.39
 20
-116.99
 30
0.0
 11
149.54
 21
-116.84
 31
0.0
  0
LINE
  5
CA9
  8
0
 62
1
 10
149.54
 20
-116.84
 30
0.0
 11
149.699
 21
-116.7
 31
0.0
  0
LINE
  5
CAA
  8
0
 62
1
 10
149.699
 20
-116.7
 30
0.0
 11
149.866
 21
-116.57
 31
0.0
  0
LINE
  5
CAB
  8
0
 62
1
 10
149.866
 20
-116.57
 30
0.0
 11
150.042
 21
-116.45
 31
0.0
  0
LINE
  5
CAC
  8
0
 62
1
 10
150.042
 20
-116.45
 30
0.0
 11
150.224
 21
-116.342
 31
0.0
  0
LINE
  5
CAD
  8
0
 62
1
 10
150.224
 20
-116.342
 30
0.0
 11
150.413
 21
-116.246
 31
0.0
  0
LINE
  5
CAE
  8
0
 62
1
 10
150.413
 20
-116.246
 30
0.0
 11
150.608
 21
-116.162
 31
0.0
  0
LINE
  5
CAF
  8
0
 62
1
 10
150.608
 20
-116.162
 30
0.0
 11
150.807
 21
-116.09
 31
0.0
  0
LINE
  5
CB0
  8
0
 62
1
 10
150.807
 20
-116.09
 30
0.0
 11
151.011
 21
-116.031
 31
0.0
  0
LINE
  5
CB1
  8
0
 62
1
 10
151.011
 20
-116.031
 30
0.0
 11
151.218
 21
-115.985
 31
0.0
  0
LINE
  5
CB2
  8
0
 62
1
 10
151.218
 20
-115.985
 30
0.0
 11
151.427
 21
-115.952
 31
0.0
  0
LINE
  5
CB3
  8
0
 62
1
 10
151.427
 20
-115.952
 30
0.0
 11
151.638
 21
-115.932
 31
0.0
  0
LINE
  5
CB4
  8
0
 62
1
 10
151.638
 20
-115.932
 30
0.0
 11
151.85
 21
-115.925
 31
0.0
  0
LINE
  5
CB5
  8
0
 62
1
 10
151.85
 20
-115.925
 30
0.0
 11
152.062
 21
-115.932
 31
0.0
  0
LINE
  5
CB6
  8
0
 62
1
 10
152.062
 20
-115.932
 30
0.0
 11
152.273
 21
-115.952
 31
0.0
  0
LINE
  5
CB7
  8
0
 62
1
 10
152.273
 20
-115.952
 30
0.0
 11
152.482
 21
-115.985
 31
0.0
  0
LINE
  5
CB8
  8
0
 62
1
 10
152.482
 20
-115.985
 30
0.0
 11
152.689
 21
-116.031
 31
0.0
  0
LINE
  5
CB9
  8
0
 62
1
 10
152.689
 20
-116.031
 30
0.0
 11
152.893
 21
-116.09
 31
0.0
  0
LINE
  5
CBA
  8
0
 62
1
 10
152.893
 20
-116.09
 30
0.0
 11
153.092
 21
-116.162
 31
0.0
  0
LINE
  5
CBB
  8
0
 62
1
 10
153.092
 20
-116.162
 30
0.0
 11
153.287
 21
-116.246
 31
0.0
  0
LINE
  5
CBC
  8
0
 62
1
 10
153.287
 20
-116.246
 30
0.0
 11
153.476
 21
-116.342
 31
0.0
  0
LINE
  5
CBD
  8
0
 62
1
 10
153.476
 20
-116.342
 30
0.0
 11
153.658
 21
-116.45
 31
0.0
  0
LINE
  5
CBE
  8
0
 62
1
 10
153.658
 20
-116.45
 30
0.0
 11
153.834
 21
-116.57
 31
0.0
  0
LINE
  5
CBF
  8
0
 62
1
 10
153.834
 20
-116.57
 30
0.0
 11
154.001
 21
-116.7
 31
0.0
  0
LINE
  5
CC0
  8
0
 62
1
 10
154.001
 20
-116.7
 30
0.0
 11
154.16
 21
-116.84
 31
0.0
  0
LINE
  5
CC1
  8
0
 62
1
 10
154.16
 20
-116.84
 30
0.0
 11
154.31
 21
-116.99
 31
0.0
  0
LINE
  5
CC2
  8
0
 62
1
 10
154.31
 20
-116.99
 30
0.0
 11
154.45
 21
-117.149
 31
0.0
  0
LINE
  5
CC3
  8
0
 62
1
 10
154.45
 20
-117.149
 30
0.0
 11
154.58
 21
-117.316
 31
0.0
  0
LINE
  5
CC4
  8
0
 62
1
 10
154.58
 20
-117.316
 30
0.0
 11
154.7
 21
-117.492
 31
0.0
  0
LINE
  5
CC5
  8
0
 62
1
 10
154.7
 20
-117.492
 30
0.0
 11
154.808
 21
-117.674
 31
0.0
  0
LINE
  5
CC6
  8
0
 62
1
 10
154.808
 20
-117.674
 30
0.0
 11
154.904
 21
-117.863
 31
0.0
  0
LINE
  5
CC7
  8
0
 62
1
 10
154.904
 20
-117.863
 30
0.0
 11
154.988
 21
-118.058
 31
0.0
  0
LINE
  5
CC8
  8
0
 62
1
 10
154.988
 20
-118.058
 30
0.0
 11
155.06
 21
-118.257
 31
0.0
  0
LINE
  5
CC9
  8
0
 62
1
 10
155.06
 20
-118.257
 30
0.0
 11
155.119
 21
-118.461
 31
0.0
  0
LINE
  5
CCA
  8
0
 62
1
 10
155.119
 20
-118.461
 30
0.0
 11
155.165
 21
-118.668
 31
0.0
  0
LINE
  5
CCB
  8
0
 62
1
 10
155.165
 20
-118.668
 30
0.0
 11
155.198
 21
-118.877
 31
0.0
  0
LINE
  5
CCC
  8
0
 62
1
 10
155.198
 20
-118.877
 30
0.0
 11
155.218
 21
-119.088
 31
0.0
  0
LINE
  5
CCD
  8
0
 62
1
 10
155.218
 20
-119.088
 30
0.0
 11
155.225
 21
-119.3
 31
0.0
  0
LINE
  5
CCE
  8
0
 62
1
 10
155.225
 20
-119.3
 30
0.0
 11
155.218
 21
-119.512
 31
0.0
  0
LINE
  5
CCF
  8
0
 62
1
 10
155.218
 20
-119.512
 30
0.0
 11
155.198
 21
-119.723
 31
0.0
  0
LINE
  5
CD0
  8
0
 62
1
 10
155.198
 20
-119.723
 30
0.0
 11
155.165
 21
-119.932
 31
0.0
  0
LINE
  5
CD1
  8
0
 62
1
 10
155.165
 20
-119.932
 30
0.0
 11
155.119
 21
-120.139
 31
0.0
  0
LINE
  5
CD2
  8
0
 62
1
 10
155.119
 20
-120.139
 30
0.0
 11
155.06
 21
-120.343
 31
0.0
  0
LINE
  5
CD3
  8
0
 62
1
 10
155.06
 20
-120.343
 30
0.0
 11
154.988
 21
-120.542
 31
0.0
  0
LINE
  5
CD4
  8
0
 62
1
 10
154.988
 20
-120.542
 30
0.0
 11
154.904
 21
-120.737
 31
0.0
  0
LINE
  5
CD5
  8
0
 62
1
 10
154.904
 20
-120.737
 30
0.0
 11
154.808
 21
-120.926
 31
0.0
  0
LINE
  5
CD6
  8
0
 62
1
 10
154.808
 20
-120.926
 30
0.0
 11
154.7
 21
-121.108
 31
0.0
  0
LINE
  5
CD7
  8
0
 62
1
 10
154.7
 20
-121.108
 30
0.0
 11
154.58
 21
-121.284
 31
0.0
  0
LINE
  5
CD8
  8
0
 62
1
 10
154.58
 20
-121.284
 30
0.0
 11
154.45
 21
-121.451
 31
0.0
  0
LINE
  5
CD9
  8
0
 62
1
 10
154.45
 20
-121.451
 30
0.0
 11
154.31
 21
-121.61
 31
0.0
  0
LINE
  5
CDA
  8
0
 62
1
 10
154.31
 20
-121.61
 30
0.0
 11
154.16
 21
-121.76
 31
0.0
  0
LINE
  5
CDB
  8
0
 62
1
 10
154.16
 20
-121.76
 30
0.0
 11
154.001
 21
-121.9
 31
0.0
  0
LINE
  5
CDC
  8
0
 62
1
 10
154.001
 20
-121.9
 30
0.0
 11
153.834
 21
-122.03
 31
0.0
  0
LINE
  5
CDD
  8
0
 62
1
 10
153.834
 20
-122.03
 30
0.0
 11
153.658
 21
-122.15
 31
0.0
  0
LINE
  5
CDE
  8
0
 62
1
 10
153.658
 20
-122.15
 30
0.0
 11
153.476
 21
-122.258
 31
0.0
  0
LINE
  5
CDF
  8
0
 62
1
 10
153.476
 20
-122.258
 30
0.0
 11
153.287
 21
-122.354
 31
0.0
  0
LINE
  5
CE0
  8
0
 62
1
 10
153.287
 20
-122.354
 30
0.0
 11
153.092
 21
-122.438
 31
0.0
  0
LINE
  5
CE1
  8
0
 62
1
 10
153.092
 20
-122.438
 30
0.0
 11
152.893
 21
-122.51
 31
0.0
  0
LINE
  5
CE2
  8
0
 62
1
 10
152.893
 20
-122.51
 30
0.0
 11
152.689
 21
-122.569
 31
0.0
  0
LINE
  5
CE3
  8
0
 62
1
 10
152.689
 20
-122.569
 30
0.0
 11
152.482
 21
-122.615
 31
0.0
  0
LINE
  5
CE4
  8
0
 62
1
 10
152.482
 20
-122.615
 30
0.0
 11
152.273
 21
-122.648
 31
0.0
  0
LINE
  5
CE5
  8
0
 62
1
 10
152.273
 20
-122.648
 30
0.0
 11
152.062
 21
-122.668
 31
0.0
  0
LINE
  5
CE6
  8
0
 62
1
 10
152.062
 20
-122.668
 30
0.0
 11
151.85
 21
-122.675
 31
0.0
  0
LINE
  5
CE7
  8
0
 62
1
 10
151.85
 20
-122.675
 30
0.0
 11
151.638
 21
-122.668
 31
0.0
  0
LINE
  5
CE8
  8
0
 62
1
 10
151.638
 20
-148.068
 30
0.0
 11
151.427
 21
-148.048
 31
0.0
  0
LINE
  5
CE9
  8
0
 62
1
 10
151.427
 20
-148.048
 30
0.0
 11
151.218
 21
-148.015
 31
0.0
  0
LINE
  5
CEA
  8
0
 62
1
 10
151.218
 20
-148.015
 30
0.0
 11
151.011
 21
-147.969
 31
0.0
  0
LINE
  5
CEB
  8
0
 62
1
 10
151.011
 20
-147.969
 30
0.0
 11
150.807
 21
-147.91
 31
0.0
  0
LINE
  5
CEC
  8
0
 62
1
 10
150.807
 20
-147.91
 30
0.0
 11
150.608
 21
-147.838
 31
0.0
  0
LINE
  5
CED
  8
0
 62
1
 10
150.608
 20
-147.838
 30
0.0
 11
150.413
 21
-147.754
 31
0.0
  0
LINE
  5
CEE
  8
0
 62
1
 10
150.413
 20
-147.754
 30
0.0
 11
150.224
 21
-147.658
 31
0.0
  0
LINE
  5
CEF
  8
0
 62
1
 10
150.224
 20
-147.658
 30
0.0
 11
150.042
 21
-147.55
 31
0.0
  0
LINE
  5
CF0
  8
0
 62
1
 10
150.042
 20
-147.55
 30
0.0
 11
149.866
 21
-147.43
 31
0.0
  0
LINE
  5
CF1
  8
0
 62
1
 10
149.866
 20
-147.43
 30
0.0
 11
149.699
 21
-147.3
 31
0.0
  0
LINE
  5
CF2
  8
0
 62
1
 10
149.699
 20
-147.3
 30
0.0
 11
149.54
 21
-147.16
 31
0.0
  0
LINE
  5
CF3
  8
0
 62
1
 10
149.54
 20
-147.16
 30
0.0
 11
149.39
 21
-147.01
 31
0.0
  0
LINE
  5
CF4
  8
0
 62
1
 10
149.39
 20
-147.01
 30
0.0
 11
149.25
 21
-146.851
 31
0.0
  0
LINE
  5
CF5
  8
0
 62
1
 10
149.25
 20
-146.851
 30
0.0
 11
149.12
 21
-146.684
 31
0.0
  0
LINE
  5
CF6
  8
0
 62
1
 10
149.12
 20
-146.684
 30
0.0
 11
149.0
 21
-146.508
 31
0.0
  0
LINE
  5
CF7
  8
0
 62
1
 10
149.0
 20
-146.508
 30
0.0
 11
148.892
 21
-146.326
 31
0.0
  0
LINE
  5
CF8
  8
0
 62
1
 10
148.892
 20
-146.326
 30
0.0
 11
148.796
 21
-146.137
 31
0.0
  0
LINE
  5
CF9
  8
0
 62
1
 10
148.796
 20
-146.137
 30
0.0
 11
148.712
 21
-145.942
 31
0.0
  0
LINE
  5
CFA
  8
0
 62
1
 10
148.712
 20
-145.942
 30
0.0
 11
148.64
 21
-145.743
 31
0.0
  0
LINE
  5
CFB
  8
0
 62
1
 10
148.64
 20
-145.743
 30
0.0
 11
148.581
 21
-145.539
 31
0.0
  0
LINE
  5
CFC
  8
0
 62
1
 10
148.581
 20
-145.539
 30
0.0
 11
148.535
 21
-145.332
 31
0.0
  0
LINE
  5
CFD
  8
0
 62
1
 10
148.535
 20
-145.332
 30
0.0
 11
148.502
 21
-145.123
 31
0.0
  0
LINE
  5
CFE
  8
0
 62
1
 10
148.502
 20
-145.123
 30
0.0
 11
148.482
 21
-144.912
 31
0.0
  0
LINE
  5
CFF
  8
0
 62
1
 10
148.482
 20
-144.912
 30
0.0
 11
148.475
 21
-144.7
 31
0.0
  0
LINE
  5
D00
  8
0
 62
1
 10
148.475
 20
-144.7
 30
0.0
 11
148.482
 21
-144.488
 31
0.0
  0
LINE
  5
D01
  8
0
 62
1
 10
148.482
 20
-144.488
 30
0.0
 11
148.502
 21
-144.277
 31
0.0
  0
LINE
  5
D02
  8
0
 62
1
 10
148.502
 20
-144.277
 30
0.0
 11
148.535
 21
-144.068
 31
0.0
  0
LINE
  5
D03
  8
0
 62
1
 10
148.535
 20
-144.068
 30
0.0
 11
148.581
 21
-143.861
 31
0.0
  0
LINE
  5
D04
  8
0
 62
1
 10
148.581
 20
-143.861
 30
0.0
 11
148.64
 21
-143.657
 31
0.0
  0
LINE
  5
D05
  8
0
 62
1
 10
148.64
 20
-143.657
 30
0.0
 11
148.712
 21
-143.458
 31
0.0
  0
LINE
  5
D06
  8
0
 62
1
 10
148.712
 20
-143.458
 30
0.0
 11
148.796
 21
-143.263
 31
0.0
  0
LINE
  5
D07
  8
0
 62
1
 10
148.796
 20
-143.263
 30
0.0
 11
148.892
 21
-143.074
 31
0.0
  0
LINE
  5
D08
  8
0
 62
1
 10
148.892
 20
-143.074
 30
0.0
 11
149.0
 21
-142.892
 31
0.0
  0
LINE
  5
D09
  8
0
 62
1
 10
149.0
 20
-142.892
 30
0.0
 11
149.12
 21
-142.716
 31
0.0
  0
LINE
  5
D0A
  8
0
 62
1
 10
149.12
 20
-142.716
 30
0.0
 11
149.25
 21
-142.549
 31
0.0
  0
LINE
  5
D0B
  8
0
 62
1
 10
149.25
 20
-142.549
 30
0.0
 11
149.39
 21
-142.39
 31
0.0
  0
LINE
  5
D0C
  8
0
 62
1
 10
149.39
 20
-142.39
 30
0.0
 11
149.54
 21
-142.24
 31
0.0
  0
LINE
  5
D0D
  8
0
 62
1
 10
149.54
 20
-142.24
 30
0.0
 11
149.699
 21
-142.1
 31
0.0
  0
LINE
  5
D0E
  8
0
 62
1
 10
149.699
 20
-142.1
 30
0.0
 11
149.866
 21
-141.97
 31
0.0
  0
LINE
  5
D0F
  8
0
 62
1
 10
149.866
 20
-141.97
 30
0.0
 11
150.042
 21
-141.85
 31
0.0
  0
LINE
  5
D10
  8
0
 62
1
 10
150.042
 20
-141.85
 30
0.0
 11
150.224
 21
-141.742
 31
0.0
  0
LINE
  5
D11
  8
0
 62
1
 10
150.224
 20
-141.742
 30
0.0
 11
150.413
 21
-141.646
 31
0.0
  0
LINE
  5
D12
  8
0
 62
1
 10
150.413
 20
-141.646
 30
0.0
 11
150.608
 21
-141.562
 31
0.0
  0
LINE
  5
D13
  8
0
 62
1
 10
150.608
 20
-141.562
 30
0.0
 11
150.807
 21
-141.49
 31
0.0
  0
LINE
  5
D14
  8
0
 62
1
 10
150.807
 20
-141.49
 30
0.0
 11
151.011
 21
-141.431
 31
0.0
  0
LINE
  5
D15
  8
0
 62
1
 10
151.011
 20
-141.431
 30
0.0
 11
151.218
 21
-141.385
 31
0.0
  0
LINE
  5
D16
  8
0
 62
1
 10
151.218
 20
-141.385
 30
0.0
 11
151.427
 21
-141.352
 31
0.0
  0
LINE
  5
D17
  8
0
 62
1
 10
151.427
 20
-141.352
 30
0.0
 11
151.638
 21
-141.332
 31
0.0
  0
LINE
  5
D18
  8
0
 62
1
 10
151.638
 20
-141.332
 30
0.0
 11
151.85
 21
-141.325
 31
0.0
  0
LINE
  5
D19
  8
0
 62
1
 10
151.85
 20
-141.325
 30
0.0
 11
152.062
 21
-141.332
 31
0.0
  0
LINE
  5
D1A
  8
0
 62
1
 10
152.062
 20
-141.332
 30
0.0
 11
152.273
 21
-141.352
 31
0.0
  0
LINE
  5
D1B
  8
0
 62
1
 10
152.273
 20
-141.352
 30
0.0
 11
152.482
 21
-141.385
 31
0.0
  0
LINE
  5
D1C
  8
0
 62
1
 10
152.482
 20
-141.385
 30
0.0
 11
152.689
 21
-141.431
 31
0.0
  0
LINE
  5
D1D
  8
0
 62
1
 10
152.689
 20
-141.431
 30
0.0
 11
152.893
 21
-141.49
 31
0.0
  0
LINE
  5
D1E
  8
0
 62
1
 10
152.893
 20
-141.49
 30
0.0
 11
153.092
 21
-141.562
 31
0.0
  0
LINE
  5
D1F
  8
0
 62
1
 10
153.092
 20
-141.562
 30
0.0
 11
153.287
 21
-141.646
 31
0.0
  0
LINE
  5
D20
  8
0
 62
1
 10
153.287
 20
-141.646
 30
0.0
 11
153.476
 21
-141.742
 31
0.0
  0
LINE
  5
D21
  8
0
 62
1
 10
153.476
 20
-141.742
 30
0.0
 11
153.658
 21
-141.85
 31
0.0
  0
LINE
  5
D22
  8
0
 62
1
 10
153.658
 20
-141.85
 30
0.0
 11
153.834
 21
-141.97
 31
0.0
  0
LINE
  5
D23
  8
0
 62
1
 10
153.834
 20
-141.97
 30
0.0
 11
154.001
 21
-142.1
 31
0.0
  0
LINE
  5
D24
  8
0
 62
1
 10
154.001
 20
-142.1
 30
0.0
 11
154.16
 21
-142.24
 31
0.0
  0
LINE
  5
D25
  8
0
 62
1
 10
154.16
 20
-142.24
 30
0.0
 11
154.31
 21
-142.39
 31
0.0
  0
LINE
  5
D26
  8
0
 62
1
 10
154.31
 20
-142.39
 30
0.0
 11
154.45
 21
-142.549
 31
0.0
  0
LINE
  5
D27
  8
0
 62
1
 10
154.45
 20
-142.549
 30
0.0
 11
154.58
 21
-142.716
 31
0.0
  0
LINE
  5
D28
  8
0
 62
1
 10
154.58
 20
-142.716
 30
0.0
 11
154.7
 21
-142.892
 31
0.0
  0
LINE
  5
D29
  8
0
 62
1
 10
154.7
 20
-142.892
 30
0.0
 11
154.808
 21
-143.074
 31
0.0
  0
LINE
  5
D2A
  8
0
 62
1
 10
154.808
 20
-143.074
 30
0.0
 11
154.904
 21
-143.263
 31
0.0
  0
LINE
  5
D2B
  8
0
 62
1
 10
154.904
 20
-143.263
 30
0.0
 11
154.988
 21
-143.458
 31
0.0
  0
LINE
  5
D2C
  8
0
 62
1
 10
154.988
 20
-143.458
 30
0.0
 11
155.06
 21
-143.657
 31
0.0
  0
LINE
  5
D2D
  8
0
 62
1
 10
155.06
 20
-143.657
 30
0.0
 11
155.119
 21
-143.861
 31
0.0
  0
LINE
  5
D2E
  8
0
 62
1
 10
155.119
 20
-143.861
 30
0.0
 11
155.165
 21
-144.068
 31
0.0
  0
LINE
  5
D2F
  8
0
 62
1
 10
155.165
 20
-144.068
 30
0.0
 11
155.198
 21
-144.277
 31
0.0
  0
LINE
  5
D30
  8
0
 62
1
 10
155.198
 20
-144.277
 30
0.0
 11
155.218
 21
-144.488
 31
0.0
  0
LINE
  5
D31
  8
0
 62
1
 10
155.218
 20
-144.488
 30
0.0
 11
155.225
 21
-144.7
 31
0.0
  0
LINE
  5
D32
  8
0
 62
1
 10
155.225
 20
-144.7
 30
0.0
 11
155.218
 21
-144.912
 31
0.0
  0
LINE
  5
D33
  8
0
 62
1
 10
155.218
 20
-144.912
 30
0.0
 11
155.198
 21
-145.123
 31
0.0
  0
LINE
  5
D34
  8
0
 62
1
 10
155.198
 20
-145.123
 30
0.0
 11
155.165
 21
-145.332
 31
0.0
  0
LINE
  5
D35
  8
0
 62
1
 10
155.165
 20
-145.332
 30
0.0
 11
155.119
 21
-145.539
 31
0.0
  0
LINE
  5
D36
  8
0
 62
1
 10
155.119
 20
-145.539
 30
0.0
 11
155.06
 21
-145.743
 31
0.0
  0
LINE
  5
D37
  8
0
 62
1
 10
155.06
 20
-145.743
 30
0.0
 11
154.988
 21
-145.942
 31
0.0
  0
LINE
  5
D38
  8
0
 62
1
 10
154.988
 20
-145.942
 30
0.0
 11
154.904
 21
-146.137
 31
0.0
  0
LINE
  5
D39
  8
0
 62
1
 10
154.904
 20
-146.137
 30
0.0
 11
154.808
 21
-146.326
 31
0.0
  0
LINE
  5
D3A
  8
0
 62
1
 10
154.808
 20
-146.326
 30
0.0
 11
154.7
 21
-146.508
 31
0.0
  0
LINE
  5
D3B
  8
0
 62
1
 10
154.7
 20
-146.508
 30
0.0
 11
154.58
 21
-146.684
 31
0.0
  0
LINE
  5
D3C
  8
0
 62
1
 10
154.58
 20
-146.684
 30
0.0
 11
154.45
 21
-146.851
 31
0.0
  0
LINE
  5
D3D
  8
0
 62
1
 10
154.45
 20
-146.851
 30
0.0
 11
154.31
 21
-147.01
 31
0.0
  0
LINE
  5
D3E
  8
0
 62
1
 10
154.31
 20
-147.01
 30
0.0
 11
154.16
 21
-147.16
 31
0.0
  0
LINE
  5
D3F
  8
0
 62
1
 10
154.16
 20
-147.16
 30
0.0
 11
154.001
 21
-147.3
 31
0.0
  0
LINE
  5
D40
  8
0
 62
1
 10
154.001
 20
-147.3
 30
0.0
 11
153.834
 21
-147.43
 31
0.0
  0
LINE
  5
D41
  8
0
 62
1
 10
153.834
 20
-147.43
 30
0.0
 11
153.658
 21
-147.55
 31
0.0
  0
LINE
  5
D42
  8
0
 62
1
 10
153.658
 20
-147.55
 30
0.0
 11
153.476
 21
-147.658
 31
0.0
  0
LINE
  5
D43
  8
0
 62
1
 10
153.476
 20
-147.658
 30
0.0
 11
153.287
 21
-147.754
 31
0.0
  0
LINE
  5
D44
  8
0
 62
1
 10
153.287
 20
-147.754
 30
0.0
 11
153.092
 21
-147.838
 31
0.0
  0
LINE
  5
D45
  8
0
 62
1
 10
153.092
 20
-147.838
 30
0.0
 11
152.893
 21
-147.91
 31
0.0
  0
LINE
  5
D46
  8
0
 62
1
 10
152.893
 20
-147.91
 30
0.0
 11
152.689
 21
-147.969
 31
0.0
  0
LINE
  5
D47
  8
0
 62
1
 10
152.689
 20
-147.969
 30
0.0
 11
152.482
 21
-148.015
 31
0.0
  0
LINE
  5
D48
  8
0
 62
1
 10
152.482
 20
-148.015
 30
0.0
 11
152.273
 21
-148.048
 31
0.0
  0
LINE
  5
D49
  8
0
 62
1
 10
152.273
 20
-148.048
 30
0.0
 11
152.062
 21
-148.068
 31
0.0
  0
LINE
  5
D4A
  8
0
 62
1
 10
152.062
 20
-148.068
 30
0.0
 11
151.85
 21
-148.075
 31
0.0
  0
LINE
  5
D4B
  8
0
 62
1
 10
151.85
 20
-148.075
 30
0.0
 11
151.638
 21
-148.068
 31
0.0
  0
LINE
  5
D4C
  8
0
 62
1
 10
378.938
 20
-148.068
 30
0.0
 11
378.727
 21
-148.048
 31
0.0
  0
LINE
  5
D4D
  8
0
 62
1
 10
378.727
 20
-148.048
 30
0.0
 11
378.518
 21
-148.015
 31
0.0
  0
LINE
  5
D4E
  8
0
 62
1
 10
378.518
 20
-148.015
 30
0.0
 11
378.311
 21
-147.969
 31
0.0
  0
LINE
  5
D4F
  8
0
 62
1
 10
378.311
 20
-147.969
 30
0.0
 11
378.107
 21
-147.91
 31
0.0
  0
LINE
  5
D50
  8
0
 62
1
 10
378.107
 20
-147.91
 30
0.0
 11
377.908
 21
-147.838
 31
0.0
  0
LINE
  5
D51
  8
0
 62
1
 10
377.908
 20
-147.838
 30
0.0
 11
377.713
 21
-147.754
 31
0.0
  0
LINE
  5
D52
  8
0
 62
1
 10
377.713
 20
-147.754
 30
0.0
 11
377.524
 21
-147.658
 31
0.0
  0
LINE
  5
D53
  8
0
 62
1
 10
377.524
 20
-147.658
 30
0.0
 11
377.342
 21
-147.55
 31
0.0
  0
LINE
  5
D54
  8
0
 62
1
 10
377.342
 20
-147.55
 30
0.0
 11
377.166
 21
-147.43
 31
0.0
  0
LINE
  5
D55
  8
0
 62
1
 10
377.166
 20
-147.43
 30
0.0
 11
376.999
 21
-147.3
 31
0.0
  0
LINE
  5
D56
  8
0
 62
1
 10
376.999
 20
-147.3
 30
0.0
 11
376.84
 21
-147.16
 31
0.0
  0
LINE
  5
D57
  8
0
 62
1
 10
376.84
 20
-147.16
 30
0.0
 11
376.69
 21
-147.01
 31
0.0
  0
LINE
  5
D58
  8
0
 62
1
 10
376.69
 20
-147.01
 30
0.0
 11
376.55
 21
-146.851
 31
0.0
  0
LINE
  5
D59
  8
0
 62
1
 10
376.55
 20
-146.851
 30
0.0
 11
376.42
 21
-146.684
 31
0.0
  0
LINE
  5
D5A
  8
0
 62
1
 10
376.42
 20
-146.684
 30
0.0
 11
376.3
 21
-146.508
 31
0.0
  0
LINE
  5
D5B
  8
0
 62
1
 10
376.3
 20
-146.508
 30
0.0
 11
376.192
 21
-146.326
 31
0.0
  0
LINE
  5
D5C
  8
0
 62
1
 10
376.192
 20
-146.326
 30
0.0
 11
376.096
 21
-146.137
 31
0.0
  0
LINE
  5
D5D
  8
0
 62
1
 10
376.096
 20
-146.137
 30
0.0
 11
376.012
 21
-145.942
 31
0.0
  0
LINE
  5
D5E
  8
0
 62
1
 10
376.012
 20
-145.942
 30
0.0
 11
375.94
 21
-145.743
 31
0.0
  0
LINE
  5
D5F
  8
0
 62
1
 10
375.94
 20
-145.743
 30
0.0
 11
375.881
 21
-145.539
 31
0.0
  0
LINE
  5
D60
  8
0
 62
1
 10
375.881
 20
-145.539
 30
0.0
 11
375.835
 21
-145.332
 31
0.0
  0
LINE
  5
D61
  8
0
 62
1
 10
375.835
 20
-145.332
 30
0.0
 11
375.802
 21
-145.123
 31
0.0
  0
LINE
  5
D62
  8
0
 62
1
 10
375.802
 20
-145.123
 30
0.0
 11
375.782
 21
-144.912
 31
0.0
  0
LINE
  5
D63
  8
0
 62
1
 10
375.782
 20
-144.912
 30
0.0
 11
375.775
 21
-144.7
 31
0.0
  0
LINE
  5
D64
  8
0
 62
1
 10
375.775
 20
-144.7
 30
0.0
 11
375.782
 21
-144.488
 31
0.0
  0
LINE
  5
D65
  8
0
 62
1
 10
375.782
 20
-144.488
 30
0.0
 11
375.802
 21
-144.277
 31
0.0
  0
LINE
  5
D66
  8
0
 62
1
 10
375.802
 20
-144.277
 30
0.0
 11
375.835
 21
-144.068
 31
0.0
  0
LINE
  5
D67
  8
0
 62
1
 10
375.835
 20
-144.068
 30
0.0
 11
375.881
 21
-143.861
 31
0.0
  0
LINE
  5
D68
  8
0
 62
1
 10
375.881
 20
-143.861
 30
0.0
 11
375.94
 21
-143.657
 31
0.0
  0
LINE
  5
D69
  8
0
 62
1
 10
375.94
 20
-143.657
 30
0.0
 11
376.012
 21
-143.458
 31
0.0
  0
LINE
  5
D6A
  8
0
 62
1
 10
376.012
 20
-143.458
 30
0.0
 11
376.096
 21
-143.263
 31
0.0
  0
LINE
  5
D6B
  8
0
 62
1
 10
376.096
 20
-143.263
 30
0.0
 11
376.192
 21
-143.074
 31
0.0
  0
LINE
  5
D6C
  8
0
 62
1
 10
376.192
 20
-143.074
 30
0.0
 11
376.3
 21
-142.892
 31
0.0
  0
LINE
  5
D6D
  8
0
 62
1
 10
376.3
 20
-142.892
 30
0.0
 11
376.42
 21
-142.716
 31
0.0
  0
LINE
  5
D6E
  8
0
 62
1
 10
376.42
 20
-142.716
 30
0.0
 11
376.55
 21
-142.549
 31
0.0
  0
LINE
  5
D6F
  8
0
 62
1
 10
376.55
 20
-142.549
 30
0.0
 11
376.69
 21
-142.39
 31
0.0
  0
LINE
  5
D70
  8
0
 62
1
 10
376.69
 20
-142.39
 30
0.0
 11
376.84
 21
-142.24
 31
0.0
  0
LINE
  5
D71
  8
0
 62
1
 10
376.84
 20
-142.24
 30
0.0
 11
376.999
 21
-142.1
 31
0.0
  0
LINE
  5
D72
  8
0
 62
1
 10
376.999
 20
-142.1
 30
0.0
 11
377.166
 21
-141.97
 31
0.0
  0
LINE
  5
D73
  8
0
 62
1
 10
377.166
 20
-141.97
 30
0.0
 11
377.342
 21
-141.85
 31
0.0
  0
LINE
  5
D74
  8
0
 62
1
 10
377.342
 20
-141.85
 30
0.0
 11
377.524
 21
-141.742
 31
0.0
  0
LINE
  5
D75
  8
0
 62
1
 10
377.524
 20
-141.742
 30
0.0
 11
377.713
 21
-141.646
 31
0.0
  0
LINE
  5
D76
  8
0
 62
1
 10
377.713
 20
-141.646
 30
0.0
 11
377.908
 21
-141.562
 31
0.0
  0
LINE
  5
D77
  8
0
 62
1
 10
377.908
 20
-141.562
 30
0.0
 11
378.107
 21
-141.49
 31
0.0
  0
LINE
  5
D78
  8
0
 62
1
 10
378.107
 20
-141.49
 30
0.0
 11
378.311
 21
-141.431
 31
0.0
  0
LINE
  5
D79
  8
0
 62
1
 10
378.311
 20
-141.431
 30
0.0
 11
378.518
 21
-141.385
 31
0.0
  0
LINE
  5
D7A
  8
0
 62
1
 10
378.518
 20
-141.385
 30
0.0
 11
378.727
 21
-141.352
 31
0.0
  0
LINE
  5
D7B
  8
0
 62
1
 10
378.727
 20
-141.352
 30
0.0
 11
378.938
 21
-141.332
 31
0.0
  0
LINE
  5
D7C
  8
0
 62
1
 10
378.938
 20
-141.332
 30
0.0
 11
379.15
 21
-141.325
 31
0.0
  0
LINE
  5
D7D
  8
0
 62
1
 10
379.15
 20
-141.325
 30
0.0
 11
379.362
 21
-141.332
 31
0.0
  0
LINE
  5
D7E
  8
0
 62
1
 10
379.362
 20
-141.332
 30
0.0
 11
379.573
 21
-141.352
 31
0.0
  0
LINE
  5
D7F
  8
0
 62
1
 10
379.573
 20
-141.352
 30
0.0
 11
379.782
 21
-141.385
 31
0.0
  0
LINE
  5
D80
  8
0
 62
1
 10
379.782
 20
-141.385
 30
0.0
 11
379.989
 21
-141.431
 31
0.0
  0
LINE
  5
D81
  8
0
 62
1
 10
379.989
 20
-141.431
 30
0.0
 11
380.193
 21
-141.49
 31
0.0
  0
LINE
  5
D82
  8
0
 62
1
 10
380.193
 20
-141.49
 30
0.0
 11
380.392
 21
-141.562
 31
0.0
  0
LINE
  5
D83
  8
0
 62
1
 10
380.392
 20
-141.562
 30
0.0
 11
380.587
 21
-141.646
 31
0.0
  0
LINE
  5
D84
  8
0
 62
1
 10
380.587
 20
-141.646
 30
0.0
 11
380.776
 21
-141.742
 31
0.0
  0
LINE
  5
D85
  8
0
 62
1
 10
380.776
 20
-141.742
 30
0.0
 11
380.958
 21
-141.85
 31
0.0
  0
LINE
  5
D86
  8
0
 62
1
 10
380.958
 20
-141.85
 30
0.0
 11
381.134
 21
-141.97
 31
0.0
  0
LINE
  5
D87
  8
0
 62
1
 10
381.134
 20
-141.97
 30
0.0
 11
381.301
 21
-142.1
 31
0.0
  0
LINE
  5
D88
  8
0
 62
1
 10
381.301
 20
-142.1
 30
0.0
 11
381.46
 21
-142.24
 31
0.0
  0
LINE
  5
D89
  8
0
 62
1
 10
381.46
 20
-142.24
 30
0.0
 11
381.61
 21
-142.39
 31
0.0
  0
LINE
  5
D8A
  8
0
 62
1
 10
381.61
 20
-142.39
 30
0.0
 11
381.75
 21
-142.549
 31
0.0
  0
LINE
  5
D8B
  8
0
 62
1
 10
381.75
 20
-142.549
 30
0.0
 11
381.88
 21
-142.716
 31
0.0
  0
LINE
  5
D8C
  8
0
 62
1
 10
381.88
 20
-142.716
 30
0.0
 11
382.0
 21
-142.892
 31
0.0
  0
LINE
  5
D8D
  8
0
 62
1
 10
382.0
 20
-142.892
 30
0.0
 11
382.108
 21
-143.074
 31
0.0
  0
LINE
  5
D8E
  8
0
 62
1
 10
382.108
 20
-143.074
 30
0.0
 11
382.204
 21
-143.263
 31
0.0
  0
LINE
  5
D8F
  8
0
 62
1
 10
382.204
 20
-143.263
 30
0.0
 11
382.288
 21
-143.458
 31
0.0
  0
LINE
  5
D90
  8
0
 62
1
 10
382.288
 20
-143.458
 30
0.0
 11
382.36
 21
-143.657
 31
0.0
  0
LINE
  5
D91
  8
0
 62
1
 10
382.36
 20
-143.657
 30
0.0
 11
382.419
 21
-143.861
 31
0.0
  0
LINE
  5
D92
  8
0
 62
1
 10
382.419
 20
-143.861
 30
0.0
 11
382.465
 21
-144.068
 31
0.0
  0
LINE
  5
D93
  8
0
 62
1
 10
382.465
 20
-144.068
 30
0.0
 11
382.498
 21
-144.277
 31
0.0
  0
LINE
  5
D94
  8
0
 62
1
 10
382.498
 20
-144.277
 30
0.0
 11
382.518
 21
-144.488
 31
0.0
  0
LINE
  5
D95
  8
0
 62
1
 10
382.518
 20
-144.488
 30
0.0
 11
382.525
 21
-144.7
 31
0.0
  0
LINE
  5
D96
  8
0
 62
1
 10
382.525
 20
-144.7
 30
0.0
 11
382.518
 21
-144.912
 31
0.0
  0
LINE
  5
D97
  8
0
 62
1
 10
382.518
 20
-144.912
 30
0.0
 11
382.498
 21
-145.123
 31
0.0
  0
LINE
  5
D98
  8
0
 62
1
 10
382.498
 20
-145.123
 30
0.0
 11
382.465
 21
-145.332
 31
0.0
  0
LINE
  5
D99
  8
0
 62
1
 10
382.465
 20
-145.332
 30
0.0
 11
382.419
 21
-145.539
 31
0.0
  0
LINE
  5
D9A
  8
0
 62
1
 10
382.419
 20
-145.539
 30
0.0
 11
382.36
 21
-145.743
 31
0.0
  0
LINE
  5
D9B
  8
0
 62
1
 10
382.36
 20
-145.743
 30
0.0
 11
382.288
 21
-145.942
 31
0.0
  0
LINE
  5
D9C
  8
0
 62
1
 10
382.288
 20
-145.942
 30
0.0
 11
382.204
 21
-146.137
 31
0.0
  0
LINE
  5
D9D
  8
0
 62
1
 10
382.204
 20
-146.137
 30
0.0
 11
382.108
 21
-146.326
 31
0.0
  0
LINE
  5
D9E
  8
0
 62
1
 10
382.108
 20
-146.326
 30
0.0
 11
382.0
 21
-146.508
 31
0.0
  0
LINE
  5
D9F
  8
0
 62
1
 10
382.0
 20
-146.508
 30
0.0
 11
381.88
 21
-146.684
 31
0.0
  0
LINE
  5
DA0
  8
0
 62
1
 10
381.88
 20
-146.684
 30
0.0
 11
381.75
 21
-146.851
 31
0.0
  0
LINE
  5
DA1
  8
0
 62
1
 10
381.75
 20
-146.851
 30
0.0
 11
381.61
 21
-147.01
 31
0.0
  0
LINE
  5
DA2
  8
0
 62
1
 10
381.61
 20
-147.01
 30
0.0
 11
381.46
 21
-147.16
 31
0.0
  0
LINE
  5
DA3
  8
0
 62
1
 10
381.46
 20
-147.16
 30
0.0
 11
381.301
 21
-147.3
 31
0.0
  0
LINE
  5
DA4
  8
0
 62
1
 10
381.301
 20
-147.3
 30
0.0
 11
381.134
 21
-147.43
 31
0.0
  0
LINE
  5
DA5
  8
0
 62
1
 10
381.134
 20
-147.43
 30
0.0
 11
380.958
 21
-147.55
 31
0.0
  0
LINE
  5
DA6
  8
0
 62
1
 10
380.958
 20
-147.55
 30
0.0
 11
380.776
 21
-147.658
 31
0.0
  0
LINE
  5
DA7
  8
0
 62
1
 10
380.776
 20
-147.658
 30
0.0
 11
380.587
 21
-147.754
 31
0.0
  0
LINE
  5
DA8
  8
0
 62
1
 10
380.587
 20
-147.754
 30
0.0
 11
380.392
 21
-147.838
 31
0.0
  0
LINE
  5
DA9
  8
0
 62
1
 10
380.392
 20
-147.838
 30
0.0
 11
380.193
 21
-147.91
 31
0.0
  0
LINE
  5
DAA
  8
0
 62
1
 10
380.193
 20
-147.91
 30
0.0
 11
379.989
 21
-147.969
 31
0.0
  0
LINE
  5
DAB
  8
0
 62
1
 10
379.989
 20
-147.969
 30
0.0
 11
379.782
 21
-148.015
 31
0.0
  0
LINE
  5
DAC
  8
0
 62
1
 10
379.782
 20
-148.015
 30
0.0
 11
379.573
 21
-148.048
 31
0.0
  0
LINE
  5
DAD
  8
0
 62
1
 10
379.573
 20
-148.048
 30
0.0
 11
379.362
 21
-148.068
 31
0.0
  0
LINE
  5
DAE
  8
0
 62
1
 10
379.362
 20
-148.068
 30
0.0
 11
379.15
 21
-148.075
 31
0.0
  0
LINE
  5
DAF
  8
0
 62
1
 10
379.15
 20
-148.075
 30
0.0
 11
378.938
 21
-148.068
 31
0.0
  0
LINE
  5
DB0
  8
0
 62
1
 10
261.5
 20
-190.1
 30
0.0
 11
261.5
 21
-150.1
 31
0.0
  0
LINE
  5
DB1
  8
0
 62
1
 10
261.5
 20
-150.1
 30
0.0
 11
269.5
 21
-150.1
 31
0.0
  0
LINE
  5
DB2
  8
0
 62
1
 10
269.5
 20
-150.1
 30
0.0
 11
269.5
 21
-190.1
 31
0.0
  0
LINE
  5
DB3
  8
0
 62
1
 10
269.5
 20
-190.1
 30
0.0
 11
261.5
 21
-190.1
 31
0.0
  0
LINE
  5
DB4
  8
0
 62
1
 10
378.938
 20
-198.868
 30
0.0
 11
378.727
 21
-198.848
 31
0.0
  0
LINE
  5
DB5
  8
0
 62
1
 10
378.727
 20
-198.848
 30
0.0
 11
378.518
 21
-198.815
 31
0.0
  0
LINE
  5
DB6
  8
0
 62
1
 10
378.518
 20
-198.815
 30
0.0
 11
378.311
 21
-198.769
 31
0.0
  0
LINE
  5
DB7
  8
0
 62
1
 10
378.311
 20
-198.769
 30
0.0
 11
378.107
 21
-198.71
 31
0.0
  0
LINE
  5
DB8
  8
0
 62
1
 10
378.107
 20
-198.71
 30
0.0
 11
377.908
 21
-198.638
 31
0.0
  0
LINE
  5
DB9
  8
0
 62
1
 10
377.908
 20
-198.638
 30
0.0
 11
377.713
 21
-198.554
 31
0.0
  0
LINE
  5
DBA
  8
0
 62
1
 10
377.713
 20
-198.554
 30
0.0
 11
377.524
 21
-198.458
 31
0.0
  0
LINE
  5
DBB
  8
0
 62
1
 10
377.524
 20
-198.458
 30
0.0
 11
377.342
 21
-198.35
 31
0.0
  0
LINE
  5
DBC
  8
0
 62
1
 10
377.342
 20
-198.35
 30
0.0
 11
377.166
 21
-198.23
 31
0.0
  0
LINE
  5
DBD
  8
0
 62
1
 10
377.166
 20
-198.23
 30
0.0
 11
376.999
 21
-198.1
 31
0.0
  0
LINE
  5
DBE
  8
0
 62
1
 10
376.999
 20
-198.1
 30
0.0
 11
376.84
 21
-197.96
 31
0.0
  0
LINE
  5
DBF
  8
0
 62
1
 10
376.84
 20
-197.96
 30
0.0
 11
376.69
 21
-197.81
 31
0.0
  0
LINE
  5
DC0
  8
0
 62
1
 10
376.69
 20
-197.81
 30
0.0
 11
376.55
 21
-197.651
 31
0.0
  0
LINE
  5
DC1
  8
0
 62
1
 10
376.55
 20
-197.651
 30
0.0
 11
376.42
 21
-197.484
 31
0.0
  0
LINE
  5
DC2
  8
0
 62
1
 10
376.42
 20
-197.484
 30
0.0
 11
376.3
 21
-197.308
 31
0.0
  0
LINE
  5
DC3
  8
0
 62
1
 10
376.3
 20
-197.308
 30
0.0
 11
376.192
 21
-197.126
 31
0.0
  0
LINE
  5
DC4
  8
0
 62
1
 10
376.192
 20
-197.126
 30
0.0
 11
376.096
 21
-196.937
 31
0.0
  0
LINE
  5
DC5
  8
0
 62
1
 10
376.096
 20
-196.937
 30
0.0
 11
376.012
 21
-196.742
 31
0.0
  0
LINE
  5
DC6
  8
0
 62
1
 10
376.012
 20
-196.742
 30
0.0
 11
375.94
 21
-196.543
 31
0.0
  0
LINE
  5
DC7
  8
0
 62
1
 10
375.94
 20
-196.543
 30
0.0
 11
375.881
 21
-196.339
 31
0.0
  0
LINE
  5
DC8
  8
0
 62
1
 10
375.881
 20
-196.339
 30
0.0
 11
375.835
 21
-196.132
 31
0.0
  0
LINE
  5
DC9
  8
0
 62
1
 10
375.835
 20
-196.132
 30
0.0
 11
375.802
 21
-195.923
 31
0.0
  0
LINE
  5
DCA
  8
0
 62
1
 10
375.802
 20
-195.923
 30
0.0
 11
375.782
 21
-195.712
 31
0.0
  0
LINE
  5
DCB
  8
0
 62
1
 10
375.782
 20
-195.712
 30
0.0
 11
375.775
 21
-195.5
 31
0.0
  0
LINE
  5
DCC
  8
0
 62
1
 10
375.775
 20
-195.5
 30
0.0
 11
375.782
 21
-195.288
 31
0.0
  0
LINE
  5
DCD
  8
0
 62
1
 10
375.782
 20
-195.288
 30
0.0
 11
375.802
 21
-195.077
 31
0.0
  0
LINE
  5
DCE
  8
0
 62
1
 10
375.802
 20
-195.077
 30
0.0
 11
375.835
 21
-194.868
 31
0.0
  0
LINE
  5
DCF
  8
0
 62
1
 10
375.835
 20
-194.868
 30
0.0
 11
375.881
 21
-194.661
 31
0.0
  0
LINE
  5
DD0
  8
0
 62
1
 10
375.881
 20
-194.661
 30
0.0
 11
375.94
 21
-194.457
 31
0.0
  0
LINE
  5
DD1
  8
0
 62
1
 10
375.94
 20
-194.457
 30
0.0
 11
376.012
 21
-194.258
 31
0.0
  0
LINE
  5
DD2
  8
0
 62
1
 10
376.012
 20
-194.258
 30
0.0
 11
376.096
 21
-194.063
 31
0.0
  0
LINE
  5
DD3
  8
0
 62
1
 10
376.096
 20
-194.063
 30
0.0
 11
376.192
 21
-193.874
 31
0.0
  0
LINE
  5
DD4
  8
0
 62
1
 10
376.192
 20
-193.874
 30
0.0
 11
376.3
 21
-193.692
 31
0.0
  0
LINE
  5
DD5
  8
0
 62
1
 10
376.3
 20
-193.692
 30
0.0
 11
376.42
 21
-193.516
 31
0.0
  0
LINE
  5
DD6
  8
0
 62
1
 10
376.42
 20
-193.516
 30
0.0
 11
376.55
 21
-193.349
 31
0.0
  0
LINE
  5
DD7
  8
0
 62
1
 10
376.55
 20
-193.349
 30
0.0
 11
376.69
 21
-193.19
 31
0.0
  0
LINE
  5
DD8
  8
0
 62
1
 10
376.69
 20
-193.19
 30
0.0
 11
376.84
 21
-193.04
 31
0.0
  0
LINE
  5
DD9
  8
0
 62
1
 10
376.84
 20
-193.04
 30
0.0
 11
376.999
 21
-192.9
 31
0.0
  0
LINE
  5
DDA
  8
0
 62
1
 10
376.999
 20
-192.9
 30
0.0
 11
377.166
 21
-192.77
 31
0.0
  0
LINE
  5
DDB
  8
0
 62
1
 10
377.166
 20
-192.77
 30
0.0
 11
377.342
 21
-192.65
 31
0.0
  0
LINE
  5
DDC
  8
0
 62
1
 10
377.342
 20
-192.65
 30
0.0
 11
377.524
 21
-192.542
 31
0.0
  0
LINE
  5
DDD
  8
0
 62
1
 10
377.524
 20
-192.542
 30
0.0
 11
377.713
 21
-192.446
 31
0.0
  0
LINE
  5
DDE
  8
0
 62
1
 10
377.713
 20
-192.446
 30
0.0
 11
377.908
 21
-192.362
 31
0.0
  0
LINE
  5
DDF
  8
0
 62
1
 10
377.908
 20
-192.362
 30
0.0
 11
378.107
 21
-192.29
 31
0.0
  0
LINE
  5
DE0
  8
0
 62
1
 10
378.107
 20
-192.29
 30
0.0
 11
378.311
 21
-192.231
 31
0.0
  0
LINE
  5
DE1
  8
0
 62
1
 10
378.311
 20
-192.231
 30
0.0
 11
378.518
 21
-192.185
 31
0.0
  0
LINE
  5
DE2
  8
0
 62
1
 10
378.518
 20
-192.185
 30
0.0
 11
378.727
 21
-192.152
 31
0.0
  0
LINE
  5
DE3
  8
0
 62
1
 10
378.727
 20
-192.152
 30
0.0
 11
378.938
 21
-192.132
 31
0.0
  0
LINE
  5
DE4
  8
0
 62
1
 10
378.938
 20
-192.132
 30
0.0
 11
379.15
 21
-192.125
 31
0.0
  0
LINE
  5
DE5
  8
0
 62
1
 10
379.15
 20
-192.125
 30
0.0
 11
379.362
 21
-192.132
 31
0.0
  0
LINE
  5
DE6
  8
0
 62
1
 10
379.362
 20
-192.132
 30
0.0
 11
379.573
 21
-192.152
 31
0.0
  0
LINE
  5
DE7
  8
0
 62
1
 10
379.573
 20
-192.152
 30
0.0
 11
379.782
 21
-192.185
 31
0.0
  0
LINE
  5
DE8
  8
0
 62
1
 10
379.782
 20
-192.185
 30
0.0
 11
379.989
 21
-192.231
 31
0.0
  0
LINE
  5
DE9
  8
0
 62
1
 10
379.989
 20
-192.231
 30
0.0
 11
380.193
 21
-192.29
 31
0.0
  0
LINE
  5
DEA
  8
0
 62
1
 10
380.193
 20
-192.29
 30
0.0
 11
380.392
 21
-192.362
 31
0.0
  0
LINE
  5
DEB
  8
0
 62
1
 10
380.392
 20
-192.362
 30
0.0
 11
380.587
 21
-192.446
 31
0.0
  0
LINE
  5
DEC
  8
0
 62
1
 10
380.587
 20
-192.446
 30
0.0
 11
380.776
 21
-192.542
 31
0.0
  0
LINE
  5
DED
  8
0
 62
1
 10
380.776
 20
-192.542
 30
0.0
 11
380.958
 21
-192.65
 31
0.0
  0
LINE
  5
DEE
  8
0
 62
1
 10
380.958
 20
-192.65
 30
0.0
 11
381.134
 21
-192.77
 31
0.0
  0
LINE
  5
DEF
  8
0
 62
1
 10
381.134
 20
-192.77
 30
0.0
 11
381.301
 21
-192.9
 31
0.0
  0
LINE
  5
DF0
  8
0
 62
1
 10
381.301
 20
-192.9
 30
0.0
 11
381.46
 21
-193.04
 31
0.0
  0
LINE
  5
DF1
  8
0
 62
1
 10
381.46
 20
-193.04
 30
0.0
 11
381.61
 21
-193.19
 31
0.0
  0
LINE
  5
DF2
  8
0
 62
1
 10
381.61
 20
-193.19
 30
0.0
 11
381.75
 21
-193.349
 31
0.0
  0
LINE
  5
DF3
  8
0
 62
1
 10
381.75
 20
-193.349
 30
0.0
 11
381.88
 21
-193.516
 31
0.0
  0
LINE
  5
DF4
  8
0
 62
1
 10
381.88
 20
-193.516
 30
0.0
 11
382.0
 21
-193.692
 31
0.0
  0
LINE
  5
DF5
  8
0
 62
1
 10
382.0
 20
-193.692
 30
0.0
 11
382.108
 21
-193.874
 31
0.0
  0
LINE
  5
DF6
  8
0
 62
1
 10
382.108
 20
-193.874
 30
0.0
 11
382.204
 21
-194.063
 31
0.0
  0
LINE
  5
DF7
  8
0
 62
1
 10
382.204
 20
-194.063
 30
0.0
 11
382.288
 21
-194.258
 31
0.0
  0
LINE
  5
DF8
  8
0
 62
1
 10
382.288
 20
-194.258
 30
0.0
 11
382.36
 21
-194.457
 31
0.0
  0
LINE
  5
DF9
  8
0
 62
1
 10
382.36
 20
-194.457
 30
0.0
 11
382.419
 21
-194.661
 31
0.0
  0
LINE
  5
DFA
  8
0
 62
1
 10
382.419
 20
-194.661
 30
0.0
 11
382.465
 21
-194.868
 31
0.0
  0
LINE
  5
DFB
  8
0
 62
1
 10
382.465
 20
-194.868
 30
0.0
 11
382.498
 21
-195.077
 31
0.0
  0
LINE
  5
DFC
  8
0
 62
1
 10
382.498
 20
-195.077
 30
0.0
 11
382.518
 21
-195.288
 31
0.0
  0
LINE
  5
DFD
  8
0
 62
1
 10
382.518
 20
-195.288
 30
0.0
 11
382.525
 21
-195.5
 31
0.0
  0
LINE
  5
DFE
  8
0
 62
1
 10
382.525
 20
-195.5
 30
0.0
 11
382.518
 21
-195.712
 31
0.0
  0
LINE
  5
DFF
  8
0
 62
1
 10
382.518
 20
-195.712
 30
0.0
 11
382.498
 21
-195.923
 31
0.0
  0
LINE
  5
E00
  8
0
 62
1
 10
382.498
 20
-195.923
 30
0.0
 11
382.465
 21
-196.132
 31
0.0
  0
LINE
  5
E01
  8
0
 62
1
 10
382.465
 20
-196.132
 30
0.0
 11
382.419
 21
-196.339
 31
0.0
  0
LINE
  5
E02
  8
0
 62
1
 10
382.419
 20
-196.339
 30
0.0
 11
382.36
 21
-196.543
 31
0.0
  0
LINE
  5
E03
  8
0
 62
1
 10
382.36
 20
-196.543
 30
0.0
 11
382.288
 21
-196.742
 31
0.0
  0
LINE
  5
E04
  8
0
 62
1
 10
382.288
 20
-196.742
 30
0.0
 11
382.204
 21
-196.937
 31
0.0
  0
LINE
  5
E05
  8
0
 62
1
 10
382.204
 20
-196.937
 30
0.0
 11
382.108
 21
-197.126
 31
0.0
  0
LINE
  5
E06
  8
0
 62
1
 10
382.108
 20
-197.126
 30
0.0
 11
382.0
 21
-197.308
 31
0.0
  0
LINE
  5
E07
  8
0
 62
1
 10
382.0
 20
-197.308
 30
0.0
 11
381.88
 21
-197.484
 31
0.0
  0
LINE
  5
E08
  8
0
 62
1
 10
381.88
 20
-197.484
 30
0.0
 11
381.75
 21
-197.651
 31
0.0
  0
LINE
  5
E09
  8
0
 62
1
 10
381.75
 20
-197.651
 30
0.0
 11
381.61
 21
-197.81
 31
0.0
  0
LINE
  5
E0A
  8
0
 62
1
 10
381.61
 20
-197.81
 30
0.0
 11
381.46
 21
-197.96
 31
0.0
  0
LINE
  5
E0B
  8
0
 62
1
 10
381.46
 20
-197.96
 30
0.0
 11
381.301
 21
-198.1
 31
0.0
  0
LINE
  5
E0C
  8
0
 62
1
 10
381.301
 20
-198.1
 30
0.0
 11
381.134
 21
-198.23
 31
0.0
  0
LINE
  5
E0D
  8
0
 62
1
 10
381.134
 20
-198.23
 30
0.0
 11
380.958
 21
-198.35
 31
0.0
  0
LINE
  5
E0E
  8
0
 62
1
 10
380.958
 20
-198.35
 30
0.0
 11
380.776
 21
-198.458
 31
0.0
  0
LINE
  5
E0F
  8
0
 62
1
 10
380.776
 20
-198.458
 30
0.0
 11
380.587
 21
-198.554
 31
0.0
  0
LINE
  5
E10
  8
0
 62
1
 10
380.587
 20
-198.554
 30
0.0
 11
380.392
 21
-198.638
 31
0.0
  0
LINE
  5
E11
  8
0
 62
1
 10
380.392
 20
-198.638
 30
0.0
 11
380.193
 21
-198.71
 31
0.0
  0
LINE
  5
E12
  8
0
 62
1
 10
380.193
 20
-198.71
 30
0.0
 11
379.989
 21
-198.769
 31
0.0
  0
LINE
  5
E13
  8
0
 62
1
 10
379.989
 20
-198.769
 30
0.0
 11
379.782
 21
-198.815
 31
0.0
  0
LINE
  5
E14
  8
0
 62
1
 10
379.782
 20
-198.815
 30
0.0
 11
379.573
 21
-198.848
 31
0.0
  0
LINE
  5
E15
  8
0
 62
1
 10
379.573
 20
-198.848
 30
0.0
 11
379.362
 21
-198.868
 31
0.0
  0
LINE
  5
E16
  8
0
 62
1
 10
379.362
 20
-198.868
 30
0.0
 11
379.15
 21
-198.875
 31
0.0
  0
LINE
  5
E17
  8
0
 62
1
 10
379.15
 20
-198.875
 30
0.0
 11
378.938
 21
-198.868
 31
0.0
  0
LINE
  5
E18
  8
0
 62
1
 10
151.638
 20
-198.868
 30
0.0
 11
151.427
 21
-198.848
 31
0.0
  0
LINE
  5
E19
  8
0
 62
1
 10
151.427
 20
-198.848
 30
0.0
 11
151.218
 21
-198.815
 31
0.0
  0
LINE
  5
E1A
  8
0
 62
1
 10
151.218
 20
-198.815
 30
0.0
 11
151.011
 21
-198.769
 31
0.0
  0
LINE
  5
E1B
  8
0
 62
1
 10
151.011
 20
-198.769
 30
0.0
 11
150.807
 21
-198.71
 31
0.0
  0
LINE
  5
E1C
  8
0
 62
1
 10
150.807
 20
-198.71
 30
0.0
 11
150.608
 21
-198.638
 31
0.0
  0
LINE
  5
E1D
  8
0
 62
1
 10
150.608
 20
-198.638
 30
0.0
 11
150.413
 21
-198.554
 31
0.0
  0
LINE
  5
E1E
  8
0
 62
1
 10
150.413
 20
-198.554
 30
0.0
 11
150.224
 21
-198.458
 31
0.0
  0
LINE
  5
E1F
  8
0
 62
1
 10
150.224
 20
-198.458
 30
0.0
 11
150.042
 21
-198.35
 31
0.0
  0
LINE
  5
E20
  8
0
 62
1
 10
150.042
 20
-198.35
 30
0.0
 11
149.866
 21
-198.23
 31
0.0
  0
LINE
  5
E21
  8
0
 62
1
 10
149.866
 20
-198.23
 30
0.0
 11
149.699
 21
-198.1
 31
0.0
  0
LINE
  5
E22
  8
0
 62
1
 10
149.699
 20
-198.1
 30
0.0
 11
149.54
 21
-197.96
 31
0.0
  0
LINE
  5
E23
  8
0
 62
1
 10
149.54
 20
-197.96
 30
0.0
 11
149.39
 21
-197.81
 31
0.0
  0
LINE
  5
E24
  8
0
 62
1
 10
149.39
 20
-197.81
 30
0.0
 11
149.25
 21
-197.651
 31
0.0
  0
LINE
  5
E25
  8
0
 62
1
 10
149.25
 20
-197.651
 30
0.0
 11
149.12
 21
-197.484
 31
0.0
  0
LINE
  5
E26
  8
0
 62
1
 10
149.12
 20
-197.484
 30
0.0
 11
149.0
 21
-197.308
 31
0.0
  0
LINE
  5
E27
  8
0
 62
1
 10
149.0
 20
-197.308
 30
0.0
 11
148.892
 21
-197.126
 31
0.0
  0
LINE
  5
E28
  8
0
 62
1
 10
148.892
 20
-197.126
 30
0.0
 11
148.796
 21
-196.937
 31
0.0
  0
LINE
  5
E29
  8
0
 62
1
 10
148.796
 20
-196.937
 30
0.0
 11
148.712
 21
-196.742
 31
0.0
  0
LINE
  5
E2A
  8
0
 62
1
 10
148.712
 20
-196.742
 30
0.0
 11
148.64
 21
-196.543
 31
0.0
  0
LINE
  5
E2B
  8
0
 62
1
 10
148.64
 20
-196.543
 30
0.0
 11
148.581
 21
-196.339
 31
0.0
  0
LINE
  5
E2C
  8
0
 62
1
 10
148.581
 20
-196.339
 30
0.0
 11
148.535
 21
-196.132
 31
0.0
  0
LINE
  5
E2D
  8
0
 62
1
 10
148.535
 20
-196.132
 30
0.0
 11
148.502
 21
-195.923
 31
0.0
  0
LINE
  5
E2E
  8
0
 62
1
 10
148.502
 20
-195.923
 30
0.0
 11
148.482
 21
-195.712
 31
0.0
  0
LINE
  5
E2F
  8
0
 62
1
 10
148.482
 20
-195.712
 30
0.0
 11
148.475
 21
-195.5
 31
0.0
  0
LINE
  5
E30
  8
0
 62
1
 10
148.475
 20
-195.5
 30
0.0
 11
148.482
 21
-195.288
 31
0.0
  0
LINE
  5
E31
  8
0
 62
1
 10
148.482
 20
-195.288
 30
0.0
 11
148.502
 21
-195.077
 31
0.0
  0
LINE
  5
E32
  8
0
 62
1
 10
148.502
 20
-195.077
 30
0.0
 11
148.535
 21
-194.868
 31
0.0
  0
LINE
  5
E33
  8
0
 62
1
 10
148.535
 20
-194.868
 30
0.0
 11
148.581
 21
-194.661
 31
0.0
  0
LINE
  5
E34
  8
0
 62
1
 10
148.581
 20
-194.661
 30
0.0
 11
148.64
 21
-194.457
 31
0.0
  0
LINE
  5
E35
  8
0
 62
1
 10
148.64
 20
-194.457
 30
0.0
 11
148.712
 21
-194.258
 31
0.0
  0
LINE
  5
E36
  8
0
 62
1
 10
148.712
 20
-194.258
 30
0.0
 11
148.796
 21
-194.063
 31
0.0
  0
LINE
  5
E37
  8
0
 62
1
 10
148.796
 20
-194.063
 30
0.0
 11
148.892
 21
-193.874
 31
0.0
  0
LINE
  5
E38
  8
0
 62
1
 10
148.892
 20
-193.874
 30
0.0
 11
149.0
 21
-193.692
 31
0.0
  0
LINE
  5
E39
  8
0
 62
1
 10
149.0
 20
-193.692
 30
0.0
 11
149.12
 21
-193.516
 31
0.0
  0
LINE
  5
E3A
  8
0
 62
1
 10
149.12
 20
-193.516
 30
0.0
 11
149.25
 21
-193.349
 31
0.0
  0
LINE
  5
E3B
  8
0
 62
1
 10
149.25
 20
-193.349
 30
0.0
 11
149.39
 21
-193.19
 31
0.0
  0
LINE
  5
E3C
  8
0
 62
1
 10
149.39
 20
-193.19
 30
0.0
 11
149.54
 21
-193.04
 31
0.0
  0
LINE
  5
E3D
  8
0
 62
1
 10
149.54
 20
-193.04
 30
0.0
 11
149.699
 21
-192.9
 31
0.0
  0
LINE
  5
E3E
  8
0
 62
1
 10
149.699
 20
-192.9
 30
0.0
 11
149.866
 21
-192.77
 31
0.0
  0
LINE
  5
E3F
  8
0
 62
1
 10
149.866
 20
-192.77
 30
0.0
 11
150.042
 21
-192.65
 31
0.0
  0
LINE
  5
E40
  8
0
 62
1
 10
150.042
 20
-192.65
 30
0.0
 11
150.224
 21
-192.542
 31
0.0
  0
LINE
  5
E41
  8
0
 62
1
 10
150.224
 20
-192.542
 30
0.0
 11
150.413
 21
-192.446
 31
0.0
  0
LINE
  5
E42
  8
0
 62
1
 10
150.413
 20
-192.446
 30
0.0
 11
150.608
 21
-192.362
 31
0.0
  0
LINE
  5
E43
  8
0
 62
1
 10
150.608
 20
-192.362
 30
0.0
 11
150.807
 21
-192.29
 31
0.0
  0
LINE
  5
E44
  8
0
 62
1
 10
150.807
 20
-192.29
 30
0.0
 11
151.011
 21
-192.231
 31
0.0
  0
LINE
  5
E45
  8
0
 62
1
 10
151.011
 20
-192.231
 30
0.0
 11
151.218
 21
-192.185
 31
0.0
  0
LINE
  5
E46
  8
0
 62
1
 10
151.218
 20
-192.185
 30
0.0
 11
151.427
 21
-192.152
 31
0.0
  0
LINE
  5
E47
  8
0
 62
1
 10
151.427
 20
-192.152
 30
0.0
 11
151.638
 21
-192.132
 31
0.0
  0
LINE
  5
E48
  8
0
 62
1
 10
151.638
 20
-192.132
 30
0.0
 11
151.85
 21
-192.125
 31
0.0
  0
LINE
  5
E49
  8
0
 62
1
 10
151.85
 20
-192.125
 30
0.0
 11
152.062
 21
-192.132
 31
0.0
  0
LINE
  5
E4A
  8
0
 62
1
 10
152.062
 20
-192.132
 30
0.0
 11
152.273
 21
-192.152
 31
0.0
  0
LINE
  5
E4B
  8
0
 62
1
 10
152.273
 20
-192.152
 30
0.0
 11
152.482
 21
-192.185
 31
0.0
  0
LINE
  5
E4C
  8
0
 62
1
 10
152.482
 20
-192.185
 30
0.0
 11
152.689
 21
-192.231
 31
0.0
  0
LINE
  5
E4D
  8
0
 62
1
 10
152.689
 20
-192.231
 30
0.0
 11
152.893
 21
-192.29
 31
0.0
  0
LINE
  5
E4E
  8
0
 62
1
 10
152.893
 20
-192.29
 30
0.0
 11
153.092
 21
-192.362
 31
0.0
  0
LINE
  5
E4F
  8
0
 62
1
 10
153.092
 20
-192.362
 30
0.0
 11
153.287
 21
-192.446
 31
0.0
  0
LINE
  5
E50
  8
0
 62
1
 10
153.287
 20
-192.446
 30
0.0
 11
153.476
 21
-192.542
 31
0.0
  0
LINE
  5
E51
  8
0
 62
1
 10
153.476
 20
-192.542
 30
0.0
 11
153.658
 21
-192.65
 31
0.0
  0
LINE
  5
E52
  8
0
 62
1
 10
153.658
 20
-192.65
 30
0.0
 11
153.834
 21
-192.77
 31
0.0
  0
LINE
  5
E53
  8
0
 62
1
 10
153.834
 20
-192.77
 30
0.0
 11
154.001
 21
-192.9
 31
0.0
  0
LINE
  5
E54
  8
0
 62
1
 10
154.001
 20
-192.9
 30
0.0
 11
154.16
 21
-193.04
 31
0.0
  0
LINE
  5
E55
  8
0
 62
1
 10
154.16
 20
-193.04
 30
0.0
 11
154.31
 21
-193.19
 31
0.0
  0
LINE
  5
E56
  8
0
 62
1
 10
154.31
 20
-193.19
 30
0.0
 11
154.45
 21
-193.349
 31
0.0
  0
LINE
  5
E57
  8
0
 62
1
 10
154.45
 20
-193.349
 30
0.0
 11
154.58
 21
-193.516
 31
0.0
  0
LINE
  5
E58
  8
0
 62
1
 10
154.58
 20
-193.516
 30
0.0
 11
154.7
 21
-193.692
 31
0.0
  0
LINE
  5
E59
  8
0
 62
1
 10
154.7
 20
-193.692
 30
0.0
 11
154.808
 21
-193.874
 31
0.0
  0
LINE
  5
E5A
  8
0
 62
1
 10
154.808
 20
-193.874
 30
0.0
 11
154.904
 21
-194.063
 31
0.0
  0
LINE
  5
E5B
  8
0
 62
1
 10
154.904
 20
-194.063
 30
0.0
 11
154.988
 21
-194.258
 31
0.0
  0
LINE
  5
E5C
  8
0
 62
1
 10
154.988
 20
-194.258
 30
0.0
 11
155.06
 21
-194.457
 31
0.0
  0
LINE
  5
E5D
  8
0
 62
1
 10
155.06
 20
-194.457
 30
0.0
 11
155.119
 21
-194.661
 31
0.0
  0
LINE
  5
E5E
  8
0
 62
1
 10
155.119
 20
-194.661
 30
0.0
 11
155.165
 21
-194.868
 31
0.0
  0
LINE
  5
E5F
  8
0
 62
1
 10
155.165
 20
-194.868
 30
0.0
 11
155.198
 21
-195.077
 31
0.0
  0
LINE
  5
E60
  8
0
 62
1
 10
155.198
 20
-195.077
 30
0.0
 11
155.218
 21
-195.288
 31
0.0
  0
LINE
  5
E61
  8
0
 62
1
 10
155.218
 20
-195.288
 30
0.0
 11
155.225
 21
-195.5
 31
0.0
  0
LINE
  5
E62
  8
0
 62
1
 10
155.225
 20
-195.5
 30
0.0
 11
155.218
 21
-195.712
 31
0.0
  0
LINE
  5
E63
  8
0
 62
1
 10
155.218
 20
-195.712
 30
0.0
 11
155.198
 21
-195.923
 31
0.0
  0
LINE
  5
E64
  8
0
 62
1
 10
155.198
 20
-195.923
 30
0.0
 11
155.165
 21
-196.132
 31
0.0
  0
LINE
  5
E65
  8
0
 62
1
 10
155.165
 20
-196.132
 30
0.0
 11
155.119
 21
-196.339
 31
0.0
  0
LINE
  5
E66
  8
0
 62
1
 10
155.119
 20
-196.339
 30
0.0
 11
155.06
 21
-196.543
 31
0.0
  0
LINE
  5
E67
  8
0
 62
1
 10
155.06
 20
-196.543
 30
0.0
 11
154.988
 21
-196.742
 31
0.0
  0
LINE
  5
E68
  8
0
 62
1
 10
154.988
 20
-196.742
 30
0.0
 11
154.904
 21
-196.937
 31
0.0
  0
LINE
  5
E69
  8
0
 62
1
 10
154.904
 20
-196.937
 30
0.0
 11
154.808
 21
-197.126
 31
0.0
  0
LINE
  5
E6A
  8
0
 62
1
 10
154.808
 20
-197.126
 30
0.0
 11
154.7
 21
-197.308
 31
0.0
  0
LINE
  5
E6B
  8
0
 62
1
 10
154.7
 20
-197.308
 30
0.0
 11
154.58
 21
-197.484
 31
0.0
  0
LINE
  5
E6C
  8
0
 62
1
 10
154.58
 20
-197.484
 30
0.0
 11
154.45
 21
-197.651
 31
0.0
  0
LINE
  5
E6D
  8
0
 62
1
 10
154.45
 20
-197.651
 30
0.0
 11
154.31
 21
-197.81
 31
0.0
  0
LINE
  5
E6E
  8
0
 62
1
 10
154.31
 20
-197.81
 30
0.0
 11
154.16
 21
-197.96
 31
0.0
  0
LINE
  5
E6F
  8
0
 62
1
 10
154.16
 20
-197.96
 30
0.0
 11
154.001
 21
-198.1
 31
0.0
  0
LINE
  5
E70
  8
0
 62
1
 10
154.001
 20
-198.1
 30
0.0
 11
153.834
 21
-198.23
 31
0.0
  0
LINE
  5
E71
  8
0
 62
1
 10
153.834
 20
-198.23
 30
0.0
 11
153.658
 21
-198.35
 31
0.0
  0
LINE
  5
E72
  8
0
 62
1
 10
153.658
 20
-198.35
 30
0.0
 11
153.476
 21
-198.458
 31
0.0
  0
LINE
  5
E73
  8
0
 62
1
 10
153.476
 20
-198.458
 30
0.0
 11
153.287
 21
-198.554
 31
0.0
  0
LINE
  5
E74
  8
0
 62
1
 10
153.287
 20
-198.554
 30
0.0
 11
153.092
 21
-198.638
 31
0.0
  0
LINE
  5
E75
  8
0
 62
1
 10
153.092
 20
-198.638
 30
0.0
 11
152.893
 21
-198.71
 31
0.0
  0
LINE
  5
E76
  8
0
 62
1
 10
152.893
 20
-198.71
 30
0.0
 11
152.689
 21
-198.769
 31
0.0
  0
LINE
  5
E77
  8
0
 62
1
 10
152.689
 20
-198.769
 30
0.0
 11
152.482
 21
-198.815
 31
0.0
  0
LINE
  5
E78
  8
0
 62
1
 10
152.482
 20
-198.815
 30
0.0
 11
152.273
 21
-198.848
 31
0.0
  0
LINE
  5
E79
  8
0
 62
1
 10
152.273
 20
-198.848
 30
0.0
 11
152.062
 21
-198.868
 31
0.0
  0
LINE
  5
E7A
  8
0
 62
1
 10
152.062
 20
-198.868
 30
0.0
 11
151.85
 21
-198.875
 31
0.0
  0
LINE
  5
E7B
  8
0
 62
1
 10
151.85
 20
-198.875
 30
0.0
 11
151.638
 21
-198.868
 31
0.0
  0
LINE
  5
E7C
  8
0
 62
1
 10
378.938
 20
-224.268
 30
0.0
 11
378.727
 21
-224.248
 31
0.0
  0
LINE
  5
E7D
  8
0
 62
1
 10
378.727
 20
-224.248
 30
0.0
 11
378.518
 21
-224.215
 31
0.0
  0
LINE
  5
E7E
  8
0
 62
1
 10
378.518
 20
-224.215
 30
0.0
 11
378.311
 21
-224.169
 31
0.0
  0
LINE
  5
E7F
  8
0
 62
1
 10
378.311
 20
-224.169
 30
0.0
 11
378.107
 21
-224.11
 31
0.0
  0
LINE
  5
E80
  8
0
 62
1
 10
378.107
 20
-224.11
 30
0.0
 11
377.908
 21
-224.038
 31
0.0
  0
LINE
  5
E81
  8
0
 62
1
 10
377.908
 20
-224.038
 30
0.0
 11
377.713
 21
-223.954
 31
0.0
  0
LINE
  5
E82
  8
0
 62
1
 10
377.713
 20
-223.954
 30
0.0
 11
377.524
 21
-223.858
 31
0.0
  0
LINE
  5
E83
  8
0
 62
1
 10
377.524
 20
-223.858
 30
0.0
 11
377.342
 21
-223.75
 31
0.0
  0
LINE
  5
E84
  8
0
 62
1
 10
377.342
 20
-223.75
 30
0.0
 11
377.166
 21
-223.63
 31
0.0
  0
LINE
  5
E85
  8
0
 62
1
 10
377.166
 20
-223.63
 30
0.0
 11
376.999
 21
-223.5
 31
0.0
  0
LINE
  5
E86
  8
0
 62
1
 10
376.999
 20
-223.5
 30
0.0
 11
376.84
 21
-223.36
 31
0.0
  0
LINE
  5
E87
  8
0
 62
1
 10
376.84
 20
-223.36
 30
0.0
 11
376.69
 21
-223.21
 31
0.0
  0
LINE
  5
E88
  8
0
 62
1
 10
376.69
 20
-223.21
 30
0.0
 11
376.55
 21
-223.051
 31
0.0
  0
LINE
  5
E89
  8
0
 62
1
 10
376.55
 20
-223.051
 30
0.0
 11
376.42
 21
-222.884
 31
0.0
  0
LINE
  5
E8A
  8
0
 62
1
 10
376.42
 20
-222.884
 30
0.0
 11
376.3
 21
-222.708
 31
0.0
  0
LINE
  5
E8B
  8
0
 62
1
 10
376.3
 20
-222.708
 30
0.0
 11
376.192
 21
-222.526
 31
0.0
  0
LINE
  5
E8C
  8
0
 62
1
 10
376.192
 20
-222.526
 30
0.0
 11
376.096
 21
-222.337
 31
0.0
  0
LINE
  5
E8D
  8
0
 62
1
 10
376.096
 20
-222.337
 30
0.0
 11
376.012
 21
-222.142
 31
0.0
  0
LINE
  5
E8E
  8
0
 62
1
 10
376.012
 20
-222.142
 30
0.0
 11
375.94
 21
-221.943
 31
0.0
  0
LINE
  5
E8F
  8
0
 62
1
 10
375.94
 20
-221.943
 30
0.0
 11
375.881
 21
-221.739
 31
0.0
  0
LINE
  5
E90
  8
0
 62
1
 10
375.881
 20
-221.739
 30
0.0
 11
375.835
 21
-221.532
 31
0.0
  0
LINE
  5
E91
  8
0
 62
1
 10
375.835
 20
-221.532
 30
0.0
 11
375.802
 21
-221.323
 31
0.0
  0
LINE
  5
E92
  8
0
 62
1
 10
375.802
 20
-221.323
 30
0.0
 11
375.782
 21
-221.112
 31
0.0
  0
LINE
  5
E93
  8
0
 62
1
 10
375.782
 20
-221.112
 30
0.0
 11
375.775
 21
-220.9
 31
0.0
  0
LINE
  5
E94
  8
0
 62
1
 10
375.775
 20
-220.9
 30
0.0
 11
375.782
 21
-220.688
 31
0.0
  0
LINE
  5
E95
  8
0
 62
1
 10
375.782
 20
-220.688
 30
0.0
 11
375.802
 21
-220.477
 31
0.0
  0
LINE
  5
E96
  8
0
 62
1
 10
375.802
 20
-220.477
 30
0.0
 11
375.835
 21
-220.268
 31
0.0
  0
LINE
  5
E97
  8
0
 62
1
 10
375.835
 20
-220.268
 30
0.0
 11
375.881
 21
-220.061
 31
0.0
  0
LINE
  5
E98
  8
0
 62
1
 10
375.881
 20
-220.061
 30
0.0
 11
375.94
 21
-219.857
 31
0.0
  0
LINE
  5
E99
  8
0
 62
1
 10
375.94
 20
-219.857
 30
0.0
 11
376.012
 21
-219.658
 31
0.0
  0
LINE
  5
E9A
  8
0
 62
1
 10
376.012
 20
-219.658
 30
0.0
 11
376.096
 21
-219.463
 31
0.0
  0
LINE
  5
E9B
  8
0
 62
1
 10
376.096
 20
-219.463
 30
0.0
 11
376.192
 21
-219.274
 31
0.0
  0
LINE
  5
E9C
  8
0
 62
1
 10
376.192
 20
-219.274
 30
0.0
 11
376.3
 21
-219.092
 31
0.0
  0
LINE
  5
E9D
  8
0
 62
1
 10
376.3
 20
-219.092
 30
0.0
 11
376.42
 21
-218.916
 31
0.0
  0
LINE
  5
E9E
  8
0
 62
1
 10
376.42
 20
-218.916
 30
0.0
 11
376.55
 21
-218.749
 31
0.0
  0
LINE
  5
E9F
  8
0
 62
1
 10
376.55
 20
-218.749
 30
0.0
 11
376.69
 21
-218.59
 31
0.0
  0
LINE
  5
EA0
  8
0
 62
1
 10
376.69
 20
-218.59
 30
0.0
 11
376.84
 21
-218.44
 31
0.0
  0
LINE
  5
EA1
  8
0
 62
1
 10
376.84
 20
-218.44
 30
0.0
 11
376.999
 21
-218.299
 31
0.0
  0
LINE
  5
EA2
  8
0
 62
1
 10
376.999
 20
-218.299
 30
0.0
 11
377.166
 21
-218.17
 31
0.0
  0
LINE
  5
EA3
  8
0
 62
1
 10
377.166
 20
-218.17
 30
0.0
 11
377.342
 21
-218.05
 31
0.0
  0
LINE
  5
EA4
  8
0
 62
1
 10
377.342
 20
-218.05
 30
0.0
 11
377.524
 21
-217.942
 31
0.0
  0
LINE
  5
EA5
  8
0
 62
1
 10
377.524
 20
-217.942
 30
0.0
 11
377.713
 21
-217.846
 31
0.0
  0
LINE
  5
EA6
  8
0
 62
1
 10
377.713
 20
-217.846
 30
0.0
 11
377.908
 21
-217.762
 31
0.0
  0
LINE
  5
EA7
  8
0
 62
1
 10
377.908
 20
-217.762
 30
0.0
 11
378.107
 21
-217.69
 31
0.0
  0
LINE
  5
EA8
  8
0
 62
1
 10
378.107
 20
-217.69
 30
0.0
 11
378.311
 21
-217.631
 31
0.0
  0
LINE
  5
EA9
  8
0
 62
1
 10
378.311
 20
-217.631
 30
0.0
 11
378.518
 21
-217.585
 31
0.0
  0
LINE
  5
EAA
  8
0
 62
1
 10
378.518
 20
-217.585
 30
0.0
 11
378.727
 21
-217.552
 31
0.0
  0
LINE
  5
EAB
  8
0
 62
1
 10
378.727
 20
-217.552
 30
0.0
 11
378.938
 21
-217.532
 31
0.0
  0
LINE
  5
EAC
  8
0
 62
1
 10
378.938
 20
-217.532
 30
0.0
 11
379.15
 21
-217.525
 31
0.0
  0
LINE
  5
EAD
  8
0
 62
1
 10
379.15
 20
-217.525
 30
0.0
 11
379.362
 21
-217.532
 31
0.0
  0
LINE
  5
EAE
  8
0
 62
1
 10
379.362
 20
-217.532
 30
0.0
 11
379.573
 21
-217.552
 31
0.0
  0
LINE
  5
EAF
  8
0
 62
1
 10
379.573
 20
-217.552
 30
0.0
 11
379.782
 21
-217.585
 31
0.0
  0
LINE
  5
EB0
  8
0
 62
1
 10
379.782
 20
-217.585
 30
0.0
 11
379.989
 21
-217.631
 31
0.0
  0
LINE
  5
EB1
  8
0
 62
1
 10
379.989
 20
-217.631
 30
0.0
 11
380.193
 21
-217.69
 31
0.0
  0
LINE
  5
EB2
  8
0
 62
1
 10
380.193
 20
-217.69
 30
0.0
 11
380.392
 21
-217.762
 31
0.0
  0
LINE
  5
EB3
  8
0
 62
1
 10
380.392
 20
-217.762
 30
0.0
 11
380.587
 21
-217.846
 31
0.0
  0
LINE
  5
EB4
  8
0
 62
1
 10
380.587
 20
-217.846
 30
0.0
 11
380.776
 21
-217.942
 31
0.0
  0
LINE
  5
EB5
  8
0
 62
1
 10
380.776
 20
-217.942
 30
0.0
 11
380.958
 21
-218.05
 31
0.0
  0
LINE
  5
EB6
  8
0
 62
1
 10
380.958
 20
-218.05
 30
0.0
 11
381.134
 21
-218.17
 31
0.0
  0
LINE
  5
EB7
  8
0
 62
1
 10
381.134
 20
-218.17
 30
0.0
 11
381.301
 21
-218.299
 31
0.0
  0
LINE
  5
EB8
  8
0
 62
1
 10
381.301
 20
-218.299
 30
0.0
 11
381.46
 21
-218.44
 31
0.0
  0
LINE
  5
EB9
  8
0
 62
1
 10
381.46
 20
-218.44
 30
0.0
 11
381.61
 21
-218.59
 31
0.0
  0
LINE
  5
EBA
  8
0
 62
1
 10
381.61
 20
-218.59
 30
0.0
 11
381.75
 21
-218.749
 31
0.0
  0
LINE
  5
EBB
  8
0
 62
1
 10
381.75
 20
-218.749
 30
0.0
 11
381.88
 21
-218.916
 31
0.0
  0
LINE
  5
EBC
  8
0
 62
1
 10
381.88
 20
-218.916
 30
0.0
 11
382.0
 21
-219.092
 31
0.0
  0
LINE
  5
EBD
  8
0
 62
1
 10
382.0
 20
-219.092
 30
0.0
 11
382.108
 21
-219.274
 31
0.0
  0
LINE
  5
EBE
  8
0
 62
1
 10
382.108
 20
-219.274
 30
0.0
 11
382.204
 21
-219.463
 31
0.0
  0
LINE
  5
EBF
  8
0
 62
1
 10
382.204
 20
-219.463
 30
0.0
 11
382.288
 21
-219.658
 31
0.0
  0
LINE
  5
EC0
  8
0
 62
1
 10
382.288
 20
-219.658
 30
0.0
 11
382.36
 21
-219.857
 31
0.0
  0
LINE
  5
EC1
  8
0
 62
1
 10
382.36
 20
-219.857
 30
0.0
 11
382.419
 21
-220.061
 31
0.0
  0
LINE
  5
EC2
  8
0
 62
1
 10
382.419
 20
-220.061
 30
0.0
 11
382.465
 21
-220.268
 31
0.0
  0
LINE
  5
EC3
  8
0
 62
1
 10
382.465
 20
-220.268
 30
0.0
 11
382.498
 21
-220.477
 31
0.0
  0
LINE
  5
EC4
  8
0
 62
1
 10
382.498
 20
-220.477
 30
0.0
 11
382.518
 21
-220.688
 31
0.0
  0
LINE
  5
EC5
  8
0
 62
1
 10
382.518
 20
-220.688
 30
0.0
 11
382.525
 21
-220.9
 31
0.0
  0
LINE
  5
EC6
  8
0
 62
1
 10
382.525
 20
-220.9
 30
0.0
 11
382.518
 21
-221.112
 31
0.0
  0
LINE
  5
EC7
  8
0
 62
1
 10
382.518
 20
-221.112
 30
0.0
 11
382.498
 21
-221.323
 31
0.0
  0
LINE
  5
EC8
  8
0
 62
1
 10
382.498
 20
-221.323
 30
0.0
 11
382.465
 21
-221.532
 31
0.0
  0
LINE
  5
EC9
  8
0
 62
1
 10
382.465
 20
-221.532
 30
0.0
 11
382.419
 21
-221.739
 31
0.0
  0
LINE
  5
ECA
  8
0
 62
1
 10
382.419
 20
-221.739
 30
0.0
 11
382.36
 21
-221.943
 31
0.0
  0
LINE
  5
ECB
  8
0
 62
1
 10
382.36
 20
-221.943
 30
0.0
 11
382.288
 21
-222.142
 31
0.0
  0
LINE
  5
ECC
  8
0
 62
1
 10
382.288
 20
-222.142
 30
0.0
 11
382.204
 21
-222.337
 31
0.0
  0
LINE
  5
ECD
  8
0
 62
1
 10
382.204
 20
-222.337
 30
0.0
 11
382.108
 21
-222.526
 31
0.0
  0
LINE
  5
ECE
  8
0
 62
1
 10
382.108
 20
-222.526
 30
0.0
 11
382.0
 21
-222.708
 31
0.0
  0
LINE
  5
ECF
  8
0
 62
1
 10
382.0
 20
-222.708
 30
0.0
 11
381.88
 21
-222.884
 31
0.0
  0
LINE
  5
ED0
  8
0
 62
1
 10
381.88
 20
-222.884
 30
0.0
 11
381.75
 21
-223.051
 31
0.0
  0
LINE
  5
ED1
  8
0
 62
1
 10
381.75
 20
-223.051
 30
0.0
 11
381.61
 21
-223.21
 31
0.0
  0
LINE
  5
ED2
  8
0
 62
1
 10
381.61
 20
-223.21
 30
0.0
 11
381.46
 21
-223.36
 31
0.0
  0
LINE
  5
ED3
  8
0
 62
1
 10
381.46
 20
-223.36
 30
0.0
 11
381.301
 21
-223.5
 31
0.0
  0
LINE
  5
ED4
  8
0
 62
1
 10
381.301
 20
-223.5
 30
0.0
 11
381.134
 21
-223.63
 31
0.0
  0
LINE
  5
ED5
  8
0
 62
1
 10
381.134
 20
-223.63
 30
0.0
 11
380.958
 21
-223.75
 31
0.0
  0
LINE
  5
ED6
  8
0
 62
1
 10
380.958
 20
-223.75
 30
0.0
 11
380.776
 21
-223.858
 31
0.0
  0
LINE
  5
ED7
  8
0
 62
1
 10
380.776
 20
-223.858
 30
0.0
 11
380.587
 21
-223.954
 31
0.0
  0
LINE
  5
ED8
  8
0
 62
1
 10
380.587
 20
-223.954
 30
0.0
 11
380.392
 21
-224.038
 31
0.0
  0
LINE
  5
ED9
  8
0
 62
1
 10
380.392
 20
-224.038
 30
0.0
 11
380.193
 21
-224.11
 31
0.0
  0
LINE
  5
EDA
  8
0
 62
1
 10
380.193
 20
-224.11
 30
0.0
 11
379.989
 21
-224.169
 31
0.0
  0
LINE
  5
EDB
  8
0
 62
1
 10
379.989
 20
-224.169
 30
0.0
 11
379.782
 21
-224.215
 31
0.0
  0
LINE
  5
EDC
  8
0
 62
1
 10
379.782
 20
-224.215
 30
0.0
 11
379.573
 21
-224.248
 31
0.0
  0
LINE
  5
EDD
  8
0
 62
1
 10
379.573
 20
-224.248
 30
0.0
 11
379.362
 21
-224.268
 31
0.0
  0
LINE
  5
EDE
  8
0
 62
1
 10
379.362
 20
-224.268
 30
0.0
 11
379.15
 21
-224.275
 31
0.0
  0
LINE
  5
EDF
  8
0
 62
1
 10
379.15
 20
-224.275
 30
0.0
 11
378.938
 21
-224.268
 31
0.0
  0
LINE
  5
EE0
  8
0
 62
1
 10
151.638
 20
-224.268
 30
0.0
 11
151.427
 21
-224.248
 31
0.0
  0
LINE
  5
EE1
  8
0
 62
1
 10
151.427
 20
-224.248
 30
0.0
 11
151.218
 21
-224.215
 31
0.0
  0
LINE
  5
EE2
  8
0
 62
1
 10
151.218
 20
-224.215
 30
0.0
 11
151.011
 21
-224.169
 31
0.0
  0
LINE
  5
EE3
  8
0
 62
1
 10
151.011
 20
-224.169
 30
0.0
 11
150.807
 21
-224.11
 31
0.0
  0
LINE
  5
EE4
  8
0
 62
1
 10
150.807
 20
-224.11
 30
0.0
 11
150.608
 21
-224.038
 31
0.0
  0
LINE
  5
EE5
  8
0
 62
1
 10
150.608
 20
-224.038
 30
0.0
 11
150.413
 21
-223.954
 31
0.0
  0
LINE
  5
EE6
  8
0
 62
1
 10
150.413
 20
-223.954
 30
0.0
 11
150.224
 21
-223.858
 31
0.0
  0
LINE
  5
EE7
  8
0
 62
1
 10
150.224
 20
-223.858
 30
0.0
 11
150.042
 21
-223.75
 31
0.0
  0
LINE
  5
EE8
  8
0
 62
1
 10
150.042
 20
-223.75
 30
0.0
 11
149.866
 21
-223.63
 31
0.0
  0
LINE
  5
EE9
  8
0
 62
1
 10
149.866
 20
-223.63
 30
0.0
 11
149.699
 21
-223.5
 31
0.0
  0
LINE
  5
EEA
  8
0
 62
1
 10
149.699
 20
-223.5
 30
0.0
 11
149.54
 21
-223.36
 31
0.0
  0
LINE
  5
EEB
  8
0
 62
1
 10
149.54
 20
-223.36
 30
0.0
 11
149.39
 21
-223.21
 31
0.0
  0
LINE
  5
EEC
  8
0
 62
1
 10
149.39
 20
-223.21
 30
0.0
 11
149.25
 21
-223.051
 31
0.0
  0
LINE
  5
EED
  8
0
 62
1
 10
149.25
 20
-223.051
 30
0.0
 11
149.12
 21
-222.884
 31
0.0
  0
LINE
  5
EEE
  8
0
 62
1
 10
149.12
 20
-222.884
 30
0.0
 11
149.0
 21
-222.708
 31
0.0
  0
LINE
  5
EEF
  8
0
 62
1
 10
149.0
 20
-222.708
 30
0.0
 11
148.892
 21
-222.526
 31
0.0
  0
LINE
  5
EF0
  8
0
 62
1
 10
148.892
 20
-222.526
 30
0.0
 11
148.796
 21
-222.337
 31
0.0
  0
LINE
  5
EF1
  8
0
 62
1
 10
148.796
 20
-222.337
 30
0.0
 11
148.712
 21
-222.142
 31
0.0
  0
LINE
  5
EF2
  8
0
 62
1
 10
148.712
 20
-222.142
 30
0.0
 11
148.64
 21
-221.943
 31
0.0
  0
LINE
  5
EF3
  8
0
 62
1
 10
148.64
 20
-221.943
 30
0.0
 11
148.581
 21
-221.739
 31
0.0
  0
LINE
  5
EF4
  8
0
 62
1
 10
148.581
 20
-221.739
 30
0.0
 11
148.535
 21
-221.532
 31
0.0
  0
LINE
  5
EF5
  8
0
 62
1
 10
148.535
 20
-221.532
 30
0.0
 11
148.502
 21
-221.323
 31
0.0
  0
LINE
  5
EF6
  8
0
 62
1
 10
148.502
 20
-221.323
 30
0.0
 11
148.482
 21
-221.112
 31
0.0
  0
LINE
  5
EF7
  8
0
 62
1
 10
148.482
 20
-221.112
 30
0.0
 11
148.475
 21
-220.9
 31
0.0
  0
LINE
  5
EF8
  8
0
 62
1
 10
148.475
 20
-220.9
 30
0.0
 11
148.482
 21
-220.688
 31
0.0
  0
LINE
  5
EF9
  8
0
 62
1
 10
148.482
 20
-220.688
 30
0.0
 11
148.502
 21
-220.477
 31
0.0
  0
LINE
  5
EFA
  8
0
 62
1
 10
148.502
 20
-220.477
 30
0.0
 11
148.535
 21
-220.268
 31
0.0
  0
LINE
  5
EFB
  8
0
 62
1
 10
148.535
 20
-220.268
 30
0.0
 11
148.581
 21
-220.061
 31
0.0
  0
LINE
  5
EFC
  8
0
 62
1
 10
148.581
 20
-220.061
 30
0.0
 11
148.64
 21
-219.857
 31
0.0
  0
LINE
  5
EFD
  8
0
 62
1
 10
148.64
 20
-219.857
 30
0.0
 11
148.712
 21
-219.658
 31
0.0
  0
LINE
  5
EFE
  8
0
 62
1
 10
148.712
 20
-219.658
 30
0.0
 11
148.796
 21
-219.463
 31
0.0
  0
LINE
  5
EFF
  8
0
 62
1
 10
148.796
 20
-219.463
 30
0.0
 11
148.892
 21
-219.274
 31
0.0
  0
LINE
  5
F00
  8
0
 62
1
 10
148.892
 20
-219.274
 30
0.0
 11
149.0
 21
-219.092
 31
0.0
  0
LINE
  5
F01
  8
0
 62
1
 10
149.0
 20
-219.092
 30
0.0
 11
149.12
 21
-218.916
 31
0.0
  0
LINE
  5
F02
  8
0
 62
1
 10
149.12
 20
-218.916
 30
0.0
 11
149.25
 21
-218.749
 31
0.0
  0
LINE
  5
F03
  8
0
 62
1
 10
149.25
 20
-218.749
 30
0.0
 11
149.39
 21
-218.59
 31
0.0
  0
LINE
  5
F04
  8
0
 62
1
 10
149.39
 20
-218.59
 30
0.0
 11
149.54
 21
-218.44
 31
0.0
  0
LINE
  5
F05
  8
0
 62
1
 10
149.54
 20
-218.44
 30
0.0
 11
149.699
 21
-218.299
 31
0.0
  0
LINE
  5
F06
  8
0
 62
1
 10
149.699
 20
-218.299
 30
0.0
 11
149.866
 21
-218.17
 31
0.0
  0
LINE
  5
F07
  8
0
 62
1
 10
149.866
 20
-218.17
 30
0.0
 11
150.042
 21
-218.05
 31
0.0
  0
LINE
  5
F08
  8
0
 62
1
 10
150.042
 20
-218.05
 30
0.0
 11
150.224
 21
-217.942
 31
0.0
  0
LINE
  5
F09
  8
0
 62
1
 10
150.224
 20
-217.942
 30
0.0
 11
150.413
 21
-217.846
 31
0.0
  0
LINE
  5
F0A
  8
0
 62
1
 10
150.413
 20
-217.846
 30
0.0
 11
150.608
 21
-217.762
 31
0.0
  0
LINE
  5
F0B
  8
0
 62
1
 10
150.608
 20
-217.762
 30
0.0
 11
150.807
 21
-217.69
 31
0.0
  0
LINE
  5
F0C
  8
0
 62
1
 10
150.807
 20
-217.69
 30
0.0
 11
151.011
 21
-217.631
 31
0.0
  0
LINE
  5
F0D
  8
0
 62
1
 10
151.011
 20
-217.631
 30
0.0
 11
151.218
 21
-217.585
 31
0.0
  0
LINE
  5
F0E
  8
0
 62
1
 10
151.218
 20
-217.585
 30
0.0
 11
151.427
 21
-217.552
 31
0.0
  0
LINE
  5
F0F
  8
0
 62
1
 10
151.427
 20
-217.552
 30
0.0
 11
151.638
 21
-217.532
 31
0.0
  0
LINE
  5
F10
  8
0
 62
1
 10
151.638
 20
-217.532
 30
0.0
 11
151.85
 21
-217.525
 31
0.0
  0
LINE
  5
F11
  8
0
 62
1
 10
151.85
 20
-217.525
 30
0.0
 11
152.062
 21
-217.532
 31
0.0
  0
LINE
  5
F12
  8
0
 62
1
 10
152.062
 20
-217.532
 30
0.0
 11
152.273
 21
-217.552
 31
0.0
  0
LINE
  5
F13
  8
0
 62
1
 10
152.273
 20
-217.552
 30
0.0
 11
152.482
 21
-217.585
 31
0.0
  0
LINE
  5
F14
  8
0
 62
1
 10
152.482
 20
-217.585
 30
0.0
 11
152.689
 21
-217.631
 31
0.0
  0
LINE
  5
F15
  8
0
 62
1
 10
152.689
 20
-217.631
 30
0.0
 11
152.893
 21
-217.69
 31
0.0
  0
LINE
  5
F16
  8
0
 62
1
 10
152.893
 20
-217.69
 30
0.0
 11
153.092
 21
-217.762
 31
0.0
  0
LINE
  5
F17
  8
0
 62
1
 10
153.092
 20
-217.762
 30
0.0
 11
153.287
 21
-217.846
 31
0.0
  0
LINE
  5
F18
  8
0
 62
1
 10
153.287
 20
-217.846
 30
0.0
 11
153.476
 21
-217.942
 31
0.0
  0
LINE
  5
F19
  8
0
 62
1
 10
153.476
 20
-217.942
 30
0.0
 11
153.658
 21
-218.05
 31
0.0
  0
LINE
  5
F1A
  8
0
 62
1
 10
153.658
 20
-218.05
 30
0.0
 11
153.834
 21
-218.17
 31
0.0
  0
LINE
  5
F1B
  8
0
 62
1
 10
153.834
 20
-218.17
 30
0.0
 11
154.001
 21
-218.299
 31
0.0
  0
LINE
  5
F1C
  8
0
 62
1
 10
154.001
 20
-218.299
 30
0.0
 11
154.16
 21
-218.44
 31
0.0
  0
LINE
  5
F1D
  8
0
 62
1
 10
154.16
 20
-218.44
 30
0.0
 11
154.31
 21
-218.59
 31
0.0
  0
LINE
  5
F1E
  8
0
 62
1
 10
154.31
 20
-218.59
 30
0.0
 11
154.45
 21
-218.749
 31
0.0
  0
LINE
  5
F1F
  8
0
 62
1
 10
154.45
 20
-218.749
 30
0.0
 11
154.58
 21
-218.916
 31
0.0
  0
LINE
  5
F20
  8
0
 62
1
 10
154.58
 20
-218.916
 30
0.0
 11
154.7
 21
-219.092
 31
0.0
  0
LINE
  5
F21
  8
0
 62
1
 10
154.7
 20
-219.092
 30
0.0
 11
154.808
 21
-219.274
 31
0.0
  0
LINE
  5
F22
  8
0
 62
1
 10
154.808
 20
-219.274
 30
0.0
 11
154.904
 21
-219.463
 31
0.0
  0
LINE
  5
F23
  8
0
 62
1
 10
154.904
 20
-219.463
 30
0.0
 11
154.988
 21
-219.658
 31
0.0
  0
LINE
  5
F24
  8
0
 62
1
 10
154.988
 20
-219.658
 30
0.0
 11
155.06
 21
-219.857
 31
0.0
  0
LINE
  5
F25
  8
0
 62
1
 10
155.06
 20
-219.857
 30
0.0
 11
155.119
 21
-220.061
 31
0.0
  0
LINE
  5
F26
  8
0
 62
1
 10
155.119
 20
-220.061
 30
0.0
 11
155.165
 21
-220.268
 31
0.0
  0
LINE
  5
F27
  8
0
 62
1
 10
155.165
 20
-220.268
 30
0.0
 11
155.198
 21
-220.477
 31
0.0
  0
LINE
  5
F28
  8
0
 62
1
 10
155.198
 20
-220.477
 30
0.0
 11
155.218
 21
-220.688
 31
0.0
  0
LINE
  5
F29
  8
0
 62
1
 10
155.218
 20
-220.688
 30
0.0
 11
155.225
 21
-220.9
 31
0.0
  0
LINE
  5
F2A
  8
0
 62
1
 10
155.225
 20
-220.9
 30
0.0
 11
155.218
 21
-221.112
 31
0.0
  0
LINE
  5
F2B
  8
0
 62
1
 10
155.218
 20
-221.112
 30
0.0
 11
155.198
 21
-221.323
 31
0.0
  0
LINE
  5
F2C
  8
0
 62
1
 10
155.198
 20
-221.323
 30
0.0
 11
155.165
 21
-221.532
 31
0.0
  0
LINE
  5
F2D
  8
0
 62
1
 10
155.165
 20
-221.532
 30
0.0
 11
155.119
 21
-221.739
 31
0.0
  0
LINE
  5
F2E
  8
0
 62
1
 10
155.119
 20
-221.739
 30
0.0
 11
155.06
 21
-221.943
 31
0.0
  0
LINE
  5
F2F
  8
0
 62
1
 10
155.06
 20
-221.943
 30
0.0
 11
154.988
 21
-222.142
 31
0.0
  0
LINE
  5
F30
  8
0
 62
1
 10
154.988
 20
-222.142
 30
0.0
 11
154.904
 21
-222.337
 31
0.0
  0
LINE
  5
F31
  8
0
 62
1
 10
154.904
 20
-222.337
 30
0.0
 11
154.808
 21
-222.526
 31
0.0
  0
LINE
  5
F32
  8
0
 62
1
 10
154.808
 20
-222.526
 30
0.0
 11
154.7
 21
-222.708
 31
0.0
  0
LINE
  5
F33
  8
0
 62
1
 10
154.7
 20
-222.708
 30
0.0
 11
154.58
 21
-222.884
 31
0.0
  0
LINE
  5
F34
  8
0
 62
1
 10
154.58
 20
-222.884
 30
0.0
 11
154.45
 21
-223.051
 31
0.0
  0
LINE
  5
F35
  8
0
 62
1
 10
154.45
 20
-223.051
 30
0.0
 11
154.31
 21
-223.21
 31
0.0
  0
LINE
  5
F36
  8
0
 62
1
 10
154.31
 20
-223.21
 30
0.0
 11
154.16
 21
-223.36
 31
0.0
  0
LINE
  5
F37
  8
0
 62
1
 10
154.16
 20
-223.36
 30
0.0
 11
154.001
 21
-223.5
 31
0.0
  0
LINE
  5
F38
  8
0
 62
1
 10
154.001
 20
-223.5
 30
0.0
 11
153.834
 21
-223.63
 31
0.0
  0
LINE
  5
F39
  8
0
 62
1
 10
153.834
 20
-223.63
 30
0.0
 11
153.658
 21
-223.75
 31
0.0
  0
LINE
  5
F3A
  8
0
 62
1
 10
153.658
 20
-223.75
 30
0.0
 11
153.476
 21
-223.858
 31
0.0
  0
LINE
  5
F3B
  8
0
 62
1
 10
153.476
 20
-223.858
 30
0.0
 11
153.287
 21
-223.954
 31
0.0
  0
LINE
  5
F3C
  8
0
 62
1
 10
153.287
 20
-223.954
 30
0.0
 11
153.092
 21
-224.038
 31
0.0
  0
LINE
  5
F3D
  8
0
 62
1
 10
153.092
 20
-224.038
 30
0.0
 11
152.893
 21
-224.11
 31
0.0
  0
LINE
  5
F3E
  8
0
 62
1
 10
152.893
 20
-224.11
 30
0.0
 11
152.689
 21
-224.169
 31
0.0
  0
LINE
  5
F3F
  8
0
 62
1
 10
152.689
 20
-224.169
 30
0.0
 11
152.482
 21
-224.215
 31
0.0
  0
LINE
  5
F40
  8
0
 62
1
 10
152.482
 20
-224.215
 30
0.0
 11
152.273
 21
-224.248
 31
0.0
  0
LINE
  5
F41
  8
0
 62
1
 10
152.273
 20
-224.248
 30
0.0
 11
152.062
 21
-224.268
 31
0.0
  0
LINE
  5
F42
  8
0
 62
1
 10
152.062
 20
-224.268
 30
0.0
 11
151.85
 21
-224.275
 31
0.0
  0
LINE
  5
F43
  8
0
 62
1
 10
151.85
 20
-224.275
 30
0.0
 11
151.638
 21
-224.268
 31
0.0
  0
LINE
  5
F44
  8
0
 62
1
 10
133.5
 20
-183.55
 30
0.0
 11
106.7
 21
-183.55
 31
0.0
  0
LINE
  5
F45
  8
0
 62
1
 10
106.7
 20
-183.55
 30
0.0
 11
106.7
 21
-156.65
 31
0.0
  0
LINE
  5
F46
  8
0
 62
1
 10
106.7
 20
-156.65
 30
0.0
 11
133.5
 21
-156.65
 31
0.0
  0
LINE
  5
F47
  8
0
 62
1
 10
133.5
 20
-156.65
 30
0.0
 11
133.5
 21
-105.65
 31
0.0
  0
LINE
  5
F48
  8
0
 62
1
 10
133.5
 20
-105.65
 30
0.0
 11
-120.5
 21
-105.65
 31
0.0
  0
LINE
  5
F49
  8
0
 62
1
 10
-120.5
 20
-105.65
 30
0.0
 11
-120.5
 21
-156.65
 31
0.0
  0
LINE
  5
F4A
  8
0
 62
1
 10
-120.5
 20
-156.65
 30
0.0
 11
-93.7
 21
-156.65
 31
0.0
  0
LINE
  5
F4B
  8
0
 62
1
 10
-93.7
 20
-156.65
 30
0.0
 11
-93.7
 21
-183.55
 31
0.0
  0
LINE
  5
F4C
  8
0
 62
1
 10
-93.7
 20
-183.55
 30
0.0
 11
-120.5
 21
-183.55
 31
0.0
  0
LINE
  5
F4D
  8
0
 62
1
 10
-120.5
 20
-183.55
 30
0.0
 11
-120.5
 21
-234.55
 31
0.0
  0
LINE
  5
F4E
  8
0
 62
1
 10
-120.5
 20
-234.55
 30
0.0
 11
133.5
 21
-234.55
 31
0.0
  0
LINE
  5
F4F
  8
0
 62
1
 10
133.5
 20
-234.55
 30
0.0
 11
133.5
 21
-183.55
 31
0.0
  0
LINE
  5
F50
  8
0
 62
1
 10
-107.362
 20
-122.668
 30
0.0
 11
-107.573
 21
-122.648
 31
0.0
  0
LINE
  5
F51
  8
0
 62
1
 10
-107.573
 20
-122.648
 30
0.0
 11
-107.782
 21
-122.615
 31
0.0
  0
LINE
  5
F52
  8
0
 62
1
 10
-107.782
 20
-122.615
 30
0.0
 11
-107.989
 21
-122.569
 31
0.0
  0
LINE
  5
F53
  8
0
 62
1
 10
-107.989
 20
-122.569
 30
0.0
 11
-108.193
 21
-122.51
 31
0.0
  0
LINE
  5
F54
  8
0
 62
1
 10
-108.193
 20
-122.51
 30
0.0
 11
-108.392
 21
-122.438
 31
0.0
  0
LINE
  5
F55
  8
0
 62
1
 10
-108.392
 20
-122.438
 30
0.0
 11
-108.587
 21
-122.354
 31
0.0
  0
LINE
  5
F56
  8
0
 62
1
 10
-108.587
 20
-122.354
 30
0.0
 11
-108.776
 21
-122.258
 31
0.0
  0
LINE
  5
F57
  8
0
 62
1
 10
-108.776
 20
-122.258
 30
0.0
 11
-108.958
 21
-122.15
 31
0.0
  0
LINE
  5
F58
  8
0
 62
1
 10
-108.958
 20
-122.15
 30
0.0
 11
-109.134
 21
-122.03
 31
0.0
  0
LINE
  5
F59
  8
0
 62
1
 10
-109.134
 20
-122.03
 30
0.0
 11
-109.301
 21
-121.9
 31
0.0
  0
LINE
  5
F5A
  8
0
 62
1
 10
-109.301
 20
-121.9
 30
0.0
 11
-109.46
 21
-121.76
 31
0.0
  0
LINE
  5
F5B
  8
0
 62
1
 10
-109.46
 20
-121.76
 30
0.0
 11
-109.61
 21
-121.61
 31
0.0
  0
LINE
  5
F5C
  8
0
 62
1
 10
-109.61
 20
-121.61
 30
0.0
 11
-109.75
 21
-121.451
 31
0.0
  0
LINE
  5
F5D
  8
0
 62
1
 10
-109.75
 20
-121.451
 30
0.0
 11
-109.88
 21
-121.284
 31
0.0
  0
LINE
  5
F5E
  8
0
 62
1
 10
-109.88
 20
-121.284
 30
0.0
 11
-110.0
 21
-121.108
 31
0.0
  0
LINE
  5
F5F
  8
0
 62
1
 10
-110.0
 20
-121.108
 30
0.0
 11
-110.108
 21
-120.926
 31
0.0
  0
LINE
  5
F60
  8
0
 62
1
 10
-110.108
 20
-120.926
 30
0.0
 11
-110.204
 21
-120.737
 31
0.0
  0
LINE
  5
F61
  8
0
 62
1
 10
-110.204
 20
-120.737
 30
0.0
 11
-110.288
 21
-120.542
 31
0.0
  0
LINE
  5
F62
  8
0
 62
1
 10
-110.288
 20
-120.542
 30
0.0
 11
-110.36
 21
-120.343
 31
0.0
  0
LINE
  5
F63
  8
0
 62
1
 10
-110.36
 20
-120.343
 30
0.0
 11
-110.419
 21
-120.139
 31
0.0
  0
LINE
  5
F64
  8
0
 62
1
 10
-110.419
 20
-120.139
 30
0.0
 11
-110.465
 21
-119.932
 31
0.0
  0
LINE
  5
F65
  8
0
 62
1
 10
-110.465
 20
-119.932
 30
0.0
 11
-110.498
 21
-119.723
 31
0.0
  0
LINE
  5
F66
  8
0
 62
1
 10
-110.498
 20
-119.723
 30
0.0
 11
-110.518
 21
-119.512
 31
0.0
  0
LINE
  5
F67
  8
0
 62
1
 10
-110.518
 20
-119.512
 30
0.0
 11
-110.525
 21
-119.3
 31
0.0
  0
LINE
  5
F68
  8
0
 62
1
 10
-110.525
 20
-119.3
 30
0.0
 11
-110.518
 21
-119.088
 31
0.0
  0
LINE
  5
F69
  8
0
 62
1
 10
-110.518
 20
-119.088
 30
0.0
 11
-110.498
 21
-118.877
 31
0.0
  0
LINE
  5
F6A
  8
0
 62
1
 10
-110.498
 20
-118.877
 30
0.0
 11
-110.465
 21
-118.668
 31
0.0
  0
LINE
  5
F6B
  8
0
 62
1
 10
-110.465
 20
-118.668
 30
0.0
 11
-110.419
 21
-118.461
 31
0.0
  0
LINE
  5
F6C
  8
0
 62
1
 10
-110.419
 20
-118.461
 30
0.0
 11
-110.36
 21
-118.257
 31
0.0
  0
LINE
  5
F6D
  8
0
 62
1
 10
-110.36
 20
-118.257
 30
0.0
 11
-110.288
 21
-118.058
 31
0.0
  0
LINE
  5
F6E
  8
0
 62
1
 10
-110.288
 20
-118.058
 30
0.0
 11
-110.204
 21
-117.863
 31
0.0
  0
LINE
  5
F6F
  8
0
 62
1
 10
-110.204
 20
-117.863
 30
0.0
 11
-110.108
 21
-117.674
 31
0.0
  0
LINE
  5
F70
  8
0
 62
1
 10
-110.108
 20
-117.674
 30
0.0
 11
-110.0
 21
-117.492
 31
0.0
  0
LINE
  5
F71
  8
0
 62
1
 10
-110.0
 20
-117.492
 30
0.0
 11
-109.88
 21
-117.316
 31
0.0
  0
LINE
  5
F72
  8
0
 62
1
 10
-109.88
 20
-117.316
 30
0.0
 11
-109.75
 21
-117.149
 31
0.0
  0
LINE
  5
F73
  8
0
 62
1
 10
-109.75
 20
-117.149
 30
0.0
 11
-109.61
 21
-116.99
 31
0.0
  0
LINE
  5
F74
  8
0
 62
1
 10
-109.61
 20
-116.99
 30
0.0
 11
-109.46
 21
-116.84
 31
0.0
  0
LINE
  5
F75
  8
0
 62
1
 10
-109.46
 20
-116.84
 30
0.0
 11
-109.301
 21
-116.7
 31
0.0
  0
LINE
  5
F76
  8
0
 62
1
 10
-109.301
 20
-116.7
 30
0.0
 11
-109.134
 21
-116.57
 31
0.0
  0
LINE
  5
F77
  8
0
 62
1
 10
-109.134
 20
-116.57
 30
0.0
 11
-108.958
 21
-116.45
 31
0.0
  0
LINE
  5
F78
  8
0
 62
1
 10
-108.958
 20
-116.45
 30
0.0
 11
-108.776
 21
-116.342
 31
0.0
  0
LINE
  5
F79
  8
0
 62
1
 10
-108.776
 20
-116.342
 30
0.0
 11
-108.587
 21
-116.246
 31
0.0
  0
LINE
  5
F7A
  8
0
 62
1
 10
-108.587
 20
-116.246
 30
0.0
 11
-108.392
 21
-116.162
 31
0.0
  0
LINE
  5
F7B
  8
0
 62
1
 10
-108.392
 20
-116.162
 30
0.0
 11
-108.193
 21
-116.09
 31
0.0
  0
LINE
  5
F7C
  8
0
 62
1
 10
-108.193
 20
-116.09
 30
0.0
 11
-107.989
 21
-116.031
 31
0.0
  0
LINE
  5
F7D
  8
0
 62
1
 10
-107.989
 20
-116.031
 30
0.0
 11
-107.782
 21
-115.985
 31
0.0
  0
LINE
  5
F7E
  8
0
 62
1
 10
-107.782
 20
-115.985
 30
0.0
 11
-107.573
 21
-115.952
 31
0.0
  0
LINE
  5
F7F
  8
0
 62
1
 10
-107.573
 20
-115.952
 30
0.0
 11
-107.362
 21
-115.932
 31
0.0
  0
LINE
  5
F80
  8
0
 62
1
 10
-107.362
 20
-115.932
 30
0.0
 11
-107.15
 21
-115.925
 31
0.0
  0
LINE
  5
F81
  8
0
 62
1
 10
-107.15
 20
-115.925
 30
0.0
 11
-106.938
 21
-115.932
 31
0.0
  0
LINE
  5
F82
  8
0
 62
1
 10
-106.938
 20
-115.932
 30
0.0
 11
-106.727
 21
-115.952
 31
0.0
  0
LINE
  5
F83
  8
0
 62
1
 10
-106.727
 20
-115.952
 30
0.0
 11
-106.518
 21
-115.985
 31
0.0
  0
LINE
  5
F84
  8
0
 62
1
 10
-106.518
 20
-115.985
 30
0.0
 11
-106.311
 21
-116.031
 31
0.0
  0
LINE
  5
F85
  8
0
 62
1
 10
-106.311
 20
-116.031
 30
0.0
 11
-106.107
 21
-116.09
 31
0.0
  0
LINE
  5
F86
  8
0
 62
1
 10
-106.107
 20
-116.09
 30
0.0
 11
-105.908
 21
-116.162
 31
0.0
  0
LINE
  5
F87
  8
0
 62
1
 10
-105.908
 20
-116.162
 30
0.0
 11
-105.713
 21
-116.246
 31
0.0
  0
LINE
  5
F88
  8
0
 62
1
 10
-105.713
 20
-116.246
 30
0.0
 11
-105.524
 21
-116.342
 31
0.0
  0
LINE
  5
F89
  8
0
 62
1
 10
-105.524
 20
-116.342
 30
0.0
 11
-105.342
 21
-116.45
 31
0.0
  0
LINE
  5
F8A
  8
0
 62
1
 10
-105.342
 20
-116.45
 30
0.0
 11
-105.166
 21
-116.57
 31
0.0
  0
LINE
  5
F8B
  8
0
 62
1
 10
-105.166
 20
-116.57
 30
0.0
 11
-104.999
 21
-116.7
 31
0.0
  0
LINE
  5
F8C
  8
0
 62
1
 10
-104.999
 20
-116.7
 30
0.0
 11
-104.84
 21
-116.84
 31
0.0
  0
LINE
  5
F8D
  8
0
 62
1
 10
-104.84
 20
-116.84
 30
0.0
 11
-104.69
 21
-116.99
 31
0.0
  0
LINE
  5
F8E
  8
0
 62
1
 10
-104.69
 20
-116.99
 30
0.0
 11
-104.55
 21
-117.149
 31
0.0
  0
LINE
  5
F8F
  8
0
 62
1
 10
-104.55
 20
-117.149
 30
0.0
 11
-104.42
 21
-117.316
 31
0.0
  0
LINE
  5
F90
  8
0
 62
1
 10
-104.42
 20
-117.316
 30
0.0
 11
-104.3
 21
-117.492
 31
0.0
  0
LINE
  5
F91
  8
0
 62
1
 10
-104.3
 20
-117.492
 30
0.0
 11
-104.192
 21
-117.674
 31
0.0
  0
LINE
  5
F92
  8
0
 62
1
 10
-104.192
 20
-117.674
 30
0.0
 11
-104.096
 21
-117.863
 31
0.0
  0
LINE
  5
F93
  8
0
 62
1
 10
-104.096
 20
-117.863
 30
0.0
 11
-104.012
 21
-118.058
 31
0.0
  0
LINE
  5
F94
  8
0
 62
1
 10
-104.012
 20
-118.058
 30
0.0
 11
-103.94
 21
-118.257
 31
0.0
  0
LINE
  5
F95
  8
0
 62
1
 10
-103.94
 20
-118.257
 30
0.0
 11
-103.881
 21
-118.461
 31
0.0
  0
LINE
  5
F96
  8
0
 62
1
 10
-103.881
 20
-118.461
 30
0.0
 11
-103.835
 21
-118.668
 31
0.0
  0
LINE
  5
F97
  8
0
 62
1
 10
-103.835
 20
-118.668
 30
0.0
 11
-103.802
 21
-118.877
 31
0.0
  0
LINE
  5
F98
  8
0
 62
1
 10
-103.802
 20
-118.877
 30
0.0
 11
-103.782
 21
-119.088
 31
0.0
  0
LINE
  5
F99
  8
0
 62
1
 10
-103.782
 20
-119.088
 30
0.0
 11
-103.775
 21
-119.3
 31
0.0
  0
LINE
  5
F9A
  8
0
 62
1
 10
-103.775
 20
-119.3
 30
0.0
 11
-103.782
 21
-119.512
 31
0.0
  0
LINE
  5
F9B
  8
0
 62
1
 10
-103.782
 20
-119.512
 30
0.0
 11
-103.802
 21
-119.723
 31
0.0
  0
LINE
  5
F9C
  8
0
 62
1
 10
-103.802
 20
-119.723
 30
0.0
 11
-103.835
 21
-119.932
 31
0.0
  0
LINE
  5
F9D
  8
0
 62
1
 10
-103.835
 20
-119.932
 30
0.0
 11
-103.881
 21
-120.139
 31
0.0
  0
LINE
  5
F9E
  8
0
 62
1
 10
-103.881
 20
-120.139
 30
0.0
 11
-103.94
 21
-120.343
 31
0.0
  0
LINE
  5
F9F
  8
0
 62
1
 10
-103.94
 20
-120.343
 30
0.0
 11
-104.012
 21
-120.542
 31
0.0
  0
LINE
  5
FA0
  8
0
 62
1
 10
-104.012
 20
-120.542
 30
0.0
 11
-104.096
 21
-120.737
 31
0.0
  0
LINE
  5
FA1
  8
0
 62
1
 10
-104.096
 20
-120.737
 30
0.0
 11
-104.192
 21
-120.926
 31
0.0
  0
LINE
  5
FA2
  8
0
 62
1
 10
-104.192
 20
-120.926
 30
0.0
 11
-104.3
 21
-121.108
 31
0.0
  0
LINE
  5
FA3
  8
0
 62
1
 10
-104.3
 20
-121.108
 30
0.0
 11
-104.42
 21
-121.284
 31
0.0
  0
LINE
  5
FA4
  8
0
 62
1
 10
-104.42
 20
-121.284
 30
0.0
 11
-104.55
 21
-121.451
 31
0.0
  0
LINE
  5
FA5
  8
0
 62
1
 10
-104.55
 20
-121.451
 30
0.0
 11
-104.69
 21
-121.61
 31
0.0
  0
LINE
  5
FA6
  8
0
 62
1
 10
-104.69
 20
-121.61
 30
0.0
 11
-104.84
 21
-121.76
 31
0.0
  0
LINE
  5
FA7
  8
0
 62
1
 10
-104.84
 20
-121.76
 30
0.0
 11
-104.999
 21
-121.9
 31
0.0
  0
LINE
  5
FA8
  8
0
 62
1
 10
-104.999
 20
-121.9
 30
0.0
 11
-105.166
 21
-122.03
 31
0.0
  0
LINE
  5
FA9
  8
0
 62
1
 10
-105.166
 20
-122.03
 30
0.0
 11
-105.342
 21
-122.15
 31
0.0
  0
LINE
  5
FAA
  8
0
 62
1
 10
-105.342
 20
-122.15
 30
0.0
 11
-105.524
 21
-122.258
 31
0.0
  0
LINE
  5
FAB
  8
0
 62
1
 10
-105.524
 20
-122.258
 30
0.0
 11
-105.713
 21
-122.354
 31
0.0
  0
LINE
  5
FAC
  8
0
 62
1
 10
-105.713
 20
-122.354
 30
0.0
 11
-105.908
 21
-122.438
 31
0.0
  0
LINE
  5
FAD
  8
0
 62
1
 10
-105.908
 20
-122.438
 30
0.0
 11
-106.107
 21
-122.51
 31
0.0
  0
LINE
  5
FAE
  8
0
 62
1
 10
-106.107
 20
-122.51
 30
0.0
 11
-106.311
 21
-122.569
 31
0.0
  0
LINE
  5
FAF
  8
0
 62
1
 10
-106.311
 20
-122.569
 30
0.0
 11
-106.518
 21
-122.615
 31
0.0
  0
LINE
  5
FB0
  8
0
 62
1
 10
-106.518
 20
-122.615
 30
0.0
 11
-106.727
 21
-122.648
 31
0.0
  0
LINE
  5
FB1
  8
0
 62
1
 10
-106.727
 20
-122.648
 30
0.0
 11
-106.938
 21
-122.668
 31
0.0
  0
LINE
  5
FB2
  8
0
 62
1
 10
-106.938
 20
-122.668
 30
0.0
 11
-107.15
 21
-122.675
 31
0.0
  0
LINE
  5
FB3
  8
0
 62
1
 10
-107.15
 20
-122.675
 30
0.0
 11
-107.362
 21
-122.668
 31
0.0
  0
LINE
  5
FB4
  8
0
 62
1
 10
119.938
 20
-122.668
 30
0.0
 11
119.727
 21
-122.648
 31
0.0
  0
LINE
  5
FB5
  8
0
 62
1
 10
119.727
 20
-122.648
 30
0.0
 11
119.518
 21
-122.615
 31
0.0
  0
LINE
  5
FB6
  8
0
 62
1
 10
119.518
 20
-122.615
 30
0.0
 11
119.311
 21
-122.569
 31
0.0
  0
LINE
  5
FB7
  8
0
 62
1
 10
119.311
 20
-122.569
 30
0.0
 11
119.107
 21
-122.51
 31
0.0
  0
LINE
  5
FB8
  8
0
 62
1
 10
119.107
 20
-122.51
 30
0.0
 11
118.908
 21
-122.438
 31
0.0
  0
LINE
  5
FB9
  8
0
 62
1
 10
118.908
 20
-122.438
 30
0.0
 11
118.713
 21
-122.354
 31
0.0
  0
LINE
  5
FBA
  8
0
 62
1
 10
118.713
 20
-122.354
 30
0.0
 11
118.524
 21
-122.258
 31
0.0
  0
LINE
  5
FBB
  8
0
 62
1
 10
118.524
 20
-122.258
 30
0.0
 11
118.342
 21
-122.15
 31
0.0
  0
LINE
  5
FBC
  8
0
 62
1
 10
118.342
 20
-122.15
 30
0.0
 11
118.166
 21
-122.03
 31
0.0
  0
LINE
  5
FBD
  8
0
 62
1
 10
118.166
 20
-122.03
 30
0.0
 11
117.999
 21
-121.9
 31
0.0
  0
LINE
  5
FBE
  8
0
 62
1
 10
117.999
 20
-121.9
 30
0.0
 11
117.84
 21
-121.76
 31
0.0
  0
LINE
  5
FBF
  8
0
 62
1
 10
117.84
 20
-121.76
 30
0.0
 11
117.69
 21
-121.61
 31
0.0
  0
LINE
  5
FC0
  8
0
 62
1
 10
117.69
 20
-121.61
 30
0.0
 11
117.55
 21
-121.451
 31
0.0
  0
LINE
  5
FC1
  8
0
 62
1
 10
117.55
 20
-121.451
 30
0.0
 11
117.42
 21
-121.284
 31
0.0
  0
LINE
  5
FC2
  8
0
 62
1
 10
117.42
 20
-121.284
 30
0.0
 11
117.3
 21
-121.108
 31
0.0
  0
LINE
  5
FC3
  8
0
 62
1
 10
117.3
 20
-121.108
 30
0.0
 11
117.192
 21
-120.926
 31
0.0
  0
LINE
  5
FC4
  8
0
 62
1
 10
117.192
 20
-120.926
 30
0.0
 11
117.096
 21
-120.737
 31
0.0
  0
LINE
  5
FC5
  8
0
 62
1
 10
117.096
 20
-120.737
 30
0.0
 11
117.012
 21
-120.542
 31
0.0
  0
LINE
  5
FC6
  8
0
 62
1
 10
117.012
 20
-120.542
 30
0.0
 11
116.94
 21
-120.343
 31
0.0
  0
LINE
  5
FC7
  8
0
 62
1
 10
116.94
 20
-120.343
 30
0.0
 11
116.881
 21
-120.139
 31
0.0
  0
LINE
  5
FC8
  8
0
 62
1
 10
116.881
 20
-120.139
 30
0.0
 11
116.835
 21
-119.932
 31
0.0
  0
LINE
  5
FC9
  8
0
 62
1
 10
116.835
 20
-119.932
 30
0.0
 11
116.802
 21
-119.723
 31
0.0
  0
LINE
  5
FCA
  8
0
 62
1
 10
116.802
 20
-119.723
 30
0.0
 11
116.782
 21
-119.512
 31
0.0
  0
LINE
  5
FCB
  8
0
 62
1
 10
116.782
 20
-119.512
 30
0.0
 11
116.775
 21
-119.3
 31
0.0
  0
LINE
  5
FCC
  8
0
 62
1
 10
116.775
 20
-119.3
 30
0.0
 11
116.782
 21
-119.088
 31
0.0
  0
LINE
  5
FCD
  8
0
 62
1
 10
116.782
 20
-119.088
 30
0.0
 11
116.802
 21
-118.877
 31
0.0
  0
LINE
  5
FCE
  8
0
 62
1
 10
116.802
 20
-118.877
 30
0.0
 11
116.835
 21
-118.668
 31
0.0
  0
LINE
  5
FCF
  8
0
 62
1
 10
116.835
 20
-118.668
 30
0.0
 11
116.881
 21
-118.461
 31
0.0
  0
LINE
  5
FD0
  8
0
 62
1
 10
116.881
 20
-118.461
 30
0.0
 11
116.94
 21
-118.257
 31
0.0
  0
LINE
  5
FD1
  8
0
 62
1
 10
116.94
 20
-118.257
 30
0.0
 11
117.012
 21
-118.058
 31
0.0
  0
LINE
  5
FD2
  8
0
 62
1
 10
117.012
 20
-118.058
 30
0.0
 11
117.096
 21
-117.863
 31
0.0
  0
LINE
  5
FD3
  8
0
 62
1
 10
117.096
 20
-117.863
 30
0.0
 11
117.192
 21
-117.674
 31
0.0
  0
LINE
  5
FD4
  8
0
 62
1
 10
117.192
 20
-117.674
 30
0.0
 11
117.3
 21
-117.492
 31
0.0
  0
LINE
  5
FD5
  8
0
 62
1
 10
117.3
 20
-117.492
 30
0.0
 11
117.42
 21
-117.316
 31
0.0
  0
LINE
  5
FD6
  8
0
 62
1
 10
117.42
 20
-117.316
 30
0.0
 11
117.55
 21
-117.149
 31
0.0
  0
LINE
  5
FD7
  8
0
 62
1
 10
117.55
 20
-117.149
 30
0.0
 11
117.69
 21
-116.99
 31
0.0
  0
LINE
  5
FD8
  8
0
 62
1
 10
117.69
 20
-116.99
 30
0.0
 11
117.84
 21
-116.84
 31
0.0
  0
LINE
  5
FD9
  8
0
 62
1
 10
117.84
 20
-116.84
 30
0.0
 11
117.999
 21
-116.7
 31
0.0
  0
LINE
  5
FDA
  8
0
 62
1
 10
117.999
 20
-116.7
 30
0.0
 11
118.166
 21
-116.57
 31
0.0
  0
LINE
  5
FDB
  8
0
 62
1
 10
118.166
 20
-116.57
 30
0.0
 11
118.342
 21
-116.45
 31
0.0
  0
LINE
  5
FDC
  8
0
 62
1
 10
118.342
 20
-116.45
 30
0.0
 11
118.524
 21
-116.342
 31
0.0
  0
LINE
  5
FDD
  8
0
 62
1
 10
118.524
 20
-116.342
 30
0.0
 11
118.713
 21
-116.246
 31
0.0
  0
LINE
  5
FDE
  8
0
 62
1
 10
118.713
 20
-116.246
 30
0.0
 11
118.908
 21
-116.162
 31
0.0
  0
LINE
  5
FDF
  8
0
 62
1
 10
118.908
 20
-116.162
 30
0.0
 11
119.107
 21
-116.09
 31
0.0
  0
LINE
  5
FE0
  8
0
 62
1
 10
119.107
 20
-116.09
 30
0.0
 11
119.311
 21
-116.031
 31
0.0
  0
LINE
  5
FE1
  8
0
 62
1
 10
119.311
 20
-116.031
 30
0.0
 11
119.518
 21
-115.985
 31
0.0
  0
LINE
  5
FE2
  8
0
 62
1
 10
119.518
 20
-115.985
 30
0.0
 11
119.727
 21
-115.952
 31
0.0
  0
LINE
  5
FE3
  8
0
 62
1
 10
119.727
 20
-115.952
 30
0.0
 11
119.938
 21
-115.932
 31
0.0
  0
LINE
  5
FE4
  8
0
 62
1
 10
119.938
 20
-115.932
 30
0.0
 11
120.15
 21
-115.925
 31
0.0
  0
LINE
  5
FE5
  8
0
 62
1
 10
120.15
 20
-115.925
 30
0.0
 11
120.362
 21
-115.932
 31
0.0
  0
LINE
  5
FE6
  8
0
 62
1
 10
120.362
 20
-115.932
 30
0.0
 11
120.573
 21
-115.952
 31
0.0
  0
LINE
  5
FE7
  8
0
 62
1
 10
120.573
 20
-115.952
 30
0.0
 11
120.782
 21
-115.985
 31
0.0
  0
LINE
  5
FE8
  8
0
 62
1
 10
120.782
 20
-115.985
 30
0.0
 11
120.989
 21
-116.031
 31
0.0
  0
LINE
  5
FE9
  8
0
 62
1
 10
120.989
 20
-116.031
 30
0.0
 11
121.193
 21
-116.09
 31
0.0
  0
LINE
  5
FEA
  8
0
 62
1
 10
121.193
 20
-116.09
 30
0.0
 11
121.392
 21
-116.162
 31
0.0
  0
LINE
  5
FEB
  8
0
 62
1
 10
121.392
 20
-116.162
 30
0.0
 11
121.587
 21
-116.246
 31
0.0
  0
LINE
  5
FEC
  8
0
 62
1
 10
121.587
 20
-116.246
 30
0.0
 11
121.776
 21
-116.342
 31
0.0
  0
LINE
  5
FED
  8
0
 62
1
 10
121.776
 20
-116.342
 30
0.0
 11
121.958
 21
-116.45
 31
0.0
  0
LINE
  5
FEE
  8
0
 62
1
 10
121.958
 20
-116.45
 30
0.0
 11
122.134
 21
-116.57
 31
0.0
  0
LINE
  5
FEF
  8
0
 62
1
 10
122.134
 20
-116.57
 30
0.0
 11
122.301
 21
-116.7
 31
0.0
  0
LINE
  5
FF0
  8
0
 62
1
 10
122.301
 20
-116.7
 30
0.0
 11
122.46
 21
-116.84
 31
0.0
  0
LINE
  5
FF1
  8
0
 62
1
 10
122.46
 20
-116.84
 30
0.0
 11
122.61
 21
-116.99
 31
0.0
  0
LINE
  5
FF2
  8
0
 62
1
 10
122.61
 20
-116.99
 30
0.0
 11
122.75
 21
-117.149
 31
0.0
  0
LINE
  5
FF3
  8
0
 62
1
 10
122.75
 20
-117.149
 30
0.0
 11
122.88
 21
-117.316
 31
0.0
  0
LINE
  5
FF4
  8
0
 62
1
 10
122.88
 20
-117.316
 30
0.0
 11
123.0
 21
-117.492
 31
0.0
  0
LINE
  5
FF5
  8
0
 62
1
 10
123.0
 20
-117.492
 30
0.0
 11
123.108
 21
-117.674
 31
0.0
  0
LINE
  5
FF6
  8
0
 62
1
 10
123.108
 20
-117.674
 30
0.0
 11
123.204
 21
-117.863
 31
0.0
  0
LINE
  5
FF7
  8
0
 62
1
 10
123.204
 20
-117.863
 30
0.0
 11
123.288
 21
-118.058
 31
0.0
  0
LINE
  5
FF8
  8
0
 62
1
 10
123.288
 20
-118.058
 30
0.0
 11
123.36
 21
-118.257
 31
0.0
  0
LINE
  5
FF9
  8
0
 62
1
 10
123.36
 20
-118.257
 30
0.0
 11
123.419
 21
-118.461
 31
0.0
  0
LINE
  5
FFA
  8
0
 62
1
 10
123.419
 20
-118.461
 30
0.0
 11
123.465
 21
-118.668
 31
0.0
  0
LINE
  5
FFB
  8
0
 62
1
 10
123.465
 20
-118.668
 30
0.0
 11
123.498
 21
-118.877
 31
0.0
  0
LINE
  5
FFC
  8
0
 62
1
 10
123.498
 20
-118.877
 30
0.0
 11
123.518
 21
-119.088
 31
0.0
  0
LINE
  5
FFD
  8
0
 62
1
 10
123.518
 20
-119.088
 30
0.0
 11
123.525
 21
-119.3
 31
0.0
  0
LINE
  5
FFE
  8
0
 62
1
 10
123.525
 20
-119.3
 30
0.0
 11
123.518
 21
-119.512
 31
0.0
  0
LINE
  5
FFF
  8
0
 62
1
 10
123.518
 20
-119.512
 30
0.0
 11
123.498
 21
-119.723
 31
0.0
  0
LINE
  5
1000
  8
0
 62
1
 10
123.498
 20
-119.723
 30
0.0
 11
123.465
 21
-119.932
 31
0.0
  0
LINE
  5
1001
  8
0
 62
1
 10
123.465
 20
-119.932
 30
0.0
 11
123.419
 21
-120.139
 31
0.0
  0
LINE
  5
1002
  8
0
 62
1
 10
123.419
 20
-120.139
 30
0.0
 11
123.36
 21
-120.343
 31
0.0
  0
LINE
  5
1003
  8
0
 62
1
 10
123.36
 20
-120.343
 30
0.0
 11
123.288
 21
-120.542
 31
0.0
  0
LINE
  5
1004
  8
0
 62
1
 10
123.288
 20
-120.542
 30
0.0
 11
123.204
 21
-120.737
 31
0.0
  0
LINE
  5
1005
  8
0
 62
1
 10
123.204
 20
-120.737
 30
0.0
 11
123.108
 21
-120.926
 31
0.0
  0
LINE
  5
1006
  8
0
 62
1
 10
123.108
 20
-120.926
 30
0.0
 11
123.0
 21
-121.108
 31
0.0
  0
LINE
  5
1007
  8
0
 62
1
 10
123.0
 20
-121.108
 30
0.0
 11
122.88
 21
-121.284
 31
0.0
  0
LINE
  5
1008
  8
0
 62
1
 10
122.88
 20
-121.284
 30
0.0
 11
122.75
 21
-121.451
 31
0.0
  0
LINE
  5
1009
  8
0
 62
1
 10
122.75
 20
-121.451
 30
0.0
 11
122.61
 21
-121.61
 31
0.0
  0
LINE
  5
100A
  8
0
 62
1
 10
122.61
 20
-121.61
 30
0.0
 11
122.46
 21
-121.76
 31
0.0
  0
LINE
  5
100B
  8
0
 62
1
 10
122.46
 20
-121.76
 30
0.0
 11
122.301
 21
-121.9
 31
0.0
  0
LINE
  5
100C
  8
0
 62
1
 10
122.301
 20
-121.9
 30
0.0
 11
122.134
 21
-122.03
 31
0.0
  0
LINE
  5
100D
  8
0
 62
1
 10
122.134
 20
-122.03
 30
0.0
 11
121.958
 21
-122.15
 31
0.0
  0
LINE
  5
100E
  8
0
 62
1
 10
121.958
 20
-122.15
 30
0.0
 11
121.776
 21
-122.258
 31
0.0
  0
LINE
  5
100F
  8
0
 62
1
 10
121.776
 20
-122.258
 30
0.0
 11
121.587
 21
-122.354
 31
0.0
  0
LINE
  5
1010
  8
0
 62
1
 10
121.587
 20
-122.354
 30
0.0
 11
121.392
 21
-122.438
 31
0.0
  0
LINE
  5
1011
  8
0
 62
1
 10
121.392
 20
-122.438
 30
0.0
 11
121.193
 21
-122.51
 31
0.0
  0
LINE
  5
1012
  8
0
 62
1
 10
121.193
 20
-122.51
 30
0.0
 11
120.989
 21
-122.569
 31
0.0
  0
LINE
  5
1013
  8
0
 62
1
 10
120.989
 20
-122.569
 30
0.0
 11
120.782
 21
-122.615
 31
0.0
  0
LINE
  5
1014
  8
0
 62
1
 10
120.782
 20
-122.615
 30
0.0
 11
120.573
 21
-122.648
 31
0.0
  0
LINE
  5
1015
  8
0
 62
1
 10
120.573
 20
-122.648
 30
0.0
 11
120.362
 21
-122.668
 31
0.0
  0
LINE
  5
1016
  8
0
 62
1
 10
120.362
 20
-122.668
 30
0.0
 11
120.15
 21
-122.675
 31
0.0
  0
LINE
  5
1017
  8
0
 62
1
 10
120.15
 20
-122.675
 30
0.0
 11
119.938
 21
-122.668
 31
0.0
  0
LINE
  5
1018
  8
0
 62
1
 10
-107.362
 20
-148.068
 30
0.0
 11
-107.573
 21
-148.048
 31
0.0
  0
LINE
  5
1019
  8
0
 62
1
 10
-107.573
 20
-148.048
 30
0.0
 11
-107.782
 21
-148.015
 31
0.0
  0
LINE
  5
101A
  8
0
 62
1
 10
-107.782
 20
-148.015
 30
0.0
 11
-107.989
 21
-147.969
 31
0.0
  0
LINE
  5
101B
  8
0
 62
1
 10
-107.989
 20
-147.969
 30
0.0
 11
-108.193
 21
-147.91
 31
0.0
  0
LINE
  5
101C
  8
0
 62
1
 10
-108.193
 20
-147.91
 30
0.0
 11
-108.392
 21
-147.838
 31
0.0
  0
LINE
  5
101D
  8
0
 62
1
 10
-108.392
 20
-147.838
 30
0.0
 11
-108.587
 21
-147.754
 31
0.0
  0
LINE
  5
101E
  8
0
 62
1
 10
-108.587
 20
-147.754
 30
0.0
 11
-108.776
 21
-147.658
 31
0.0
  0
LINE
  5
101F
  8
0
 62
1
 10
-108.776
 20
-147.658
 30
0.0
 11
-108.958
 21
-147.55
 31
0.0
  0
LINE
  5
1020
  8
0
 62
1
 10
-108.958
 20
-147.55
 30
0.0
 11
-109.134
 21
-147.43
 31
0.0
  0
LINE
  5
1021
  8
0
 62
1
 10
-109.134
 20
-147.43
 30
0.0
 11
-109.301
 21
-147.3
 31
0.0
  0
LINE
  5
1022
  8
0
 62
1
 10
-109.301
 20
-147.3
 30
0.0
 11
-109.46
 21
-147.16
 31
0.0
  0
LINE
  5
1023
  8
0
 62
1
 10
-109.46
 20
-147.16
 30
0.0
 11
-109.61
 21
-147.01
 31
0.0
  0
LINE
  5
1024
  8
0
 62
1
 10
-109.61
 20
-147.01
 30
0.0
 11
-109.75
 21
-146.851
 31
0.0
  0
LINE
  5
1025
  8
0
 62
1
 10
-109.75
 20
-146.851
 30
0.0
 11
-109.88
 21
-146.684
 31
0.0
  0
LINE
  5
1026
  8
0
 62
1
 10
-109.88
 20
-146.684
 30
0.0
 11
-110.0
 21
-146.508
 31
0.0
  0
LINE
  5
1027
  8
0
 62
1
 10
-110.0
 20
-146.508
 30
0.0
 11
-110.108
 21
-146.326
 31
0.0
  0
LINE
  5
1028
  8
0
 62
1
 10
-110.108
 20
-146.326
 30
0.0
 11
-110.204
 21
-146.137
 31
0.0
  0
LINE
  5
1029
  8
0
 62
1
 10
-110.204
 20
-146.137
 30
0.0
 11
-110.288
 21
-145.942
 31
0.0
  0
LINE
  5
102A
  8
0
 62
1
 10
-110.288
 20
-145.942
 30
0.0
 11
-110.36
 21
-145.743
 31
0.0
  0
LINE
  5
102B
  8
0
 62
1
 10
-110.36
 20
-145.743
 30
0.0
 11
-110.419
 21
-145.539
 31
0.0
  0
LINE
  5
102C
  8
0
 62
1
 10
-110.419
 20
-145.539
 30
0.0
 11
-110.465
 21
-145.332
 31
0.0
  0
LINE
  5
102D
  8
0
 62
1
 10
-110.465
 20
-145.332
 30
0.0
 11
-110.498
 21
-145.123
 31
0.0
  0
LINE
  5
102E
  8
0
 62
1
 10
-110.498
 20
-145.123
 30
0.0
 11
-110.518
 21
-144.912
 31
0.0
  0
LINE
  5
102F
  8
0
 62
1
 10
-110.518
 20
-144.912
 30
0.0
 11
-110.525
 21
-144.7
 31
0.0
  0
LINE
  5
1030
  8
0
 62
1
 10
-110.525
 20
-144.7
 30
0.0
 11
-110.518
 21
-144.488
 31
0.0
  0
LINE
  5
1031
  8
0
 62
1
 10
-110.518
 20
-144.488
 30
0.0
 11
-110.498
 21
-144.277
 31
0.0
  0
LINE
  5
1032
  8
0
 62
1
 10
-110.498
 20
-144.277
 30
0.0
 11
-110.465
 21
-144.068
 31
0.0
  0
LINE
  5
1033
  8
0
 62
1
 10
-110.465
 20
-144.068
 30
0.0
 11
-110.419
 21
-143.861
 31
0.0
  0
LINE
  5
1034
  8
0
 62
1
 10
-110.419
 20
-143.861
 30
0.0
 11
-110.36
 21
-143.657
 31
0.0
  0
LINE
  5
1035
  8
0
 62
1
 10
-110.36
 20
-143.657
 30
0.0
 11
-110.288
 21
-143.458
 31
0.0
  0
LINE
  5
1036
  8
0
 62
1
 10
-110.288
 20
-143.458
 30
0.0
 11
-110.204
 21
-143.263
 31
0.0
  0
LINE
  5
1037
  8
0
 62
1
 10
-110.204
 20
-143.263
 30
0.0
 11
-110.108
 21
-143.074
 31
0.0
  0
LINE
  5
1038
  8
0
 62
1
 10
-110.108
 20
-143.074
 30
0.0
 11
-110.0
 21
-142.892
 31
0.0
  0
LINE
  5
1039
  8
0
 62
1
 10
-110.0
 20
-142.892
 30
0.0
 11
-109.88
 21
-142.716
 31
0.0
  0
LINE
  5
103A
  8
0
 62
1
 10
-109.88
 20
-142.716
 30
0.0
 11
-109.75
 21
-142.549
 31
0.0
  0
LINE
  5
103B
  8
0
 62
1
 10
-109.75
 20
-142.549
 30
0.0
 11
-109.61
 21
-142.39
 31
0.0
  0
LINE
  5
103C
  8
0
 62
1
 10
-109.61
 20
-142.39
 30
0.0
 11
-109.46
 21
-142.24
 31
0.0
  0
LINE
  5
103D
  8
0
 62
1
 10
-109.46
 20
-142.24
 30
0.0
 11
-109.301
 21
-142.1
 31
0.0
  0
LINE
  5
103E
  8
0
 62
1
 10
-109.301
 20
-142.1
 30
0.0
 11
-109.134
 21
-141.97
 31
0.0
  0
LINE
  5
103F
  8
0
 62
1
 10
-109.134
 20
-141.97
 30
0.0
 11
-108.958
 21
-141.85
 31
0.0
  0
LINE
  5
1040
  8
0
 62
1
 10
-108.958
 20
-141.85
 30
0.0
 11
-108.776
 21
-141.742
 31
0.0
  0
LINE
  5
1041
  8
0
 62
1
 10
-108.776
 20
-141.742
 30
0.0
 11
-108.587
 21
-141.646
 31
0.0
  0
LINE
  5
1042
  8
0
 62
1
 10
-108.587
 20
-141.646
 30
0.0
 11
-108.392
 21
-141.562
 31
0.0
  0
LINE
  5
1043
  8
0
 62
1
 10
-108.392
 20
-141.562
 30
0.0
 11
-108.193
 21
-141.49
 31
0.0
  0
LINE
  5
1044
  8
0
 62
1
 10
-108.193
 20
-141.49
 30
0.0
 11
-107.989
 21
-141.431
 31
0.0
  0
LINE
  5
1045
  8
0
 62
1
 10
-107.989
 20
-141.431
 30
0.0
 11
-107.782
 21
-141.385
 31
0.0
  0
LINE
  5
1046
  8
0
 62
1
 10
-107.782
 20
-141.385
 30
0.0
 11
-107.573
 21
-141.352
 31
0.0
  0
LINE
  5
1047
  8
0
 62
1
 10
-107.573
 20
-141.352
 30
0.0
 11
-107.362
 21
-141.332
 31
0.0
  0
LINE
  5
1048
  8
0
 62
1
 10
-107.362
 20
-141.332
 30
0.0
 11
-107.15
 21
-141.325
 31
0.0
  0
LINE
  5
1049
  8
0
 62
1
 10
-107.15
 20
-141.325
 30
0.0
 11
-106.938
 21
-141.332
 31
0.0
  0
LINE
  5
104A
  8
0
 62
1
 10
-106.938
 20
-141.332
 30
0.0
 11
-106.727
 21
-141.352
 31
0.0
  0
LINE
  5
104B
  8
0
 62
1
 10
-106.727
 20
-141.352
 30
0.0
 11
-106.518
 21
-141.385
 31
0.0
  0
LINE
  5
104C
  8
0
 62
1
 10
-106.518
 20
-141.385
 30
0.0
 11
-106.311
 21
-141.431
 31
0.0
  0
LINE
  5
104D
  8
0
 62
1
 10
-106.311
 20
-141.431
 30
0.0
 11
-106.107
 21
-141.49
 31
0.0
  0
LINE
  5
104E
  8
0
 62
1
 10
-106.107
 20
-141.49
 30
0.0
 11
-105.908
 21
-141.562
 31
0.0
  0
LINE
  5
104F
  8
0
 62
1
 10
-105.908
 20
-141.562
 30
0.0
 11
-105.713
 21
-141.646
 31
0.0
  0
LINE
  5
1050
  8
0
 62
1
 10
-105.713
 20
-141.646
 30
0.0
 11
-105.524
 21
-141.742
 31
0.0
  0
LINE
  5
1051
  8
0
 62
1
 10
-105.524
 20
-141.742
 30
0.0
 11
-105.342
 21
-141.85
 31
0.0
  0
LINE
  5
1052
  8
0
 62
1
 10
-105.342
 20
-141.85
 30
0.0
 11
-105.166
 21
-141.97
 31
0.0
  0
LINE
  5
1053
  8
0
 62
1
 10
-105.166
 20
-141.97
 30
0.0
 11
-104.999
 21
-142.1
 31
0.0
  0
LINE
  5
1054
  8
0
 62
1
 10
-104.999
 20
-142.1
 30
0.0
 11
-104.84
 21
-142.24
 31
0.0
  0
LINE
  5
1055
  8
0
 62
1
 10
-104.84
 20
-142.24
 30
0.0
 11
-104.69
 21
-142.39
 31
0.0
  0
LINE
  5
1056
  8
0
 62
1
 10
-104.69
 20
-142.39
 30
0.0
 11
-104.55
 21
-142.549
 31
0.0
  0
LINE
  5
1057
  8
0
 62
1
 10
-104.55
 20
-142.549
 30
0.0
 11
-104.42
 21
-142.716
 31
0.0
  0
LINE
  5
1058
  8
0
 62
1
 10
-104.42
 20
-142.716
 30
0.0
 11
-104.3
 21
-142.892
 31
0.0
  0
LINE
  5
1059
  8
0
 62
1
 10
-104.3
 20
-142.892
 30
0.0
 11
-104.192
 21
-143.074
 31
0.0
  0
LINE
  5
105A
  8
0
 62
1
 10
-104.192
 20
-143.074
 30
0.0
 11
-104.096
 21
-143.263
 31
0.0
  0
LINE
  5
105B
  8
0
 62
1
 10
-104.096
 20
-143.263
 30
0.0
 11
-104.012
 21
-143.458
 31
0.0
  0
LINE
  5
105C
  8
0
 62
1
 10
-104.012
 20
-143.458
 30
0.0
 11
-103.94
 21
-143.657
 31
0.0
  0
LINE
  5
105D
  8
0
 62
1
 10
-103.94
 20
-143.657
 30
0.0
 11
-103.881
 21
-143.861
 31
0.0
  0
LINE
  5
105E
  8
0
 62
1
 10
-103.881
 20
-143.861
 30
0.0
 11
-103.835
 21
-144.068
 31
0.0
  0
LINE
  5
105F
  8
0
 62
1
 10
-103.835
 20
-144.068
 30
0.0
 11
-103.802
 21
-144.277
 31
0.0
  0
LINE
  5
1060
  8
0
 62
1
 10
-103.802
 20
-144.277
 30
0.0
 11
-103.782
 21
-144.488
 31
0.0
  0
LINE
  5
1061
  8
0
 62
1
 10
-103.782
 20
-144.488
 30
0.0
 11
-103.775
 21
-144.7
 31
0.0
  0
LINE
  5
1062
  8
0
 62
1
 10
-103.775
 20
-144.7
 30
0.0
 11
-103.782
 21
-144.912
 31
0.0
  0
LINE
  5
1063
  8
0
 62
1
 10
-103.782
 20
-144.912
 30
0.0
 11
-103.802
 21
-145.123
 31
0.0
  0
LINE
  5
1064
  8
0
 62
1
 10
-103.802
 20
-145.123
 30
0.0
 11
-103.835
 21
-145.332
 31
0.0
  0
LINE
  5
1065
  8
0
 62
1
 10
-103.835
 20
-145.332
 30
0.0
 11
-103.881
 21
-145.539
 31
0.0
  0
LINE
  5
1066
  8
0
 62
1
 10
-103.881
 20
-145.539
 30
0.0
 11
-103.94
 21
-145.743
 31
0.0
  0
LINE
  5
1067
  8
0
 62
1
 10
-103.94
 20
-145.743
 30
0.0
 11
-104.012
 21
-145.942
 31
0.0
  0
LINE
  5
1068
  8
0
 62
1
 10
-104.012
 20
-145.942
 30
0.0
 11
-104.096
 21
-146.137
 31
0.0
  0
LINE
  5
1069
  8
0
 62
1
 10
-104.096
 20
-146.137
 30
0.0
 11
-104.192
 21
-146.326
 31
0.0
  0
LINE
  5
106A
  8
0
 62
1
 10
-104.192
 20
-146.326
 30
0.0
 11
-104.3
 21
-146.508
 31
0.0
  0
LINE
  5
106B
  8
0
 62
1
 10
-104.3
 20
-146.508
 30
0.0
 11
-104.42
 21
-146.684
 31
0.0
  0
LINE
  5
106C
  8
0
 62
1
 10
-104.42
 20
-146.684
 30
0.0
 11
-104.55
 21
-146.851
 31
0.0
  0
LINE
  5
106D
  8
0
 62
1
 10
-104.55
 20
-146.851
 30
0.0
 11
-104.69
 21
-147.01
 31
0.0
  0
LINE
  5
106E
  8
0
 62
1
 10
-104.69
 20
-147.01
 30
0.0
 11
-104.84
 21
-147.16
 31
0.0
  0
LINE
  5
106F
  8
0
 62
1
 10
-104.84
 20
-147.16
 30
0.0
 11
-104.999
 21
-147.3
 31
0.0
  0
LINE
  5
1070
  8
0
 62
1
 10
-104.999
 20
-147.3
 30
0.0
 11
-105.166
 21
-147.43
 31
0.0
  0
LINE
  5
1071
  8
0
 62
1
 10
-105.166
 20
-147.43
 30
0.0
 11
-105.342
 21
-147.55
 31
0.0
  0
LINE
  5
1072
  8
0
 62
1
 10
-105.342
 20
-147.55
 30
0.0
 11
-105.524
 21
-147.658
 31
0.0
  0
LINE
  5
1073
  8
0
 62
1
 10
-105.524
 20
-147.658
 30
0.0
 11
-105.713
 21
-147.754
 31
0.0
  0
LINE
  5
1074
  8
0
 62
1
 10
-105.713
 20
-147.754
 30
0.0
 11
-105.908
 21
-147.838
 31
0.0
  0
LINE
  5
1075
  8
0
 62
1
 10
-105.908
 20
-147.838
 30
0.0
 11
-106.107
 21
-147.91
 31
0.0
  0
LINE
  5
1076
  8
0
 62
1
 10
-106.107
 20
-147.91
 30
0.0
 11
-106.311
 21
-147.969
 31
0.0
  0
LINE
  5
1077
  8
0
 62
1
 10
-106.311
 20
-147.969
 30
0.0
 11
-106.518
 21
-148.015
 31
0.0
  0
LINE
  5
1078
  8
0
 62
1
 10
-106.518
 20
-148.015
 30
0.0
 11
-106.727
 21
-148.048
 31
0.0
  0
LINE
  5
1079
  8
0
 62
1
 10
-106.727
 20
-148.048
 30
0.0
 11
-106.938
 21
-148.068
 31
0.0
  0
LINE
  5
107A
  8
0
 62
1
 10
-106.938
 20
-148.068
 30
0.0
 11
-107.15
 21
-148.075
 31
0.0
  0
LINE
  5
107B
  8
0
 62
1
 10
-107.15
 20
-148.075
 30
0.0
 11
-107.362
 21
-148.068
 31
0.0
  0
LINE
  5
107C
  8
0
 62
1
 10
119.938
 20
-148.068
 30
0.0
 11
119.727
 21
-148.048
 31
0.0
  0
LINE
  5
107D
  8
0
 62
1
 10
119.727
 20
-148.048
 30
0.0
 11
119.518
 21
-148.015
 31
0.0
  0
LINE
  5
107E
  8
0
 62
1
 10
119.518
 20
-148.015
 30
0.0
 11
119.311
 21
-147.969
 31
0.0
  0
LINE
  5
107F
  8
0
 62
1
 10
119.311
 20
-147.969
 30
0.0
 11
119.107
 21
-147.91
 31
0.0
  0
LINE
  5
1080
  8
0
 62
1
 10
119.107
 20
-147.91
 30
0.0
 11
118.908
 21
-147.838
 31
0.0
  0
LINE
  5
1081
  8
0
 62
1
 10
118.908
 20
-147.838
 30
0.0
 11
118.713
 21
-147.754
 31
0.0
  0
LINE
  5
1082
  8
0
 62
1
 10
118.713
 20
-147.754
 30
0.0
 11
118.524
 21
-147.658
 31
0.0
  0
LINE
  5
1083
  8
0
 62
1
 10
118.524
 20
-147.658
 30
0.0
 11
118.342
 21
-147.55
 31
0.0
  0
LINE
  5
1084
  8
0
 62
1
 10
118.342
 20
-147.55
 30
0.0
 11
118.166
 21
-147.43
 31
0.0
  0
LINE
  5
1085
  8
0
 62
1
 10
118.166
 20
-147.43
 30
0.0
 11
117.999
 21
-147.3
 31
0.0
  0
LINE
  5
1086
  8
0
 62
1
 10
117.999
 20
-147.3
 30
0.0
 11
117.84
 21
-147.16
 31
0.0
  0
LINE
  5
1087
  8
0
 62
1
 10
117.84
 20
-147.16
 30
0.0
 11
117.69
 21
-147.01
 31
0.0
  0
LINE
  5
1088
  8
0
 62
1
 10
117.69
 20
-147.01
 30
0.0
 11
117.55
 21
-146.851
 31
0.0
  0
LINE
  5
1089
  8
0
 62
1
 10
117.55
 20
-146.851
 30
0.0
 11
117.42
 21
-146.684
 31
0.0
  0
LINE
  5
108A
  8
0
 62
1
 10
117.42
 20
-146.684
 30
0.0
 11
117.3
 21
-146.508
 31
0.0
  0
LINE
  5
108B
  8
0
 62
1
 10
117.3
 20
-146.508
 30
0.0
 11
117.192
 21
-146.326
 31
0.0
  0
LINE
  5
108C
  8
0
 62
1
 10
117.192
 20
-146.326
 30
0.0
 11
117.096
 21
-146.137
 31
0.0
  0
LINE
  5
108D
  8
0
 62
1
 10
117.096
 20
-146.137
 30
0.0
 11
117.012
 21
-145.942
 31
0.0
  0
LINE
  5
108E
  8
0
 62
1
 10
117.012
 20
-145.942
 30
0.0
 11
116.94
 21
-145.743
 31
0.0
  0
LINE
  5
108F
  8
0
 62
1
 10
116.94
 20
-145.743
 30
0.0
 11
116.881
 21
-145.539
 31
0.0
  0
LINE
  5
1090
  8
0
 62
1
 10
116.881
 20
-145.539
 30
0.0
 11
116.835
 21
-145.332
 31
0.0
  0
LINE
  5
1091
  8
0
 62
1
 10
116.835
 20
-145.332
 30
0.0
 11
116.802
 21
-145.123
 31
0.0
  0
LINE
  5
1092
  8
0
 62
1
 10
116.802
 20
-145.123
 30
0.0
 11
116.782
 21
-144.912
 31
0.0
  0
LINE
  5
1093
  8
0
 62
1
 10
116.782
 20
-144.912
 30
0.0
 11
116.775
 21
-144.7
 31
0.0
  0
LINE
  5
1094
  8
0
 62
1
 10
116.775
 20
-144.7
 30
0.0
 11
116.782
 21
-144.488
 31
0.0
  0
LINE
  5
1095
  8
0
 62
1
 10
116.782
 20
-144.488
 30
0.0
 11
116.802
 21
-144.277
 31
0.0
  0
LINE
  5
1096
  8
0
 62
1
 10
116.802
 20
-144.277
 30
0.0
 11
116.835
 21
-144.068
 31
0.0
  0
LINE
  5
1097
  8
0
 62
1
 10
116.835
 20
-144.068
 30
0.0
 11
116.881
 21
-143.861
 31
0.0
  0
LINE
  5
1098
  8
0
 62
1
 10
116.881
 20
-143.861
 30
0.0
 11
116.94
 21
-143.657
 31
0.0
  0
LINE
  5
1099
  8
0
 62
1
 10
116.94
 20
-143.657
 30
0.0
 11
117.012
 21
-143.458
 31
0.0
  0
LINE
  5
109A
  8
0
 62
1
 10
117.012
 20
-143.458
 30
0.0
 11
117.096
 21
-143.263
 31
0.0
  0
LINE
  5
109B
  8
0
 62
1
 10
117.096
 20
-143.263
 30
0.0
 11
117.192
 21
-143.074
 31
0.0
  0
LINE
  5
109C
  8
0
 62
1
 10
117.192
 20
-143.074
 30
0.0
 11
117.3
 21
-142.892
 31
0.0
  0
LINE
  5
109D
  8
0
 62
1
 10
117.3
 20
-142.892
 30
0.0
 11
117.42
 21
-142.716
 31
0.0
  0
LINE
  5
109E
  8
0
 62
1
 10
117.42
 20
-142.716
 30
0.0
 11
117.55
 21
-142.549
 31
0.0
  0
LINE
  5
109F
  8
0
 62
1
 10
117.55
 20
-142.549
 30
0.0
 11
117.69
 21
-142.39
 31
0.0
  0
LINE
  5
10A0
  8
0
 62
1
 10
117.69
 20
-142.39
 30
0.0
 11
117.84
 21
-142.24
 31
0.0
  0
LINE
  5
10A1
  8
0
 62
1
 10
117.84
 20
-142.24
 30
0.0
 11
117.999
 21
-142.1
 31
0.0
  0
LINE
  5
10A2
  8
0
 62
1
 10
117.999
 20
-142.1
 30
0.0
 11
118.166
 21
-141.97
 31
0.0
  0
LINE
  5
10A3
  8
0
 62
1
 10
118.166
 20
-141.97
 30
0.0
 11
118.342
 21
-141.85
 31
0.0
  0
LINE
  5
10A4
  8
0
 62
1
 10
118.342
 20
-141.85
 30
0.0
 11
118.524
 21
-141.742
 31
0.0
  0
LINE
  5
10A5
  8
0
 62
1
 10
118.524
 20
-141.742
 30
0.0
 11
118.713
 21
-141.646
 31
0.0
  0
LINE
  5
10A6
  8
0
 62
1
 10
118.713
 20
-141.646
 30
0.0
 11
118.908
 21
-141.562
 31
0.0
  0
LINE
  5
10A7
  8
0
 62
1
 10
118.908
 20
-141.562
 30
0.0
 11
119.107
 21
-141.49
 31
0.0
  0
LINE
  5
10A8
  8
0
 62
1
 10
119.107
 20
-141.49
 30
0.0
 11
119.311
 21
-141.431
 31
0.0
  0
LINE
  5
10A9
  8
0
 62
1
 10
119.311
 20
-141.431
 30
0.0
 11
119.518
 21
-141.385
 31
0.0
  0
LINE
  5
10AA
  8
0
 62
1
 10
119.518
 20
-141.385
 30
0.0
 11
119.727
 21
-141.352
 31
0.0
  0
LINE
  5
10AB
  8
0
 62
1
 10
119.727
 20
-141.352
 30
0.0
 11
119.938
 21
-141.332
 31
0.0
  0
LINE
  5
10AC
  8
0
 62
1
 10
119.938
 20
-141.332
 30
0.0
 11
120.15
 21
-141.325
 31
0.0
  0
LINE
  5
10AD
  8
0
 62
1
 10
120.15
 20
-141.325
 30
0.0
 11
120.362
 21
-141.332
 31
0.0
  0
LINE
  5
10AE
  8
0
 62
1
 10
120.362
 20
-141.332
 30
0.0
 11
120.573
 21
-141.352
 31
0.0
  0
LINE
  5
10AF
  8
0
 62
1
 10
120.573
 20
-141.352
 30
0.0
 11
120.782
 21
-141.385
 31
0.0
  0
LINE
  5
10B0
  8
0
 62
1
 10
120.782
 20
-141.385
 30
0.0
 11
120.989
 21
-141.431
 31
0.0
  0
LINE
  5
10B1
  8
0
 62
1
 10
120.989
 20
-141.431
 30
0.0
 11
121.193
 21
-141.49
 31
0.0
  0
LINE
  5
10B2
  8
0
 62
1
 10
121.193
 20
-141.49
 30
0.0
 11
121.392
 21
-141.562
 31
0.0
  0
LINE
  5
10B3
  8
0
 62
1
 10
121.392
 20
-141.562
 30
0.0
 11
121.587
 21
-141.646
 31
0.0
  0
LINE
  5
10B4
  8
0
 62
1
 10
121.587
 20
-141.646
 30
0.0
 11
121.776
 21
-141.742
 31
0.0
  0
LINE
  5
10B5
  8
0
 62
1
 10
121.776
 20
-141.742
 30
0.0
 11
121.958
 21
-141.85
 31
0.0
  0
LINE
  5
10B6
  8
0
 62
1
 10
121.958
 20
-141.85
 30
0.0
 11
122.134
 21
-141.97
 31
0.0
  0
LINE
  5
10B7
  8
0
 62
1
 10
122.134
 20
-141.97
 30
0.0
 11
122.301
 21
-142.1
 31
0.0
  0
LINE
  5
10B8
  8
0
 62
1
 10
122.301
 20
-142.1
 30
0.0
 11
122.46
 21
-142.24
 31
0.0
  0
LINE
  5
10B9
  8
0
 62
1
 10
122.46
 20
-142.24
 30
0.0
 11
122.61
 21
-142.39
 31
0.0
  0
LINE
  5
10BA
  8
0
 62
1
 10
122.61
 20
-142.39
 30
0.0
 11
122.75
 21
-142.549
 31
0.0
  0
LINE
  5
10BB
  8
0
 62
1
 10
122.75
 20
-142.549
 30
0.0
 11
122.88
 21
-142.716
 31
0.0
  0
LINE
  5
10BC
  8
0
 62
1
 10
122.88
 20
-142.716
 30
0.0
 11
123.0
 21
-142.892
 31
0.0
  0
LINE
  5
10BD
  8
0
 62
1
 10
123.0
 20
-142.892
 30
0.0
 11
123.108
 21
-143.074
 31
0.0
  0
LINE
  5
10BE
  8
0
 62
1
 10
123.108
 20
-143.074
 30
0.0
 11
123.204
 21
-143.263
 31
0.0
  0
LINE
  5
10BF
  8
0
 62
1
 10
123.204
 20
-143.263
 30
0.0
 11
123.288
 21
-143.458
 31
0.0
  0
LINE
  5
10C0
  8
0
 62
1
 10
123.288
 20
-143.458
 30
0.0
 11
123.36
 21
-143.657
 31
0.0
  0
LINE
  5
10C1
  8
0
 62
1
 10
123.36
 20
-143.657
 30
0.0
 11
123.419
 21
-143.861
 31
0.0
  0
LINE
  5
10C2
  8
0
 62
1
 10
123.419
 20
-143.861
 30
0.0
 11
123.465
 21
-144.068
 31
0.0
  0
LINE
  5
10C3
  8
0
 62
1
 10
123.465
 20
-144.068
 30
0.0
 11
123.498
 21
-144.277
 31
0.0
  0
LINE
  5
10C4
  8
0
 62
1
 10
123.498
 20
-144.277
 30
0.0
 11
123.518
 21
-144.488
 31
0.0
  0
LINE
  5
10C5
  8
0
 62
1
 10
123.518
 20
-144.488
 30
0.0
 11
123.525
 21
-144.7
 31
0.0
  0
LINE
  5
10C6
  8
0
 62
1
 10
123.525
 20
-144.7
 30
0.0
 11
123.518
 21
-144.912
 31
0.0
  0
LINE
  5
10C7
  8
0
 62
1
 10
123.518
 20
-144.912
 30
0.0
 11
123.498
 21
-145.123
 31
0.0
  0
LINE
  5
10C8
  8
0
 62
1
 10
123.498
 20
-145.123
 30
0.0
 11
123.465
 21
-145.332
 31
0.0
  0
LINE
  5
10C9
  8
0
 62
1
 10
123.465
 20
-145.332
 30
0.0
 11
123.419
 21
-145.539
 31
0.0
  0
LINE
  5
10CA
  8
0
 62
1
 10
123.419
 20
-145.539
 30
0.0
 11
123.36
 21
-145.743
 31
0.0
  0
LINE
  5
10CB
  8
0
 62
1
 10
123.36
 20
-145.743
 30
0.0
 11
123.288
 21
-145.942
 31
0.0
  0
LINE
  5
10CC
  8
0
 62
1
 10
123.288
 20
-145.942
 30
0.0
 11
123.204
 21
-146.137
 31
0.0
  0
LINE
  5
10CD
  8
0
 62
1
 10
123.204
 20
-146.137
 30
0.0
 11
123.108
 21
-146.326
 31
0.0
  0
LINE
  5
10CE
  8
0
 62
1
 10
123.108
 20
-146.326
 30
0.0
 11
123.0
 21
-146.508
 31
0.0
  0
LINE
  5
10CF
  8
0
 62
1
 10
123.0
 20
-146.508
 30
0.0
 11
122.88
 21
-146.684
 31
0.0
  0
LINE
  5
10D0
  8
0
 62
1
 10
122.88
 20
-146.684
 30
0.0
 11
122.75
 21
-146.851
 31
0.0
  0
LINE
  5
10D1
  8
0
 62
1
 10
122.75
 20
-146.851
 30
0.0
 11
122.61
 21
-147.01
 31
0.0
  0
LINE
  5
10D2
  8
0
 62
1
 10
122.61
 20
-147.01
 30
0.0
 11
122.46
 21
-147.16
 31
0.0
  0
LINE
  5
10D3
  8
0
 62
1
 10
122.46
 20
-147.16
 30
0.0
 11
122.301
 21
-147.3
 31
0.0
  0
LINE
  5
10D4
  8
0
 62
1
 10
122.301
 20
-147.3
 30
0.0
 11
122.134
 21
-147.43
 31
0.0
  0
LINE
  5
10D5
  8
0
 62
1
 10
122.134
 20
-147.43
 30
0.0
 11
121.958
 21
-147.55
 31
0.0
  0
LINE
  5
10D6
  8
0
 62
1
 10
121.958
 20
-147.55
 30
0.0
 11
121.776
 21
-147.658
 31
0.0
  0
LINE
  5
10D7
  8
0
 62
1
 10
121.776
 20
-147.658
 30
0.0
 11
121.587
 21
-147.754
 31
0.0
  0
LINE
  5
10D8
  8
0
 62
1
 10
121.587
 20
-147.754
 30
0.0
 11
121.392
 21
-147.838
 31
0.0
  0
LINE
  5
10D9
  8
0
 62
1
 10
121.392
 20
-147.838
 30
0.0
 11
121.193
 21
-147.91
 31
0.0
  0
LINE
  5
10DA
  8
0
 62
1
 10
121.193
 20
-147.91
 30
0.0
 11
120.989
 21
-147.969
 31
0.0
  0
LINE
  5
10DB
  8
0
 62
1
 10
120.989
 20
-147.969
 30
0.0
 11
120.782
 21
-148.015
 31
0.0
  0
LINE
  5
10DC
  8
0
 62
1
 10
120.782
 20
-148.015
 30
0.0
 11
120.573
 21
-148.048
 31
0.0
  0
LINE
  5
10DD
  8
0
 62
1
 10
120.573
 20
-148.048
 30
0.0
 11
120.362
 21
-148.068
 31
0.0
  0
LINE
  5
10DE
  8
0
 62
1
 10
120.362
 20
-148.068
 30
0.0
 11
120.15
 21
-148.075
 31
0.0
  0
LINE
  5
10DF
  8
0
 62
1
 10
120.15
 20
-148.075
 30
0.0
 11
119.938
 21
-148.068
 31
0.0
  0
LINE
  5
10E0
  8
0
 62
1
 10
2.5
 20
-190.1
 30
0.0
 11
2.5
 21
-150.1
 31
0.0
  0
LINE
  5
10E1
  8
0
 62
1
 10
2.5
 20
-150.1
 30
0.0
 11
10.5
 21
-150.1
 31
0.0
  0
LINE
  5
10E2
  8
0
 62
1
 10
10.5
 20
-150.1
 30
0.0
 11
10.5
 21
-190.1
 31
0.0
  0
LINE
  5
10E3
  8
0
 62
1
 10
10.5
 20
-190.1
 30
0.0
 11
2.5
 21
-190.1
 31
0.0
  0
LINE
  5
10E4
  8
0
 62
1
 10
119.938
 20
-198.868
 30
0.0
 11
119.727
 21
-198.848
 31
0.0
  0
LINE
  5
10E5
  8
0
 62
1
 10
119.727
 20
-198.848
 30
0.0
 11
119.518
 21
-198.815
 31
0.0
  0
LINE
  5
10E6
  8
0
 62
1
 10
119.518
 20
-198.815
 30
0.0
 11
119.311
 21
-198.769
 31
0.0
  0
LINE
  5
10E7
  8
0
 62
1
 10
119.311
 20
-198.769
 30
0.0
 11
119.107
 21
-198.71
 31
0.0
  0
LINE
  5
10E8
  8
0
 62
1
 10
119.107
 20
-198.71
 30
0.0
 11
118.908
 21
-198.638
 31
0.0
  0
LINE
  5
10E9
  8
0
 62
1
 10
118.908
 20
-198.638
 30
0.0
 11
118.713
 21
-198.554
 31
0.0
  0
LINE
  5
10EA
  8
0
 62
1
 10
118.713
 20
-198.554
 30
0.0
 11
118.524
 21
-198.458
 31
0.0
  0
LINE
  5
10EB
  8
0
 62
1
 10
118.524
 20
-198.458
 30
0.0
 11
118.342
 21
-198.35
 31
0.0
  0
LINE
  5
10EC
  8
0
 62
1
 10
118.342
 20
-198.35
 30
0.0
 11
118.166
 21
-198.23
 31
0.0
  0
LINE
  5
10ED
  8
0
 62
1
 10
118.166
 20
-198.23
 30
0.0
 11
117.999
 21
-198.1
 31
0.0
  0
LINE
  5
10EE
  8
0
 62
1
 10
117.999
 20
-198.1
 30
0.0
 11
117.84
 21
-197.96
 31
0.0
  0
LINE
  5
10EF
  8
0
 62
1
 10
117.84
 20
-197.96
 30
0.0
 11
117.69
 21
-197.81
 31
0.0
  0
LINE
  5
10F0
  8
0
 62
1
 10
117.69
 20
-197.81
 30
0.0
 11
117.55
 21
-197.651
 31
0.0
  0
LINE
  5
10F1
  8
0
 62
1
 10
117.55
 20
-197.651
 30
0.0
 11
117.42
 21
-197.484
 31
0.0
  0
LINE
  5
10F2
  8
0
 62
1
 10
117.42
 20
-197.484
 30
0.0
 11
117.3
 21
-197.308
 31
0.0
  0
LINE
  5
10F3
  8
0
 62
1
 10
117.3
 20
-197.308
 30
0.0
 11
117.192
 21
-197.126
 31
0.0
  0
LINE
  5
10F4
  8
0
 62
1
 10
117.192
 20
-197.126
 30
0.0
 11
117.096
 21
-196.937
 31
0.0
  0
LINE
  5
10F5
  8
0
 62
1
 10
117.096
 20
-196.937
 30
0.0
 11
117.012
 21
-196.742
 31
0.0
  0
LINE
  5
10F6
  8
0
 62
1
 10
117.012
 20
-196.742
 30
0.0
 11
116.94
 21
-196.543
 31
0.0
  0
LINE
  5
10F7
  8
0
 62
1
 10
116.94
 20
-196.543
 30
0.0
 11
116.881
 21
-196.339
 31
0.0
  0
LINE
  5
10F8
  8
0
 62
1
 10
116.881
 20
-196.339
 30
0.0
 11
116.835
 21
-196.132
 31
0.0
  0
LINE
  5
10F9
  8
0
 62
1
 10
116.835
 20
-196.132
 30
0.0
 11
116.802
 21
-195.923
 31
0.0
  0
LINE
  5
10FA
  8
0
 62
1
 10
116.802
 20
-195.923
 30
0.0
 11
116.782
 21
-195.712
 31
0.0
  0
LINE
  5
10FB
  8
0
 62
1
 10
116.782
 20
-195.712
 30
0.0
 11
116.775
 21
-195.5
 31
0.0
  0
LINE
  5
10FC
  8
0
 62
1
 10
116.775
 20
-195.5
 30
0.0
 11
116.782
 21
-195.288
 31
0.0
  0
LINE
  5
10FD
  8
0
 62
1
 10
116.782
 20
-195.288
 30
0.0
 11
116.802
 21
-195.077
 31
0.0
  0
LINE
  5
10FE
  8
0
 62
1
 10
116.802
 20
-195.077
 30
0.0
 11
116.835
 21
-194.868
 31
0.0
  0
LINE
  5
10FF
  8
0
 62
1
 10
116.835
 20
-194.868
 30
0.0
 11
116.881
 21
-194.661
 31
0.0
  0
LINE
  5
1100
  8
0
 62
1
 10
116.881
 20
-194.661
 30
0.0
 11
116.94
 21
-194.457
 31
0.0
  0
LINE
  5
1101
  8
0
 62
1
 10
116.94
 20
-194.457
 30
0.0
 11
117.012
 21
-194.258
 31
0.0
  0
LINE
  5
1102
  8
0
 62
1
 10
117.012
 20
-194.258
 30
0.0
 11
117.096
 21
-194.063
 31
0.0
  0
LINE
  5
1103
  8
0
 62
1
 10
117.096
 20
-194.063
 30
0.0
 11
117.192
 21
-193.874
 31
0.0
  0
LINE
  5
1104
  8
0
 62
1
 10
117.192
 20
-193.874
 30
0.0
 11
117.3
 21
-193.692
 31
0.0
  0
LINE
  5
1105
  8
0
 62
1
 10
117.3
 20
-193.692
 30
0.0
 11
117.42
 21
-193.516
 31
0.0
  0
LINE
  5
1106
  8
0
 62
1
 10
117.42
 20
-193.516
 30
0.0
 11
117.55
 21
-193.349
 31
0.0
  0
LINE
  5
1107
  8
0
 62
1
 10
117.55
 20
-193.349
 30
0.0
 11
117.69
 21
-193.19
 31
0.0
  0
LINE
  5
1108
  8
0
 62
1
 10
117.69
 20
-193.19
 30
0.0
 11
117.84
 21
-193.04
 31
0.0
  0
LINE
  5
1109
  8
0
 62
1
 10
117.84
 20
-193.04
 30
0.0
 11
117.999
 21
-192.9
 31
0.0
  0
LINE
  5
110A
  8
0
 62
1
 10
117.999
 20
-192.9
 30
0.0
 11
118.166
 21
-192.77
 31
0.0
  0
LINE
  5
110B
  8
0
 62
1
 10
118.166
 20
-192.77
 30
0.0
 11
118.342
 21
-192.65
 31
0.0
  0
LINE
  5
110C
  8
0
 62
1
 10
118.342
 20
-192.65
 30
0.0
 11
118.524
 21
-192.542
 31
0.0
  0
LINE
  5
110D
  8
0
 62
1
 10
118.524
 20
-192.542
 30
0.0
 11
118.713
 21
-192.446
 31
0.0
  0
LINE
  5
110E
  8
0
 62
1
 10
118.713
 20
-192.446
 30
0.0
 11
118.908
 21
-192.362
 31
0.0
  0
LINE
  5
110F
  8
0
 62
1
 10
118.908
 20
-192.362
 30
0.0
 11
119.107
 21
-192.29
 31
0.0
  0
LINE
  5
1110
  8
0
 62
1
 10
119.107
 20
-192.29
 30
0.0
 11
119.311
 21
-192.231
 31
0.0
  0
LINE
  5
1111
  8
0
 62
1
 10
119.311
 20
-192.231
 30
0.0
 11
119.518
 21
-192.185
 31
0.0
  0
LINE
  5
1112
  8
0
 62
1
 10
119.518
 20
-192.185
 30
0.0
 11
119.727
 21
-192.152
 31
0.0
  0
LINE
  5
1113
  8
0
 62
1
 10
119.727
 20
-192.152
 30
0.0
 11
119.938
 21
-192.132
 31
0.0
  0
LINE
  5
1114
  8
0
 62
1
 10
119.938
 20
-192.132
 30
0.0
 11
120.15
 21
-192.125
 31
0.0
  0
LINE
  5
1115
  8
0
 62
1
 10
120.15
 20
-192.125
 30
0.0
 11
120.362
 21
-192.132
 31
0.0
  0
LINE
  5
1116
  8
0
 62
1
 10
120.362
 20
-192.132
 30
0.0
 11
120.573
 21
-192.152
 31
0.0
  0
LINE
  5
1117
  8
0
 62
1
 10
120.573
 20
-192.152
 30
0.0
 11
120.782
 21
-192.185
 31
0.0
  0
LINE
  5
1118
  8
0
 62
1
 10
120.782
 20
-192.185
 30
0.0
 11
120.989
 21
-192.231
 31
0.0
  0
LINE
  5
1119
  8
0
 62
1
 10
120.989
 20
-192.231
 30
0.0
 11
121.193
 21
-192.29
 31
0.0
  0
LINE
  5
111A
  8
0
 62
1
 10
121.193
 20
-192.29
 30
0.0
 11
121.392
 21
-192.362
 31
0.0
  0
LINE
  5
111B
  8
0
 62
1
 10
121.392
 20
-192.362
 30
0.0
 11
121.587
 21
-192.446
 31
0.0
  0
LINE
  5
111C
  8
0
 62
1
 10
121.587
 20
-192.446
 30
0.0
 11
121.776
 21
-192.542
 31
0.0
  0
LINE
  5
111D
  8
0
 62
1
 10
121.776
 20
-192.542
 30
0.0
 11
121.958
 21
-192.65
 31
0.0
  0
LINE
  5
111E
  8
0
 62
1
 10
121.958
 20
-192.65
 30
0.0
 11
122.134
 21
-192.77
 31
0.0
  0
LINE
  5
111F
  8
0
 62
1
 10
122.134
 20
-192.77
 30
0.0
 11
122.301
 21
-192.9
 31
0.0
  0
LINE
  5
1120
  8
0
 62
1
 10
122.301
 20
-192.9
 30
0.0
 11
122.46
 21
-193.04
 31
0.0
  0
LINE
  5
1121
  8
0
 62
1
 10
122.46
 20
-193.04
 30
0.0
 11
122.61
 21
-193.19
 31
0.0
  0
LINE
  5
1122
  8
0
 62
1
 10
122.61
 20
-193.19
 30
0.0
 11
122.75
 21
-193.349
 31
0.0
  0
LINE
  5
1123
  8
0
 62
1
 10
122.75
 20
-193.349
 30
0.0
 11
122.88
 21
-193.516
 31
0.0
  0
LINE
  5
1124
  8
0
 62
1
 10
122.88
 20
-193.516
 30
0.0
 11
123.0
 21
-193.692
 31
0.0
  0
LINE
  5
1125
  8
0
 62
1
 10
123.0
 20
-193.692
 30
0.0
 11
123.108
 21
-193.874
 31
0.0
  0
LINE
  5
1126
  8
0
 62
1
 10
123.108
 20
-193.874
 30
0.0
 11
123.204
 21
-194.063
 31
0.0
  0
LINE
  5
1127
  8
0
 62
1
 10
123.204
 20
-194.063
 30
0.0
 11
123.288
 21
-194.258
 31
0.0
  0
LINE
  5
1128
  8
0
 62
1
 10
123.288
 20
-194.258
 30
0.0
 11
123.36
 21
-194.457
 31
0.0
  0
LINE
  5
1129
  8
0
 62
1
 10
123.36
 20
-194.457
 30
0.0
 11
123.419
 21
-194.661
 31
0.0
  0
LINE
  5
112A
  8
0
 62
1
 10
123.419
 20
-194.661
 30
0.0
 11
123.465
 21
-194.868
 31
0.0
  0
LINE
  5
112B
  8
0
 62
1
 10
123.465
 20
-194.868
 30
0.0
 11
123.498
 21
-195.077
 31
0.0
  0
LINE
  5
112C
  8
0
 62
1
 10
123.498
 20
-195.077
 30
0.0
 11
123.518
 21
-195.288
 31
0.0
  0
LINE
  5
112D
  8
0
 62
1
 10
123.518
 20
-195.288
 30
0.0
 11
123.525
 21
-195.5
 31
0.0
  0
LINE
  5
112E
  8
0
 62
1
 10
123.525
 20
-195.5
 30
0.0
 11
123.518
 21
-195.712
 31
0.0
  0
LINE
  5
112F
  8
0
 62
1
 10
123.518
 20
-195.712
 30
0.0
 11
123.498
 21
-195.923
 31
0.0
  0
LINE
  5
1130
  8
0
 62
1
 10
123.498
 20
-195.923
 30
0.0
 11
123.465
 21
-196.132
 31
0.0
  0
LINE
  5
1131
  8
0
 62
1
 10
123.465
 20
-196.132
 30
0.0
 11
123.419
 21
-196.339
 31
0.0
  0
LINE
  5
1132
  8
0
 62
1
 10
123.419
 20
-196.339
 30
0.0
 11
123.36
 21
-196.543
 31
0.0
  0
LINE
  5
1133
  8
0
 62
1
 10
123.36
 20
-196.543
 30
0.0
 11
123.288
 21
-196.742
 31
0.0
  0
LINE
  5
1134
  8
0
 62
1
 10
123.288
 20
-196.742
 30
0.0
 11
123.204
 21
-196.937
 31
0.0
  0
LINE
  5
1135
  8
0
 62
1
 10
123.204
 20
-196.937
 30
0.0
 11
123.108
 21
-197.126
 31
0.0
  0
LINE
  5
1136
  8
0
 62
1
 10
123.108
 20
-197.126
 30
0.0
 11
123.0
 21
-197.308
 31
0.0
  0
LINE
  5
1137
  8
0
 62
1
 10
123.0
 20
-197.308
 30
0.0
 11
122.88
 21
-197.484
 31
0.0
  0
LINE
  5
1138
  8
0
 62
1
 10
122.88
 20
-197.484
 30
0.0
 11
122.75
 21
-197.651
 31
0.0
  0
LINE
  5
1139
  8
0
 62
1
 10
122.75
 20
-197.651
 30
0.0
 11
122.61
 21
-197.81
 31
0.0
  0
LINE
  5
113A
  8
0
 62
1
 10
122.61
 20
-197.81
 30
0.0
 11
122.46
 21
-197.96
 31
0.0
  0
LINE
  5
113B
  8
0
 62
1
 10
122.46
 20
-197.96
 30
0.0
 11
122.301
 21
-198.1
 31
0.0
  0
LINE
  5
113C
  8
0
 62
1
 10
122.301
 20
-198.1
 30
0.0
 11
122.134
 21
-198.23
 31
0.0
  0
LINE
  5
113D
  8
0
 62
1
 10
122.134
 20
-198.23
 30
0.0
 11
121.958
 21
-198.35
 31
0.0
  0
LINE
  5
113E
  8
0
 62
1
 10
121.958
 20
-198.35
 30
0.0
 11
121.776
 21
-198.458
 31
0.0
  0
LINE
  5
113F
  8
0
 62
1
 10
121.776
 20
-198.458
 30
0.0
 11
121.587
 21
-198.554
 31
0.0
  0
LINE
  5
1140
  8
0
 62
1
 10
121.587
 20
-198.554
 30
0.0
 11
121.392
 21
-198.638
 31
0.0
  0
LINE
  5
1141
  8
0
 62
1
 10
121.392
 20
-198.638
 30
0.0
 11
121.193
 21
-198.71
 31
0.0
  0
LINE
  5
1142
  8
0
 62
1
 10
121.193
 20
-198.71
 30
0.0
 11
120.989
 21
-198.769
 31
0.0
  0
LINE
  5
1143
  8
0
 62
1
 10
120.989
 20
-198.769
 30
0.0
 11
120.782
 21
-198.815
 31
0.0
  0
LINE
  5
1144
  8
0
 62
1
 10
120.782
 20
-198.815
 30
0.0
 11
120.573
 21
-198.848
 31
0.0
  0
LINE
  5
1145
  8
0
 62
1
 10
120.573
 20
-198.848
 30
0.0
 11
120.362
 21
-198.868
 31
0.0
  0
LINE
  5
1146
  8
0
 62
1
 10
120.362
 20
-198.868
 30
0.0
 11
120.15
 21
-198.875
 31
0.0
  0
LINE
  5
1147
  8
0
 62
1
 10
120.15
 20
-198.875
 30
0.0
 11
119.938
 21
-198.868
 31
0.0
  0
LINE
  5
1148
  8
0
 62
1
 10
-107.362
 20
-198.868
 30
0.0
 11
-107.573
 21
-198.848
 31
0.0
  0
LINE
  5
1149
  8
0
 62
1
 10
-107.573
 20
-198.848
 30
0.0
 11
-107.782
 21
-198.815
 31
0.0
  0
LINE
  5
114A
  8
0
 62
1
 10
-107.782
 20
-198.815
 30
0.0
 11
-107.989
 21
-198.769
 31
0.0
  0
LINE
  5
114B
  8
0
 62
1
 10
-107.989
 20
-198.769
 30
0.0
 11
-108.193
 21
-198.71
 31
0.0
  0
LINE
  5
114C
  8
0
 62
1
 10
-108.193
 20
-198.71
 30
0.0
 11
-108.392
 21
-198.638
 31
0.0
  0
LINE
  5
114D
  8
0
 62
1
 10
-108.392
 20
-198.638
 30
0.0
 11
-108.587
 21
-198.554
 31
0.0
  0
LINE
  5
114E
  8
0
 62
1
 10
-108.587
 20
-198.554
 30
0.0
 11
-108.776
 21
-198.458
 31
0.0
  0
LINE
  5
114F
  8
0
 62
1
 10
-108.776
 20
-198.458
 30
0.0
 11
-108.958
 21
-198.35
 31
0.0
  0
LINE
  5
1150
  8
0
 62
1
 10
-108.958
 20
-198.35
 30
0.0
 11
-109.134
 21
-198.23
 31
0.0
  0
LINE
  5
1151
  8
0
 62
1
 10
-109.134
 20
-198.23
 30
0.0
 11
-109.301
 21
-198.1
 31
0.0
  0
LINE
  5
1152
  8
0
 62
1
 10
-109.301
 20
-198.1
 30
0.0
 11
-109.46
 21
-197.96
 31
0.0
  0
LINE
  5
1153
  8
0
 62
1
 10
-109.46
 20
-197.96
 30
0.0
 11
-109.61
 21
-197.81
 31
0.0
  0
LINE
  5
1154
  8
0
 62
1
 10
-109.61
 20
-197.81
 30
0.0
 11
-109.75
 21
-197.651
 31
0.0
  0
LINE
  5
1155
  8
0
 62
1
 10
-109.75
 20
-197.651
 30
0.0
 11
-109.88
 21
-197.484
 31
0.0
  0
LINE
  5
1156
  8
0
 62
1
 10
-109.88
 20
-197.484
 30
0.0
 11
-110.0
 21
-197.308
 31
0.0
  0
LINE
  5
1157
  8
0
 62
1
 10
-110.0
 20
-197.308
 30
0.0
 11
-110.108
 21
-197.126
 31
0.0
  0
LINE
  5
1158
  8
0
 62
1
 10
-110.108
 20
-197.126
 30
0.0
 11
-110.204
 21
-196.937
 31
0.0
  0
LINE
  5
1159
  8
0
 62
1
 10
-110.204
 20
-196.937
 30
0.0
 11
-110.288
 21
-196.742
 31
0.0
  0
LINE
  5
115A
  8
0
 62
1
 10
-110.288
 20
-196.742
 30
0.0
 11
-110.36
 21
-196.543
 31
0.0
  0
LINE
  5
115B
  8
0
 62
1
 10
-110.36
 20
-196.543
 30
0.0
 11
-110.419
 21
-196.339
 31
0.0
  0
LINE
  5
115C
  8
0
 62
1
 10
-110.419
 20
-196.339
 30
0.0
 11
-110.465
 21
-196.132
 31
0.0
  0
LINE
  5
115D
  8
0
 62
1
 10
-110.465
 20
-196.132
 30
0.0
 11
-110.498
 21
-195.923
 31
0.0
  0
LINE
  5
115E
  8
0
 62
1
 10
-110.498
 20
-195.923
 30
0.0
 11
-110.518
 21
-195.712
 31
0.0
  0
LINE
  5
115F
  8
0
 62
1
 10
-110.518
 20
-195.712
 30
0.0
 11
-110.525
 21
-195.5
 31
0.0
  0
LINE
  5
1160
  8
0
 62
1
 10
-110.525
 20
-195.5
 30
0.0
 11
-110.518
 21
-195.288
 31
0.0
  0
LINE
  5
1161
  8
0
 62
1
 10
-110.518
 20
-195.288
 30
0.0
 11
-110.498
 21
-195.077
 31
0.0
  0
LINE
  5
1162
  8
0
 62
1
 10
-110.498
 20
-195.077
 30
0.0
 11
-110.465
 21
-194.868
 31
0.0
  0
LINE
  5
1163
  8
0
 62
1
 10
-110.465
 20
-194.868
 30
0.0
 11
-110.419
 21
-194.661
 31
0.0
  0
LINE
  5
1164
  8
0
 62
1
 10
-110.419
 20
-194.661
 30
0.0
 11
-110.36
 21
-194.457
 31
0.0
  0
LINE
  5
1165
  8
0
 62
1
 10
-110.36
 20
-194.457
 30
0.0
 11
-110.288
 21
-194.258
 31
0.0
  0
LINE
  5
1166
  8
0
 62
1
 10
-110.288
 20
-194.258
 30
0.0
 11
-110.204
 21
-194.063
 31
0.0
  0
LINE
  5
1167
  8
0
 62
1
 10
-110.204
 20
-194.063
 30
0.0
 11
-110.108
 21
-193.874
 31
0.0
  0
LINE
  5
1168
  8
0
 62
1
 10
-110.108
 20
-193.874
 30
0.0
 11
-110.0
 21
-193.692
 31
0.0
  0
LINE
  5
1169
  8
0
 62
1
 10
-110.0
 20
-193.692
 30
0.0
 11
-109.88
 21
-193.516
 31
0.0
  0
LINE
  5
116A
  8
0
 62
1
 10
-109.88
 20
-193.516
 30
0.0
 11
-109.75
 21
-193.349
 31
0.0
  0
LINE
  5
116B
  8
0
 62
1
 10
-109.75
 20
-193.349
 30
0.0
 11
-109.61
 21
-193.19
 31
0.0
  0
LINE
  5
116C
  8
0
 62
1
 10
-109.61
 20
-193.19
 30
0.0
 11
-109.46
 21
-193.04
 31
0.0
  0
LINE
  5
116D
  8
0
 62
1
 10
-109.46
 20
-193.04
 30
0.0
 11
-109.301
 21
-192.9
 31
0.0
  0
LINE
  5
116E
  8
0
 62
1
 10
-109.301
 20
-192.9
 30
0.0
 11
-109.134
 21
-192.77
 31
0.0
  0
LINE
  5
116F
  8
0
 62
1
 10
-109.134
 20
-192.77
 30
0.0
 11
-108.958
 21
-192.65
 31
0.0
  0
LINE
  5
1170
  8
0
 62
1
 10
-108.958
 20
-192.65
 30
0.0
 11
-108.776
 21
-192.542
 31
0.0
  0
LINE
  5
1171
  8
0
 62
1
 10
-108.776
 20
-192.542
 30
0.0
 11
-108.587
 21
-192.446
 31
0.0
  0
LINE
  5
1172
  8
0
 62
1
 10
-108.587
 20
-192.446
 30
0.0
 11
-108.392
 21
-192.362
 31
0.0
  0
LINE
  5
1173
  8
0
 62
1
 10
-108.392
 20
-192.362
 30
0.0
 11
-108.193
 21
-192.29
 31
0.0
  0
LINE
  5
1174
  8
0
 62
1
 10
-108.193
 20
-192.29
 30
0.0
 11
-107.989
 21
-192.231
 31
0.0
  0
LINE
  5
1175
  8
0
 62
1
 10
-107.989
 20
-192.231
 30
0.0
 11
-107.782
 21
-192.185
 31
0.0
  0
LINE
  5
1176
  8
0
 62
1
 10
-107.782
 20
-192.185
 30
0.0
 11
-107.573
 21
-192.152
 31
0.0
  0
LINE
  5
1177
  8
0
 62
1
 10
-107.573
 20
-192.152
 30
0.0
 11
-107.362
 21
-192.132
 31
0.0
  0
LINE
  5
1178
  8
0
 62
1
 10
-107.362
 20
-192.132
 30
0.0
 11
-107.15
 21
-192.125
 31
0.0
  0
LINE
  5
1179
  8
0
 62
1
 10
-107.15
 20
-192.125
 30
0.0
 11
-106.938
 21
-192.132
 31
0.0
  0
LINE
  5
117A
  8
0
 62
1
 10
-106.938
 20
-192.132
 30
0.0
 11
-106.727
 21
-192.152
 31
0.0
  0
LINE
  5
117B
  8
0
 62
1
 10
-106.727
 20
-192.152
 30
0.0
 11
-106.518
 21
-192.185
 31
0.0
  0
LINE
  5
117C
  8
0
 62
1
 10
-106.518
 20
-192.185
 30
0.0
 11
-106.311
 21
-192.231
 31
0.0
  0
LINE
  5
117D
  8
0
 62
1
 10
-106.311
 20
-192.231
 30
0.0
 11
-106.107
 21
-192.29
 31
0.0
  0
LINE
  5
117E
  8
0
 62
1
 10
-106.107
 20
-192.29
 30
0.0
 11
-105.908
 21
-192.362
 31
0.0
  0
LINE
  5
117F
  8
0
 62
1
 10
-105.908
 20
-192.362
 30
0.0
 11
-105.713
 21
-192.446
 31
0.0
  0
LINE
  5
1180
  8
0
 62
1
 10
-105.713
 20
-192.446
 30
0.0
 11
-105.524
 21
-192.542
 31
0.0
  0
LINE
  5
1181
  8
0
 62
1
 10
-105.524
 20
-192.542
 30
0.0
 11
-105.342
 21
-192.65
 31
0.0
  0
LINE
  5
1182
  8
0
 62
1
 10
-105.342
 20
-192.65
 30
0.0
 11
-105.166
 21
-192.77
 31
0.0
  0
LINE
  5
1183
  8
0
 62
1
 10
-105.166
 20
-192.77
 30
0.0
 11
-104.999
 21
-192.9
 31
0.0
  0
LINE
  5
1184
  8
0
 62
1
 10
-104.999
 20
-192.9
 30
0.0
 11
-104.84
 21
-193.04
 31
0.0
  0
LINE
  5
1185
  8
0
 62
1
 10
-104.84
 20
-193.04
 30
0.0
 11
-104.69
 21
-193.19
 31
0.0
  0
LINE
  5
1186
  8
0
 62
1
 10
-104.69
 20
-193.19
 30
0.0
 11
-104.55
 21
-193.349
 31
0.0
  0
LINE
  5
1187
  8
0
 62
1
 10
-104.55
 20
-193.349
 30
0.0
 11
-104.42
 21
-193.516
 31
0.0
  0
LINE
  5
1188
  8
0
 62
1
 10
-104.42
 20
-193.516
 30
0.0
 11
-104.3
 21
-193.692
 31
0.0
  0
LINE
  5
1189
  8
0
 62
1
 10
-104.3
 20
-193.692
 30
0.0
 11
-104.192
 21
-193.874
 31
0.0
  0
LINE
  5
118A
  8
0
 62
1
 10
-104.192
 20
-193.874
 30
0.0
 11
-104.096
 21
-194.063
 31
0.0
  0
LINE
  5
118B
  8
0
 62
1
 10
-104.096
 20
-194.063
 30
0.0
 11
-104.012
 21
-194.258
 31
0.0
  0
LINE
  5
118C
  8
0
 62
1
 10
-104.012
 20
-194.258
 30
0.0
 11
-103.94
 21
-194.457
 31
0.0
  0
LINE
  5
118D
  8
0
 62
1
 10
-103.94
 20
-194.457
 30
0.0
 11
-103.881
 21
-194.661
 31
0.0
  0
LINE
  5
118E
  8
0
 62
1
 10
-103.881
 20
-194.661
 30
0.0
 11
-103.835
 21
-194.868
 31
0.0
  0
LINE
  5
118F
  8
0
 62
1
 10
-103.835
 20
-194.868
 30
0.0
 11
-103.802
 21
-195.077
 31
0.0
  0
LINE
  5
1190
  8
0
 62
1
 10
-103.802
 20
-195.077
 30
0.0
 11
-103.782
 21
-195.288
 31
0.0
  0
LINE
  5
1191
  8
0
 62
1
 10
-103.782
 20
-195.288
 30
0.0
 11
-103.775
 21
-195.5
 31
0.0
  0
LINE
  5
1192
  8
0
 62
1
 10
-103.775
 20
-195.5
 30
0.0
 11
-103.782
 21
-195.712
 31
0.0
  0
LINE
  5
1193
  8
0
 62
1
 10
-103.782
 20
-195.712
 30
0.0
 11
-103.802
 21
-195.923
 31
0.0
  0
LINE
  5
1194
  8
0
 62
1
 10
-103.802
 20
-195.923
 30
0.0
 11
-103.835
 21
-196.132
 31
0.0
  0
LINE
  5
1195
  8
0
 62
1
 10
-103.835
 20
-196.132
 30
0.0
 11
-103.881
 21
-196.339
 31
0.0
  0
LINE
  5
1196
  8
0
 62
1
 10
-103.881
 20
-196.339
 30
0.0
 11
-103.94
 21
-196.543
 31
0.0
  0
LINE
  5
1197
  8
0
 62
1
 10
-103.94
 20
-196.543
 30
0.0
 11
-104.012
 21
-196.742
 31
0.0
  0
LINE
  5
1198
  8
0
 62
1
 10
-104.012
 20
-196.742
 30
0.0
 11
-104.096
 21
-196.937
 31
0.0
  0
LINE
  5
1199
  8
0
 62
1
 10
-104.096
 20
-196.937
 30
0.0
 11
-104.192
 21
-197.126
 31
0.0
  0
LINE
  5
119A
  8
0
 62
1
 10
-104.192
 20
-197.126
 30
0.0
 11
-104.3
 21
-197.308
 31
0.0
  0
LINE
  5
119B
  8
0
 62
1
 10
-104.3
 20
-197.308
 30
0.0
 11
-104.42
 21
-197.484
 31
0.0
  0
LINE
  5
119C
  8
0
 62
1
 10
-104.42
 20
-197.484
 30
0.0
 11
-104.55
 21
-197.651
 31
0.0
  0
LINE
  5
119D
  8
0
 62
1
 10
-104.55
 20
-197.651
 30
0.0
 11
-104.69
 21
-197.81
 31
0.0
  0
LINE
  5
119E
  8
0
 62
1
 10
-104.69
 20
-197.81
 30
0.0
 11
-104.84
 21
-197.96
 31
0.0
  0
LINE
  5
119F
  8
0
 62
1
 10
-104.84
 20
-197.96
 30
0.0
 11
-104.999
 21
-198.1
 31
0.0
  0
LINE
  5
11A0
  8
0
 62
1
 10
-104.999
 20
-198.1
 30
0.0
 11
-105.166
 21
-198.23
 31
0.0
  0
LINE
  5
11A1
  8
0
 62
1
 10
-105.166
 20
-198.23
 30
0.0
 11
-105.342
 21
-198.35
 31
0.0
  0
LINE
  5
11A2
  8
0
 62
1
 10
-105.342
 20
-198.35
 30
0.0
 11
-105.524
 21
-198.458
 31
0.0
  0
LINE
  5
11A3
  8
0
 62
1
 10
-105.524
 20
-198.458
 30
0.0
 11
-105.713
 21
-198.554
 31
0.0
  0
LINE
  5
11A4
  8
0
 62
1
 10
-105.713
 20
-198.554
 30
0.0
 11
-105.908
 21
-198.638
 31
0.0
  0
LINE
  5
11A5
  8
0
 62
1
 10
-105.908
 20
-198.638
 30
0.0
 11
-106.107
 21
-198.71
 31
0.0
  0
LINE
  5
11A6
  8
0
 62
1
 10
-106.107
 20
-198.71
 30
0.0
 11
-106.311
 21
-198.769
 31
0.0
  0
LINE
  5
11A7
  8
0
 62
1
 10
-106.311
 20
-198.769
 30
0.0
 11
-106.518
 21
-198.815
 31
0.0
  0
LINE
  5
11A8
  8
0
 62
1
 10
-106.518
 20
-198.815
 30
0.0
 11
-106.727
 21
-198.848
 31
0.0
  0
LINE
  5
11A9
  8
0
 62
1
 10
-106.727
 20
-198.848
 30
0.0
 11
-106.938
 21
-198.868
 31
0.0
  0
LINE
  5
11AA
  8
0
 62
1
 10
-106.938
 20
-198.868
 30
0.0
 11
-107.15
 21
-198.875
 31
0.0
  0
LINE
  5
11AB
  8
0
 62
1
 10
-107.15
 20
-198.875
 30
0.0
 11
-107.362
 21
-198.868
 31
0.0
  0
LINE
  5
11AC
  8
0
 62
1
 10
-107.362
 20
-224.268
 30
0.0
 11
-107.573
 21
-224.248
 31
0.0
  0
LINE
  5
11AD
  8
0
 62
1
 10
-107.573
 20
-224.248
 30
0.0
 11
-107.782
 21
-224.215
 31
0.0
  0
LINE
  5
11AE
  8
0
 62
1
 10
-107.782
 20
-224.215
 30
0.0
 11
-107.989
 21
-224.169
 31
0.0
  0
LINE
  5
11AF
  8
0
 62
1
 10
-107.989
 20
-224.169
 30
0.0
 11
-108.193
 21
-224.11
 31
0.0
  0
LINE
  5
11B0
  8
0
 62
1
 10
-108.193
 20
-224.11
 30
0.0
 11
-108.392
 21
-224.038
 31
0.0
  0
LINE
  5
11B1
  8
0
 62
1
 10
-108.392
 20
-224.038
 30
0.0
 11
-108.587
 21
-223.954
 31
0.0
  0
LINE
  5
11B2
  8
0
 62
1
 10
-108.587
 20
-223.954
 30
0.0
 11
-108.776
 21
-223.858
 31
0.0
  0
LINE
  5
11B3
  8
0
 62
1
 10
-108.776
 20
-223.858
 30
0.0
 11
-108.958
 21
-223.75
 31
0.0
  0
LINE
  5
11B4
  8
0
 62
1
 10
-108.958
 20
-223.75
 30
0.0
 11
-109.134
 21
-223.63
 31
0.0
  0
LINE
  5
11B5
  8
0
 62
1
 10
-109.134
 20
-223.63
 30
0.0
 11
-109.301
 21
-223.5
 31
0.0
  0
LINE
  5
11B6
  8
0
 62
1
 10
-109.301
 20
-223.5
 30
0.0
 11
-109.46
 21
-223.36
 31
0.0
  0
LINE
  5
11B7
  8
0
 62
1
 10
-109.46
 20
-223.36
 30
0.0
 11
-109.61
 21
-223.21
 31
0.0
  0
LINE
  5
11B8
  8
0
 62
1
 10
-109.61
 20
-223.21
 30
0.0
 11
-109.75
 21
-223.051
 31
0.0
  0
LINE
  5
11B9
  8
0
 62
1
 10
-109.75
 20
-223.051
 30
0.0
 11
-109.88
 21
-222.884
 31
0.0
  0
LINE
  5
11BA
  8
0
 62
1
 10
-109.88
 20
-222.884
 30
0.0
 11
-110.0
 21
-222.708
 31
0.0
  0
LINE
  5
11BB
  8
0
 62
1
 10
-110.0
 20
-222.708
 30
0.0
 11
-110.108
 21
-222.526
 31
0.0
  0
LINE
  5
11BC
  8
0
 62
1
 10
-110.108
 20
-222.526
 30
0.0
 11
-110.204
 21
-222.337
 31
0.0
  0
LINE
  5
11BD
  8
0
 62
1
 10
-110.204
 20
-222.337
 30
0.0
 11
-110.288
 21
-222.142
 31
0.0
  0
LINE
  5
11BE
  8
0
 62
1
 10
-110.288
 20
-222.142
 30
0.0
 11
-110.36
 21
-221.943
 31
0.0
  0
LINE
  5
11BF
  8
0
 62
1
 10
-110.36
 20
-221.943
 30
0.0
 11
-110.419
 21
-221.739
 31
0.0
  0
LINE
  5
11C0
  8
0
 62
1
 10
-110.419
 20
-221.739
 30
0.0
 11
-110.465
 21
-221.532
 31
0.0
  0
LINE
  5
11C1
  8
0
 62
1
 10
-110.465
 20
-221.532
 30
0.0
 11
-110.498
 21
-221.323
 31
0.0
  0
LINE
  5
11C2
  8
0
 62
1
 10
-110.498
 20
-221.323
 30
0.0
 11
-110.518
 21
-221.112
 31
0.0
  0
LINE
  5
11C3
  8
0
 62
1
 10
-110.518
 20
-221.112
 30
0.0
 11
-110.525
 21
-220.9
 31
0.0
  0
LINE
  5
11C4
  8
0
 62
1
 10
-110.525
 20
-220.9
 30
0.0
 11
-110.518
 21
-220.688
 31
0.0
  0
LINE
  5
11C5
  8
0
 62
1
 10
-110.518
 20
-220.688
 30
0.0
 11
-110.498
 21
-220.477
 31
0.0
  0
LINE
  5
11C6
  8
0
 62
1
 10
-110.498
 20
-220.477
 30
0.0
 11
-110.465
 21
-220.268
 31
0.0
  0
LINE
  5
11C7
  8
0
 62
1
 10
-110.465
 20
-220.268
 30
0.0
 11
-110.419
 21
-220.061
 31
0.0
  0
LINE
  5
11C8
  8
0
 62
1
 10
-110.419
 20
-220.061
 30
0.0
 11
-110.36
 21
-219.857
 31
0.0
  0
LINE
  5
11C9
  8
0
 62
1
 10
-110.36
 20
-219.857
 30
0.0
 11
-110.288
 21
-219.658
 31
0.0
  0
LINE
  5
11CA
  8
0
 62
1
 10
-110.288
 20
-219.658
 30
0.0
 11
-110.204
 21
-219.463
 31
0.0
  0
LINE
  5
11CB
  8
0
 62
1
 10
-110.204
 20
-219.463
 30
0.0
 11
-110.108
 21
-219.274
 31
0.0
  0
LINE
  5
11CC
  8
0
 62
1
 10
-110.108
 20
-219.274
 30
0.0
 11
-110.0
 21
-219.092
 31
0.0
  0
LINE
  5
11CD
  8
0
 62
1
 10
-110.0
 20
-219.092
 30
0.0
 11
-109.88
 21
-218.916
 31
0.0
  0
LINE
  5
11CE
  8
0
 62
1
 10
-109.88
 20
-218.916
 30
0.0
 11
-109.75
 21
-218.749
 31
0.0
  0
LINE
  5
11CF
  8
0
 62
1
 10
-109.75
 20
-218.749
 30
0.0
 11
-109.61
 21
-218.59
 31
0.0
  0
LINE
  5
11D0
  8
0
 62
1
 10
-109.61
 20
-218.59
 30
0.0
 11
-109.46
 21
-218.44
 31
0.0
  0
LINE
  5
11D1
  8
0
 62
1
 10
-109.46
 20
-218.44
 30
0.0
 11
-109.301
 21
-218.299
 31
0.0
  0
LINE
  5
11D2
  8
0
 62
1
 10
-109.301
 20
-218.299
 30
0.0
 11
-109.134
 21
-218.17
 31
0.0
  0
LINE
  5
11D3
  8
0
 62
1
 10
-109.134
 20
-218.17
 30
0.0
 11
-108.958
 21
-218.05
 31
0.0
  0
LINE
  5
11D4
  8
0
 62
1
 10
-108.958
 20
-218.05
 30
0.0
 11
-108.776
 21
-217.942
 31
0.0
  0
LINE
  5
11D5
  8
0
 62
1
 10
-108.776
 20
-217.942
 30
0.0
 11
-108.587
 21
-217.846
 31
0.0
  0
LINE
  5
11D6
  8
0
 62
1
 10
-108.587
 20
-217.846
 30
0.0
 11
-108.392
 21
-217.762
 31
0.0
  0
LINE
  5
11D7
  8
0
 62
1
 10
-108.392
 20
-217.762
 30
0.0
 11
-108.193
 21
-217.69
 31
0.0
  0
LINE
  5
11D8
  8
0
 62
1
 10
-108.193
 20
-217.69
 30
0.0
 11
-107.989
 21
-217.631
 31
0.0
  0
LINE
  5
11D9
  8
0
 62
1
 10
-107.989
 20
-217.631
 30
0.0
 11
-107.782
 21
-217.585
 31
0.0
  0
LINE
  5
11DA
  8
0
 62
1
 10
-107.782
 20
-217.585
 30
0.0
 11
-107.573
 21
-217.552
 31
0.0
  0
LINE
  5
11DB
  8
0
 62
1
 10
-107.573
 20
-217.552
 30
0.0
 11
-107.362
 21
-217.532
 31
0.0
  0
LINE
  5
11DC
  8
0
 62
1
 10
-107.362
 20
-217.532
 30
0.0
 11
-107.15
 21
-217.525
 31
0.0
  0
LINE
  5
11DD
  8
0
 62
1
 10
-107.15
 20
-217.525
 30
0.0
 11
-106.938
 21
-217.532
 31
0.0
  0
LINE
  5
11DE
  8
0
 62
1
 10
-106.938
 20
-217.532
 30
0.0
 11
-106.727
 21
-217.552
 31
0.0
  0
LINE
  5
11DF
  8
0
 62
1
 10
-106.727
 20
-217.552
 30
0.0
 11
-106.518
 21
-217.585
 31
0.0
  0
LINE
  5
11E0
  8
0
 62
1
 10
-106.518
 20
-217.585
 30
0.0
 11
-106.311
 21
-217.631
 31
0.0
  0
LINE
  5
11E1
  8
0
 62
1
 10
-106.311
 20
-217.631
 30
0.0
 11
-106.107
 21
-217.69
 31
0.0
  0
LINE
  5
11E2
  8
0
 62
1
 10
-106.107
 20
-217.69
 30
0.0
 11
-105.908
 21
-217.762
 31
0.0
  0
LINE
  5
11E3
  8
0
 62
1
 10
-105.908
 20
-217.762
 30
0.0
 11
-105.713
 21
-217.846
 31
0.0
  0
LINE
  5
11E4
  8
0
 62
1
 10
-105.713
 20
-217.846
 30
0.0
 11
-105.524
 21
-217.942
 31
0.0
  0
LINE
  5
11E5
  8
0
 62
1
 10
-105.524
 20
-217.942
 30
0.0
 11
-105.342
 21
-218.05
 31
0.0
  0
LINE
  5
11E6
  8
0
 62
1
 10
-105.342
 20
-218.05
 30
0.0
 11
-105.166
 21
-218.17
 31
0.0
  0
LINE
  5
11E7
  8
0
 62
1
 10
-105.166
 20
-218.17
 30
0.0
 11
-104.999
 21
-218.299
 31
0.0
  0
LINE
  5
11E8
  8
0
 62
1
 10
-104.999
 20
-218.299
 30
0.0
 11
-104.84
 21
-218.44
 31
0.0
  0
LINE
  5
11E9
  8
0
 62
1
 10
-104.84
 20
-218.44
 30
0.0
 11
-104.69
 21
-218.59
 31
0.0
  0
LINE
  5
11EA
  8
0
 62
1
 10
-104.69
 20
-218.59
 30
0.0
 11
-104.55
 21
-218.749
 31
0.0
  0
LINE
  5
11EB
  8
0
 62
1
 10
-104.55
 20
-218.749
 30
0.0
 11
-104.42
 21
-218.916
 31
0.0
  0
LINE
  5
11EC
  8
0
 62
1
 10
-104.42
 20
-218.916
 30
0.0
 11
-104.3
 21
-219.092
 31
0.0
  0
LINE
  5
11ED
  8
0
 62
1
 10
-104.3
 20
-219.092
 30
0.0
 11
-104.192
 21
-219.274
 31
0.0
  0
LINE
  5
11EE
  8
0
 62
1
 10
-104.192
 20
-219.274
 30
0.0
 11
-104.096
 21
-219.463
 31
0.0
  0
LINE
  5
11EF
  8
0
 62
1
 10
-104.096
 20
-219.463
 30
0.0
 11
-104.012
 21
-219.658
 31
0.0
  0
LINE
  5
11F0
  8
0
 62
1
 10
-104.012
 20
-219.658
 30
0.0
 11
-103.94
 21
-219.857
 31
0.0
  0
LINE
  5
11F1
  8
0
 62
1
 10
-103.94
 20
-219.857
 30
0.0
 11
-103.881
 21
-220.061
 31
0.0
  0
LINE
  5
11F2
  8
0
 62
1
 10
-103.881
 20
-220.061
 30
0.0
 11
-103.835
 21
-220.268
 31
0.0
  0
LINE
  5
11F3
  8
0
 62
1
 10
-103.835
 20
-220.268
 30
0.0
 11
-103.802
 21
-220.477
 31
0.0
  0
LINE
  5
11F4
  8
0
 62
1
 10
-103.802
 20
-220.477
 30
0.0
 11
-103.782
 21
-220.688
 31
0.0
  0
LINE
  5
11F5
  8
0
 62
1
 10
-103.782
 20
-220.688
 30
0.0
 11
-103.775
 21
-220.9
 31
0.0
  0
LINE
  5
11F6
  8
0
 62
1
 10
-103.775
 20
-220.9
 30
0.0
 11
-103.782
 21
-221.112
 31
0.0
  0
LINE
  5
11F7
  8
0
 62
1
 10
-103.782
 20
-221.112
 30
0.0
 11
-103.802
 21
-221.323
 31
0.0
  0
LINE
  5
11F8
  8
0
 62
1
 10
-103.802
 20
-221.323
 30
0.0
 11
-103.835
 21
-221.532
 31
0.0
  0
LINE
  5
11F9
  8
0
 62
1
 10
-103.835
 20
-221.532
 30
0.0
 11
-103.881
 21
-221.739
 31
0.0
  0
LINE
  5
11FA
  8
0
 62
1
 10
-103.881
 20
-221.739
 30
0.0
 11
-103.94
 21
-221.943
 31
0.0
  0
LINE
  5
11FB
  8
0
 62
1
 10
-103.94
 20
-221.943
 30
0.0
 11
-104.012
 21
-222.142
 31
0.0
  0
LINE
  5
11FC
  8
0
 62
1
 10
-104.012
 20
-222.142
 30
0.0
 11
-104.096
 21
-222.337
 31
0.0
  0
LINE
  5
11FD
  8
0
 62
1
 10
-104.096
 20
-222.337
 30
0.0
 11
-104.192
 21
-222.526
 31
0.0
  0
LINE
  5
11FE
  8
0
 62
1
 10
-104.192
 20
-222.526
 30
0.0
 11
-104.3
 21
-222.708
 31
0.0
  0
LINE
  5
11FF
  8
0
 62
1
 10
-104.3
 20
-222.708
 30
0.0
 11
-104.42
 21
-222.884
 31
0.0
  0
LINE
  5
1200
  8
0
 62
1
 10
-104.42
 20
-222.884
 30
0.0
 11
-104.55
 21
-223.051
 31
0.0
  0
LINE
  5
1201
  8
0
 62
1
 10
-104.55
 20
-223.051
 30
0.0
 11
-104.69
 21
-223.21
 31
0.0
  0
LINE
  5
1202
  8
0
 62
1
 10
-104.69
 20
-223.21
 30
0.0
 11
-104.84
 21
-223.36
 31
0.0
  0
LINE
  5
1203
  8
0
 62
1
 10
-104.84
 20
-223.36
 30
0.0
 11
-104.999
 21
-223.5
 31
0.0
  0
LINE
  5
1204
  8
0
 62
1
 10
-104.999
 20
-223.5
 30
0.0
 11
-105.166
 21
-223.63
 31
0.0
  0
LINE
  5
1205
  8
0
 62
1
 10
-105.166
 20
-223.63
 30
0.0
 11
-105.342
 21
-223.75
 31
0.0
  0
LINE
  5
1206
  8
0
 62
1
 10
-105.342
 20
-223.75
 30
0.0
 11
-105.524
 21
-223.858
 31
0.0
  0
LINE
  5
1207
  8
0
 62
1
 10
-105.524
 20
-223.858
 30
0.0
 11
-105.713
 21
-223.954
 31
0.0
  0
LINE
  5
1208
  8
0
 62
1
 10
-105.713
 20
-223.954
 30
0.0
 11
-105.908
 21
-224.038
 31
0.0
  0
LINE
  5
1209
  8
0
 62
1
 10
-105.908
 20
-224.038
 30
0.0
 11
-106.107
 21
-224.11
 31
0.0
  0
LINE
  5
120A
  8
0
 62
1
 10
-106.107
 20
-224.11
 30
0.0
 11
-106.311
 21
-224.169
 31
0.0
  0
LINE
  5
120B
  8
0
 62
1
 10
-106.311
 20
-224.169
 30
0.0
 11
-106.518
 21
-224.215
 31
0.0
  0
LINE
  5
120C
  8
0
 62
1
 10
-106.518
 20
-224.215
 30
0.0
 11
-106.727
 21
-224.248
 31
0.0
  0
LINE
  5
120D
  8
0
 62
1
 10
-106.727
 20
-224.248
 30
0.0
 11
-106.938
 21
-224.268
 31
0.0
  0
LINE
  5
120E
  8
0
 62
1
 10
-106.938
 20
-224.268
 30
0.0
 11
-107.15
 21
-224.275
 31
0.0
  0
LINE
  5
120F
  8
0
 62
1
 10
-107.15
 20
-224.275
 30
0.0
 11
-107.362
 21
-224.268
 31
0.0
  0
LINE
  5
1210
  8
0
 62
1
 10
119.938
 20
-224.268
 30
0.0
 11
119.727
 21
-224.248
 31
0.0
  0
LINE
  5
1211
  8
0
 62
1
 10
119.727
 20
-224.248
 30
0.0
 11
119.518
 21
-224.215
 31
0.0
  0
LINE
  5
1212
  8
0
 62
1
 10
119.518
 20
-224.215
 30
0.0
 11
119.311
 21
-224.169
 31
0.0
  0
LINE
  5
1213
  8
0
 62
1
 10
119.311
 20
-224.169
 30
0.0
 11
119.107
 21
-224.11
 31
0.0
  0
LINE
  5
1214
  8
0
 62
1
 10
119.107
 20
-224.11
 30
0.0
 11
118.908
 21
-224.038
 31
0.0
  0
LINE
  5
1215
  8
0
 62
1
 10
118.908
 20
-224.038
 30
0.0
 11
118.713
 21
-223.954
 31
0.0
  0
LINE
  5
1216
  8
0
 62
1
 10
118.713
 20
-223.954
 30
0.0
 11
118.524
 21
-223.858
 31
0.0
  0
LINE
  5
1217
  8
0
 62
1
 10
118.524
 20
-223.858
 30
0.0
 11
118.342
 21
-223.75
 31
0.0
  0
LINE
  5
1218
  8
0
 62
1
 10
118.342
 20
-223.75
 30
0.0
 11
118.166
 21
-223.63
 31
0.0
  0
LINE
  5
1219
  8
0
 62
1
 10
118.166
 20
-223.63
 30
0.0
 11
117.999
 21
-223.5
 31
0.0
  0
LINE
  5
121A
  8
0
 62
1
 10
117.999
 20
-223.5
 30
0.0
 11
117.84
 21
-223.36
 31
0.0
  0
LINE
  5
121B
  8
0
 62
1
 10
117.84
 20
-223.36
 30
0.0
 11
117.69
 21
-223.21
 31
0.0
  0
LINE
  5
121C
  8
0
 62
1
 10
117.69
 20
-223.21
 30
0.0
 11
117.55
 21
-223.051
 31
0.0
  0
LINE
  5
121D
  8
0
 62
1
 10
117.55
 20
-223.051
 30
0.0
 11
117.42
 21
-222.884
 31
0.0
  0
LINE
  5
121E
  8
0
 62
1
 10
117.42
 20
-222.884
 30
0.0
 11
117.3
 21
-222.708
 31
0.0
  0
LINE
  5
121F
  8
0
 62
1
 10
117.3
 20
-222.708
 30
0.0
 11
117.192
 21
-222.526
 31
0.0
  0
LINE
  5
1220
  8
0
 62
1
 10
117.192
 20
-222.526
 30
0.0
 11
117.096
 21
-222.337
 31
0.0
  0
LINE
  5
1221
  8
0
 62
1
 10
117.096
 20
-222.337
 30
0.0
 11
117.012
 21
-222.142
 31
0.0
  0
LINE
  5
1222
  8
0
 62
1
 10
117.012
 20
-222.142
 30
0.0
 11
116.94
 21
-221.943
 31
0.0
  0
LINE
  5
1223
  8
0
 62
1
 10
116.94
 20
-221.943
 30
0.0
 11
116.881
 21
-221.739
 31
0.0
  0
LINE
  5
1224
  8
0
 62
1
 10
116.881
 20
-221.739
 30
0.0
 11
116.835
 21
-221.532
 31
0.0
  0
LINE
  5
1225
  8
0
 62
1
 10
116.835
 20
-221.532
 30
0.0
 11
116.802
 21
-221.323
 31
0.0
  0
LINE
  5
1226
  8
0
 62
1
 10
116.802
 20
-221.323
 30
0.0
 11
116.782
 21
-221.112
 31
0.0
  0
LINE
  5
1227
  8
0
 62
1
 10
116.782
 20
-221.112
 30
0.0
 11
116.775
 21
-220.9
 31
0.0
  0
LINE
  5
1228
  8
0
 62
1
 10
116.775
 20
-220.9
 30
0.0
 11
116.782
 21
-220.688
 31
0.0
  0
LINE
  5
1229
  8
0
 62
1
 10
116.782
 20
-220.688
 30
0.0
 11
116.802
 21
-220.477
 31
0.0
  0
LINE
  5
122A
  8
0
 62
1
 10
116.802
 20
-220.477
 30
0.0
 11
116.835
 21
-220.268
 31
0.0
  0
LINE
  5
122B
  8
0
 62
1
 10
116.835
 20
-220.268
 30
0.0
 11
116.881
 21
-220.061
 31
0.0
  0
LINE
  5
122C
  8
0
 62
1
 10
116.881
 20
-220.061
 30
0.0
 11
116.94
 21
-219.857
 31
0.0
  0
LINE
  5
122D
  8
0
 62
1
 10
116.94
 20
-219.857
 30
0.0
 11
117.012
 21
-219.658
 31
0.0
  0
LINE
  5
122E
  8
0
 62
1
 10
117.012
 20
-219.658
 30
0.0
 11
117.096
 21
-219.463
 31
0.0
  0
LINE
  5
122F
  8
0
 62
1
 10
117.096
 20
-219.463
 30
0.0
 11
117.192
 21
-219.274
 31
0.0
  0
LINE
  5
1230
  8
0
 62
1
 10
117.192
 20
-219.274
 30
0.0
 11
117.3
 21
-219.092
 31
0.0
  0
LINE
  5
1231
  8
0
 62
1
 10
117.3
 20
-219.092
 30
0.0
 11
117.42
 21
-218.916
 31
0.0
  0
LINE
  5
1232
  8
0
 62
1
 10
117.42
 20
-218.916
 30
0.0
 11
117.55
 21
-218.749
 31
0.0
  0
LINE
  5
1233
  8
0
 62
1
 10
117.55
 20
-218.749
 30
0.0
 11
117.69
 21
-218.59
 31
0.0
  0
LINE
  5
1234
  8
0
 62
1
 10
117.69
 20
-218.59
 30
0.0
 11
117.84
 21
-218.44
 31
0.0
  0
LINE
  5
1235
  8
0
 62
1
 10
117.84
 20
-218.44
 30
0.0
 11
117.999
 21
-218.299
 31
0.0
  0
LINE
  5
1236
  8
0
 62
1
 10
117.999
 20
-218.299
 30
0.0
 11
118.166
 21
-218.17
 31
0.0
  0
LINE
  5
1237
  8
0
 62
1
 10
118.166
 20
-218.17
 30
0.0
 11
118.342
 21
-218.05
 31
0.0
  0
LINE
  5
1238
  8
0
 62
1
 10
118.342
 20
-218.05
 30
0.0
 11
118.524
 21
-217.942
 31
0.0
  0
LINE
  5
1239
  8
0
 62
1
 10
118.524
 20
-217.942
 30
0.0
 11
118.713
 21
-217.846
 31
0.0
  0
LINE
  5
123A
  8
0
 62
1
 10
118.713
 20
-217.846
 30
0.0
 11
118.908
 21
-217.762
 31
0.0
  0
LINE
  5
123B
  8
0
 62
1
 10
118.908
 20
-217.762
 30
0.0
 11
119.107
 21
-217.69
 31
0.0
  0
LINE
  5
123C
  8
0
 62
1
 10
119.107
 20
-217.69
 30
0.0
 11
119.311
 21
-217.631
 31
0.0
  0
LINE
  5
123D
  8
0
 62
1
 10
119.311
 20
-217.631
 30
0.0
 11
119.518
 21
-217.585
 31
0.0
  0
LINE
  5
123E
  8
0
 62
1
 10
119.518
 20
-217.585
 30
0.0
 11
119.727
 21
-217.552
 31
0.0
  0
LINE
  5
123F
  8
0
 62
1
 10
119.727
 20
-217.552
 30
0.0
 11
119.938
 21
-217.532
 31
0.0
  0
LINE
  5
1240
  8
0
 62
1
 10
119.938
 20
-217.532
 30
0.0
 11
120.15
 21
-217.525
 31
0.0
  0
LINE
  5
1241
  8
0
 62
1
 10
120.15
 20
-217.525
 30
0.0
 11
120.362
 21
-217.532
 31
0.0
  0
LINE
  5
1242
  8
0
 62
1
 10
120.362
 20
-217.532
 30
0.0
 11
120.573
 21
-217.552
 31
0.0
  0
LINE
  5
1243
  8
0
 62
1
 10
120.573
 20
-217.552
 30
0.0
 11
120.782
 21
-217.585
 31
0.0
  0
LINE
  5
1244
  8
0
 62
1
 10
120.782
 20
-217.585
 30
0.0
 11
120.989
 21
-217.631
 31
0.0
  0
LINE
  5
1245
  8
0
 62
1
 10
120.989
 20
-217.631
 30
0.0
 11
121.193
 21
-217.69
 31
0.0
  0
LINE
  5
1246
  8
0
 62
1
 10
121.193
 20
-217.69
 30
0.0
 11
121.392
 21
-217.762
 31
0.0
  0
LINE
  5
1247
  8
0
 62
1
 10
121.392
 20
-217.762
 30
0.0
 11
121.587
 21
-217.846
 31
0.0
  0
LINE
  5
1248
  8
0
 62
1
 10
121.587
 20
-217.846
 30
0.0
 11
121.776
 21
-217.942
 31
0.0
  0
LINE
  5
1249
  8
0
 62
1
 10
121.776
 20
-217.942
 30
0.0
 11
121.958
 21
-218.05
 31
0.0
  0
LINE
  5
124A
  8
0
 62
1
 10
121.958
 20
-218.05
 30
0.0
 11
122.134
 21
-218.17
 31
0.0
  0
LINE
  5
124B
  8
0
 62
1
 10
122.134
 20
-218.17
 30
0.0
 11
122.301
 21
-218.299
 31
0.0
  0
LINE
  5
124C
  8
0
 62
1
 10
122.301
 20
-218.299
 30
0.0
 11
122.46
 21
-218.44
 31
0.0
  0
LINE
  5
124D
  8
0
 62
1
 10
122.46
 20
-218.44
 30
0.0
 11
122.61
 21
-218.59
 31
0.0
  0
LINE
  5
124E
  8
0
 62
1
 10
122.61
 20
-218.59
 30
0.0
 11
122.75
 21
-218.749
 31
0.0
  0
LINE
  5
124F
  8
0
 62
1
 10
122.75
 20
-218.749
 30
0.0
 11
122.88
 21
-218.916
 31
0.0
  0
LINE
  5
1250
  8
0
 62
1
 10
122.88
 20
-218.916
 30
0.0
 11
123.0
 21
-219.092
 31
0.0
  0
LINE
  5
1251
  8
0
 62
1
 10
123.0
 20
-219.092
 30
0.0
 11
123.108
 21
-219.274
 31
0.0
  0
LINE
  5
1252
  8
0
 62
1
 10
123.108
 20
-219.274
 30
0.0
 11
123.204
 21
-219.463
 31
0.0
  0
LINE
  5
1253
  8
0
 62
1
 10
123.204
 20
-219.463
 30
0.0
 11
123.288
 21
-219.658
 31
0.0
  0
LINE
  5
1254
  8
0
 62
1
 10
123.288
 20
-219.658
 30
0.0
 11
123.36
 21
-219.857
 31
0.0
  0
LINE
  5
1255
  8
0
 62
1
 10
123.36
 20
-219.857
 30
0.0
 11
123.419
 21
-220.061
 31
0.0
  0
LINE
  5
1256
  8
0
 62
1
 10
123.419
 20
-220.061
 30
0.0
 11
123.465
 21
-220.268
 31
0.0
  0
LINE
  5
1257
  8
0
 62
1
 10
123.465
 20
-220.268
 30
0.0
 11
123.498
 21
-220.477
 31
0.0
  0
LINE
  5
1258
  8
0
 62
1
 10
123.498
 20
-220.477
 30
0.0
 11
123.518
 21
-220.688
 31
0.0
  0
LINE
  5
1259
  8
0
 62
1
 10
123.518
 20
-220.688
 30
0.0
 11
123.525
 21
-220.9
 31
0.0
  0
LINE
  5
125A
  8
0
 62
1
 10
123.525
 20
-220.9
 30
0.0
 11
123.518
 21
-221.112
 31
0.0
  0
LINE
  5
125B
  8
0
 62
1
 10
123.518
 20
-221.112
 30
0.0
 11
123.498
 21
-221.323
 31
0.0
  0
LINE
  5
125C
  8
0
 62
1
 10
123.498
 20
-221.323
 30
0.0
 11
123.465
 21
-221.532
 31
0.0
  0
LINE
  5
125D
  8
0
 62
1
 10
123.465
 20
-221.532
 30
0.0
 11
123.419
 21
-221.739
 31
0.0
  0
LINE
  5
125E
  8
0
 62
1
 10
123.419
 20
-221.739
 30
0.0
 11
123.36
 21
-221.943
 31
0.0
  0
LINE
  5
125F
  8
0
 62
1
 10
123.36
 20
-221.943
 30
0.0
 11
123.288
 21
-222.142
 31
0.0
  0
LINE
  5
1260
  8
0
 62
1
 10
123.288
 20
-222.142
 30
0.0
 11
123.204
 21
-222.337
 31
0.0
  0
LINE
  5
1261
  8
0
 62
1
 10
123.204
 20
-222.337
 30
0.0
 11
123.108
 21
-222.526
 31
0.0
  0
LINE
  5
1262
  8
0
 62
1
 10
123.108
 20
-222.526
 30
0.0
 11
123.0
 21
-222.708
 31
0.0
  0
LINE
  5
1263
  8
0
 62
1
 10
123.0
 20
-222.708
 30
0.0
 11
122.88
 21
-222.884
 31
0.0
  0
LINE
  5
1264
  8
0
 62
1
 10
122.88
 20
-222.884
 30
0.0
 11
122.75
 21
-223.051
 31
0.0
  0
LINE
  5
1265
  8
0
 62
1
 10
122.75
 20
-223.051
 30
0.0
 11
122.61
 21
-223.21
 31
0.0
  0
LINE
  5
1266
  8
0
 62
1
 10
122.61
 20
-223.21
 30
0.0
 11
122.46
 21
-223.36
 31
0.0
  0
LINE
  5
1267
  8
0
 62
1
 10
122.46
 20
-223.36
 30
0.0
 11
122.301
 21
-223.5
 31
0.0
  0
LINE
  5
1268
  8
0
 62
1
 10
122.301
 20
-223.5
 30
0.0
 11
122.134
 21
-223.63
 31
0.0
  0
LINE
  5
1269
  8
0
 62
1
 10
122.134
 20
-223.63
 30
0.0
 11
121.958
 21
-223.75
 31
0.0
  0
LINE
  5
126A
  8
0
 62
1
 10
121.958
 20
-223.75
 30
0.0
 11
121.776
 21
-223.858
 31
0.0
  0
LINE
  5
126B
  8
0
 62
1
 10
121.776
 20
-223.858
 30
0.0
 11
121.587
 21
-223.954
 31
0.0
  0
LINE
  5
126C
  8
0
 62
1
 10
121.587
 20
-223.954
 30
0.0
 11
121.392
 21
-224.038
 31
0.0
  0
LINE
  5
126D
  8
0
 62
1
 10
121.392
 20
-224.038
 30
0.0
 11
121.193
 21
-224.11
 31
0.0
  0
LINE
  5
126E
  8
0
 62
1
 10
121.193
 20
-224.11
 30
0.0
 11
120.989
 21
-224.169
 31
0.0
  0
LINE
  5
126F
  8
0
 62
1
 10
120.989
 20
-224.169
 30
0.0
 11
120.782
 21
-224.215
 31
0.0
  0
LINE
  5
1270
  8
0
 62
1
 10
120.782
 20
-224.215
 30
0.0
 11
120.573
 21
-224.248
 31
0.0
  0
LINE
  5
1271
  8
0
 62
1
 10
120.573
 20
-224.248
 30
0.0
 11
120.362
 21
-224.268
 31
0.0
  0
LINE
  5
1272
  8
0
 62
1
 10
120.362
 20
-224.268
 30
0.0
 11
120.15
 21
-224.275
 31
0.0
  0
LINE
  5
1273
  8
0
 62
1
 10
120.15
 20
-224.275
 30
0.0
 11
119.938
 21
-224.268
 31
0.0
  0
LINE
  5
1274
  8
0
 62
1
 10
456.5
 20
-107.6
 30
0.0
 11
431.1
 21
-107.6
 31
0.0
  0
LINE
  5
1275
  8
0
 62
1
 10
431.1
 20
-107.6
 30
0.0
 11
431.1
 21
-209.2
 31
0.0
  0
LINE
  5
1276
  8
0
 62
1
 10
431.1
 20
-209.2
 30
0.0
 11
456.5
 21
-209.2
 31
0.0
  0
LINE
  5
1277
  8
0
 62
1
 10
456.5
 20
-209.2
 30
0.0
 11
456.5
 21
-107.6
 31
0.0
  0
LINE
  5
1278
  8
0
 62
1
 10
443.588
 20
-123.668
 30
0.0
 11
443.377
 21
-123.648
 31
0.0
  0
LINE
  5
1279
  8
0
 62
1
 10
443.377
 20
-123.648
 30
0.0
 11
443.168
 21
-123.615
 31
0.0
  0
LINE
  5
127A
  8
0
 62
1
 10
443.168
 20
-123.615
 30
0.0
 11
442.961
 21
-123.569
 31
0.0
  0
LINE
  5
127B
  8
0
 62
1
 10
442.961
 20
-123.569
 30
0.0
 11
442.757
 21
-123.51
 31
0.0
  0
LINE
  5
127C
  8
0
 62
1
 10
442.757
 20
-123.51
 30
0.0
 11
442.558
 21
-123.438
 31
0.0
  0
LINE
  5
127D
  8
0
 62
1
 10
442.558
 20
-123.438
 30
0.0
 11
442.363
 21
-123.354
 31
0.0
  0
LINE
  5
127E
  8
0
 62
1
 10
442.363
 20
-123.354
 30
0.0
 11
442.174
 21
-123.258
 31
0.0
  0
LINE
  5
127F
  8
0
 62
1
 10
442.174
 20
-123.258
 30
0.0
 11
441.992
 21
-123.15
 31
0.0
  0
LINE
  5
1280
  8
0
 62
1
 10
441.992
 20
-123.15
 30
0.0
 11
441.816
 21
-123.03
 31
0.0
  0
LINE
  5
1281
  8
0
 62
1
 10
441.816
 20
-123.03
 30
0.0
 11
441.649
 21
-122.9
 31
0.0
  0
LINE
  5
1282
  8
0
 62
1
 10
441.649
 20
-122.9
 30
0.0
 11
441.49
 21
-122.76
 31
0.0
  0
LINE
  5
1283
  8
0
 62
1
 10
441.49
 20
-122.76
 30
0.0
 11
441.34
 21
-122.61
 31
0.0
  0
LINE
  5
1284
  8
0
 62
1
 10
441.34
 20
-122.61
 30
0.0
 11
441.2
 21
-122.451
 31
0.0
  0
LINE
  5
1285
  8
0
 62
1
 10
441.2
 20
-122.451
 30
0.0
 11
441.07
 21
-122.284
 31
0.0
  0
LINE
  5
1286
  8
0
 62
1
 10
441.07
 20
-122.284
 30
0.0
 11
440.95
 21
-122.108
 31
0.0
  0
LINE
  5
1287
  8
0
 62
1
 10
440.95
 20
-122.108
 30
0.0
 11
440.842
 21
-121.926
 31
0.0
  0
LINE
  5
1288
  8
0
 62
1
 10
440.842
 20
-121.926
 30
0.0
 11
440.746
 21
-121.737
 31
0.0
  0
LINE
  5
1289
  8
0
 62
1
 10
440.746
 20
-121.737
 30
0.0
 11
440.662
 21
-121.542
 31
0.0
  0
LINE
  5
128A
  8
0
 62
1
 10
440.662
 20
-121.542
 30
0.0
 11
440.59
 21
-121.343
 31
0.0
  0
LINE
  5
128B
  8
0
 62
1
 10
440.59
 20
-121.343
 30
0.0
 11
440.531
 21
-121.139
 31
0.0
  0
LINE
  5
128C
  8
0
 62
1
 10
440.531
 20
-121.139
 30
0.0
 11
440.485
 21
-120.932
 31
0.0
  0
LINE
  5
128D
  8
0
 62
1
 10
440.485
 20
-120.932
 30
0.0
 11
440.452
 21
-120.723
 31
0.0
  0
LINE
  5
128E
  8
0
 62
1
 10
440.452
 20
-120.723
 30
0.0
 11
440.432
 21
-120.512
 31
0.0
  0
LINE
  5
128F
  8
0
 62
1
 10
440.432
 20
-120.512
 30
0.0
 11
440.425
 21
-120.3
 31
0.0
  0
LINE
  5
1290
  8
0
 62
1
 10
440.425
 20
-120.3
 30
0.0
 11
440.432
 21
-120.088
 31
0.0
  0
LINE
  5
1291
  8
0
 62
1
 10
440.432
 20
-120.088
 30
0.0
 11
440.452
 21
-119.877
 31
0.0
  0
LINE
  5
1292
  8
0
 62
1
 10
440.452
 20
-119.877
 30
0.0
 11
440.485
 21
-119.668
 31
0.0
  0
LINE
  5
1293
  8
0
 62
1
 10
440.485
 20
-119.668
 30
0.0
 11
440.531
 21
-119.461
 31
0.0
  0
LINE
  5
1294
  8
0
 62
1
 10
440.531
 20
-119.461
 30
0.0
 11
440.59
 21
-119.257
 31
0.0
  0
LINE
  5
1295
  8
0
 62
1
 10
440.59
 20
-119.257
 30
0.0
 11
440.662
 21
-119.058
 31
0.0
  0
LINE
  5
1296
  8
0
 62
1
 10
440.662
 20
-119.058
 30
0.0
 11
440.746
 21
-118.863
 31
0.0
  0
LINE
  5
1297
  8
0
 62
1
 10
440.746
 20
-118.863
 30
0.0
 11
440.842
 21
-118.674
 31
0.0
  0
LINE
  5
1298
  8
0
 62
1
 10
440.842
 20
-118.674
 30
0.0
 11
440.95
 21
-118.492
 31
0.0
  0
LINE
  5
1299
  8
0
 62
1
 10
440.95
 20
-118.492
 30
0.0
 11
441.07
 21
-118.316
 31
0.0
  0
LINE
  5
129A
  8
0
 62
1
 10
441.07
 20
-118.316
 30
0.0
 11
441.2
 21
-118.149
 31
0.0
  0
LINE
  5
129B
  8
0
 62
1
 10
441.2
 20
-118.149
 30
0.0
 11
441.34
 21
-117.99
 31
0.0
  0
LINE
  5
129C
  8
0
 62
1
 10
441.34
 20
-117.99
 30
0.0
 11
441.49
 21
-117.84
 31
0.0
  0
LINE
  5
129D
  8
0
 62
1
 10
441.49
 20
-117.84
 30
0.0
 11
441.649
 21
-117.7
 31
0.0
  0
LINE
  5
129E
  8
0
 62
1
 10
441.649
 20
-117.7
 30
0.0
 11
441.816
 21
-117.57
 31
0.0
  0
LINE
  5
129F
  8
0
 62
1
 10
441.816
 20
-117.57
 30
0.0
 11
441.992
 21
-117.45
 31
0.0
  0
LINE
  5
12A0
  8
0
 62
1
 10
441.992
 20
-117.45
 30
0.0
 11
442.174
 21
-117.342
 31
0.0
  0
LINE
  5
12A1
  8
0
 62
1
 10
442.174
 20
-117.342
 30
0.0
 11
442.363
 21
-117.246
 31
0.0
  0
LINE
  5
12A2
  8
0
 62
1
 10
442.363
 20
-117.246
 30
0.0
 11
442.558
 21
-117.162
 31
0.0
  0
LINE
  5
12A3
  8
0
 62
1
 10
442.558
 20
-117.162
 30
0.0
 11
442.757
 21
-117.09
 31
0.0
  0
LINE
  5
12A4
  8
0
 62
1
 10
442.757
 20
-117.09
 30
0.0
 11
442.961
 21
-117.031
 31
0.0
  0
LINE
  5
12A5
  8
0
 62
1
 10
442.961
 20
-117.031
 30
0.0
 11
443.168
 21
-116.985
 31
0.0
  0
LINE
  5
12A6
  8
0
 62
1
 10
443.168
 20
-116.985
 30
0.0
 11
443.377
 21
-116.952
 31
0.0
  0
LINE
  5
12A7
  8
0
 62
1
 10
443.377
 20
-116.952
 30
0.0
 11
443.588
 21
-116.932
 31
0.0
  0
LINE
  5
12A8
  8
0
 62
1
 10
443.588
 20
-116.932
 30
0.0
 11
443.8
 21
-116.925
 31
0.0
  0
LINE
  5
12A9
  8
0
 62
1
 10
443.8
 20
-116.925
 30
0.0
 11
444.012
 21
-116.932
 31
0.0
  0
LINE
  5
12AA
  8
0
 62
1
 10
444.012
 20
-116.932
 30
0.0
 11
444.223
 21
-116.952
 31
0.0
  0
LINE
  5
12AB
  8
0
 62
1
 10
444.223
 20
-116.952
 30
0.0
 11
444.432
 21
-116.985
 31
0.0
  0
LINE
  5
12AC
  8
0
 62
1
 10
444.432
 20
-116.985
 30
0.0
 11
444.639
 21
-117.031
 31
0.0
  0
LINE
  5
12AD
  8
0
 62
1
 10
444.639
 20
-117.031
 30
0.0
 11
444.843
 21
-117.09
 31
0.0
  0
LINE
  5
12AE
  8
0
 62
1
 10
444.843
 20
-117.09
 30
0.0
 11
445.042
 21
-117.162
 31
0.0
  0
LINE
  5
12AF
  8
0
 62
1
 10
445.042
 20
-117.162
 30
0.0
 11
445.237
 21
-117.246
 31
0.0
  0
LINE
  5
12B0
  8
0
 62
1
 10
445.237
 20
-117.246
 30
0.0
 11
445.426
 21
-117.342
 31
0.0
  0
LINE
  5
12B1
  8
0
 62
1
 10
445.426
 20
-117.342
 30
0.0
 11
445.608
 21
-117.45
 31
0.0
  0
LINE
  5
12B2
  8
0
 62
1
 10
445.608
 20
-117.45
 30
0.0
 11
445.784
 21
-117.57
 31
0.0
  0
LINE
  5
12B3
  8
0
 62
1
 10
445.784
 20
-117.57
 30
0.0
 11
445.951
 21
-117.7
 31
0.0
  0
LINE
  5
12B4
  8
0
 62
1
 10
445.951
 20
-117.7
 30
0.0
 11
446.11
 21
-117.84
 31
0.0
  0
LINE
  5
12B5
  8
0
 62
1
 10
446.11
 20
-117.84
 30
0.0
 11
446.26
 21
-117.99
 31
0.0
  0
LINE
  5
12B6
  8
0
 62
1
 10
446.26
 20
-117.99
 30
0.0
 11
446.4
 21
-118.149
 31
0.0
  0
LINE
  5
12B7
  8
0
 62
1
 10
446.4
 20
-118.149
 30
0.0
 11
446.53
 21
-118.316
 31
0.0
  0
LINE
  5
12B8
  8
0
 62
1
 10
446.53
 20
-118.316
 30
0.0
 11
446.65
 21
-118.492
 31
0.0
  0
LINE
  5
12B9
  8
0
 62
1
 10
446.65
 20
-118.492
 30
0.0
 11
446.758
 21
-118.674
 31
0.0
  0
LINE
  5
12BA
  8
0
 62
1
 10
446.758
 20
-118.674
 30
0.0
 11
446.854
 21
-118.863
 31
0.0
  0
LINE
  5
12BB
  8
0
 62
1
 10
446.854
 20
-118.863
 30
0.0
 11
446.938
 21
-119.058
 31
0.0
  0
LINE
  5
12BC
  8
0
 62
1
 10
446.938
 20
-119.058
 30
0.0
 11
447.01
 21
-119.257
 31
0.0
  0
LINE
  5
12BD
  8
0
 62
1
 10
447.01
 20
-119.257
 30
0.0
 11
447.069
 21
-119.461
 31
0.0
  0
LINE
  5
12BE
  8
0
 62
1
 10
447.069
 20
-119.461
 30
0.0
 11
447.115
 21
-119.668
 31
0.0
  0
LINE
  5
12BF
  8
0
 62
1
 10
447.115
 20
-119.668
 30
0.0
 11
447.148
 21
-119.877
 31
0.0
  0
LINE
  5
12C0
  8
0
 62
1
 10
447.148
 20
-119.877
 30
0.0
 11
447.168
 21
-120.088
 31
0.0
  0
LINE
  5
12C1
  8
0
 62
1
 10
447.168
 20
-120.088
 30
0.0
 11
447.175
 21
-120.3
 31
0.0
  0
LINE
  5
12C2
  8
0
 62
1
 10
447.175
 20
-120.3
 30
0.0
 11
447.168
 21
-120.512
 31
0.0
  0
LINE
  5
12C3
  8
0
 62
1
 10
447.168
 20
-120.512
 30
0.0
 11
447.148
 21
-120.723
 31
0.0
  0
LINE
  5
12C4
  8
0
 62
1
 10
447.148
 20
-120.723
 30
0.0
 11
447.115
 21
-120.932
 31
0.0
  0
LINE
  5
12C5
  8
0
 62
1
 10
447.115
 20
-120.932
 30
0.0
 11
447.069
 21
-121.139
 31
0.0
  0
LINE
  5
12C6
  8
0
 62
1
 10
447.069
 20
-121.139
 30
0.0
 11
447.01
 21
-121.343
 31
0.0
  0
LINE
  5
12C7
  8
0
 62
1
 10
447.01
 20
-121.343
 30
0.0
 11
446.938
 21
-121.542
 31
0.0
  0
LINE
  5
12C8
  8
0
 62
1
 10
446.938
 20
-121.542
 30
0.0
 11
446.854
 21
-121.737
 31
0.0
  0
LINE
  5
12C9
  8
0
 62
1
 10
446.854
 20
-121.737
 30
0.0
 11
446.758
 21
-121.926
 31
0.0
  0
LINE
  5
12CA
  8
0
 62
1
 10
446.758
 20
-121.926
 30
0.0
 11
446.65
 21
-122.108
 31
0.0
  0
LINE
  5
12CB
  8
0
 62
1
 10
446.65
 20
-122.108
 30
0.0
 11
446.53
 21
-122.284
 31
0.0
  0
LINE
  5
12CC
  8
0
 62
1
 10
446.53
 20
-122.284
 30
0.0
 11
446.4
 21
-122.451
 31
0.0
  0
LINE
  5
12CD
  8
0
 62
1
 10
446.4
 20
-122.451
 30
0.0
 11
446.26
 21
-122.61
 31
0.0
  0
LINE
  5
12CE
  8
0
 62
1
 10
446.26
 20
-122.61
 30
0.0
 11
446.11
 21
-122.76
 31
0.0
  0
LINE
  5
12CF
  8
0
 62
1
 10
446.11
 20
-122.76
 30
0.0
 11
445.951
 21
-122.9
 31
0.0
  0
LINE
  5
12D0
  8
0
 62
1
 10
445.951
 20
-122.9
 30
0.0
 11
445.784
 21
-123.03
 31
0.0
  0
LINE
  5
12D1
  8
0
 62
1
 10
445.784
 20
-123.03
 30
0.0
 11
445.608
 21
-123.15
 31
0.0
  0
LINE
  5
12D2
  8
0
 62
1
 10
445.608
 20
-123.15
 30
0.0
 11
445.426
 21
-123.258
 31
0.0
  0
LINE
  5
12D3
  8
0
 62
1
 10
445.426
 20
-123.258
 30
0.0
 11
445.237
 21
-123.354
 31
0.0
  0
LINE
  5
12D4
  8
0
 62
1
 10
445.237
 20
-123.354
 30
0.0
 11
445.042
 21
-123.438
 31
0.0
  0
LINE
  5
12D5
  8
0
 62
1
 10
445.042
 20
-123.438
 30
0.0
 11
444.843
 21
-123.51
 31
0.0
  0
LINE
  5
12D6
  8
0
 62
1
 10
444.843
 20
-123.51
 30
0.0
 11
444.639
 21
-123.569
 31
0.0
  0
LINE
  5
12D7
  8
0
 62
1
 10
444.639
 20
-123.569
 30
0.0
 11
444.432
 21
-123.615
 31
0.0
  0
LINE
  5
12D8
  8
0
 62
1
 10
444.432
 20
-123.615
 30
0.0
 11
444.223
 21
-123.648
 31
0.0
  0
LINE
  5
12D9
  8
0
 62
1
 10
444.223
 20
-123.648
 30
0.0
 11
444.012
 21
-123.668
 31
0.0
  0
LINE
  5
12DA
  8
0
 62
1
 10
444.012
 20
-123.668
 30
0.0
 11
443.8
 21
-123.675
 31
0.0
  0
LINE
  5
12DB
  8
0
 62
1
 10
443.8
 20
-123.675
 30
0.0
 11
443.588
 21
-123.668
 31
0.0
  0
LINE
  5
12DC
  8
0
 62
1
 10
443.588
 20
-149.068
 30
0.0
 11
443.377
 21
-149.048
 31
0.0
  0
LINE
  5
12DD
  8
0
 62
1
 10
443.377
 20
-149.048
 30
0.0
 11
443.168
 21
-149.015
 31
0.0
  0
LINE
  5
12DE
  8
0
 62
1
 10
443.168
 20
-149.015
 30
0.0
 11
442.961
 21
-148.969
 31
0.0
  0
LINE
  5
12DF
  8
0
 62
1
 10
442.961
 20
-148.969
 30
0.0
 11
442.757
 21
-148.91
 31
0.0
  0
LINE
  5
12E0
  8
0
 62
1
 10
442.757
 20
-148.91
 30
0.0
 11
442.558
 21
-148.838
 31
0.0
  0
LINE
  5
12E1
  8
0
 62
1
 10
442.558
 20
-148.838
 30
0.0
 11
442.363
 21
-148.754
 31
0.0
  0
LINE
  5
12E2
  8
0
 62
1
 10
442.363
 20
-148.754
 30
0.0
 11
442.174
 21
-148.658
 31
0.0
  0
LINE
  5
12E3
  8
0
 62
1
 10
442.174
 20
-148.658
 30
0.0
 11
441.992
 21
-148.55
 31
0.0
  0
LINE
  5
12E4
  8
0
 62
1
 10
441.992
 20
-148.55
 30
0.0
 11
441.816
 21
-148.43
 31
0.0
  0
LINE
  5
12E5
  8
0
 62
1
 10
441.816
 20
-148.43
 30
0.0
 11
441.649
 21
-148.3
 31
0.0
  0
LINE
  5
12E6
  8
0
 62
1
 10
441.649
 20
-148.3
 30
0.0
 11
441.49
 21
-148.16
 31
0.0
  0
LINE
  5
12E7
  8
0
 62
1
 10
441.49
 20
-148.16
 30
0.0
 11
441.34
 21
-148.01
 31
0.0
  0
LINE
  5
12E8
  8
0
 62
1
 10
441.34
 20
-148.01
 30
0.0
 11
441.2
 21
-147.851
 31
0.0
  0
LINE
  5
12E9
  8
0
 62
1
 10
441.2
 20
-147.851
 30
0.0
 11
441.07
 21
-147.684
 31
0.0
  0
LINE
  5
12EA
  8
0
 62
1
 10
441.07
 20
-147.684
 30
0.0
 11
440.95
 21
-147.508
 31
0.0
  0
LINE
  5
12EB
  8
0
 62
1
 10
440.95
 20
-147.508
 30
0.0
 11
440.842
 21
-147.326
 31
0.0
  0
LINE
  5
12EC
  8
0
 62
1
 10
440.842
 20
-147.326
 30
0.0
 11
440.746
 21
-147.137
 31
0.0
  0
LINE
  5
12ED
  8
0
 62
1
 10
440.746
 20
-147.137
 30
0.0
 11
440.662
 21
-146.942
 31
0.0
  0
LINE
  5
12EE
  8
0
 62
1
 10
440.662
 20
-146.942
 30
0.0
 11
440.59
 21
-146.743
 31
0.0
  0
LINE
  5
12EF
  8
0
 62
1
 10
440.59
 20
-146.743
 30
0.0
 11
440.531
 21
-146.539
 31
0.0
  0
LINE
  5
12F0
  8
0
 62
1
 10
440.531
 20
-146.539
 30
0.0
 11
440.485
 21
-146.332
 31
0.0
  0
LINE
  5
12F1
  8
0
 62
1
 10
440.485
 20
-146.332
 30
0.0
 11
440.452
 21
-146.123
 31
0.0
  0
LINE
  5
12F2
  8
0
 62
1
 10
440.452
 20
-146.123
 30
0.0
 11
440.432
 21
-145.912
 31
0.0
  0
LINE
  5
12F3
  8
0
 62
1
 10
440.432
 20
-145.912
 30
0.0
 11
440.425
 21
-145.7
 31
0.0
  0
LINE
  5
12F4
  8
0
 62
1
 10
440.425
 20
-145.7
 30
0.0
 11
440.432
 21
-145.488
 31
0.0
  0
LINE
  5
12F5
  8
0
 62
1
 10
440.432
 20
-145.488
 30
0.0
 11
440.452
 21
-145.277
 31
0.0
  0
LINE
  5
12F6
  8
0
 62
1
 10
440.452
 20
-145.277
 30
0.0
 11
440.485
 21
-145.068
 31
0.0
  0
LINE
  5
12F7
  8
0
 62
1
 10
440.485
 20
-145.068
 30
0.0
 11
440.531
 21
-144.861
 31
0.0
  0
LINE
  5
12F8
  8
0
 62
1
 10
440.531
 20
-144.861
 30
0.0
 11
440.59
 21
-144.657
 31
0.0
  0
LINE
  5
12F9
  8
0
 62
1
 10
440.59
 20
-144.657
 30
0.0
 11
440.662
 21
-144.458
 31
0.0
  0
LINE
  5
12FA
  8
0
 62
1
 10
440.662
 20
-144.458
 30
0.0
 11
440.746
 21
-144.263
 31
0.0
  0
LINE
  5
12FB
  8
0
 62
1
 10
440.746
 20
-144.263
 30
0.0
 11
440.842
 21
-144.074
 31
0.0
  0
LINE
  5
12FC
  8
0
 62
1
 10
440.842
 20
-144.074
 30
0.0
 11
440.95
 21
-143.892
 31
0.0
  0
LINE
  5
12FD
  8
0
 62
1
 10
440.95
 20
-143.892
 30
0.0
 11
441.07
 21
-143.716
 31
0.0
  0
LINE
  5
12FE
  8
0
 62
1
 10
441.07
 20
-143.716
 30
0.0
 11
441.2
 21
-143.549
 31
0.0
  0
LINE
  5
12FF
  8
0
 62
1
 10
441.2
 20
-143.549
 30
0.0
 11
441.34
 21
-143.39
 31
0.0
  0
LINE
  5
1300
  8
0
 62
1
 10
441.34
 20
-143.39
 30
0.0
 11
441.49
 21
-143.24
 31
0.0
  0
LINE
  5
1301
  8
0
 62
1
 10
441.49
 20
-143.24
 30
0.0
 11
441.649
 21
-143.1
 31
0.0
  0
LINE
  5
1302
  8
0
 62
1
 10
441.649
 20
-143.1
 30
0.0
 11
441.816
 21
-142.97
 31
0.0
  0
LINE
  5
1303
  8
0
 62
1
 10
441.816
 20
-142.97
 30
0.0
 11
441.992
 21
-142.85
 31
0.0
  0
LINE
  5
1304
  8
0
 62
1
 10
441.992
 20
-142.85
 30
0.0
 11
442.174
 21
-142.742
 31
0.0
  0
LINE
  5
1305
  8
0
 62
1
 10
442.174
 20
-142.742
 30
0.0
 11
442.363
 21
-142.646
 31
0.0
  0
LINE
  5
1306
  8
0
 62
1
 10
442.363
 20
-142.646
 30
0.0
 11
442.558
 21
-142.562
 31
0.0
  0
LINE
  5
1307
  8
0
 62
1
 10
442.558
 20
-142.562
 30
0.0
 11
442.757
 21
-142.49
 31
0.0
  0
LINE
  5
1308
  8
0
 62
1
 10
442.757
 20
-142.49
 30
0.0
 11
442.961
 21
-142.431
 31
0.0
  0
LINE
  5
1309
  8
0
 62
1
 10
442.961
 20
-142.431
 30
0.0
 11
443.168
 21
-142.385
 31
0.0
  0
LINE
  5
130A
  8
0
 62
1
 10
443.168
 20
-142.385
 30
0.0
 11
443.377
 21
-142.352
 31
0.0
  0
LINE
  5
130B
  8
0
 62
1
 10
443.377
 20
-142.352
 30
0.0
 11
443.588
 21
-142.332
 31
0.0
  0
LINE
  5
130C
  8
0
 62
1
 10
443.588
 20
-142.332
 30
0.0
 11
443.8
 21
-142.325
 31
0.0
  0
LINE
  5
130D
  8
0
 62
1
 10
443.8
 20
-142.325
 30
0.0
 11
444.012
 21
-142.332
 31
0.0
  0
LINE
  5
130E
  8
0
 62
1
 10
444.012
 20
-142.332
 30
0.0
 11
444.223
 21
-142.352
 31
0.0
  0
LINE
  5
130F
  8
0
 62
1
 10
444.223
 20
-142.352
 30
0.0
 11
444.432
 21
-142.385
 31
0.0
  0
LINE
  5
1310
  8
0
 62
1
 10
444.432
 20
-142.385
 30
0.0
 11
444.639
 21
-142.431
 31
0.0
  0
LINE
  5
1311
  8
0
 62
1
 10
444.639
 20
-142.431
 30
0.0
 11
444.843
 21
-142.49
 31
0.0
  0
LINE
  5
1312
  8
0
 62
1
 10
444.843
 20
-142.49
 30
0.0
 11
445.042
 21
-142.562
 31
0.0
  0
LINE
  5
1313
  8
0
 62
1
 10
445.042
 20
-142.562
 30
0.0
 11
445.237
 21
-142.646
 31
0.0
  0
LINE
  5
1314
  8
0
 62
1
 10
445.237
 20
-142.646
 30
0.0
 11
445.426
 21
-142.742
 31
0.0
  0
LINE
  5
1315
  8
0
 62
1
 10
445.426
 20
-142.742
 30
0.0
 11
445.608
 21
-142.85
 31
0.0
  0
LINE
  5
1316
  8
0
 62
1
 10
445.608
 20
-142.85
 30
0.0
 11
445.784
 21
-142.97
 31
0.0
  0
LINE
  5
1317
  8
0
 62
1
 10
445.784
 20
-142.97
 30
0.0
 11
445.951
 21
-143.1
 31
0.0
  0
LINE
  5
1318
  8
0
 62
1
 10
445.951
 20
-143.1
 30
0.0
 11
446.11
 21
-143.24
 31
0.0
  0
LINE
  5
1319
  8
0
 62
1
 10
446.11
 20
-143.24
 30
0.0
 11
446.26
 21
-143.39
 31
0.0
  0
LINE
  5
131A
  8
0
 62
1
 10
446.26
 20
-143.39
 30
0.0
 11
446.4
 21
-143.549
 31
0.0
  0
LINE
  5
131B
  8
0
 62
1
 10
446.4
 20
-143.549
 30
0.0
 11
446.53
 21
-143.716
 31
0.0
  0
LINE
  5
131C
  8
0
 62
1
 10
446.53
 20
-143.716
 30
0.0
 11
446.65
 21
-143.892
 31
0.0
  0
LINE
  5
131D
  8
0
 62
1
 10
446.65
 20
-143.892
 30
0.0
 11
446.758
 21
-144.074
 31
0.0
  0
LINE
  5
131E
  8
0
 62
1
 10
446.758
 20
-144.074
 30
0.0
 11
446.854
 21
-144.263
 31
0.0
  0
LINE
  5
131F
  8
0
 62
1
 10
446.854
 20
-144.263
 30
0.0
 11
446.938
 21
-144.458
 31
0.0
  0
LINE
  5
1320
  8
0
 62
1
 10
446.938
 20
-144.458
 30
0.0
 11
447.01
 21
-144.657
 31
0.0
  0
LINE
  5
1321
  8
0
 62
1
 10
447.01
 20
-144.657
 30
0.0
 11
447.069
 21
-144.861
 31
0.0
  0
LINE
  5
1322
  8
0
 62
1
 10
447.069
 20
-144.861
 30
0.0
 11
447.115
 21
-145.068
 31
0.0
  0
LINE
  5
1323
  8
0
 62
1
 10
447.115
 20
-145.068
 30
0.0
 11
447.148
 21
-145.277
 31
0.0
  0
LINE
  5
1324
  8
0
 62
1
 10
447.148
 20
-145.277
 30
0.0
 11
447.168
 21
-145.488
 31
0.0
  0
LINE
  5
1325
  8
0
 62
1
 10
447.168
 20
-145.488
 30
0.0
 11
447.175
 21
-145.7
 31
0.0
  0
LINE
  5
1326
  8
0
 62
1
 10
447.175
 20
-145.7
 30
0.0
 11
447.168
 21
-145.912
 31
0.0
  0
LINE
  5
1327
  8
0
 62
1
 10
447.168
 20
-145.912
 30
0.0
 11
447.148
 21
-146.123
 31
0.0
  0
LINE
  5
1328
  8
0
 62
1
 10
447.148
 20
-146.123
 30
0.0
 11
447.115
 21
-146.332
 31
0.0
  0
LINE
  5
1329
  8
0
 62
1
 10
447.115
 20
-146.332
 30
0.0
 11
447.069
 21
-146.539
 31
0.0
  0
LINE
  5
132A
  8
0
 62
1
 10
447.069
 20
-146.539
 30
0.0
 11
447.01
 21
-146.743
 31
0.0
  0
LINE
  5
132B
  8
0
 62
1
 10
447.01
 20
-146.743
 30
0.0
 11
446.938
 21
-146.942
 31
0.0
  0
LINE
  5
132C
  8
0
 62
1
 10
446.938
 20
-146.942
 30
0.0
 11
446.854
 21
-147.137
 31
0.0
  0
LINE
  5
132D
  8
0
 62
1
 10
446.854
 20
-147.137
 30
0.0
 11
446.758
 21
-147.326
 31
0.0
  0
LINE
  5
132E
  8
0
 62
1
 10
446.758
 20
-147.326
 30
0.0
 11
446.65
 21
-147.508
 31
0.0
  0
LINE
  5
132F
  8
0
 62
1
 10
446.65
 20
-147.508
 30
0.0
 11
446.53
 21
-147.684
 31
0.0
  0
LINE
  5
1330
  8
0
 62
1
 10
446.53
 20
-147.684
 30
0.0
 11
446.4
 21
-147.851
 31
0.0
  0
LINE
  5
1331
  8
0
 62
1
 10
446.4
 20
-147.851
 30
0.0
 11
446.26
 21
-148.01
 31
0.0
  0
LINE
  5
1332
  8
0
 62
1
 10
446.26
 20
-148.01
 30
0.0
 11
446.11
 21
-148.16
 31
0.0
  0
LINE
  5
1333
  8
0
 62
1
 10
446.11
 20
-148.16
 30
0.0
 11
445.951
 21
-148.3
 31
0.0
  0
LINE
  5
1334
  8
0
 62
1
 10
445.951
 20
-148.3
 30
0.0
 11
445.784
 21
-148.43
 31
0.0
  0
LINE
  5
1335
  8
0
 62
1
 10
445.784
 20
-148.43
 30
0.0
 11
445.608
 21
-148.55
 31
0.0
  0
LINE
  5
1336
  8
0
 62
1
 10
445.608
 20
-148.55
 30
0.0
 11
445.426
 21
-148.658
 31
0.0
  0
LINE
  5
1337
  8
0
 62
1
 10
445.426
 20
-148.658
 30
0.0
 11
445.237
 21
-148.754
 31
0.0
  0
LINE
  5
1338
  8
0
 62
1
 10
445.237
 20
-148.754
 30
0.0
 11
445.042
 21
-148.838
 31
0.0
  0
LINE
  5
1339
  8
0
 62
1
 10
445.042
 20
-148.838
 30
0.0
 11
444.843
 21
-148.91
 31
0.0
  0
LINE
  5
133A
  8
0
 62
1
 10
444.843
 20
-148.91
 30
0.0
 11
444.639
 21
-148.969
 31
0.0
  0
LINE
  5
133B
  8
0
 62
1
 10
444.639
 20
-148.969
 30
0.0
 11
444.432
 21
-149.015
 31
0.0
  0
LINE
  5
133C
  8
0
 62
1
 10
444.432
 20
-149.015
 30
0.0
 11
444.223
 21
-149.048
 31
0.0
  0
LINE
  5
133D
  8
0
 62
1
 10
444.223
 20
-149.048
 30
0.0
 11
444.012
 21
-149.068
 31
0.0
  0
LINE
  5
133E
  8
0
 62
1
 10
444.012
 20
-149.068
 30
0.0
 11
443.8
 21
-149.075
 31
0.0
  0
LINE
  5
133F
  8
0
 62
1
 10
443.8
 20
-149.075
 30
0.0
 11
443.588
 21
-149.068
 31
0.0
  0
LINE
  5
1340
  8
0
 62
1
 10
443.588
 20
-174.468
 30
0.0
 11
443.377
 21
-174.448
 31
0.0
  0
LINE
  5
1341
  8
0
 62
1
 10
443.377
 20
-174.448
 30
0.0
 11
443.168
 21
-174.415
 31
0.0
  0
LINE
  5
1342
  8
0
 62
1
 10
443.168
 20
-174.415
 30
0.0
 11
442.961
 21
-174.369
 31
0.0
  0
LINE
  5
1343
  8
0
 62
1
 10
442.961
 20
-174.369
 30
0.0
 11
442.757
 21
-174.31
 31
0.0
  0
LINE
  5
1344
  8
0
 62
1
 10
442.757
 20
-174.31
 30
0.0
 11
442.558
 21
-174.238
 31
0.0
  0
LINE
  5
1345
  8
0
 62
1
 10
442.558
 20
-174.238
 30
0.0
 11
442.363
 21
-174.154
 31
0.0
  0
LINE
  5
1346
  8
0
 62
1
 10
442.363
 20
-174.154
 30
0.0
 11
442.174
 21
-174.058
 31
0.0
  0
LINE
  5
1347
  8
0
 62
1
 10
442.174
 20
-174.058
 30
0.0
 11
441.992
 21
-173.95
 31
0.0
  0
LINE
  5
1348
  8
0
 62
1
 10
441.992
 20
-173.95
 30
0.0
 11
441.816
 21
-173.83
 31
0.0
  0
LINE
  5
1349
  8
0
 62
1
 10
441.816
 20
-173.83
 30
0.0
 11
441.649
 21
-173.7
 31
0.0
  0
LINE
  5
134A
  8
0
 62
1
 10
441.649
 20
-173.7
 30
0.0
 11
441.49
 21
-173.56
 31
0.0
  0
LINE
  5
134B
  8
0
 62
1
 10
441.49
 20
-173.56
 30
0.0
 11
441.34
 21
-173.41
 31
0.0
  0
LINE
  5
134C
  8
0
 62
1
 10
441.34
 20
-173.41
 30
0.0
 11
441.2
 21
-173.251
 31
0.0
  0
LINE
  5
134D
  8
0
 62
1
 10
441.2
 20
-173.251
 30
0.0
 11
441.07
 21
-173.084
 31
0.0
  0
LINE
  5
134E
  8
0
 62
1
 10
441.07
 20
-173.084
 30
0.0
 11
440.95
 21
-172.908
 31
0.0
  0
LINE
  5
134F
  8
0
 62
1
 10
440.95
 20
-172.908
 30
0.0
 11
440.842
 21
-172.726
 31
0.0
  0
LINE
  5
1350
  8
0
 62
1
 10
440.842
 20
-172.726
 30
0.0
 11
440.746
 21
-172.537
 31
0.0
  0
LINE
  5
1351
  8
0
 62
1
 10
440.746
 20
-172.537
 30
0.0
 11
440.662
 21
-172.342
 31
0.0
  0
LINE
  5
1352
  8
0
 62
1
 10
440.662
 20
-172.342
 30
0.0
 11
440.59
 21
-172.143
 31
0.0
  0
LINE
  5
1353
  8
0
 62
1
 10
440.59
 20
-172.143
 30
0.0
 11
440.531
 21
-171.939
 31
0.0
  0
LINE
  5
1354
  8
0
 62
1
 10
440.531
 20
-171.939
 30
0.0
 11
440.485
 21
-171.732
 31
0.0
  0
LINE
  5
1355
  8
0
 62
1
 10
440.485
 20
-171.732
 30
0.0
 11
440.452
 21
-171.523
 31
0.0
  0
LINE
  5
1356
  8
0
 62
1
 10
440.452
 20
-171.523
 30
0.0
 11
440.432
 21
-171.312
 31
0.0
  0
LINE
  5
1357
  8
0
 62
1
 10
440.432
 20
-171.312
 30
0.0
 11
440.425
 21
-171.1
 31
0.0
  0
LINE
  5
1358
  8
0
 62
1
 10
440.425
 20
-171.1
 30
0.0
 11
440.432
 21
-170.888
 31
0.0
  0
LINE
  5
1359
  8
0
 62
1
 10
440.432
 20
-170.888
 30
0.0
 11
440.452
 21
-170.677
 31
0.0
  0
LINE
  5
135A
  8
0
 62
1
 10
440.452
 20
-170.677
 30
0.0
 11
440.485
 21
-170.468
 31
0.0
  0
LINE
  5
135B
  8
0
 62
1
 10
440.485
 20
-170.468
 30
0.0
 11
440.531
 21
-170.261
 31
0.0
  0
LINE
  5
135C
  8
0
 62
1
 10
440.531
 20
-170.261
 30
0.0
 11
440.59
 21
-170.057
 31
0.0
  0
LINE
  5
135D
  8
0
 62
1
 10
440.59
 20
-170.057
 30
0.0
 11
440.662
 21
-169.858
 31
0.0
  0
LINE
  5
135E
  8
0
 62
1
 10
440.662
 20
-169.858
 30
0.0
 11
440.746
 21
-169.663
 31
0.0
  0
LINE
  5
135F
  8
0
 62
1
 10
440.746
 20
-169.663
 30
0.0
 11
440.842
 21
-169.474
 31
0.0
  0
LINE
  5
1360
  8
0
 62
1
 10
440.842
 20
-169.474
 30
0.0
 11
440.95
 21
-169.292
 31
0.0
  0
LINE
  5
1361
  8
0
 62
1
 10
440.95
 20
-169.292
 30
0.0
 11
441.07
 21
-169.116
 31
0.0
  0
LINE
  5
1362
  8
0
 62
1
 10
441.07
 20
-169.116
 30
0.0
 11
441.2
 21
-168.949
 31
0.0
  0
LINE
  5
1363
  8
0
 62
1
 10
441.2
 20
-168.949
 30
0.0
 11
441.34
 21
-168.79
 31
0.0
  0
LINE
  5
1364
  8
0
 62
1
 10
441.34
 20
-168.79
 30
0.0
 11
441.49
 21
-168.64
 31
0.0
  0
LINE
  5
1365
  8
0
 62
1
 10
441.49
 20
-168.64
 30
0.0
 11
441.649
 21
-168.499
 31
0.0
  0
LINE
  5
1366
  8
0
 62
1
 10
441.649
 20
-168.499
 30
0.0
 11
441.816
 21
-168.37
 31
0.0
  0
LINE
  5
1367
  8
0
 62
1
 10
441.816
 20
-168.37
 30
0.0
 11
441.992
 21
-168.25
 31
0.0
  0
LINE
  5
1368
  8
0
 62
1
 10
441.992
 20
-168.25
 30
0.0
 11
442.174
 21
-168.142
 31
0.0
  0
LINE
  5
1369
  8
0
 62
1
 10
442.174
 20
-168.142
 30
0.0
 11
442.363
 21
-168.046
 31
0.0
  0
LINE
  5
136A
  8
0
 62
1
 10
442.363
 20
-168.046
 30
0.0
 11
442.558
 21
-167.962
 31
0.0
  0
LINE
  5
136B
  8
0
 62
1
 10
442.558
 20
-167.962
 30
0.0
 11
442.757
 21
-167.89
 31
0.0
  0
LINE
  5
136C
  8
0
 62
1
 10
442.757
 20
-167.89
 30
0.0
 11
442.961
 21
-167.831
 31
0.0
  0
LINE
  5
136D
  8
0
 62
1
 10
442.961
 20
-167.831
 30
0.0
 11
443.168
 21
-167.785
 31
0.0
  0
LINE
  5
136E
  8
0
 62
1
 10
443.168
 20
-167.785
 30
0.0
 11
443.377
 21
-167.752
 31
0.0
  0
LINE
  5
136F
  8
0
 62
1
 10
443.377
 20
-167.752
 30
0.0
 11
443.588
 21
-167.732
 31
0.0
  0
LINE
  5
1370
  8
0
 62
1
 10
443.588
 20
-167.732
 30
0.0
 11
443.8
 21
-167.725
 31
0.0
  0
LINE
  5
1371
  8
0
 62
1
 10
443.8
 20
-167.725
 30
0.0
 11
444.012
 21
-167.732
 31
0.0
  0
LINE
  5
1372
  8
0
 62
1
 10
444.012
 20
-167.732
 30
0.0
 11
444.223
 21
-167.752
 31
0.0
  0
LINE
  5
1373
  8
0
 62
1
 10
444.223
 20
-167.752
 30
0.0
 11
444.432
 21
-167.785
 31
0.0
  0
LINE
  5
1374
  8
0
 62
1
 10
444.432
 20
-167.785
 30
0.0
 11
444.639
 21
-167.831
 31
0.0
  0
LINE
  5
1375
  8
0
 62
1
 10
444.639
 20
-167.831
 30
0.0
 11
444.843
 21
-167.89
 31
0.0
  0
LINE
  5
1376
  8
0
 62
1
 10
444.843
 20
-167.89
 30
0.0
 11
445.042
 21
-167.962
 31
0.0
  0
LINE
  5
1377
  8
0
 62
1
 10
445.042
 20
-167.962
 30
0.0
 11
445.237
 21
-168.046
 31
0.0
  0
LINE
  5
1378
  8
0
 62
1
 10
445.237
 20
-168.046
 30
0.0
 11
445.426
 21
-168.142
 31
0.0
  0
LINE
  5
1379
  8
0
 62
1
 10
445.426
 20
-168.142
 30
0.0
 11
445.608
 21
-168.25
 31
0.0
  0
LINE
  5
137A
  8
0
 62
1
 10
445.608
 20
-168.25
 30
0.0
 11
445.784
 21
-168.37
 31
0.0
  0
LINE
  5
137B
  8
0
 62
1
 10
445.784
 20
-168.37
 30
0.0
 11
445.951
 21
-168.499
 31
0.0
  0
LINE
  5
137C
  8
0
 62
1
 10
445.951
 20
-168.499
 30
0.0
 11
446.11
 21
-168.64
 31
0.0
  0
LINE
  5
137D
  8
0
 62
1
 10
446.11
 20
-168.64
 30
0.0
 11
446.26
 21
-168.79
 31
0.0
  0
LINE
  5
137E
  8
0
 62
1
 10
446.26
 20
-168.79
 30
0.0
 11
446.4
 21
-168.949
 31
0.0
  0
LINE
  5
137F
  8
0
 62
1
 10
446.4
 20
-168.949
 30
0.0
 11
446.53
 21
-169.116
 31
0.0
  0
LINE
  5
1380
  8
0
 62
1
 10
446.53
 20
-169.116
 30
0.0
 11
446.65
 21
-169.292
 31
0.0
  0
LINE
  5
1381
  8
0
 62
1
 10
446.65
 20
-169.292
 30
0.0
 11
446.758
 21
-169.474
 31
0.0
  0
LINE
  5
1382
  8
0
 62
1
 10
446.758
 20
-169.474
 30
0.0
 11
446.854
 21
-169.663
 31
0.0
  0
LINE
  5
1383
  8
0
 62
1
 10
446.854
 20
-169.663
 30
0.0
 11
446.938
 21
-169.858
 31
0.0
  0
LINE
  5
1384
  8
0
 62
1
 10
446.938
 20
-169.858
 30
0.0
 11
447.01
 21
-170.057
 31
0.0
  0
LINE
  5
1385
  8
0
 62
1
 10
447.01
 20
-170.057
 30
0.0
 11
447.069
 21
-170.261
 31
0.0
  0
LINE
  5
1386
  8
0
 62
1
 10
447.069
 20
-170.261
 30
0.0
 11
447.115
 21
-170.468
 31
0.0
  0
LINE
  5
1387
  8
0
 62
1
 10
447.115
 20
-170.468
 30
0.0
 11
447.148
 21
-170.677
 31
0.0
  0
LINE
  5
1388
  8
0
 62
1
 10
447.148
 20
-170.677
 30
0.0
 11
447.168
 21
-170.888
 31
0.0
  0
LINE
  5
1389
  8
0
 62
1
 10
447.168
 20
-170.888
 30
0.0
 11
447.175
 21
-171.1
 31
0.0
  0
LINE
  5
138A
  8
0
 62
1
 10
447.175
 20
-171.1
 30
0.0
 11
447.168
 21
-171.312
 31
0.0
  0
LINE
  5
138B
  8
0
 62
1
 10
447.168
 20
-171.312
 30
0.0
 11
447.148
 21
-171.523
 31
0.0
  0
LINE
  5
138C
  8
0
 62
1
 10
447.148
 20
-171.523
 30
0.0
 11
447.115
 21
-171.732
 31
0.0
  0
LINE
  5
138D
  8
0
 62
1
 10
447.115
 20
-171.732
 30
0.0
 11
447.069
 21
-171.939
 31
0.0
  0
LINE
  5
138E
  8
0
 62
1
 10
447.069
 20
-171.939
 30
0.0
 11
447.01
 21
-172.143
 31
0.0
  0
LINE
  5
138F
  8
0
 62
1
 10
447.01
 20
-172.143
 30
0.0
 11
446.938
 21
-172.342
 31
0.0
  0
LINE
  5
1390
  8
0
 62
1
 10
446.938
 20
-172.342
 30
0.0
 11
446.854
 21
-172.537
 31
0.0
  0
LINE
  5
1391
  8
0
 62
1
 10
446.854
 20
-172.537
 30
0.0
 11
446.758
 21
-172.726
 31
0.0
  0
LINE
  5
1392
  8
0
 62
1
 10
446.758
 20
-172.726
 30
0.0
 11
446.65
 21
-172.908
 31
0.0
  0
LINE
  5
1393
  8
0
 62
1
 10
446.65
 20
-172.908
 30
0.0
 11
446.53
 21
-173.084
 31
0.0
  0
LINE
  5
1394
  8
0
 62
1
 10
446.53
 20
-173.084
 30
0.0
 11
446.4
 21
-173.251
 31
0.0
  0
LINE
  5
1395
  8
0
 62
1
 10
446.4
 20
-173.251
 30
0.0
 11
446.26
 21
-173.41
 31
0.0
  0
LINE
  5
1396
  8
0
 62
1
 10
446.26
 20
-173.41
 30
0.0
 11
446.11
 21
-173.56
 31
0.0
  0
LINE
  5
1397
  8
0
 62
1
 10
446.11
 20
-173.56
 30
0.0
 11
445.951
 21
-173.7
 31
0.0
  0
LINE
  5
1398
  8
0
 62
1
 10
445.951
 20
-173.7
 30
0.0
 11
445.784
 21
-173.83
 31
0.0
  0
LINE
  5
1399
  8
0
 62
1
 10
445.784
 20
-173.83
 30
0.0
 11
445.608
 21
-173.95
 31
0.0
  0
LINE
  5
139A
  8
0
 62
1
 10
445.608
 20
-173.95
 30
0.0
 11
445.426
 21
-174.058
 31
0.0
  0
LINE
  5
139B
  8
0
 62
1
 10
445.426
 20
-174.058
 30
0.0
 11
445.237
 21
-174.154
 31
0.0
  0
LINE
  5
139C
  8
0
 62
1
 10
445.237
 20
-174.154
 30
0.0
 11
445.042
 21
-174.238
 31
0.0
  0
LINE
  5
139D
  8
0
 62
1
 10
445.042
 20
-174.238
 30
0.0
 11
444.843
 21
-174.31
 31
0.0
  0
LINE
  5
139E
  8
0
 62
1
 10
444.843
 20
-174.31
 30
0.0
 11
444.639
 21
-174.369
 31
0.0
  0
LINE
  5
139F
  8
0
 62
1
 10
444.639
 20
-174.369
 30
0.0
 11
444.432
 21
-174.415
 31
0.0
  0
LINE
  5
13A0
  8
0
 62
1
 10
444.432
 20
-174.415
 30
0.0
 11
444.223
 21
-174.448
 31
0.0
  0
LINE
  5
13A1
  8
0
 62
1
 10
444.223
 20
-174.448
 30
0.0
 11
444.012
 21
-174.468
 31
0.0
  0
LINE
  5
13A2
  8
0
 62
1
 10
444.012
 20
-174.468
 30
0.0
 11
443.8
 21
-174.475
 31
0.0
  0
LINE
  5
13A3
  8
0
 62
1
 10
443.8
 20
-174.475
 30
0.0
 11
443.588
 21
-174.468
 31
0.0
  0
LINE
  5
13A4
  8
0
 62
1
 10
443.588
 20
-199.868
 30
0.0
 11
443.377
 21
-199.848
 31
0.0
  0
LINE
  5
13A5
  8
0
 62
1
 10
443.377
 20
-199.848
 30
0.0
 11
443.168
 21
-199.815
 31
0.0
  0
LINE
  5
13A6
  8
0
 62
1
 10
443.168
 20
-199.815
 30
0.0
 11
442.961
 21
-199.769
 31
0.0
  0
LINE
  5
13A7
  8
0
 62
1
 10
442.961
 20
-199.769
 30
0.0
 11
442.757
 21
-199.71
 31
0.0
  0
LINE
  5
13A8
  8
0
 62
1
 10
442.757
 20
-199.71
 30
0.0
 11
442.558
 21
-199.638
 31
0.0
  0
LINE
  5
13A9
  8
0
 62
1
 10
442.558
 20
-199.638
 30
0.0
 11
442.363
 21
-199.554
 31
0.0
  0
LINE
  5
13AA
  8
0
 62
1
 10
442.363
 20
-199.554
 30
0.0
 11
442.174
 21
-199.458
 31
0.0
  0
LINE
  5
13AB
  8
0
 62
1
 10
442.174
 20
-199.458
 30
0.0
 11
441.992
 21
-199.35
 31
0.0
  0
LINE
  5
13AC
  8
0
 62
1
 10
441.992
 20
-199.35
 30
0.0
 11
441.816
 21
-199.23
 31
0.0
  0
LINE
  5
13AD
  8
0
 62
1
 10
441.816
 20
-199.23
 30
0.0
 11
441.649
 21
-199.1
 31
0.0
  0
LINE
  5
13AE
  8
0
 62
1
 10
441.649
 20
-199.1
 30
0.0
 11
441.49
 21
-198.96
 31
0.0
  0
LINE
  5
13AF
  8
0
 62
1
 10
441.49
 20
-198.96
 30
0.0
 11
441.34
 21
-198.81
 31
0.0
  0
LINE
  5
13B0
  8
0
 62
1
 10
441.34
 20
-198.81
 30
0.0
 11
441.2
 21
-198.651
 31
0.0
  0
LINE
  5
13B1
  8
0
 62
1
 10
441.2
 20
-198.651
 30
0.0
 11
441.07
 21
-198.484
 31
0.0
  0
LINE
  5
13B2
  8
0
 62
1
 10
441.07
 20
-198.484
 30
0.0
 11
440.95
 21
-198.308
 31
0.0
  0
LINE
  5
13B3
  8
0
 62
1
 10
440.95
 20
-198.308
 30
0.0
 11
440.842
 21
-198.126
 31
0.0
  0
LINE
  5
13B4
  8
0
 62
1
 10
440.842
 20
-198.126
 30
0.0
 11
440.746
 21
-197.937
 31
0.0
  0
LINE
  5
13B5
  8
0
 62
1
 10
440.746
 20
-197.937
 30
0.0
 11
440.662
 21
-197.742
 31
0.0
  0
LINE
  5
13B6
  8
0
 62
1
 10
440.662
 20
-197.742
 30
0.0
 11
440.59
 21
-197.543
 31
0.0
  0
LINE
  5
13B7
  8
0
 62
1
 10
440.59
 20
-197.543
 30
0.0
 11
440.531
 21
-197.339
 31
0.0
  0
LINE
  5
13B8
  8
0
 62
1
 10
440.531
 20
-197.339
 30
0.0
 11
440.485
 21
-197.132
 31
0.0
  0
LINE
  5
13B9
  8
0
 62
1
 10
440.485
 20
-197.132
 30
0.0
 11
440.452
 21
-196.923
 31
0.0
  0
LINE
  5
13BA
  8
0
 62
1
 10
440.452
 20
-196.923
 30
0.0
 11
440.432
 21
-196.712
 31
0.0
  0
LINE
  5
13BB
  8
0
 62
1
 10
440.432
 20
-196.712
 30
0.0
 11
440.425
 21
-196.5
 31
0.0
  0
LINE
  5
13BC
  8
0
 62
1
 10
440.425
 20
-196.5
 30
0.0
 11
440.432
 21
-196.288
 31
0.0
  0
LINE
  5
13BD
  8
0
 62
1
 10
440.432
 20
-196.288
 30
0.0
 11
440.452
 21
-196.077
 31
0.0
  0
LINE
  5
13BE
  8
0
 62
1
 10
440.452
 20
-196.077
 30
0.0
 11
440.485
 21
-195.868
 31
0.0
  0
LINE
  5
13BF
  8
0
 62
1
 10
440.485
 20
-195.868
 30
0.0
 11
440.531
 21
-195.661
 31
0.0
  0
LINE
  5
13C0
  8
0
 62
1
 10
440.531
 20
-195.661
 30
0.0
 11
440.59
 21
-195.457
 31
0.0
  0
LINE
  5
13C1
  8
0
 62
1
 10
440.59
 20
-195.457
 30
0.0
 11
440.662
 21
-195.258
 31
0.0
  0
LINE
  5
13C2
  8
0
 62
1
 10
440.662
 20
-195.258
 30
0.0
 11
440.746
 21
-195.063
 31
0.0
  0
LINE
  5
13C3
  8
0
 62
1
 10
440.746
 20
-195.063
 30
0.0
 11
440.842
 21
-194.874
 31
0.0
  0
LINE
  5
13C4
  8
0
 62
1
 10
440.842
 20
-194.874
 30
0.0
 11
440.95
 21
-194.692
 31
0.0
  0
LINE
  5
13C5
  8
0
 62
1
 10
440.95
 20
-194.692
 30
0.0
 11
441.07
 21
-194.516
 31
0.0
  0
LINE
  5
13C6
  8
0
 62
1
 10
441.07
 20
-194.516
 30
0.0
 11
441.2
 21
-194.349
 31
0.0
  0
LINE
  5
13C7
  8
0
 62
1
 10
441.2
 20
-194.349
 30
0.0
 11
441.34
 21
-194.19
 31
0.0
  0
LINE
  5
13C8
  8
0
 62
1
 10
441.34
 20
-194.19
 30
0.0
 11
441.49
 21
-194.04
 31
0.0
  0
LINE
  5
13C9
  8
0
 62
1
 10
441.49
 20
-194.04
 30
0.0
 11
441.649
 21
-193.9
 31
0.0
  0
LINE
  5
13CA
  8
0
 62
1
 10
441.649
 20
-193.9
 30
0.0
 11
441.816
 21
-193.77
 31
0.0
  0
LINE
  5
13CB
  8
0
 62
1
 10
441.816
 20
-193.77
 30
0.0
 11
441.992
 21
-193.65
 31
0.0
  0
LINE
  5
13CC
  8
0
 62
1
 10
441.992
 20
-193.65
 30
0.0
 11
442.174
 21
-193.542
 31
0.0
  0
LINE
  5
13CD
  8
0
 62
1
 10
442.174
 20
-193.542
 30
0.0
 11
442.363
 21
-193.446
 31
0.0
  0
LINE
  5
13CE
  8
0
 62
1
 10
442.363
 20
-193.446
 30
0.0
 11
442.558
 21
-193.362
 31
0.0
  0
LINE
  5
13CF
  8
0
 62
1
 10
442.558
 20
-193.362
 30
0.0
 11
442.757
 21
-193.29
 31
0.0
  0
LINE
  5
13D0
  8
0
 62
1
 10
442.757
 20
-193.29
 30
0.0
 11
442.961
 21
-193.231
 31
0.0
  0
LINE
  5
13D1
  8
0
 62
1
 10
442.961
 20
-193.231
 30
0.0
 11
443.168
 21
-193.185
 31
0.0
  0
LINE
  5
13D2
  8
0
 62
1
 10
443.168
 20
-193.185
 30
0.0
 11
443.377
 21
-193.152
 31
0.0
  0
LINE
  5
13D3
  8
0
 62
1
 10
443.377
 20
-193.152
 30
0.0
 11
443.588
 21
-193.132
 31
0.0
  0
LINE
  5
13D4
  8
0
 62
1
 10
443.588
 20
-193.132
 30
0.0
 11
443.8
 21
-193.125
 31
0.0
  0
LINE
  5
13D5
  8
0
 62
1
 10
443.8
 20
-193.125
 30
0.0
 11
444.012
 21
-193.132
 31
0.0
  0
LINE
  5
13D6
  8
0
 62
1
 10
444.012
 20
-193.132
 30
0.0
 11
444.223
 21
-193.152
 31
0.0
  0
LINE
  5
13D7
  8
0
 62
1
 10
444.223
 20
-193.152
 30
0.0
 11
444.432
 21
-193.185
 31
0.0
  0
LINE
  5
13D8
  8
0
 62
1
 10
444.432
 20
-193.185
 30
0.0
 11
444.639
 21
-193.231
 31
0.0
  0
LINE
  5
13D9
  8
0
 62
1
 10
444.639
 20
-193.231
 30
0.0
 11
444.843
 21
-193.29
 31
0.0
  0
LINE
  5
13DA
  8
0
 62
1
 10
444.843
 20
-193.29
 30
0.0
 11
445.042
 21
-193.362
 31
0.0
  0
LINE
  5
13DB
  8
0
 62
1
 10
445.042
 20
-193.362
 30
0.0
 11
445.237
 21
-193.446
 31
0.0
  0
LINE
  5
13DC
  8
0
 62
1
 10
445.237
 20
-193.446
 30
0.0
 11
445.426
 21
-193.542
 31
0.0
  0
LINE
  5
13DD
  8
0
 62
1
 10
445.426
 20
-193.542
 30
0.0
 11
445.608
 21
-193.65
 31
0.0
  0
LINE
  5
13DE
  8
0
 62
1
 10
445.608
 20
-193.65
 30
0.0
 11
445.784
 21
-193.77
 31
0.0
  0
LINE
  5
13DF
  8
0
 62
1
 10
445.784
 20
-193.77
 30
0.0
 11
445.951
 21
-193.9
 31
0.0
  0
LINE
  5
13E0
  8
0
 62
1
 10
445.951
 20
-193.9
 30
0.0
 11
446.11
 21
-194.04
 31
0.0
  0
LINE
  5
13E1
  8
0
 62
1
 10
446.11
 20
-194.04
 30
0.0
 11
446.26
 21
-194.19
 31
0.0
  0
LINE
  5
13E2
  8
0
 62
1
 10
446.26
 20
-194.19
 30
0.0
 11
446.4
 21
-194.349
 31
0.0
  0
LINE
  5
13E3
  8
0
 62
1
 10
446.4
 20
-194.349
 30
0.0
 11
446.53
 21
-194.516
 31
0.0
  0
LINE
  5
13E4
  8
0
 62
1
 10
446.53
 20
-194.516
 30
0.0
 11
446.65
 21
-194.692
 31
0.0
  0
LINE
  5
13E5
  8
0
 62
1
 10
446.65
 20
-194.692
 30
0.0
 11
446.758
 21
-194.874
 31
0.0
  0
LINE
  5
13E6
  8
0
 62
1
 10
446.758
 20
-194.874
 30
0.0
 11
446.854
 21
-195.063
 31
0.0
  0
LINE
  5
13E7
  8
0
 62
1
 10
446.854
 20
-195.063
 30
0.0
 11
446.938
 21
-195.258
 31
0.0
  0
LINE
  5
13E8
  8
0
 62
1
 10
446.938
 20
-195.258
 30
0.0
 11
447.01
 21
-195.457
 31
0.0
  0
LINE
  5
13E9
  8
0
 62
1
 10
447.01
 20
-195.457
 30
0.0
 11
447.069
 21
-195.661
 31
0.0
  0
LINE
  5
13EA
  8
0
 62
1
 10
447.069
 20
-195.661
 30
0.0
 11
447.115
 21
-195.868
 31
0.0
  0
LINE
  5
13EB
  8
0
 62
1
 10
447.115
 20
-195.868
 30
0.0
 11
447.148
 21
-196.077
 31
0.0
  0
LINE
  5
13EC
  8
0
 62
1
 10
447.148
 20
-196.077
 30
0.0
 11
447.168
 21
-196.288
 31
0.0
  0
LINE
  5
13ED
  8
0
 62
1
 10
447.168
 20
-196.288
 30
0.0
 11
447.175
 21
-196.5
 31
0.0
  0
LINE
  5
13EE
  8
0
 62
1
 10
447.175
 20
-196.5
 30
0.0
 11
447.168
 21
-196.712
 31
0.0
  0
LINE
  5
13EF
  8
0
 62
1
 10
447.168
 20
-196.712
 30
0.0
 11
447.148
 21
-196.923
 31
0.0
  0
LINE
  5
13F0
  8
0
 62
1
 10
447.148
 20
-196.923
 30
0.0
 11
447.115
 21
-197.132
 31
0.0
  0
LINE
  5
13F1
  8
0
 62
1
 10
447.115
 20
-197.132
 30
0.0
 11
447.069
 21
-197.339
 31
0.0
  0
LINE
  5
13F2
  8
0
 62
1
 10
447.069
 20
-197.339
 30
0.0
 11
447.01
 21
-197.543
 31
0.0
  0
LINE
  5
13F3
  8
0
 62
1
 10
447.01
 20
-197.543
 30
0.0
 11
446.938
 21
-197.742
 31
0.0
  0
LINE
  5
13F4
  8
0
 62
1
 10
446.938
 20
-197.742
 30
0.0
 11
446.854
 21
-197.937
 31
0.0
  0
LINE
  5
13F5
  8
0
 62
1
 10
446.854
 20
-197.937
 30
0.0
 11
446.758
 21
-198.126
 31
0.0
  0
LINE
  5
13F6
  8
0
 62
1
 10
446.758
 20
-198.126
 30
0.0
 11
446.65
 21
-198.308
 31
0.0
  0
LINE
  5
13F7
  8
0
 62
1
 10
446.65
 20
-198.308
 30
0.0
 11
446.53
 21
-198.484
 31
0.0
  0
LINE
  5
13F8
  8
0
 62
1
 10
446.53
 20
-198.484
 30
0.0
 11
446.4
 21
-198.651
 31
0.0
  0
LINE
  5
13F9
  8
0
 62
1
 10
446.4
 20
-198.651
 30
0.0
 11
446.26
 21
-198.81
 31
0.0
  0
LINE
  5
13FA
  8
0
 62
1
 10
446.26
 20
-198.81
 30
0.0
 11
446.11
 21
-198.96
 31
0.0
  0
LINE
  5
13FB
  8
0
 62
1
 10
446.11
 20
-198.96
 30
0.0
 11
445.951
 21
-199.1
 31
0.0
  0
LINE
  5
13FC
  8
0
 62
1
 10
445.951
 20
-199.1
 30
0.0
 11
445.784
 21
-199.23
 31
0.0
  0
LINE
  5
13FD
  8
0
 62
1
 10
445.784
 20
-199.23
 30
0.0
 11
445.608
 21
-199.35
 31
0.0
  0
LINE
  5
13FE
  8
0
 62
1
 10
445.608
 20
-199.35
 30
0.0
 11
445.426
 21
-199.458
 31
0.0
  0
LINE
  5
13FF
  8
0
 62
1
 10
445.426
 20
-199.458
 30
0.0
 11
445.237
 21
-199.554
 31
0.0
  0
LINE
  5
1400
  8
0
 62
1
 10
445.237
 20
-199.554
 30
0.0
 11
445.042
 21
-199.638
 31
0.0
  0
LINE
  5
1401
  8
0
 62
1
 10
445.042
 20
-199.638
 30
0.0
 11
444.843
 21
-199.71
 31
0.0
  0
LINE
  5
1402
  8
0
 62
1
 10
444.843
 20
-199.71
 30
0.0
 11
444.639
 21
-199.769
 31
0.0
  0
LINE
  5
1403
  8
0
 62
1
 10
444.639
 20
-199.769
 30
0.0
 11
444.432
 21
-199.815
 31
0.0
  0
LINE
  5
1404
  8
0
 62
1
 10
444.432
 20
-199.815
 30
0.0
 11
444.223
 21
-199.848
 31
0.0
  0
LINE
  5
1405
  8
0
 62
1
 10
444.223
 20
-199.848
 30
0.0
 11
444.012
 21
-199.868
 31
0.0
  0
LINE
  5
1406
  8
0
 62
1
 10
444.012
 20
-199.868
 30
0.0
 11
443.8
 21
-199.875
 31
0.0
  0
LINE
  5
1407
  8
0
 62
1
 10
443.8
 20
-199.875
 30
0.0
 11
443.588
 21
-199.868
 31
0.0
  0
LINE
  5
1408
  8
0
 62
1
 10
426.1
 20
-107.6
 30
0.0
 11
400.7
 21
-107.6
 31
0.0
  0
LINE
  5
1409
  8
0
 62
1
 10
400.7
 20
-107.6
 30
0.0
 11
400.7
 21
-209.2
 31
0.0
  0
LINE
  5
140A
  8
0
 62
1
 10
400.7
 20
-209.2
 30
0.0
 11
426.1
 21
-209.2
 31
0.0
  0
LINE
  5
140B
  8
0
 62
1
 10
426.1
 20
-209.2
 30
0.0
 11
426.1
 21
-107.6
 31
0.0
  0
LINE
  5
140C
  8
0
 62
1
 10
413.188
 20
-123.668
 30
0.0
 11
412.977
 21
-123.648
 31
0.0
  0
LINE
  5
140D
  8
0
 62
1
 10
412.977
 20
-123.648
 30
0.0
 11
412.768
 21
-123.615
 31
0.0
  0
LINE
  5
140E
  8
0
 62
1
 10
412.768
 20
-123.615
 30
0.0
 11
412.561
 21
-123.569
 31
0.0
  0
LINE
  5
140F
  8
0
 62
1
 10
412.561
 20
-123.569
 30
0.0
 11
412.357
 21
-123.51
 31
0.0
  0
LINE
  5
1410
  8
0
 62
1
 10
412.357
 20
-123.51
 30
0.0
 11
412.158
 21
-123.438
 31
0.0
  0
LINE
  5
1411
  8
0
 62
1
 10
412.158
 20
-123.438
 30
0.0
 11
411.963
 21
-123.354
 31
0.0
  0
LINE
  5
1412
  8
0
 62
1
 10
411.963
 20
-123.354
 30
0.0
 11
411.774
 21
-123.258
 31
0.0
  0
LINE
  5
1413
  8
0
 62
1
 10
411.774
 20
-123.258
 30
0.0
 11
411.592
 21
-123.15
 31
0.0
  0
LINE
  5
1414
  8
0
 62
1
 10
411.592
 20
-123.15
 30
0.0
 11
411.416
 21
-123.03
 31
0.0
  0
LINE
  5
1415
  8
0
 62
1
 10
411.416
 20
-123.03
 30
0.0
 11
411.249
 21
-122.9
 31
0.0
  0
LINE
  5
1416
  8
0
 62
1
 10
411.249
 20
-122.9
 30
0.0
 11
411.09
 21
-122.76
 31
0.0
  0
LINE
  5
1417
  8
0
 62
1
 10
411.09
 20
-122.76
 30
0.0
 11
410.94
 21
-122.61
 31
0.0
  0
LINE
  5
1418
  8
0
 62
1
 10
410.94
 20
-122.61
 30
0.0
 11
410.8
 21
-122.451
 31
0.0
  0
LINE
  5
1419
  8
0
 62
1
 10
410.8
 20
-122.451
 30
0.0
 11
410.67
 21
-122.284
 31
0.0
  0
LINE
  5
141A
  8
0
 62
1
 10
410.67
 20
-122.284
 30
0.0
 11
410.55
 21
-122.108
 31
0.0
  0
LINE
  5
141B
  8
0
 62
1
 10
410.55
 20
-122.108
 30
0.0
 11
410.442
 21
-121.926
 31
0.0
  0
LINE
  5
141C
  8
0
 62
1
 10
410.442
 20
-121.926
 30
0.0
 11
410.346
 21
-121.737
 31
0.0
  0
LINE
  5
141D
  8
0
 62
1
 10
410.346
 20
-121.737
 30
0.0
 11
410.262
 21
-121.542
 31
0.0
  0
LINE
  5
141E
  8
0
 62
1
 10
410.262
 20
-121.542
 30
0.0
 11
410.19
 21
-121.343
 31
0.0
  0
LINE
  5
141F
  8
0
 62
1
 10
410.19
 20
-121.343
 30
0.0
 11
410.131
 21
-121.139
 31
0.0
  0
LINE
  5
1420
  8
0
 62
1
 10
410.131
 20
-121.139
 30
0.0
 11
410.085
 21
-120.932
 31
0.0
  0
LINE
  5
1421
  8
0
 62
1
 10
410.085
 20
-120.932
 30
0.0
 11
410.052
 21
-120.723
 31
0.0
  0
LINE
  5
1422
  8
0
 62
1
 10
410.052
 20
-120.723
 30
0.0
 11
410.032
 21
-120.512
 31
0.0
  0
LINE
  5
1423
  8
0
 62
1
 10
410.032
 20
-120.512
 30
0.0
 11
410.025
 21
-120.3
 31
0.0
  0
LINE
  5
1424
  8
0
 62
1
 10
410.025
 20
-120.3
 30
0.0
 11
410.032
 21
-120.088
 31
0.0
  0
LINE
  5
1425
  8
0
 62
1
 10
410.032
 20
-120.088
 30
0.0
 11
410.052
 21
-119.877
 31
0.0
  0
LINE
  5
1426
  8
0
 62
1
 10
410.052
 20
-119.877
 30
0.0
 11
410.085
 21
-119.668
 31
0.0
  0
LINE
  5
1427
  8
0
 62
1
 10
410.085
 20
-119.668
 30
0.0
 11
410.131
 21
-119.461
 31
0.0
  0
LINE
  5
1428
  8
0
 62
1
 10
410.131
 20
-119.461
 30
0.0
 11
410.19
 21
-119.257
 31
0.0
  0
LINE
  5
1429
  8
0
 62
1
 10
410.19
 20
-119.257
 30
0.0
 11
410.262
 21
-119.058
 31
0.0
  0
LINE
  5
142A
  8
0
 62
1
 10
410.262
 20
-119.058
 30
0.0
 11
410.346
 21
-118.863
 31
0.0
  0
LINE
  5
142B
  8
0
 62
1
 10
410.346
 20
-118.863
 30
0.0
 11
410.442
 21
-118.674
 31
0.0
  0
LINE
  5
142C
  8
0
 62
1
 10
410.442
 20
-118.674
 30
0.0
 11
410.55
 21
-118.492
 31
0.0
  0
LINE
  5
142D
  8
0
 62
1
 10
410.55
 20
-118.492
 30
0.0
 11
410.67
 21
-118.316
 31
0.0
  0
LINE
  5
142E
  8
0
 62
1
 10
410.67
 20
-118.316
 30
0.0
 11
410.8
 21
-118.149
 31
0.0
  0
LINE
  5
142F
  8
0
 62
1
 10
410.8
 20
-118.149
 30
0.0
 11
410.94
 21
-117.99
 31
0.0
  0
LINE
  5
1430
  8
0
 62
1
 10
410.94
 20
-117.99
 30
0.0
 11
411.09
 21
-117.84
 31
0.0
  0
LINE
  5
1431
  8
0
 62
1
 10
411.09
 20
-117.84
 30
0.0
 11
411.249
 21
-117.7
 31
0.0
  0
LINE
  5
1432
  8
0
 62
1
 10
411.249
 20
-117.7
 30
0.0
 11
411.416
 21
-117.57
 31
0.0
  0
LINE
  5
1433
  8
0
 62
1
 10
411.416
 20
-117.57
 30
0.0
 11
411.592
 21
-117.45
 31
0.0
  0
LINE
  5
1434
  8
0
 62
1
 10
411.592
 20
-117.45
 30
0.0
 11
411.774
 21
-117.342
 31
0.0
  0
LINE
  5
1435
  8
0
 62
1
 10
411.774
 20
-117.342
 30
0.0
 11
411.963
 21
-117.246
 31
0.0
  0
LINE
  5
1436
  8
0
 62
1
 10
411.963
 20
-117.246
 30
0.0
 11
412.158
 21
-117.162
 31
0.0
  0
LINE
  5
1437
  8
0
 62
1
 10
412.158
 20
-117.162
 30
0.0
 11
412.357
 21
-117.09
 31
0.0
  0
LINE
  5
1438
  8
0
 62
1
 10
412.357
 20
-117.09
 30
0.0
 11
412.561
 21
-117.031
 31
0.0
  0
LINE
  5
1439
  8
0
 62
1
 10
412.561
 20
-117.031
 30
0.0
 11
412.768
 21
-116.985
 31
0.0
  0
LINE
  5
143A
  8
0
 62
1
 10
412.768
 20
-116.985
 30
0.0
 11
412.977
 21
-116.952
 31
0.0
  0
LINE
  5
143B
  8
0
 62
1
 10
412.977
 20
-116.952
 30
0.0
 11
413.188
 21
-116.932
 31
0.0
  0
LINE
  5
143C
  8
0
 62
1
 10
413.188
 20
-116.932
 30
0.0
 11
413.4
 21
-116.925
 31
0.0
  0
LINE
  5
143D
  8
0
 62
1
 10
413.4
 20
-116.925
 30
0.0
 11
413.612
 21
-116.932
 31
0.0
  0
LINE
  5
143E
  8
0
 62
1
 10
413.612
 20
-116.932
 30
0.0
 11
413.823
 21
-116.952
 31
0.0
  0
LINE
  5
143F
  8
0
 62
1
 10
413.823
 20
-116.952
 30
0.0
 11
414.032
 21
-116.985
 31
0.0
  0
LINE
  5
1440
  8
0
 62
1
 10
414.032
 20
-116.985
 30
0.0
 11
414.239
 21
-117.031
 31
0.0
  0
LINE
  5
1441
  8
0
 62
1
 10
414.239
 20
-117.031
 30
0.0
 11
414.443
 21
-117.09
 31
0.0
  0
LINE
  5
1442
  8
0
 62
1
 10
414.443
 20
-117.09
 30
0.0
 11
414.642
 21
-117.162
 31
0.0
  0
LINE
  5
1443
  8
0
 62
1
 10
414.642
 20
-117.162
 30
0.0
 11
414.837
 21
-117.246
 31
0.0
  0
LINE
  5
1444
  8
0
 62
1
 10
414.837
 20
-117.246
 30
0.0
 11
415.026
 21
-117.342
 31
0.0
  0
LINE
  5
1445
  8
0
 62
1
 10
415.026
 20
-117.342
 30
0.0
 11
415.208
 21
-117.45
 31
0.0
  0
LINE
  5
1446
  8
0
 62
1
 10
415.208
 20
-117.45
 30
0.0
 11
415.384
 21
-117.57
 31
0.0
  0
LINE
  5
1447
  8
0
 62
1
 10
415.384
 20
-117.57
 30
0.0
 11
415.551
 21
-117.7
 31
0.0
  0
LINE
  5
1448
  8
0
 62
1
 10
415.551
 20
-117.7
 30
0.0
 11
415.71
 21
-117.84
 31
0.0
  0
LINE
  5
1449
  8
0
 62
1
 10
415.71
 20
-117.84
 30
0.0
 11
415.86
 21
-117.99
 31
0.0
  0
LINE
  5
144A
  8
0
 62
1
 10
415.86
 20
-117.99
 30
0.0
 11
416.0
 21
-118.149
 31
0.0
  0
LINE
  5
144B
  8
0
 62
1
 10
416.0
 20
-118.149
 30
0.0
 11
416.13
 21
-118.316
 31
0.0
  0
LINE
  5
144C
  8
0
 62
1
 10
416.13
 20
-118.316
 30
0.0
 11
416.25
 21
-118.492
 31
0.0
  0
LINE
  5
144D
  8
0
 62
1
 10
416.25
 20
-118.492
 30
0.0
 11
416.358
 21
-118.674
 31
0.0
  0
LINE
  5
144E
  8
0
 62
1
 10
416.358
 20
-118.674
 30
0.0
 11
416.454
 21
-118.863
 31
0.0
  0
LINE
  5
144F
  8
0
 62
1
 10
416.454
 20
-118.863
 30
0.0
 11
416.538
 21
-119.058
 31
0.0
  0
LINE
  5
1450
  8
0
 62
1
 10
416.538
 20
-119.058
 30
0.0
 11
416.61
 21
-119.257
 31
0.0
  0
LINE
  5
1451
  8
0
 62
1
 10
416.61
 20
-119.257
 30
0.0
 11
416.669
 21
-119.461
 31
0.0
  0
LINE
  5
1452
  8
0
 62
1
 10
416.669
 20
-119.461
 30
0.0
 11
416.715
 21
-119.668
 31
0.0
  0
LINE
  5
1453
  8
0
 62
1
 10
416.715
 20
-119.668
 30
0.0
 11
416.748
 21
-119.877
 31
0.0
  0
LINE
  5
1454
  8
0
 62
1
 10
416.748
 20
-119.877
 30
0.0
 11
416.768
 21
-120.088
 31
0.0
  0
LINE
  5
1455
  8
0
 62
1
 10
416.768
 20
-120.088
 30
0.0
 11
416.775
 21
-120.3
 31
0.0
  0
LINE
  5
1456
  8
0
 62
1
 10
416.775
 20
-120.3
 30
0.0
 11
416.768
 21
-120.512
 31
0.0
  0
LINE
  5
1457
  8
0
 62
1
 10
416.768
 20
-120.512
 30
0.0
 11
416.748
 21
-120.723
 31
0.0
  0
LINE
  5
1458
  8
0
 62
1
 10
416.748
 20
-120.723
 30
0.0
 11
416.715
 21
-120.932
 31
0.0
  0
LINE
  5
1459
  8
0
 62
1
 10
416.715
 20
-120.932
 30
0.0
 11
416.669
 21
-121.139
 31
0.0
  0
LINE
  5
145A
  8
0
 62
1
 10
416.669
 20
-121.139
 30
0.0
 11
416.61
 21
-121.343
 31
0.0
  0
LINE
  5
145B
  8
0
 62
1
 10
416.61
 20
-121.343
 30
0.0
 11
416.538
 21
-121.542
 31
0.0
  0
LINE
  5
145C
  8
0
 62
1
 10
416.538
 20
-121.542
 30
0.0
 11
416.454
 21
-121.737
 31
0.0
  0
LINE
  5
145D
  8
0
 62
1
 10
416.454
 20
-121.737
 30
0.0
 11
416.358
 21
-121.926
 31
0.0
  0
LINE
  5
145E
  8
0
 62
1
 10
416.358
 20
-121.926
 30
0.0
 11
416.25
 21
-122.108
 31
0.0
  0
LINE
  5
145F
  8
0
 62
1
 10
416.25
 20
-122.108
 30
0.0
 11
416.13
 21
-122.284
 31
0.0
  0
LINE
  5
1460
  8
0
 62
1
 10
416.13
 20
-122.284
 30
0.0
 11
416.0
 21
-122.451
 31
0.0
  0
LINE
  5
1461
  8
0
 62
1
 10
416.0
 20
-122.451
 30
0.0
 11
415.86
 21
-122.61
 31
0.0
  0
LINE
  5
1462
  8
0
 62
1
 10
415.86
 20
-122.61
 30
0.0
 11
415.71
 21
-122.76
 31
0.0
  0
LINE
  5
1463
  8
0
 62
1
 10
415.71
 20
-122.76
 30
0.0
 11
415.551
 21
-122.9
 31
0.0
  0
LINE
  5
1464
  8
0
 62
1
 10
415.551
 20
-122.9
 30
0.0
 11
415.384
 21
-123.03
 31
0.0
  0
LINE
  5
1465
  8
0
 62
1
 10
415.384
 20
-123.03
 30
0.0
 11
415.208
 21
-123.15
 31
0.0
  0
LINE
  5
1466
  8
0
 62
1
 10
415.208
 20
-123.15
 30
0.0
 11
415.026
 21
-123.258
 31
0.0
  0
LINE
  5
1467
  8
0
 62
1
 10
415.026
 20
-123.258
 30
0.0
 11
414.837
 21
-123.354
 31
0.0
  0
LINE
  5
1468
  8
0
 62
1
 10
414.837
 20
-123.354
 30
0.0
 11
414.642
 21
-123.438
 31
0.0
  0
LINE
  5
1469
  8
0
 62
1
 10
414.642
 20
-123.438
 30
0.0
 11
414.443
 21
-123.51
 31
0.0
  0
LINE
  5
146A
  8
0
 62
1
 10
414.443
 20
-123.51
 30
0.0
 11
414.239
 21
-123.569
 31
0.0
  0
LINE
  5
146B
  8
0
 62
1
 10
414.239
 20
-123.569
 30
0.0
 11
414.032
 21
-123.615
 31
0.0
  0
LINE
  5
146C
  8
0
 62
1
 10
414.032
 20
-123.615
 30
0.0
 11
413.823
 21
-123.648
 31
0.0
  0
LINE
  5
146D
  8
0
 62
1
 10
413.823
 20
-123.648
 30
0.0
 11
413.612
 21
-123.668
 31
0.0
  0
LINE
  5
146E
  8
0
 62
1
 10
413.612
 20
-123.668
 30
0.0
 11
413.4
 21
-123.675
 31
0.0
  0
LINE
  5
146F
  8
0
 62
1
 10
413.4
 20
-123.675
 30
0.0
 11
413.188
 21
-123.668
 31
0.0
  0
LINE
  5
1470
  8
0
 62
1
 10
413.188
 20
-149.068
 30
0.0
 11
412.977
 21
-149.048
 31
0.0
  0
LINE
  5
1471
  8
0
 62
1
 10
412.977
 20
-149.048
 30
0.0
 11
412.768
 21
-149.015
 31
0.0
  0
LINE
  5
1472
  8
0
 62
1
 10
412.768
 20
-149.015
 30
0.0
 11
412.561
 21
-148.969
 31
0.0
  0
LINE
  5
1473
  8
0
 62
1
 10
412.561
 20
-148.969
 30
0.0
 11
412.357
 21
-148.91
 31
0.0
  0
LINE
  5
1474
  8
0
 62
1
 10
412.357
 20
-148.91
 30
0.0
 11
412.158
 21
-148.838
 31
0.0
  0
LINE
  5
1475
  8
0
 62
1
 10
412.158
 20
-148.838
 30
0.0
 11
411.963
 21
-148.754
 31
0.0
  0
LINE
  5
1476
  8
0
 62
1
 10
411.963
 20
-148.754
 30
0.0
 11
411.774
 21
-148.658
 31
0.0
  0
LINE
  5
1477
  8
0
 62
1
 10
411.774
 20
-148.658
 30
0.0
 11
411.592
 21
-148.55
 31
0.0
  0
LINE
  5
1478
  8
0
 62
1
 10
411.592
 20
-148.55
 30
0.0
 11
411.416
 21
-148.43
 31
0.0
  0
LINE
  5
1479
  8
0
 62
1
 10
411.416
 20
-148.43
 30
0.0
 11
411.249
 21
-148.3
 31
0.0
  0
LINE
  5
147A
  8
0
 62
1
 10
411.249
 20
-148.3
 30
0.0
 11
411.09
 21
-148.16
 31
0.0
  0
LINE
  5
147B
  8
0
 62
1
 10
411.09
 20
-148.16
 30
0.0
 11
410.94
 21
-148.01
 31
0.0
  0
LINE
  5
147C
  8
0
 62
1
 10
410.94
 20
-148.01
 30
0.0
 11
410.8
 21
-147.851
 31
0.0
  0
LINE
  5
147D
  8
0
 62
1
 10
410.8
 20
-147.851
 30
0.0
 11
410.67
 21
-147.684
 31
0.0
  0
LINE
  5
147E
  8
0
 62
1
 10
410.67
 20
-147.684
 30
0.0
 11
410.55
 21
-147.508
 31
0.0
  0
LINE
  5
147F
  8
0
 62
1
 10
410.55
 20
-147.508
 30
0.0
 11
410.442
 21
-147.326
 31
0.0
  0
LINE
  5
1480
  8
0
 62
1
 10
410.442
 20
-147.326
 30
0.0
 11
410.346
 21
-147.137
 31
0.0
  0
LINE
  5
1481
  8
0
 62
1
 10
410.346
 20
-147.137
 30
0.0
 11
410.262
 21
-146.942
 31
0.0
  0
LINE
  5
1482
  8
0
 62
1
 10
410.262
 20
-146.942
 30
0.0
 11
410.19
 21
-146.743
 31
0.0
  0
LINE
  5
1483
  8
0
 62
1
 10
410.19
 20
-146.743
 30
0.0
 11
410.131
 21
-146.539
 31
0.0
  0
LINE
  5
1484
  8
0
 62
1
 10
410.131
 20
-146.539
 30
0.0
 11
410.085
 21
-146.332
 31
0.0
  0
LINE
  5
1485
  8
0
 62
1
 10
410.085
 20
-146.332
 30
0.0
 11
410.052
 21
-146.123
 31
0.0
  0
LINE
  5
1486
  8
0
 62
1
 10
410.052
 20
-146.123
 30
0.0
 11
410.032
 21
-145.912
 31
0.0
  0
LINE
  5
1487
  8
0
 62
1
 10
410.032
 20
-145.912
 30
0.0
 11
410.025
 21
-145.7
 31
0.0
  0
LINE
  5
1488
  8
0
 62
1
 10
410.025
 20
-145.7
 30
0.0
 11
410.032
 21
-145.488
 31
0.0
  0
LINE
  5
1489
  8
0
 62
1
 10
410.032
 20
-145.488
 30
0.0
 11
410.052
 21
-145.277
 31
0.0
  0
LINE
  5
148A
  8
0
 62
1
 10
410.052
 20
-145.277
 30
0.0
 11
410.085
 21
-145.068
 31
0.0
  0
LINE
  5
148B
  8
0
 62
1
 10
410.085
 20
-145.068
 30
0.0
 11
410.131
 21
-144.861
 31
0.0
  0
LINE
  5
148C
  8
0
 62
1
 10
410.131
 20
-144.861
 30
0.0
 11
410.19
 21
-144.657
 31
0.0
  0
LINE
  5
148D
  8
0
 62
1
 10
410.19
 20
-144.657
 30
0.0
 11
410.262
 21
-144.458
 31
0.0
  0
LINE
  5
148E
  8
0
 62
1
 10
410.262
 20
-144.458
 30
0.0
 11
410.346
 21
-144.263
 31
0.0
  0
LINE
  5
148F
  8
0
 62
1
 10
410.346
 20
-144.263
 30
0.0
 11
410.442
 21
-144.074
 31
0.0
  0
LINE
  5
1490
  8
0
 62
1
 10
410.442
 20
-144.074
 30
0.0
 11
410.55
 21
-143.892
 31
0.0
  0
LINE
  5
1491
  8
0
 62
1
 10
410.55
 20
-143.892
 30
0.0
 11
410.67
 21
-143.716
 31
0.0
  0
LINE
  5
1492
  8
0
 62
1
 10
410.67
 20
-143.716
 30
0.0
 11
410.8
 21
-143.549
 31
0.0
  0
LINE
  5
1493
  8
0
 62
1
 10
410.8
 20
-143.549
 30
0.0
 11
410.94
 21
-143.39
 31
0.0
  0
LINE
  5
1494
  8
0
 62
1
 10
410.94
 20
-143.39
 30
0.0
 11
411.09
 21
-143.24
 31
0.0
  0
LINE
  5
1495
  8
0
 62
1
 10
411.09
 20
-143.24
 30
0.0
 11
411.249
 21
-143.1
 31
0.0
  0
LINE
  5
1496
  8
0
 62
1
 10
411.249
 20
-143.1
 30
0.0
 11
411.416
 21
-142.97
 31
0.0
  0
LINE
  5
1497
  8
0
 62
1
 10
411.416
 20
-142.97
 30
0.0
 11
411.592
 21
-142.85
 31
0.0
  0
LINE
  5
1498
  8
0
 62
1
 10
411.592
 20
-142.85
 30
0.0
 11
411.774
 21
-142.742
 31
0.0
  0
LINE
  5
1499
  8
0
 62
1
 10
411.774
 20
-142.742
 30
0.0
 11
411.963
 21
-142.646
 31
0.0
  0
LINE
  5
149A
  8
0
 62
1
 10
411.963
 20
-142.646
 30
0.0
 11
412.158
 21
-142.562
 31
0.0
  0
LINE
  5
149B
  8
0
 62
1
 10
412.158
 20
-142.562
 30
0.0
 11
412.357
 21
-142.49
 31
0.0
  0
LINE
  5
149C
  8
0
 62
1
 10
412.357
 20
-142.49
 30
0.0
 11
412.561
 21
-142.431
 31
0.0
  0
LINE
  5
149D
  8
0
 62
1
 10
412.561
 20
-142.431
 30
0.0
 11
412.768
 21
-142.385
 31
0.0
  0
LINE
  5
149E
  8
0
 62
1
 10
412.768
 20
-142.385
 30
0.0
 11
412.977
 21
-142.352
 31
0.0
  0
LINE
  5
149F
  8
0
 62
1
 10
412.977
 20
-142.352
 30
0.0
 11
413.188
 21
-142.332
 31
0.0
  0
LINE
  5
14A0
  8
0
 62
1
 10
413.188
 20
-142.332
 30
0.0
 11
413.4
 21
-142.325
 31
0.0
  0
LINE
  5
14A1
  8
0
 62
1
 10
413.4
 20
-142.325
 30
0.0
 11
413.612
 21
-142.332
 31
0.0
  0
LINE
  5
14A2
  8
0
 62
1
 10
413.612
 20
-142.332
 30
0.0
 11
413.823
 21
-142.352
 31
0.0
  0
LINE
  5
14A3
  8
0
 62
1
 10
413.823
 20
-142.352
 30
0.0
 11
414.032
 21
-142.385
 31
0.0
  0
LINE
  5
14A4
  8
0
 62
1
 10
414.032
 20
-142.385
 30
0.0
 11
414.239
 21
-142.431
 31
0.0
  0
LINE
  5
14A5
  8
0
 62
1
 10
414.239
 20
-142.431
 30
0.0
 11
414.443
 21
-142.49
 31
0.0
  0
LINE
  5
14A6
  8
0
 62
1
 10
414.443
 20
-142.49
 30
0.0
 11
414.642
 21
-142.562
 31
0.0
  0
LINE
  5
14A7
  8
0
 62
1
 10
414.642
 20
-142.562
 30
0.0
 11
414.837
 21
-142.646
 31
0.0
  0
LINE
  5
14A8
  8
0
 62
1
 10
414.837
 20
-142.646
 30
0.0
 11
415.026
 21
-142.742
 31
0.0
  0
LINE
  5
14A9
  8
0
 62
1
 10
415.026
 20
-142.742
 30
0.0
 11
415.208
 21
-142.85
 31
0.0
  0
LINE
  5
14AA
  8
0
 62
1
 10
415.208
 20
-142.85
 30
0.0
 11
415.384
 21
-142.97
 31
0.0
  0
LINE
  5
14AB
  8
0
 62
1
 10
415.384
 20
-142.97
 30
0.0
 11
415.551
 21
-143.1
 31
0.0
  0
LINE
  5
14AC
  8
0
 62
1
 10
415.551
 20
-143.1
 30
0.0
 11
415.71
 21
-143.24
 31
0.0
  0
LINE
  5
14AD
  8
0
 62
1
 10
415.71
 20
-143.24
 30
0.0
 11
415.86
 21
-143.39
 31
0.0
  0
LINE
  5
14AE
  8
0
 62
1
 10
415.86
 20
-143.39
 30
0.0
 11
416.0
 21
-143.549
 31
0.0
  0
LINE
  5
14AF
  8
0
 62
1
 10
416.0
 20
-143.549
 30
0.0
 11
416.13
 21
-143.716
 31
0.0
  0
LINE
  5
14B0
  8
0
 62
1
 10
416.13
 20
-143.716
 30
0.0
 11
416.25
 21
-143.892
 31
0.0
  0
LINE
  5
14B1
  8
0
 62
1
 10
416.25
 20
-143.892
 30
0.0
 11
416.358
 21
-144.074
 31
0.0
  0
LINE
  5
14B2
  8
0
 62
1
 10
416.358
 20
-144.074
 30
0.0
 11
416.454
 21
-144.263
 31
0.0
  0
LINE
  5
14B3
  8
0
 62
1
 10
416.454
 20
-144.263
 30
0.0
 11
416.538
 21
-144.458
 31
0.0
  0
LINE
  5
14B4
  8
0
 62
1
 10
416.538
 20
-144.458
 30
0.0
 11
416.61
 21
-144.657
 31
0.0
  0
LINE
  5
14B5
  8
0
 62
1
 10
416.61
 20
-144.657
 30
0.0
 11
416.669
 21
-144.861
 31
0.0
  0
LINE
  5
14B6
  8
0
 62
1
 10
416.669
 20
-144.861
 30
0.0
 11
416.715
 21
-145.068
 31
0.0
  0
LINE
  5
14B7
  8
0
 62
1
 10
416.715
 20
-145.068
 30
0.0
 11
416.748
 21
-145.277
 31
0.0
  0
LINE
  5
14B8
  8
0
 62
1
 10
416.748
 20
-145.277
 30
0.0
 11
416.768
 21
-145.488
 31
0.0
  0
LINE
  5
14B9
  8
0
 62
1
 10
416.768
 20
-145.488
 30
0.0
 11
416.775
 21
-145.7
 31
0.0
  0
LINE
  5
14BA
  8
0
 62
1
 10
416.775
 20
-145.7
 30
0.0
 11
416.768
 21
-145.912
 31
0.0
  0
LINE
  5
14BB
  8
0
 62
1
 10
416.768
 20
-145.912
 30
0.0
 11
416.748
 21
-146.123
 31
0.0
  0
LINE
  5
14BC
  8
0
 62
1
 10
416.748
 20
-146.123
 30
0.0
 11
416.715
 21
-146.332
 31
0.0
  0
LINE
  5
14BD
  8
0
 62
1
 10
416.715
 20
-146.332
 30
0.0
 11
416.669
 21
-146.539
 31
0.0
  0
LINE
  5
14BE
  8
0
 62
1
 10
416.669
 20
-146.539
 30
0.0
 11
416.61
 21
-146.743
 31
0.0
  0
LINE
  5
14BF
  8
0
 62
1
 10
416.61
 20
-146.743
 30
0.0
 11
416.538
 21
-146.942
 31
0.0
  0
LINE
  5
14C0
  8
0
 62
1
 10
416.538
 20
-146.942
 30
0.0
 11
416.454
 21
-147.137
 31
0.0
  0
LINE
  5
14C1
  8
0
 62
1
 10
416.454
 20
-147.137
 30
0.0
 11
416.358
 21
-147.326
 31
0.0
  0
LINE
  5
14C2
  8
0
 62
1
 10
416.358
 20
-147.326
 30
0.0
 11
416.25
 21
-147.508
 31
0.0
  0
LINE
  5
14C3
  8
0
 62
1
 10
416.25
 20
-147.508
 30
0.0
 11
416.13
 21
-147.684
 31
0.0
  0
LINE
  5
14C4
  8
0
 62
1
 10
416.13
 20
-147.684
 30
0.0
 11
416.0
 21
-147.851
 31
0.0
  0
LINE
  5
14C5
  8
0
 62
1
 10
416.0
 20
-147.851
 30
0.0
 11
415.86
 21
-148.01
 31
0.0
  0
LINE
  5
14C6
  8
0
 62
1
 10
415.86
 20
-148.01
 30
0.0
 11
415.71
 21
-148.16
 31
0.0
  0
LINE
  5
14C7
  8
0
 62
1
 10
415.71
 20
-148.16
 30
0.0
 11
415.551
 21
-148.3
 31
0.0
  0
LINE
  5
14C8
  8
0
 62
1
 10
415.551
 20
-148.3
 30
0.0
 11
415.384
 21
-148.43
 31
0.0
  0
LINE
  5
14C9
  8
0
 62
1
 10
415.384
 20
-148.43
 30
0.0
 11
415.208
 21
-148.55
 31
0.0
  0
LINE
  5
14CA
  8
0
 62
1
 10
415.208
 20
-148.55
 30
0.0
 11
415.026
 21
-148.658
 31
0.0
  0
LINE
  5
14CB
  8
0
 62
1
 10
415.026
 20
-148.658
 30
0.0
 11
414.837
 21
-148.754
 31
0.0
  0
LINE
  5
14CC
  8
0
 62
1
 10
414.837
 20
-148.754
 30
0.0
 11
414.642
 21
-148.838
 31
0.0
  0
LINE
  5
14CD
  8
0
 62
1
 10
414.642
 20
-148.838
 30
0.0
 11
414.443
 21
-148.91
 31
0.0
  0
LINE
  5
14CE
  8
0
 62
1
 10
414.443
 20
-148.91
 30
0.0
 11
414.239
 21
-148.969
 31
0.0
  0
LINE
  5
14CF
  8
0
 62
1
 10
414.239
 20
-148.969
 30
0.0
 11
414.032
 21
-149.015
 31
0.0
  0
LINE
  5
14D0
  8
0
 62
1
 10
414.032
 20
-149.015
 30
0.0
 11
413.823
 21
-149.048
 31
0.0
  0
LINE
  5
14D1
  8
0
 62
1
 10
413.823
 20
-149.048
 30
0.0
 11
413.612
 21
-149.068
 31
0.0
  0
LINE
  5
14D2
  8
0
 62
1
 10
413.612
 20
-149.068
 30
0.0
 11
413.4
 21
-149.075
 31
0.0
  0
LINE
  5
14D3
  8
0
 62
1
 10
413.4
 20
-149.075
 30
0.0
 11
413.188
 21
-149.068
 31
0.0
  0
LINE
  5
14D4
  8
0
 62
1
 10
413.188
 20
-174.468
 30
0.0
 11
412.977
 21
-174.448
 31
0.0
  0
LINE
  5
14D5
  8
0
 62
1
 10
412.977
 20
-174.448
 30
0.0
 11
412.768
 21
-174.415
 31
0.0
  0
LINE
  5
14D6
  8
0
 62
1
 10
412.768
 20
-174.415
 30
0.0
 11
412.561
 21
-174.369
 31
0.0
  0
LINE
  5
14D7
  8
0
 62
1
 10
412.561
 20
-174.369
 30
0.0
 11
412.357
 21
-174.31
 31
0.0
  0
LINE
  5
14D8
  8
0
 62
1
 10
412.357
 20
-174.31
 30
0.0
 11
412.158
 21
-174.238
 31
0.0
  0
LINE
  5
14D9
  8
0
 62
1
 10
412.158
 20
-174.238
 30
0.0
 11
411.963
 21
-174.154
 31
0.0
  0
LINE
  5
14DA
  8
0
 62
1
 10
411.963
 20
-174.154
 30
0.0
 11
411.774
 21
-174.058
 31
0.0
  0
LINE
  5
14DB
  8
0
 62
1
 10
411.774
 20
-174.058
 30
0.0
 11
411.592
 21
-173.95
 31
0.0
  0
LINE
  5
14DC
  8
0
 62
1
 10
411.592
 20
-173.95
 30
0.0
 11
411.416
 21
-173.83
 31
0.0
  0
LINE
  5
14DD
  8
0
 62
1
 10
411.416
 20
-173.83
 30
0.0
 11
411.249
 21
-173.7
 31
0.0
  0
LINE
  5
14DE
  8
0
 62
1
 10
411.249
 20
-173.7
 30
0.0
 11
411.09
 21
-173.56
 31
0.0
  0
LINE
  5
14DF
  8
0
 62
1
 10
411.09
 20
-173.56
 30
0.0
 11
410.94
 21
-173.41
 31
0.0
  0
LINE
  5
14E0
  8
0
 62
1
 10
410.94
 20
-173.41
 30
0.0
 11
410.8
 21
-173.251
 31
0.0
  0
LINE
  5
14E1
  8
0
 62
1
 10
410.8
 20
-173.251
 30
0.0
 11
410.67
 21
-173.084
 31
0.0
  0
LINE
  5
14E2
  8
0
 62
1
 10
410.67
 20
-173.084
 30
0.0
 11
410.55
 21
-172.908
 31
0.0
  0
LINE
  5
14E3
  8
0
 62
1
 10
410.55
 20
-172.908
 30
0.0
 11
410.442
 21
-172.726
 31
0.0
  0
LINE
  5
14E4
  8
0
 62
1
 10
410.442
 20
-172.726
 30
0.0
 11
410.346
 21
-172.537
 31
0.0
  0
LINE
  5
14E5
  8
0
 62
1
 10
410.346
 20
-172.537
 30
0.0
 11
410.262
 21
-172.342
 31
0.0
  0
LINE
  5
14E6
  8
0
 62
1
 10
410.262
 20
-172.342
 30
0.0
 11
410.19
 21
-172.143
 31
0.0
  0
LINE
  5
14E7
  8
0
 62
1
 10
410.19
 20
-172.143
 30
0.0
 11
410.131
 21
-171.939
 31
0.0
  0
LINE
  5
14E8
  8
0
 62
1
 10
410.131
 20
-171.939
 30
0.0
 11
410.085
 21
-171.732
 31
0.0
  0
LINE
  5
14E9
  8
0
 62
1
 10
410.085
 20
-171.732
 30
0.0
 11
410.052
 21
-171.523
 31
0.0
  0
LINE
  5
14EA
  8
0
 62
1
 10
410.052
 20
-171.523
 30
0.0
 11
410.032
 21
-171.312
 31
0.0
  0
LINE
  5
14EB
  8
0
 62
1
 10
410.032
 20
-171.312
 30
0.0
 11
410.025
 21
-171.1
 31
0.0
  0
LINE
  5
14EC
  8
0
 62
1
 10
410.025
 20
-171.1
 30
0.0
 11
410.032
 21
-170.888
 31
0.0
  0
LINE
  5
14ED
  8
0
 62
1
 10
410.032
 20
-170.888
 30
0.0
 11
410.052
 21
-170.677
 31
0.0
  0
LINE
  5
14EE
  8
0
 62
1
 10
410.052
 20
-170.677
 30
0.0
 11
410.085
 21
-170.468
 31
0.0
  0
LINE
  5
14EF
  8
0
 62
1
 10
410.085
 20
-170.468
 30
0.0
 11
410.131
 21
-170.261
 31
0.0
  0
LINE
  5
14F0
  8
0
 62
1
 10
410.131
 20
-170.261
 30
0.0
 11
410.19
 21
-170.057
 31
0.0
  0
LINE
  5
14F1
  8
0
 62
1
 10
410.19
 20
-170.057
 30
0.0
 11
410.262
 21
-169.858
 31
0.0
  0
LINE
  5
14F2
  8
0
 62
1
 10
410.262
 20
-169.858
 30
0.0
 11
410.346
 21
-169.663
 31
0.0
  0
LINE
  5
14F3
  8
0
 62
1
 10
410.346
 20
-169.663
 30
0.0
 11
410.442
 21
-169.474
 31
0.0
  0
LINE
  5
14F4
  8
0
 62
1
 10
410.442
 20
-169.474
 30
0.0
 11
410.55
 21
-169.292
 31
0.0
  0
LINE
  5
14F5
  8
0
 62
1
 10
410.55
 20
-169.292
 30
0.0
 11
410.67
 21
-169.116
 31
0.0
  0
LINE
  5
14F6
  8
0
 62
1
 10
410.67
 20
-169.116
 30
0.0
 11
410.8
 21
-168.949
 31
0.0
  0
LINE
  5
14F7
  8
0
 62
1
 10
410.8
 20
-168.949
 30
0.0
 11
410.94
 21
-168.79
 31
0.0
  0
LINE
  5
14F8
  8
0
 62
1
 10
410.94
 20
-168.79
 30
0.0
 11
411.09
 21
-168.64
 31
0.0
  0
LINE
  5
14F9
  8
0
 62
1
 10
411.09
 20
-168.64
 30
0.0
 11
411.249
 21
-168.499
 31
0.0
  0
LINE
  5
14FA
  8
0
 62
1
 10
411.249
 20
-168.499
 30
0.0
 11
411.416
 21
-168.37
 31
0.0
  0
LINE
  5
14FB
  8
0
 62
1
 10
411.416
 20
-168.37
 30
0.0
 11
411.592
 21
-168.25
 31
0.0
  0
LINE
  5
14FC
  8
0
 62
1
 10
411.592
 20
-168.25
 30
0.0
 11
411.774
 21
-168.142
 31
0.0
  0
LINE
  5
14FD
  8
0
 62
1
 10
411.774
 20
-168.142
 30
0.0
 11
411.963
 21
-168.046
 31
0.0
  0
LINE
  5
14FE
  8
0
 62
1
 10
411.963
 20
-168.046
 30
0.0
 11
412.158
 21
-167.962
 31
0.0
  0
LINE
  5
14FF
  8
0
 62
1
 10
412.158
 20
-167.962
 30
0.0
 11
412.357
 21
-167.89
 31
0.0
  0
LINE
  5
1500
  8
0
 62
1
 10
412.357
 20
-167.89
 30
0.0
 11
412.561
 21
-167.831
 31
0.0
  0
LINE
  5
1501
  8
0
 62
1
 10
412.561
 20
-167.831
 30
0.0
 11
412.768
 21
-167.785
 31
0.0
  0
LINE
  5
1502
  8
0
 62
1
 10
412.768
 20
-167.785
 30
0.0
 11
412.977
 21
-167.752
 31
0.0
  0
LINE
  5
1503
  8
0
 62
1
 10
412.977
 20
-167.752
 30
0.0
 11
413.188
 21
-167.732
 31
0.0
  0
LINE
  5
1504
  8
0
 62
1
 10
413.188
 20
-167.732
 30
0.0
 11
413.4
 21
-167.725
 31
0.0
  0
LINE
  5
1505
  8
0
 62
1
 10
413.4
 20
-167.725
 30
0.0
 11
413.612
 21
-167.732
 31
0.0
  0
LINE
  5
1506
  8
0
 62
1
 10
413.612
 20
-167.732
 30
0.0
 11
413.823
 21
-167.752
 31
0.0
  0
LINE
  5
1507
  8
0
 62
1
 10
413.823
 20
-167.752
 30
0.0
 11
414.032
 21
-167.785
 31
0.0
  0
LINE
  5
1508
  8
0
 62
1
 10
414.032
 20
-167.785
 30
0.0
 11
414.239
 21
-167.831
 31
0.0
  0
LINE
  5
1509
  8
0
 62
1
 10
414.239
 20
-167.831
 30
0.0
 11
414.443
 21
-167.89
 31
0.0
  0
LINE
  5
150A
  8
0
 62
1
 10
414.443
 20
-167.89
 30
0.0
 11
414.642
 21
-167.962
 31
0.0
  0
LINE
  5
150B
  8
0
 62
1
 10
414.642
 20
-167.962
 30
0.0
 11
414.837
 21
-168.046
 31
0.0
  0
LINE
  5
150C
  8
0
 62
1
 10
414.837
 20
-168.046
 30
0.0
 11
415.026
 21
-168.142
 31
0.0
  0
LINE
  5
150D
  8
0
 62
1
 10
415.026
 20
-168.142
 30
0.0
 11
415.208
 21
-168.25
 31
0.0
  0
LINE
  5
150E
  8
0
 62
1
 10
415.208
 20
-168.25
 30
0.0
 11
415.384
 21
-168.37
 31
0.0
  0
LINE
  5
150F
  8
0
 62
1
 10
415.384
 20
-168.37
 30
0.0
 11
415.551
 21
-168.499
 31
0.0
  0
LINE
  5
1510
  8
0
 62
1
 10
415.551
 20
-168.499
 30
0.0
 11
415.71
 21
-168.64
 31
0.0
  0
LINE
  5
1511
  8
0
 62
1
 10
415.71
 20
-168.64
 30
0.0
 11
415.86
 21
-168.79
 31
0.0
  0
LINE
  5
1512
  8
0
 62
1
 10
415.86
 20
-168.79
 30
0.0
 11
416.0
 21
-168.949
 31
0.0
  0
LINE
  5
1513
  8
0
 62
1
 10
416.0
 20
-168.949
 30
0.0
 11
416.13
 21
-169.116
 31
0.0
  0
LINE
  5
1514
  8
0
 62
1
 10
416.13
 20
-169.116
 30
0.0
 11
416.25
 21
-169.292
 31
0.0
  0
LINE
  5
1515
  8
0
 62
1
 10
416.25
 20
-169.292
 30
0.0
 11
416.358
 21
-169.474
 31
0.0
  0
LINE
  5
1516
  8
0
 62
1
 10
416.358
 20
-169.474
 30
0.0
 11
416.454
 21
-169.663
 31
0.0
  0
LINE
  5
1517
  8
0
 62
1
 10
416.454
 20
-169.663
 30
0.0
 11
416.538
 21
-169.858
 31
0.0
  0
LINE
  5
1518
  8
0
 62
1
 10
416.538
 20
-169.858
 30
0.0
 11
416.61
 21
-170.057
 31
0.0
  0
LINE
  5
1519
  8
0
 62
1
 10
416.61
 20
-170.057
 30
0.0
 11
416.669
 21
-170.261
 31
0.0
  0
LINE
  5
151A
  8
0
 62
1
 10
416.669
 20
-170.261
 30
0.0
 11
416.715
 21
-170.468
 31
0.0
  0
LINE
  5
151B
  8
0
 62
1
 10
416.715
 20
-170.468
 30
0.0
 11
416.748
 21
-170.677
 31
0.0
  0
LINE
  5
151C
  8
0
 62
1
 10
416.748
 20
-170.677
 30
0.0
 11
416.768
 21
-170.888
 31
0.0
  0
LINE
  5
151D
  8
0
 62
1
 10
416.768
 20
-170.888
 30
0.0
 11
416.775
 21
-171.1
 31
0.0
  0
LINE
  5
151E
  8
0
 62
1
 10
416.775
 20
-171.1
 30
0.0
 11
416.768
 21
-171.312
 31
0.0
  0
LINE
  5
151F
  8
0
 62
1
 10
416.768
 20
-171.312
 30
0.0
 11
416.748
 21
-171.523
 31
0.0
  0
LINE
  5
1520
  8
0
 62
1
 10
416.748
 20
-171.523
 30
0.0
 11
416.715
 21
-171.732
 31
0.0
  0
LINE
  5
1521
  8
0
 62
1
 10
416.715
 20
-171.732
 30
0.0
 11
416.669
 21
-171.939
 31
0.0
  0
LINE
  5
1522
  8
0
 62
1
 10
416.669
 20
-171.939
 30
0.0
 11
416.61
 21
-172.143
 31
0.0
  0
LINE
  5
1523
  8
0
 62
1
 10
416.61
 20
-172.143
 30
0.0
 11
416.538
 21
-172.342
 31
0.0
  0
LINE
  5
1524
  8
0
 62
1
 10
416.538
 20
-172.342
 30
0.0
 11
416.454
 21
-172.537
 31
0.0
  0
LINE
  5
1525
  8
0
 62
1
 10
416.454
 20
-172.537
 30
0.0
 11
416.358
 21
-172.726
 31
0.0
  0
LINE
  5
1526
  8
0
 62
1
 10
416.358
 20
-172.726
 30
0.0
 11
416.25
 21
-172.908
 31
0.0
  0
LINE
  5
1527
  8
0
 62
1
 10
416.25
 20
-172.908
 30
0.0
 11
416.13
 21
-173.084
 31
0.0
  0
LINE
  5
1528
  8
0
 62
1
 10
416.13
 20
-173.084
 30
0.0
 11
416.0
 21
-173.251
 31
0.0
  0
LINE
  5
1529
  8
0
 62
1
 10
416.0
 20
-173.251
 30
0.0
 11
415.86
 21
-173.41
 31
0.0
  0
LINE
  5
152A
  8
0
 62
1
 10
415.86
 20
-173.41
 30
0.0
 11
415.71
 21
-173.56
 31
0.0
  0
LINE
  5
152B
  8
0
 62
1
 10
415.71
 20
-173.56
 30
0.0
 11
415.551
 21
-173.7
 31
0.0
  0
LINE
  5
152C
  8
0
 62
1
 10
415.551
 20
-173.7
 30
0.0
 11
415.384
 21
-173.83
 31
0.0
  0
LINE
  5
152D
  8
0
 62
1
 10
415.384
 20
-173.83
 30
0.0
 11
415.208
 21
-173.95
 31
0.0
  0
LINE
  5
152E
  8
0
 62
1
 10
415.208
 20
-173.95
 30
0.0
 11
415.026
 21
-174.058
 31
0.0
  0
LINE
  5
152F
  8
0
 62
1
 10
415.026
 20
-174.058
 30
0.0
 11
414.837
 21
-174.154
 31
0.0
  0
LINE
  5
1530
  8
0
 62
1
 10
414.837
 20
-174.154
 30
0.0
 11
414.642
 21
-174.238
 31
0.0
  0
LINE
  5
1531
  8
0
 62
1
 10
414.642
 20
-174.238
 30
0.0
 11
414.443
 21
-174.31
 31
0.0
  0
LINE
  5
1532
  8
0
 62
1
 10
414.443
 20
-174.31
 30
0.0
 11
414.239
 21
-174.369
 31
0.0
  0
LINE
  5
1533
  8
0
 62
1
 10
414.239
 20
-174.369
 30
0.0
 11
414.032
 21
-174.415
 31
0.0
  0
LINE
  5
1534
  8
0
 62
1
 10
414.032
 20
-174.415
 30
0.0
 11
413.823
 21
-174.448
 31
0.0
  0
LINE
  5
1535
  8
0
 62
1
 10
413.823
 20
-174.448
 30
0.0
 11
413.612
 21
-174.468
 31
0.0
  0
LINE
  5
1536
  8
0
 62
1
 10
413.612
 20
-174.468
 30
0.0
 11
413.4
 21
-174.475
 31
0.0
  0
LINE
  5
1537
  8
0
 62
1
 10
413.4
 20
-174.475
 30
0.0
 11
413.188
 21
-174.468
 31
0.0
  0
LINE
  5
1538
  8
0
 62
1
 10
413.188
 20
-199.868
 30
0.0
 11
412.977
 21
-199.848
 31
0.0
  0
LINE
  5
1539
  8
0
 62
1
 10
412.977
 20
-199.848
 30
0.0
 11
412.768
 21
-199.815
 31
0.0
  0
LINE
  5
153A
  8
0
 62
1
 10
412.768
 20
-199.815
 30
0.0
 11
412.561
 21
-199.769
 31
0.0
  0
LINE
  5
153B
  8
0
 62
1
 10
412.561
 20
-199.769
 30
0.0
 11
412.357
 21
-199.71
 31
0.0
  0
LINE
  5
153C
  8
0
 62
1
 10
412.357
 20
-199.71
 30
0.0
 11
412.158
 21
-199.638
 31
0.0
  0
LINE
  5
153D
  8
0
 62
1
 10
412.158
 20
-199.638
 30
0.0
 11
411.963
 21
-199.554
 31
0.0
  0
LINE
  5
153E
  8
0
 62
1
 10
411.963
 20
-199.554
 30
0.0
 11
411.774
 21
-199.458
 31
0.0
  0
LINE
  5
153F
  8
0
 62
1
 10
411.774
 20
-199.458
 30
0.0
 11
411.592
 21
-199.35
 31
0.0
  0
LINE
  5
1540
  8
0
 62
1
 10
411.592
 20
-199.35
 30
0.0
 11
411.416
 21
-199.23
 31
0.0
  0
LINE
  5
1541
  8
0
 62
1
 10
411.416
 20
-199.23
 30
0.0
 11
411.249
 21
-199.1
 31
0.0
  0
LINE
  5
1542
  8
0
 62
1
 10
411.249
 20
-199.1
 30
0.0
 11
411.09
 21
-198.96
 31
0.0
  0
LINE
  5
1543
  8
0
 62
1
 10
411.09
 20
-198.96
 30
0.0
 11
410.94
 21
-198.81
 31
0.0
  0
LINE
  5
1544
  8
0
 62
1
 10
410.94
 20
-198.81
 30
0.0
 11
410.8
 21
-198.651
 31
0.0
  0
LINE
  5
1545
  8
0
 62
1
 10
410.8
 20
-198.651
 30
0.0
 11
410.67
 21
-198.484
 31
0.0
  0
LINE
  5
1546
  8
0
 62
1
 10
410.67
 20
-198.484
 30
0.0
 11
410.55
 21
-198.308
 31
0.0
  0
LINE
  5
1547
  8
0
 62
1
 10
410.55
 20
-198.308
 30
0.0
 11
410.442
 21
-198.126
 31
0.0
  0
LINE
  5
1548
  8
0
 62
1
 10
410.442
 20
-198.126
 30
0.0
 11
410.346
 21
-197.937
 31
0.0
  0
LINE
  5
1549
  8
0
 62
1
 10
410.346
 20
-197.937
 30
0.0
 11
410.262
 21
-197.742
 31
0.0
  0
LINE
  5
154A
  8
0
 62
1
 10
410.262
 20
-197.742
 30
0.0
 11
410.19
 21
-197.543
 31
0.0
  0
LINE
  5
154B
  8
0
 62
1
 10
410.19
 20
-197.543
 30
0.0
 11
410.131
 21
-197.339
 31
0.0
  0
LINE
  5
154C
  8
0
 62
1
 10
410.131
 20
-197.339
 30
0.0
 11
410.085
 21
-197.132
 31
0.0
  0
LINE
  5
154D
  8
0
 62
1
 10
410.085
 20
-197.132
 30
0.0
 11
410.052
 21
-196.923
 31
0.0
  0
LINE
  5
154E
  8
0
 62
1
 10
410.052
 20
-196.923
 30
0.0
 11
410.032
 21
-196.712
 31
0.0
  0
LINE
  5
154F
  8
0
 62
1
 10
410.032
 20
-196.712
 30
0.0
 11
410.025
 21
-196.5
 31
0.0
  0
LINE
  5
1550
  8
0
 62
1
 10
410.025
 20
-196.5
 30
0.0
 11
410.032
 21
-196.288
 31
0.0
  0
LINE
  5
1551
  8
0
 62
1
 10
410.032
 20
-196.288
 30
0.0
 11
410.052
 21
-196.077
 31
0.0
  0
LINE
  5
1552
  8
0
 62
1
 10
410.052
 20
-196.077
 30
0.0
 11
410.085
 21
-195.868
 31
0.0
  0
LINE
  5
1553
  8
0
 62
1
 10
410.085
 20
-195.868
 30
0.0
 11
410.131
 21
-195.661
 31
0.0
  0
LINE
  5
1554
  8
0
 62
1
 10
410.131
 20
-195.661
 30
0.0
 11
410.19
 21
-195.457
 31
0.0
  0
LINE
  5
1555
  8
0
 62
1
 10
410.19
 20
-195.457
 30
0.0
 11
410.262
 21
-195.258
 31
0.0
  0
LINE
  5
1556
  8
0
 62
1
 10
410.262
 20
-195.258
 30
0.0
 11
410.346
 21
-195.063
 31
0.0
  0
LINE
  5
1557
  8
0
 62
1
 10
410.346
 20
-195.063
 30
0.0
 11
410.442
 21
-194.874
 31
0.0
  0
LINE
  5
1558
  8
0
 62
1
 10
410.442
 20
-194.874
 30
0.0
 11
410.55
 21
-194.692
 31
0.0
  0
LINE
  5
1559
  8
0
 62
1
 10
410.55
 20
-194.692
 30
0.0
 11
410.67
 21
-194.516
 31
0.0
  0
LINE
  5
155A
  8
0
 62
1
 10
410.67
 20
-194.516
 30
0.0
 11
410.8
 21
-194.349
 31
0.0
  0
LINE
  5
155B
  8
0
 62
1
 10
410.8
 20
-194.349
 30
0.0
 11
410.94
 21
-194.19
 31
0.0
  0
LINE
  5
155C
  8
0
 62
1
 10
410.94
 20
-194.19
 30
0.0
 11
411.09
 21
-194.04
 31
0.0
  0
LINE
  5
155D
  8
0
 62
1
 10
411.09
 20
-194.04
 30
0.0
 11
411.249
 21
-193.9
 31
0.0
  0
LINE
  5
155E
  8
0
 62
1
 10
411.249
 20
-193.9
 30
0.0
 11
411.416
 21
-193.77
 31
0.0
  0
LINE
  5
155F
  8
0
 62
1
 10
411.416
 20
-193.77
 30
0.0
 11
411.592
 21
-193.65
 31
0.0
  0
LINE
  5
1560
  8
0
 62
1
 10
411.592
 20
-193.65
 30
0.0
 11
411.774
 21
-193.542
 31
0.0
  0
LINE
  5
1561
  8
0
 62
1
 10
411.774
 20
-193.542
 30
0.0
 11
411.963
 21
-193.446
 31
0.0
  0
LINE
  5
1562
  8
0
 62
1
 10
411.963
 20
-193.446
 30
0.0
 11
412.158
 21
-193.362
 31
0.0
  0
LINE
  5
1563
  8
0
 62
1
 10
412.158
 20
-193.362
 30
0.0
 11
412.357
 21
-193.29
 31
0.0
  0
LINE
  5
1564
  8
0
 62
1
 10
412.357
 20
-193.29
 30
0.0
 11
412.561
 21
-193.231
 31
0.0
  0
LINE
  5
1565
  8
0
 62
1
 10
412.561
 20
-193.231
 30
0.0
 11
412.768
 21
-193.185
 31
0.0
  0
LINE
  5
1566
  8
0
 62
1
 10
412.768
 20
-193.185
 30
0.0
 11
412.977
 21
-193.152
 31
0.0
  0
LINE
  5
1567
  8
0
 62
1
 10
412.977
 20
-193.152
 30
0.0
 11
413.188
 21
-193.132
 31
0.0
  0
LINE
  5
1568
  8
0
 62
1
 10
413.188
 20
-193.132
 30
0.0
 11
413.4
 21
-193.125
 31
0.0
  0
LINE
  5
1569
  8
0
 62
1
 10
413.4
 20
-193.125
 30
0.0
 11
413.612
 21
-193.132
 31
0.0
  0
LINE
  5
156A
  8
0
 62
1
 10
413.612
 20
-193.132
 30
0.0
 11
413.823
 21
-193.152
 31
0.0
  0
LINE
  5
156B
  8
0
 62
1
 10
413.823
 20
-193.152
 30
0.0
 11
414.032
 21
-193.185
 31
0.0
  0
LINE
  5
156C
  8
0
 62
1
 10
414.032
 20
-193.185
 30
0.0
 11
414.239
 21
-193.231
 31
0.0
  0
LINE
  5
156D
  8
0
 62
1
 10
414.239
 20
-193.231
 30
0.0
 11
414.443
 21
-193.29
 31
0.0
  0
LINE
  5
156E
  8
0
 62
1
 10
414.443
 20
-193.29
 30
0.0
 11
414.642
 21
-193.362
 31
0.0
  0
LINE
  5
156F
  8
0
 62
1
 10
414.642
 20
-193.362
 30
0.0
 11
414.837
 21
-193.446
 31
0.0
  0
LINE
  5
1570
  8
0
 62
1
 10
414.837
 20
-193.446
 30
0.0
 11
415.026
 21
-193.542
 31
0.0
  0
LINE
  5
1571
  8
0
 62
1
 10
415.026
 20
-193.542
 30
0.0
 11
415.208
 21
-193.65
 31
0.0
  0
LINE
  5
1572
  8
0
 62
1
 10
415.208
 20
-193.65
 30
0.0
 11
415.384
 21
-193.77
 31
0.0
  0
LINE
  5
1573
  8
0
 62
1
 10
415.384
 20
-193.77
 30
0.0
 11
415.551
 21
-193.9
 31
0.0
  0
LINE
  5
1574
  8
0
 62
1
 10
415.551
 20
-193.9
 30
0.0
 11
415.71
 21
-194.04
 31
0.0
  0
LINE
  5
1575
  8
0
 62
1
 10
415.71
 20
-194.04
 30
0.0
 11
415.86
 21
-194.19
 31
0.0
  0
LINE
  5
1576
  8
0
 62
1
 10
415.86
 20
-194.19
 30
0.0
 11
416.0
 21
-194.349
 31
0.0
  0
LINE
  5
1577
  8
0
 62
1
 10
416.0
 20
-194.349
 30
0.0
 11
416.13
 21
-194.516
 31
0.0
  0
LINE
  5
1578
  8
0
 62
1
 10
416.13
 20
-194.516
 30
0.0
 11
416.25
 21
-194.692
 31
0.0
  0
LINE
  5
1579
  8
0
 62
1
 10
416.25
 20
-194.692
 30
0.0
 11
416.358
 21
-194.874
 31
0.0
  0
LINE
  5
157A
  8
0
 62
1
 10
416.358
 20
-194.874
 30
0.0
 11
416.454
 21
-195.063
 31
0.0
  0
LINE
  5
157B
  8
0
 62
1
 10
416.454
 20
-195.063
 30
0.0
 11
416.538
 21
-195.258
 31
0.0
  0
LINE
  5
157C
  8
0
 62
1
 10
416.538
 20
-195.258
 30
0.0
 11
416.61
 21
-195.457
 31
0.0
  0
LINE
  5
157D
  8
0
 62
1
 10
416.61
 20
-195.457
 30
0.0
 11
416.669
 21
-195.661
 31
0.0
  0
LINE
  5
157E
  8
0
 62
1
 10
416.669
 20
-195.661
 30
0.0
 11
416.715
 21
-195.868
 31
0.0
  0
LINE
  5
157F
  8
0
 62
1
 10
416.715
 20
-195.868
 30
0.0
 11
416.748
 21
-196.077
 31
0.0
  0
LINE
  5
1580
  8
0
 62
1
 10
416.748
 20
-196.077
 30
0.0
 11
416.768
 21
-196.288
 31
0.0
  0
LINE
  5
1581
  8
0
 62
1
 10
416.768
 20
-196.288
 30
0.0
 11
416.775
 21
-196.5
 31
0.0
  0
LINE
  5
1582
  8
0
 62
1
 10
416.775
 20
-196.5
 30
0.0
 11
416.768
 21
-196.712
 31
0.0
  0
LINE
  5
1583
  8
0
 62
1
 10
416.768
 20
-196.712
 30
0.0
 11
416.748
 21
-196.923
 31
0.0
  0
LINE
  5
1584
  8
0
 62
1
 10
416.748
 20
-196.923
 30
0.0
 11
416.715
 21
-197.132
 31
0.0
  0
LINE
  5
1585
  8
0
 62
1
 10
416.715
 20
-197.132
 30
0.0
 11
416.669
 21
-197.339
 31
0.0
  0
LINE
  5
1586
  8
0
 62
1
 10
416.669
 20
-197.339
 30
0.0
 11
416.61
 21
-197.543
 31
0.0
  0
LINE
  5
1587
  8
0
 62
1
 10
416.61
 20
-197.543
 30
0.0
 11
416.538
 21
-197.742
 31
0.0
  0
LINE
  5
1588
  8
0
 62
1
 10
416.538
 20
-197.742
 30
0.0
 11
416.454
 21
-197.937
 31
0.0
  0
LINE
  5
1589
  8
0
 62
1
 10
416.454
 20
-197.937
 30
0.0
 11
416.358
 21
-198.126
 31
0.0
  0
LINE
  5
158A
  8
0
 62
1
 10
416.358
 20
-198.126
 30
0.0
 11
416.25
 21
-198.308
 31
0.0
  0
LINE
  5
158B
  8
0
 62
1
 10
416.25
 20
-198.308
 30
0.0
 11
416.13
 21
-198.484
 31
0.0
  0
LINE
  5
158C
  8
0
 62
1
 10
416.13
 20
-198.484
 30
0.0
 11
416.0
 21
-198.651
 31
0.0
  0
LINE
  5
158D
  8
0
 62
1
 10
416.0
 20
-198.651
 30
0.0
 11
415.86
 21
-198.81
 31
0.0
  0
LINE
  5
158E
  8
0
 62
1
 10
415.86
 20
-198.81
 30
0.0
 11
415.71
 21
-198.96
 31
0.0
  0
LINE
  5
158F
  8
0
 62
1
 10
415.71
 20
-198.96
 30
0.0
 11
415.551
 21
-199.1
 31
0.0
  0
LINE
  5
1590
  8
0
 62
1
 10
415.551
 20
-199.1
 30
0.0
 11
415.384
 21
-199.23
 31
0.0
  0
LINE
  5
1591
  8
0
 62
1
 10
415.384
 20
-199.23
 30
0.0
 11
415.208
 21
-199.35
 31
0.0
  0
LINE
  5
1592
  8
0
 62
1
 10
415.208
 20
-199.35
 30
0.0
 11
415.026
 21
-199.458
 31
0.0
  0
LINE
  5
1593
  8
0
 62
1
 10
415.026
 20
-199.458
 30
0.0
 11
414.837
 21
-199.554
 31
0.0
  0
LINE
  5
1594
  8
0
 62
1
 10
414.837
 20
-199.554
 30
0.0
 11
414.642
 21
-199.638
 31
0.0
  0
LINE
  5
1595
  8
0
 62
1
 10
414.642
 20
-199.638
 30
0.0
 11
414.443
 21
-199.71
 31
0.0
  0
LINE
  5
1596
  8
0
 62
1
 10
414.443
 20
-199.71
 30
0.0
 11
414.239
 21
-199.769
 31
0.0
  0
LINE
  5
1597
  8
0
 62
1
 10
414.239
 20
-199.769
 30
0.0
 11
414.032
 21
-199.815
 31
0.0
  0
LINE
  5
1598
  8
0
 62
1
 10
414.032
 20
-199.815
 30
0.0
 11
413.823
 21
-199.848
 31
0.0
  0
LINE
  5
1599
  8
0
 62
1
 10
413.823
 20
-199.848
 30
0.0
 11
413.612
 21
-199.868
 31
0.0
  0
LINE
  5
159A
  8
0
 62
1
 10
413.612
 20
-199.868
 30
0.0
 11
413.4
 21
-199.875
 31
0.0
  0
LINE
  5
159B
  8
0
 62
1
 10
413.4
 20
-199.875
 30
0.0
 11
413.188
 21
-199.868
 31
0.0
  0
ENDSEC
  0
EOF
