  0
SECTION
  2
HEADER
  9
$ACADVER
  1
AC1009
  9
$DWGCODEPAGE
  3
ANSI_1252
  9
$INSBASE
 10
0.0
 20
0.0
 30
0.0
  9
$EXTMIN
 10
1e+20
 20
1e+20
 30
1e+20
  9
$EXTMAX
 10
-1e+20
 20
-1e+20
 30
-1e+20
  9
$LIMMIN
 10
0.0
 20
0.0
  9
$LIMMAX
 10
420.0
 20
297.0
  9
$ORTHOMODE
 70
0
  9
$REGENMODE
 70
1
  9
$FILLMODE
 70
1
  9
$DRAGMODE
 70
2
  9
$QTEXTMODE
 70
0
  9
$MIRRTEXT
 70
1
  9
$OSMODE
 70
20583
  9
$LTSCALE
 40
1.0
  9
$ATTMODE
 70
1
  9
$TEXTSIZE
 40
2.5
  9
$TRACEWID
 40
1.0
  9
$TEXTSTYLE
  7
Standard
  9
$CLAYER
  8
0
  9
$CELTYPE
  6
ByLayer
  9
$CECOLOR
 62
256
  9
$DIMSCALE
 40
1.0
  9
$DIMASZ
 40
2.5
  9
$DIMEXO
 40
0.625
  9
$DIMDLI
 40
3.75
  9
$DIMRND
 40
0.0
  9
$DIMDLE
 40
0.0
  9
$DIMEXE
 40
1.25
  9
$DIMTP
 40
0.0
  9
$DIMTM
 40
0.0
  9
$DIMTXT
 40
2.5
  9
$DIMCEN
 40
2.5
  9
$DIMTSZ
 40
0.0
  9
$DIMTOL
 70
0
  9
$DIMLIM
 70
0
  9
$DIMTIH
 70
0
  9
$DIMTOH
 70
0
  9
$DIMSE1
 70
0
  9
$DIMSE2
 70
0
  9
$DIMTAD
 70
1
  9
$DIMZIN
 70
8
  9
$DIMBLK
  1

  9
$DIMASO
 70
1
  9
$DIMSHO
 70
1
  9
$DIMPOST
  1

  9
$DIMAPOST
  1

  9
$DIMALT
 70
0
  9
$DIMALTD
 70
3
  9
$DIMALTF
 40
0.03937007874
  9
$DIMLFAC
 40
1.0
  9
$DIMTOFL
 70
1
  9
$DIMTVP
 40
0.0
  9
$DIMTIX
 70
0
  9
$DIMSOXD
 70
0
  9
$DIMSAH
 70
0
  9
$DIMBLK1
  1

  9
$DIMBLK2
  1

  9
$DIMSTYLE
  2
ISO-25
  9
$DIMCLRD
 70
0
  9
$DIMCLRE
 70
0
  9
$DIMCLRT
 70
0
  9
$DIMTFAC
 40
1.0
  9
$DIMGAP
 40
0.625
  9
$COORDS
 70
1
  9
$ATTDIA
 70
0
  9
$ATTREQ
 70
1
  9
$HANDLING
 70
1
  9
$LUNITS
 70
2
  9
$LUPREC
 70
4
  9
$SKETCHINC
 40
1.0
  9
$FILLETRAD
 40
10.0
  9
$AUNITS
 70
0
  9
$AUPREC
 70
2
  9
$MENU
  1
.
  9
$ELEVATION
 40
0.0
  9
$PELEVATION
 40
0.0
  9
$THICKNESS
 40
0.0
  9
$LIMCHECK
 70
0
  9
$CHAMFERA
 40
0.0
  9
$CHAMFERB
 40
0.0
  9
$SKPOLY
 70
0
  9
$TDCREATE
 40
2461279.4191203704
  9
$TDUPDATE
 40
2461279.4191203704
  9
$TDINDWG
 40
0.0
  9
$TDUSRTIMER
 40
0.0
  9
$USRTIMER
 70
1
  9
$ANGBASE
 50
0.0
  9
$ANGDIR
 70
0
  9
$PDMODE
 70
0
  9
$PDSIZE
 40
0.0
  9
$PLINEWID
 40
0.0
  9
$SPLFRAME
 70
0
  9
$SPLINETYPE
 70
6
  9
$SPLINESEGS
 70
8
  9
$HANDSEED
  5
205F
  9
$SURFTAB1
 70
6
  9
$SURFTAB2
 70
6
  9
$SURFTYPE
 70
6
  9
$SURFU
 70
6
  9
$SURFV
 70
6
  9
$UCSNAME
  2

  9
$UCSORG
 10
0.0
 20
0.0
 30
0.0
  9
$UCSXDIR
 10
1.0
 20
0.0
 30
0.0
  9
$UCSYDIR
 10
0.0
 20
1.0
 30
0.0
  9
$PUCSNAME
  2

  9
$PUCSORG
 10
0.0
 20
0.0
 30
0.0
  9
$PUCSXDIR
 10
1.0
 20
0.0
 30
0.0
  9
$PUCSYDIR
 10
0.0
 20
1.0
 30
0.0
  9
$USERI1
 70
0
  9
$USERI2
 70
0
  9
$USERI3
 70
0
  9
$USERI4
 70
0
  9
$USERI5
 70
0
  9
$USERR1
 40
0.0
  9
$USERR2
 40
0.0
  9
$USERR3
 40
0.0
  9
$USERR4
 40
0.0
  9
$USERR5
 40
0.0
  9
$WORLDVIEW
 70
1
  9
$SHADEDGE
 70
3
  9
$SHADEDIF
 70
70
  9
$TILEMODE
 70
1
  9
$MAXACTVP
 70
64
  9
$PLIMCHECK
 70
0
  9
$PEXTMIN
 10
1e+20
 20
1e+20
 30
1e+20
  9
$PEXTMAX
 10
-1e+20
 20
-1e+20
 30
-1e+20
  9
$PLIMMIN
 10
0.0
 20
0.0
  9
$PLIMMAX
 10
420.0
 20
297.0
  9
$UNITMODE
 70
0
  9
$VISRETAIN
 70
1
  9
$PLINEGEN
 70
0
  9
$PSLTSCALE
 70
1
  0
ENDSEC
  0
SECTION
  2
TABLES
  0
TABLE
  2
VPORT
 70
1
  0
VPORT
  5
2053
  2
*Active
 70
0
 10
0.0
 20
0.0
 11
1.0
 21
1.0
 12
0.0
 22
0.0
 13
0.0
 23
0.0
 14
0.5
 24
0.5
 15
0.5
 25
0.5
 16
0.0
 26
0.0
 36
1.0
 17
0.0
 27
0.0
 37
0.0
 40
1000.0
 41
1.34
 42
50.0
 43
0.0
 44
0.0
 50
0.0
 51
0.0
 71
0
 72
1000
 73
1
 74
3
 75
0
 76
0
 77
0
 78
0
  0
ENDTAB
  0
TABLE
  2
LTYPE
 70
3
  0
LTYPE
  5
2054
  2
ByBlock
 70
0
  3

 72
65
 73
0
 40
0.0
  0
LTYPE
  5
2055
  2
ByLayer
 70
0
  3

 72
65
 73
0
 40
0.0
  0
LTYPE
  5
2056
  2
Continuous
 70
0
  3

 72
65
 73
0
 40
0.0
  0
ENDTAB
  0
TABLE
  2
LAYER
 70
2
  0
LAYER
  5
2057
  2
0
 70
0
 62
1
  6
Continuous
  0
LAYER
  5
2058
  2
Defpoints
 70
0
 62
7
  6
Continuous
  0
ENDTAB
  0
TABLE
  2
STYLE
 70
1
  0
STYLE
  5
2059
  2
Standard
 70
0
 40
0.0
 41
1.0
 50
0.0
 71
0
 42
2.5
  3
txt
  4

  0
ENDTAB
  0
TABLE
  2
VIEW
 70
0
  0
ENDTAB
  0
TABLE
  2
UCS
 70
0
  0
ENDTAB
  0
TABLE
  2
APPID
 70
3
  0
APPID
  5
205A
  2
ACAD
 70
0
  0
APPID
  5
205D
  2
HATCHBACKGROUNDCOLOR
 70
0
  0
APPID
  5
205E
  2
EZDXF
 70
0
  0
ENDTAB
  0
TABLE
  2
DIMSTYLE
 70
1
  0
DIMSTYLE
105
205B
  2
Standard
 70
0
  3

  4

  5

  6

  7

 40
1.0
 41
2.5
 42
0.625
 43
3.75
 44
1.25
 45
0.0
 46
0.0
 47
0.0
 48
0.0
140
2.5
141
2.5
142
0.0
143
0.03937007874
144
1.0
145
0.0
146
1.0
147
0.625
 71
0
 72
0
 73
0
 74
0
 75
0
 76
0
 77
1
 78
8
170
0
171
3
172
1
173
0
174
0
175
0
176
0
177
0
178
0
  0
ENDTAB
  0
ENDSEC
  0
SECTION
  2
BLOCKS
  0
BLOCK
  5
2034
  8
0
  2
$Model_Space
 70
0
 10
0.0
 20
0.0
 30
0.0
  3
$Model_Space
  1

1001
EZDXF
1000
WRITTEN_BY_EZDXF
1000
1.4.4 @ 2026-08-26T14:03:32.342912+00:00
  0
ENDBLK
  5
2035
  8
0
  0
BLOCK
  5
2036
  8
0
  2
$Paper_Space
 70
0
 10
0.0
 20
0.0
 30
0.0
  3
$Paper_Space
  1

  0
ENDBLK
  5
2037
  8
0
  0
ENDSEC
  0
SECTION
  2
ENTITIES
  0
LINE
  5
100
  8
0
 62
1
 10
88.9
 20
67.5
 30
0.0
 11
-88.9
 21
67.5
 31
0.0
  0
LINE
  5
101
  8
0
 62
1
 10
-88.9
 20
67.5
 30
0.0
 11
-88.9
 21
-67.5
 31
0.0
  0
LINE
  5
102
  8
0
 62
1
 10
-88.9
 20
-67.5
 30
0.0
 11
88.9
 21
-67.5
 31
0.0
  0
LINE
  5
103
  8
0
 62
1
 10
88.9
 20
-67.5
 30
0.0
 11
88.9
 21
67.5
 31
0.0
  0
LINE
  5
104
  8
0
 62
1
 10
41.1009
 20
38.8797
 30
0.0
 11
40.9523
 21
38.8937
 31
0.0
  0
LINE
  5
105
  8
0
 62
1
 10
40.9523
 20
38.8937
 30
0.0
 11
40.805
 21
38.9171
 31
0.0
  0
LINE
  5
106
  8
0
 62
1
 10
40.805
 20
38.9171
 30
0.0
 11
40.6593
 21
38.9496
 31
0.0
  0
LINE
  5
107
  8
0
 62
1
 10
40.6593
 20
38.9496
 30
0.0
 11
40.5161
 21
38.9912
 31
0.0
  0
LINE
  5
108
  8
0
 62
1
 10
40.5161
 20
38.9912
 30
0.0
 11
40.3757
 21
39.0418
 31
0.0
  0
LINE
  5
109
  8
0
 62
1
 10
40.3757
 20
39.0418
 30
0.0
 11
40.2388
 21
39.101
 31
0.0
  0
LINE
  5
10A
  8
0
 62
1
 10
40.2388
 20
39.101
 30
0.0
 11
40.1058
 21
39.1688
 31
0.0
  0
LINE
  5
10B
  8
0
 62
1
 10
40.1058
 20
39.1688
 30
0.0
 11
39.9774
 21
39.2447
 31
0.0
  0
LINE
  5
10C
  8
0
 62
1
 10
39.9774
 20
39.2447
 30
0.0
 11
39.854
 21
39.3286
 31
0.0
  0
LINE
  5
10D
  8
0
 62
1
 10
39.854
 20
39.3286
 30
0.0
 11
39.7361
 21
39.42
 31
0.0
  0
LINE
  5
10E
  8
0
 62
1
 10
39.7361
 20
39.42
 30
0.0
 11
39.6242
 21
39.5187
 31
0.0
  0
LINE
  5
10F
  8
0
 62
1
 10
39.6242
 20
39.5187
 30
0.0
 11
39.5187
 21
39.6242
 31
0.0
  0
LINE
  5
110
  8
0
 62
1
 10
39.5187
 20
39.6242
 30
0.0
 11
39.42
 21
39.7361
 31
0.0
  0
LINE
  5
111
  8
0
 62
1
 10
39.42
 20
39.7361
 30
0.0
 11
39.3286
 21
39.854
 31
0.0
  0
LINE
  5
112
  8
0
 62
1
 10
39.3286
 20
39.854
 30
0.0
 11
39.2447
 21
39.9774
 31
0.0
  0
LINE
  5
113
  8
0
 62
1
 10
39.2447
 20
39.9774
 30
0.0
 11
39.1688
 21
40.1058
 31
0.0
  0
LINE
  5
114
  8
0
 62
1
 10
39.1688
 20
40.1058
 30
0.0
 11
39.101
 21
40.2388
 31
0.0
  0
LINE
  5
115
  8
0
 62
1
 10
39.101
 20
40.2388
 30
0.0
 11
39.0418
 21
40.3757
 31
0.0
  0
LINE
  5
116
  8
0
 62
1
 10
39.0418
 20
40.3757
 30
0.0
 11
38.9912
 21
40.5161
 31
0.0
  0
LINE
  5
117
  8
0
 62
1
 10
38.9912
 20
40.5161
 30
0.0
 11
38.9496
 21
40.6593
 31
0.0
  0
LINE
  5
118
  8
0
 62
1
 10
38.9496
 20
40.6593
 30
0.0
 11
38.9171
 21
40.805
 31
0.0
  0
LINE
  5
119
  8
0
 62
1
 10
38.9171
 20
40.805
 30
0.0
 11
38.8937
 21
40.9523
 31
0.0
  0
LINE
  5
11A
  8
0
 62
1
 10
38.8937
 20
40.9523
 30
0.0
 11
38.8797
 21
41.1009
 31
0.0
  0
LINE
  5
11B
  8
0
 62
1
 10
38.8797
 20
41.1009
 30
0.0
 11
38.875
 21
41.25
 31
0.0
  0
LINE
  5
11C
  8
0
 62
1
 10
38.875
 20
41.25
 30
0.0
 11
38.8797
 21
41.3991
 31
0.0
  0
LINE
  5
11D
  8
0
 62
1
 10
38.8797
 20
41.3991
 30
0.0
 11
38.8937
 21
41.5477
 31
0.0
  0
LINE
  5
11E
  8
0
 62
1
 10
38.8937
 20
41.5477
 30
0.0
 11
38.9171
 21
41.695
 31
0.0
  0
LINE
  5
11F
  8
0
 62
1
 10
38.9171
 20
41.695
 30
0.0
 11
38.9496
 21
41.8406
 31
0.0
  0
LINE
  5
120
  8
0
 62
1
 10
38.9496
 20
41.8406
 30
0.0
 11
38.9912
 21
41.9839
 31
0.0
  0
LINE
  5
121
  8
0
 62
1
 10
38.9912
 20
41.9839
 30
0.0
 11
39.0418
 21
42.1243
 31
0.0
  0
LINE
  5
122
  8
0
 62
1
 10
39.0418
 20
42.1243
 30
0.0
 11
39.101
 21
42.2612
 31
0.0
  0
LINE
  5
123
  8
0
 62
1
 10
39.101
 20
42.2612
 30
0.0
 11
39.1688
 21
42.3941
 31
0.0
  0
LINE
  5
124
  8
0
 62
1
 10
39.1688
 20
42.3941
 30
0.0
 11
39.2447
 21
42.5226
 31
0.0
  0
LINE
  5
125
  8
0
 62
1
 10
39.2447
 20
42.5226
 30
0.0
 11
39.3286
 21
42.646
 31
0.0
  0
LINE
  5
126
  8
0
 62
1
 10
39.3286
 20
42.646
 30
0.0
 11
39.42
 21
42.7639
 31
0.0
  0
LINE
  5
127
  8
0
 62
1
 10
39.42
 20
42.7639
 30
0.0
 11
39.5187
 21
42.8758
 31
0.0
  0
LINE
  5
128
  8
0
 62
1
 10
39.5187
 20
42.8758
 30
0.0
 11
39.6242
 21
42.9813
 31
0.0
  0
LINE
  5
129
  8
0
 62
1
 10
39.6242
 20
42.9813
 30
0.0
 11
39.7361
 21
43.08
 31
0.0
  0
LINE
  5
12A
  8
0
 62
1
 10
39.7361
 20
43.08
 30
0.0
 11
39.854
 21
43.1714
 31
0.0
  0
LINE
  5
12B
  8
0
 62
1
 10
39.854
 20
43.1714
 30
0.0
 11
39.9774
 21
43.2553
 31
0.0
  0
LINE
  5
12C
  8
0
 62
1
 10
39.9774
 20
43.2553
 30
0.0
 11
40.1058
 21
43.3312
 31
0.0
  0
LINE
  5
12D
  8
0
 62
1
 10
40.1058
 20
43.3312
 30
0.0
 11
40.2388
 21
43.399
 31
0.0
  0
LINE
  5
12E
  8
0
 62
1
 10
40.2388
 20
43.399
 30
0.0
 11
40.3757
 21
43.4582
 31
0.0
  0
LINE
  5
12F
  8
0
 62
1
 10
40.3757
 20
43.4582
 30
0.0
 11
40.5161
 21
43.5088
 31
0.0
  0
LINE
  5
130
  8
0
 62
1
 10
40.5161
 20
43.5088
 30
0.0
 11
40.6593
 21
43.5504
 31
0.0
  0
LINE
  5
131
  8
0
 62
1
 10
40.6593
 20
43.5504
 30
0.0
 11
40.805
 21
43.5829
 31
0.0
  0
LINE
  5
132
  8
0
 62
1
 10
40.805
 20
43.5829
 30
0.0
 11
40.9523
 21
43.6063
 31
0.0
  0
LINE
  5
133
  8
0
 62
1
 10
40.9523
 20
43.6063
 30
0.0
 11
41.1009
 21
43.6203
 31
0.0
  0
LINE
  5
134
  8
0
 62
1
 10
41.1009
 20
43.6203
 30
0.0
 11
41.25
 21
43.625
 31
0.0
  0
LINE
  5
135
  8
0
 62
1
 10
41.25
 20
43.625
 30
0.0
 11
41.3991
 21
43.6203
 31
0.0
  0
LINE
  5
136
  8
0
 62
1
 10
41.3991
 20
43.6203
 30
0.0
 11
41.5477
 21
43.6063
 31
0.0
  0
LINE
  5
137
  8
0
 62
1
 10
41.5477
 20
43.6063
 30
0.0
 11
41.695
 21
43.5829
 31
0.0
  0
LINE
  5
138
  8
0
 62
1
 10
41.695
 20
43.5829
 30
0.0
 11
41.8406
 21
43.5504
 31
0.0
  0
LINE
  5
139
  8
0
 62
1
 10
41.8406
 20
43.5504
 30
0.0
 11
41.9839
 21
43.5088
 31
0.0
  0
LINE
  5
13A
  8
0
 62
1
 10
41.9839
 20
43.5088
 30
0.0
 11
42.1243
 21
43.4582
 31
0.0
  0
LINE
  5
13B
  8
0
 62
1
 10
42.1243
 20
43.4582
 30
0.0
 11
42.2612
 21
43.399
 31
0.0
  0
LINE
  5
13C
  8
0
 62
1
 10
42.2612
 20
43.399
 30
0.0
 11
42.3941
 21
43.3312
 31
0.0
  0
LINE
  5
13D
  8
0
 62
1
 10
42.3941
 20
43.3312
 30
0.0
 11
42.5226
 21
43.2553
 31
0.0
  0
LINE
  5
13E
  8
0
 62
1
 10
42.5226
 20
43.2553
 30
0.0
 11
42.646
 21
43.1714
 31
0.0
  0
LINE
  5
13F
  8
0
 62
1
 10
42.646
 20
43.1714
 30
0.0
 11
42.7639
 21
43.08
 31
0.0
  0
LINE
  5
140
  8
0
 62
1
 10
42.7639
 20
43.08
 30
0.0
 11
42.8758
 21
42.9813
 31
0.0
  0
LINE
  5
141
  8
0
 62
1
 10
42.8758
 20
42.9813
 30
0.0
 11
42.9813
 21
42.8758
 31
0.0
  0
LINE
  5
142
  8
0
 62
1
 10
42.9813
 20
42.8758
 30
0.0
 11
43.08
 21
42.7639
 31
0.0
  0
LINE
  5
143
  8
0
 62
1
 10
43.08
 20
42.7639
 30
0.0
 11
43.1714
 21
42.646
 31
0.0
  0
LINE
  5
144
  8
0
 62
1
 10
43.1714
 20
42.646
 30
0.0
 11
43.2553
 21
42.5226
 31
0.0
  0
LINE
  5
145
  8
0
 62
1
 10
43.2553
 20
42.5226
 30
0.0
 11
43.3312
 21
42.3941
 31
0.0
  0
LINE
  5
146
  8
0
 62
1
 10
43.3312
 20
42.3941
 30
0.0
 11
43.399
 21
42.2612
 31
0.0
  0
LINE
  5
147
  8
0
 62
1
 10
43.399
 20
42.2612
 30
0.0
 11
43.4582
 21
42.1243
 31
0.0
  0
LINE
  5
148
  8
0
 62
1
 10
43.4582
 20
42.1243
 30
0.0
 11
43.5088
 21
41.9839
 31
0.0
  0
LINE
  5
149
  8
0
 62
1
 10
43.5088
 20
41.9839
 30
0.0
 11
43.5504
 21
41.8406
 31
0.0
  0
LINE
  5
14A
  8
0
 62
1
 10
43.5504
 20
41.8406
 30
0.0
 11
43.5829
 21
41.695
 31
0.0
  0
LINE
  5
14B
  8
0
 62
1
 10
43.5829
 20
41.695
 30
0.0
 11
43.6063
 21
41.5477
 31
0.0
  0
LINE
  5
14C
  8
0
 62
1
 10
43.6063
 20
41.5477
 30
0.0
 11
43.6203
 21
41.3991
 31
0.0
  0
LINE
  5
14D
  8
0
 62
1
 10
43.6203
 20
41.3991
 30
0.0
 11
43.625
 21
41.25
 31
0.0
  0
LINE
  5
14E
  8
0
 62
1
 10
43.625
 20
41.25
 30
0.0
 11
43.6203
 21
41.1009
 31
0.0
  0
LINE
  5
14F
  8
0
 62
1
 10
43.6203
 20
41.1009
 30
0.0
 11
43.6063
 21
40.9523
 31
0.0
  0
LINE
  5
150
  8
0
 62
1
 10
43.6063
 20
40.9523
 30
0.0
 11
43.5829
 21
40.805
 31
0.0
  0
LINE
  5
151
  8
0
 62
1
 10
43.5829
 20
40.805
 30
0.0
 11
43.5504
 21
40.6593
 31
0.0
  0
LINE
  5
152
  8
0
 62
1
 10
43.5504
 20
40.6593
 30
0.0
 11
43.5088
 21
40.5161
 31
0.0
  0
LINE
  5
153
  8
0
 62
1
 10
43.5088
 20
40.5161
 30
0.0
 11
43.4582
 21
40.3757
 31
0.0
  0
LINE
  5
154
  8
0
 62
1
 10
43.4582
 20
40.3757
 30
0.0
 11
43.399
 21
40.2388
 31
0.0
  0
LINE
  5
155
  8
0
 62
1
 10
43.399
 20
40.2388
 30
0.0
 11
43.3312
 21
40.1058
 31
0.0
  0
LINE
  5
156
  8
0
 62
1
 10
43.3312
 20
40.1058
 30
0.0
 11
43.2553
 21
39.9774
 31
0.0
  0
LINE
  5
157
  8
0
 62
1
 10
43.2553
 20
39.9774
 30
0.0
 11
43.1714
 21
39.854
 31
0.0
  0
LINE
  5
158
  8
0
 62
1
 10
43.1714
 20
39.854
 30
0.0
 11
43.08
 21
39.7361
 31
0.0
  0
LINE
  5
159
  8
0
 62
1
 10
43.08
 20
39.7361
 30
0.0
 11
42.9813
 21
39.6242
 31
0.0
  0
LINE
  5
15A
  8
0
 62
1
 10
42.9813
 20
39.6242
 30
0.0
 11
42.8758
 21
39.5187
 31
0.0
  0
LINE
  5
15B
  8
0
 62
1
 10
42.8758
 20
39.5187
 30
0.0
 11
42.7639
 21
39.42
 31
0.0
  0
LINE
  5
15C
  8
0
 62
1
 10
42.7639
 20
39.42
 30
0.0
 11
42.646
 21
39.3286
 31
0.0
  0
LINE
  5
15D
  8
0
 62
1
 10
42.646
 20
39.3286
 30
0.0
 11
42.5226
 21
39.2447
 31
0.0
  0
LINE
  5
15E
  8
0
 62
1
 10
42.5226
 20
39.2447
 30
0.0
 11
42.3941
 21
39.1688
 31
0.0
  0
LINE
  5
15F
  8
0
 62
1
 10
42.3941
 20
39.1688
 30
0.0
 11
42.2612
 21
39.101
 31
0.0
  0
LINE
  5
160
  8
0
 62
1
 10
42.2612
 20
39.101
 30
0.0
 11
42.1243
 21
39.0418
 31
0.0
  0
LINE
  5
161
  8
0
 62
1
 10
42.1243
 20
39.0418
 30
0.0
 11
41.9839
 21
38.9912
 31
0.0
  0
LINE
  5
162
  8
0
 62
1
 10
41.9839
 20
38.9912
 30
0.0
 11
41.8406
 21
38.9496
 31
0.0
  0
LINE
  5
163
  8
0
 62
1
 10
41.8406
 20
38.9496
 30
0.0
 11
41.695
 21
38.9171
 31
0.0
  0
LINE
  5
164
  8
0
 62
1
 10
41.695
 20
38.9171
 30
0.0
 11
41.5477
 21
38.8937
 31
0.0
  0
LINE
  5
165
  8
0
 62
1
 10
41.5477
 20
38.8937
 30
0.0
 11
41.3991
 21
38.8797
 31
0.0
  0
LINE
  5
166
  8
0
 62
1
 10
41.3991
 20
38.8797
 30
0.0
 11
41.25
 21
38.875
 31
0.0
  0
LINE
  5
167
  8
0
 62
1
 10
41.25
 20
38.875
 30
0.0
 11
41.1009
 21
38.8797
 31
0.0
  0
LINE
  5
168
  8
0
 62
1
 10
-41.3991
 20
38.8797
 30
0.0
 11
-41.5477
 21
38.8937
 31
0.0
  0
LINE
  5
169
  8
0
 62
1
 10
-41.5477
 20
38.8937
 30
0.0
 11
-41.695
 21
38.9171
 31
0.0
  0
LINE
  5
16A
  8
0
 62
1
 10
-41.695
 20
38.9171
 30
0.0
 11
-41.8406
 21
38.9496
 31
0.0
  0
LINE
  5
16B
  8
0
 62
1
 10
-41.8406
 20
38.9496
 30
0.0
 11
-41.9839
 21
38.9912
 31
0.0
  0
LINE
  5
16C
  8
0
 62
1
 10
-41.9839
 20
38.9912
 30
0.0
 11
-42.1243
 21
39.0418
 31
0.0
  0
LINE
  5
16D
  8
0
 62
1
 10
-42.1243
 20
39.0418
 30
0.0
 11
-42.2612
 21
39.101
 31
0.0
  0
LINE
  5
16E
  8
0
 62
1
 10
-42.2612
 20
39.101
 30
0.0
 11
-42.3941
 21
39.1688
 31
0.0
  0
LINE
  5
16F
  8
0
 62
1
 10
-42.3941
 20
39.1688
 30
0.0
 11
-42.5226
 21
39.2447
 31
0.0
  0
LINE
  5
170
  8
0
 62
1
 10
-42.5226
 20
39.2447
 30
0.0
 11
-42.646
 21
39.3286
 31
0.0
  0
LINE
  5
171
  8
0
 62
1
 10
-42.646
 20
39.3286
 30
0.0
 11
-42.7639
 21
39.42
 31
0.0
  0
LINE
  5
172
  8
0
 62
1
 10
-42.7639
 20
39.42
 30
0.0
 11
-42.8758
 21
39.5187
 31
0.0
  0
LINE
  5
173
  8
0
 62
1
 10
-42.8758
 20
39.5187
 30
0.0
 11
-42.9813
 21
39.6242
 31
0.0
  0
LINE
  5
174
  8
0
 62
1
 10
-42.9813
 20
39.6242
 30
0.0
 11
-43.08
 21
39.7361
 31
0.0
  0
LINE
  5
175
  8
0
 62
1
 10
-43.08
 20
39.7361
 30
0.0
 11
-43.1714
 21
39.854
 31
0.0
  0
LINE
  5
176
  8
0
 62
1
 10
-43.1714
 20
39.854
 30
0.0
 11
-43.2553
 21
39.9774
 31
0.0
  0
LINE
  5
177
  8
0
 62
1
 10
-43.2553
 20
39.9774
 30
0.0
 11
-43.3312
 21
40.1058
 31
0.0
  0
LINE
  5
178
  8
0
 62
1
 10
-43.3312
 20
40.1058
 30
0.0
 11
-43.399
 21
40.2388
 31
0.0
  0
LINE
  5
179
  8
0
 62
1
 10
-43.399
 20
40.2388
 30
0.0
 11
-43.4582
 21
40.3757
 31
0.0
  0
LINE
  5
17A
  8
0
 62
1
 10
-43.4582
 20
40.3757
 30
0.0
 11
-43.5088
 21
40.5161
 31
0.0
  0
LINE
  5
17B
  8
0
 62
1
 10
-43.5088
 20
40.5161
 30
0.0
 11
-43.5504
 21
40.6593
 31
0.0
  0
LINE
  5
17C
  8
0
 62
1
 10
-43.5504
 20
40.6593
 30
0.0
 11
-43.5829
 21
40.805
 31
0.0
  0
LINE
  5
17D
  8
0
 62
1
 10
-43.5829
 20
40.805
 30
0.0
 11
-43.6063
 21
40.9523
 31
0.0
  0
LINE
  5
17E
  8
0
 62
1
 10
-43.6063
 20
40.9523
 30
0.0
 11
-43.6203
 21
41.1009
 31
0.0
  0
LINE
  5
17F
  8
0
 62
1
 10
-43.6203
 20
41.1009
 30
0.0
 11
-43.625
 21
41.25
 31
0.0
  0
LINE
  5
180
  8
0
 62
1
 10
-43.625
 20
41.25
 30
0.0
 11
-43.6203
 21
41.3991
 31
0.0
  0
LINE
  5
181
  8
0
 62
1
 10
-43.6203
 20
41.3991
 30
0.0
 11
-43.6063
 21
41.5477
 31
0.0
  0
LINE
  5
182
  8
0
 62
1
 10
-43.6063
 20
41.5477
 30
0.0
 11
-43.5829
 21
41.695
 31
0.0
  0
LINE
  5
183
  8
0
 62
1
 10
-43.5829
 20
41.695
 30
0.0
 11
-43.5504
 21
41.8406
 31
0.0
  0
LINE
  5
184
  8
0
 62
1
 10
-43.5504
 20
41.8406
 30
0.0
 11
-43.5088
 21
41.9839
 31
0.0
  0
LINE
  5
185
  8
0
 62
1
 10
-43.5088
 20
41.9839
 30
0.0
 11
-43.4582
 21
42.1243
 31
0.0
  0
LINE
  5
186
  8
0
 62
1
 10
-43.4582
 20
42.1243
 30
0.0
 11
-43.399
 21
42.2612
 31
0.0
  0
LINE
  5
187
  8
0
 62
1
 10
-43.399
 20
42.2612
 30
0.0
 11
-43.3312
 21
42.3941
 31
0.0
  0
LINE
  5
188
  8
0
 62
1
 10
-43.3312
 20
42.3941
 30
0.0
 11
-43.2553
 21
42.5226
 31
0.0
  0
LINE
  5
189
  8
0
 62
1
 10
-43.2553
 20
42.5226
 30
0.0
 11
-43.1714
 21
42.646
 31
0.0
  0
LINE
  5
18A
  8
0
 62
1
 10
-43.1714
 20
42.646
 30
0.0
 11
-43.08
 21
42.7639
 31
0.0
  0
LINE
  5
18B
  8
0
 62
1
 10
-43.08
 20
42.7639
 30
0.0
 11
-42.9813
 21
42.8758
 31
0.0
  0
LINE
  5
18C
  8
0
 62
1
 10
-42.9813
 20
42.8758
 30
0.0
 11
-42.8758
 21
42.9813
 31
0.0
  0
LINE
  5
18D
  8
0
 62
1
 10
-42.8758
 20
42.9813
 30
0.0
 11
-42.7639
 21
43.08
 31
0.0
  0
LINE
  5
18E
  8
0
 62
1
 10
-42.7639
 20
43.08
 30
0.0
 11
-42.646
 21
43.1714
 31
0.0
  0
LINE
  5
18F
  8
0
 62
1
 10
-42.646
 20
43.1714
 30
0.0
 11
-42.5226
 21
43.2553
 31
0.0
  0
LINE
  5
190
  8
0
 62
1
 10
-42.5226
 20
43.2553
 30
0.0
 11
-42.3941
 21
43.3312
 31
0.0
  0
LINE
  5
191
  8
0
 62
1
 10
-42.3941
 20
43.3312
 30
0.0
 11
-42.2612
 21
43.399
 31
0.0
  0
LINE
  5
192
  8
0
 62
1
 10
-42.2612
 20
43.399
 30
0.0
 11
-42.1243
 21
43.4582
 31
0.0
  0
LINE
  5
193
  8
0
 62
1
 10
-42.1243
 20
43.4582
 30
0.0
 11
-41.9839
 21
43.5088
 31
0.0
  0
LINE
  5
194
  8
0
 62
1
 10
-41.9839
 20
43.5088
 30
0.0
 11
-41.8406
 21
43.5504
 31
0.0
  0
LINE
  5
195
  8
0
 62
1
 10
-41.8406
 20
43.5504
 30
0.0
 11
-41.695
 21
43.5829
 31
0.0
  0
LINE
  5
196
  8
0
 62
1
 10
-41.695
 20
43.5829
 30
0.0
 11
-41.5477
 21
43.6063
 31
0.0
  0
LINE
  5
197
  8
0
 62
1
 10
-41.5477
 20
43.6063
 30
0.0
 11
-41.3991
 21
43.6203
 31
0.0
  0
LINE
  5
198
  8
0
 62
1
 10
-41.3991
 20
43.6203
 30
0.0
 11
-41.25
 21
43.625
 31
0.0
  0
LINE
  5
199
  8
0
 62
1
 10
-41.25
 20
43.625
 30
0.0
 11
-41.1009
 21
43.6203
 31
0.0
  0
LINE
  5
19A
  8
0
 62
1
 10
-41.1009
 20
43.6203
 30
0.0
 11
-40.9523
 21
43.6063
 31
0.0
  0
LINE
  5
19B
  8
0
 62
1
 10
-40.9523
 20
43.6063
 30
0.0
 11
-40.805
 21
43.5829
 31
0.0
  0
LINE
  5
19C
  8
0
 62
1
 10
-40.805
 20
43.5829
 30
0.0
 11
-40.6593
 21
43.5504
 31
0.0
  0
LINE
  5
19D
  8
0
 62
1
 10
-40.6593
 20
43.5504
 30
0.0
 11
-40.5161
 21
43.5088
 31
0.0
  0
LINE
  5
19E
  8
0
 62
1
 10
-40.5161
 20
43.5088
 30
0.0
 11
-40.3757
 21
43.4582
 31
0.0
  0
LINE
  5
19F
  8
0
 62
1
 10
-40.3757
 20
43.4582
 30
0.0
 11
-40.2388
 21
43.399
 31
0.0
  0
LINE
  5
1A0
  8
0
 62
1
 10
-40.2388
 20
43.399
 30
0.0
 11
-40.1058
 21
43.3312
 31
0.0
  0
LINE
  5
1A1
  8
0
 62
1
 10
-40.1058
 20
43.3312
 30
0.0
 11
-39.9774
 21
43.2553
 31
0.0
  0
LINE
  5
1A2
  8
0
 62
1
 10
-39.9774
 20
43.2553
 30
0.0
 11
-39.854
 21
43.1714
 31
0.0
  0
LINE
  5
1A3
  8
0
 62
1
 10
-39.854
 20
43.1714
 30
0.0
 11
-39.7361
 21
43.08
 31
0.0
  0
LINE
  5
1A4
  8
0
 62
1
 10
-39.7361
 20
43.08
 30
0.0
 11
-39.6242
 21
42.9813
 31
0.0
  0
LINE
  5
1A5
  8
0
 62
1
 10
-39.6242
 20
42.9813
 30
0.0
 11
-39.5187
 21
42.8758
 31
0.0
  0
LINE
  5
1A6
  8
0
 62
1
 10
-39.5187
 20
42.8758
 30
0.0
 11
-39.42
 21
42.7639
 31
0.0
  0
LINE
  5
1A7
  8
0
 62
1
 10
-39.42
 20
42.7639
 30
0.0
 11
-39.3286
 21
42.646
 31
0.0
  0
LINE
  5
1A8
  8
0
 62
1
 10
-39.3286
 20
42.646
 30
0.0
 11
-39.2447
 21
42.5226
 31
0.0
  0
LINE
  5
1A9
  8
0
 62
1
 10
-39.2447
 20
42.5226
 30
0.0
 11
-39.1688
 21
42.3941
 31
0.0
  0
LINE
  5
1AA
  8
0
 62
1
 10
-39.1688
 20
42.3941
 30
0.0
 11
-39.101
 21
42.2612
 31
0.0
  0
LINE
  5
1AB
  8
0
 62
1
 10
-39.101
 20
42.2612
 30
0.0
 11
-39.0418
 21
42.1243
 31
0.0
  0
LINE
  5
1AC
  8
0
 62
1
 10
-39.0418
 20
42.1243
 30
0.0
 11
-38.9912
 21
41.9839
 31
0.0
  0
LINE
  5
1AD
  8
0
 62
1
 10
-38.9912
 20
41.9839
 30
0.0
 11
-38.9496
 21
41.8406
 31
0.0
  0
LINE
  5
1AE
  8
0
 62
1
 10
-38.9496
 20
41.8406
 30
0.0
 11
-38.9171
 21
41.695
 31
0.0
  0
LINE
  5
1AF
  8
0
 62
1
 10
-38.9171
 20
41.695
 30
0.0
 11
-38.8937
 21
41.5477
 31
0.0
  0
LINE
  5
1B0
  8
0
 62
1
 10
-38.8937
 20
41.5477
 30
0.0
 11
-38.8797
 21
41.3991
 31
0.0
  0
LINE
  5
1B1
  8
0
 62
1
 10
-38.8797
 20
41.3991
 30
0.0
 11
-38.875
 21
41.25
 31
0.0
  0
LINE
  5
1B2
  8
0
 62
1
 10
-38.875
 20
41.25
 30
0.0
 11
-38.8797
 21
41.1009
 31
0.0
  0
LINE
  5
1B3
  8
0
 62
1
 10
-38.8797
 20
41.1009
 30
0.0
 11
-38.8937
 21
40.9523
 31
0.0
  0
LINE
  5
1B4
  8
0
 62
1
 10
-38.8937
 20
40.9523
 30
0.0
 11
-38.9171
 21
40.805
 31
0.0
  0
LINE
  5
1B5
  8
0
 62
1
 10
-38.9171
 20
40.805
 30
0.0
 11
-38.9496
 21
40.6593
 31
0.0
  0
LINE
  5
1B6
  8
0
 62
1
 10
-38.9496
 20
40.6593
 30
0.0
 11
-38.9912
 21
40.5161
 31
0.0
  0
LINE
  5
1B7
  8
0
 62
1
 10
-38.9912
 20
40.5161
 30
0.0
 11
-39.0418
 21
40.3757
 31
0.0
  0
LINE
  5
1B8
  8
0
 62
1
 10
-39.0418
 20
40.3757
 30
0.0
 11
-39.101
 21
40.2388
 31
0.0
  0
LINE
  5
1B9
  8
0
 62
1
 10
-39.101
 20
40.2388
 30
0.0
 11
-39.1688
 21
40.1058
 31
0.0
  0
LINE
  5
1BA
  8
0
 62
1
 10
-39.1688
 20
40.1058
 30
0.0
 11
-39.2447
 21
39.9774
 31
0.0
  0
LINE
  5
1BB
  8
0
 62
1
 10
-39.2447
 20
39.9774
 30
0.0
 11
-39.3286
 21
39.854
 31
0.0
  0
LINE
  5
1BC
  8
0
 62
1
 10
-39.3286
 20
39.854
 30
0.0
 11
-39.42
 21
39.7361
 31
0.0
  0
LINE
  5
1BD
  8
0
 62
1
 10
-39.42
 20
39.7361
 30
0.0
 11
-39.5187
 21
39.6242
 31
0.0
  0
LINE
  5
1BE
  8
0
 62
1
 10
-39.5187
 20
39.6242
 30
0.0
 11
-39.6242
 21
39.5187
 31
0.0
  0
LINE
  5
1BF
  8
0
 62
1
 10
-39.6242
 20
39.5187
 30
0.0
 11
-39.7361
 21
39.42
 31
0.0
  0
LINE
  5
1C0
  8
0
 62
1
 10
-39.7361
 20
39.42
 30
0.0
 11
-39.854
 21
39.3286
 31
0.0
  0
LINE
  5
1C1
  8
0
 62
1
 10
-39.854
 20
39.3286
 30
0.0
 11
-39.9774
 21
39.2447
 31
0.0
  0
LINE
  5
1C2
  8
0
 62
1
 10
-39.9774
 20
39.2447
 30
0.0
 11
-40.1058
 21
39.1688
 31
0.0
  0
LINE
  5
1C3
  8
0
 62
1
 10
-40.1058
 20
39.1688
 30
0.0
 11
-40.2388
 21
39.101
 31
0.0
  0
LINE
  5
1C4
  8
0
 62
1
 10
-40.2388
 20
39.101
 30
0.0
 11
-40.3757
 21
39.0418
 31
0.0
  0
LINE
  5
1C5
  8
0
 62
1
 10
-40.3757
 20
39.0418
 30
0.0
 11
-40.5161
 21
38.9912
 31
0.0
  0
LINE
  5
1C6
  8
0
 62
1
 10
-40.5161
 20
38.9912
 30
0.0
 11
-40.6593
 21
38.9496
 31
0.0
  0
LINE
  5
1C7
  8
0
 62
1
 10
-40.6593
 20
38.9496
 30
0.0
 11
-40.805
 21
38.9171
 31
0.0
  0
LINE
  5
1C8
  8
0
 62
1
 10
-40.805
 20
38.9171
 30
0.0
 11
-40.9523
 21
38.8937
 31
0.0
  0
LINE
  5
1C9
  8
0
 62
1
 10
-40.9523
 20
38.8937
 30
0.0
 11
-41.1009
 21
38.8797
 31
0.0
  0
LINE
  5
1CA
  8
0
 62
1
 10
-41.1009
 20
38.8797
 30
0.0
 11
-41.25
 21
38.875
 31
0.0
  0
LINE
  5
1CB
  8
0
 62
1
 10
-41.25
 20
38.875
 30
0.0
 11
-41.3991
 21
38.8797
 31
0.0
  0
LINE
  5
1CC
  8
0
 62
1
 10
5.42596
 20
40.1834
 30
0.0
 11
4.93933
 21
40.5085
 31
0.0
  0
LINE
  5
1CD
  8
0
 62
1
 10
4.93933
 20
40.5085
 30
0.0
 11
4.61417
 21
40.9952
 31
0.0
  0
LINE
  5
1CE
  8
0
 62
1
 10
4.61417
 20
40.9952
 30
0.0
 11
4.5
 21
41.5692
 31
0.0
  0
LINE
  5
1CF
  8
0
 62
1
 10
4.5
 20
41.5692
 30
0.0
 11
4.61417
 21
42.1432
 31
0.0
  0
LINE
  5
1D0
  8
0
 62
1
 10
4.61417
 20
42.1432
 30
0.0
 11
4.93933
 21
42.6299
 31
0.0
  0
LINE
  5
1D1
  8
0
 62
1
 10
4.93933
 20
42.6299
 30
0.0
 11
5.42596
 21
42.955
 31
0.0
  0
LINE
  5
1D2
  8
0
 62
1
 10
5.42596
 20
42.955
 30
0.0
 11
6.0
 21
43.0692
 31
0.0
  0
LINE
  5
1D3
  8
0
 62
1
 10
6.0
 20
43.0692
 30
0.0
 11
6.57402
 21
42.955
 31
0.0
  0
LINE
  5
1D4
  8
0
 62
1
 10
6.57402
 20
42.955
 30
0.0
 11
7.06065
 21
42.6299
 31
0.0
  0
LINE
  5
1D5
  8
0
 62
1
 10
7.06065
 20
42.6299
 30
0.0
 11
7.38582
 21
42.1432
 31
0.0
  0
LINE
  5
1D6
  8
0
 62
1
 10
7.38582
 20
42.1432
 30
0.0
 11
7.5
 21
41.5692
 31
0.0
  0
LINE
  5
1D7
  8
0
 62
1
 10
7.5
 20
41.5692
 30
0.0
 11
7.38582
 21
40.9952
 31
0.0
  0
LINE
  5
1D8
  8
0
 62
1
 10
7.38582
 20
40.9952
 30
0.0
 11
7.06065
 21
40.5085
 31
0.0
  0
LINE
  5
1D9
  8
0
 62
1
 10
7.06065
 20
40.5085
 30
0.0
 11
6.57402
 21
40.1834
 31
0.0
  0
LINE
  5
1DA
  8
0
 62
1
 10
6.57402
 20
40.1834
 30
0.0
 11
6.0
 21
40.0692
 31
0.0
  0
LINE
  5
1DB
  8
0
 62
1
 10
6.0
 20
40.0692
 30
0.0
 11
5.42596
 21
40.1834
 31
0.0
  0
LINE
  5
1DC
  8
0
 62
1
 10
-6.57402
 20
40.1834
 30
0.0
 11
-7.06065
 21
40.5085
 31
0.0
  0
LINE
  5
1DD
  8
0
 62
1
 10
-7.06065
 20
40.5085
 30
0.0
 11
-7.38582
 21
40.9952
 31
0.0
  0
LINE
  5
1DE
  8
0
 62
1
 10
-7.38582
 20
40.9952
 30
0.0
 11
-7.5
 21
41.5692
 31
0.0
  0
LINE
  5
1DF
  8
0
 62
1
 10
-7.5
 20
41.5692
 30
0.0
 11
-7.38582
 21
42.1432
 31
0.0
  0
LINE
  5
1E0
  8
0
 62
1
 10
-7.38582
 20
42.1432
 30
0.0
 11
-7.06065
 21
42.6299
 31
0.0
  0
LINE
  5
1E1
  8
0
 62
1
 10
-7.06065
 20
42.6299
 30
0.0
 11
-6.57402
 21
42.955
 31
0.0
  0
LINE
  5
1E2
  8
0
 62
1
 10
-6.57402
 20
42.955
 30
0.0
 11
-6.0
 21
43.0692
 31
0.0
  0
LINE
  5
1E3
  8
0
 62
1
 10
-6.0
 20
43.0692
 30
0.0
 11
-5.42596
 21
42.955
 31
0.0
  0
LINE
  5
1E4
  8
0
 62
1
 10
-5.42596
 20
42.955
 30
0.0
 11
-4.93933
 21
42.6299
 31
0.0
  0
LINE
  5
1E5
  8
0
 62
1
 10
-4.93933
 20
42.6299
 30
0.0
 11
-4.61417
 21
42.1432
 31
0.0
  0
LINE
  5
1E6
  8
0
 62
1
 10
-4.61417
 20
42.1432
 30
0.0
 11
-4.5
 21
41.5692
 31
0.0
  0
LINE
  5
1E7
  8
0
 62
1
 10
-4.5
 20
41.5692
 30
0.0
 11
-4.61417
 21
40.9952
 31
0.0
  0
LINE
  5
1E8
  8
0
 62
1
 10
-4.61417
 20
40.9952
 30
0.0
 11
-4.93933
 21
40.5085
 31
0.0
  0
LINE
  5
1E9
  8
0
 62
1
 10
-4.93933
 20
40.5085
 30
0.0
 11
-5.42596
 21
40.1834
 31
0.0
  0
LINE
  5
1EA
  8
0
 62
1
 10
-5.42596
 20
40.1834
 30
0.0
 11
-6.0
 21
40.0692
 31
0.0
  0
LINE
  5
1EB
  8
0
 62
1
 10
-6.0
 20
40.0692
 30
0.0
 11
-6.57402
 21
40.1834
 31
0.0
  0
LINE
  5
1EC
  8
0
 62
1
 10
-12.574
 20
40.1834
 30
0.0
 11
-13.0607
 21
40.5085
 31
0.0
  0
LINE
  5
1ED
  8
0
 62
1
 10
-13.0607
 20
40.5085
 30
0.0
 11
-13.3858
 21
40.9952
 31
0.0
  0
LINE
  5
1EE
  8
0
 62
1
 10
-13.3858
 20
40.9952
 30
0.0
 11
-13.5
 21
41.5692
 31
0.0
  0
LINE
  5
1EF
  8
0
 62
1
 10
-13.5
 20
41.5692
 30
0.0
 11
-13.3858
 21
42.1432
 31
0.0
  0
LINE
  5
1F0
  8
0
 62
1
 10
-13.3858
 20
42.1432
 30
0.0
 11
-13.0607
 21
42.6299
 31
0.0
  0
LINE
  5
1F1
  8
0
 62
1
 10
-13.0607
 20
42.6299
 30
0.0
 11
-12.574
 21
42.955
 31
0.0
  0
LINE
  5
1F2
  8
0
 62
1
 10
-12.574
 20
42.955
 30
0.0
 11
-12.0
 21
43.0692
 31
0.0
  0
LINE
  5
1F3
  8
0
 62
1
 10
-12.0
 20
43.0692
 30
0.0
 11
-11.426
 21
42.955
 31
0.0
  0
LINE
  5
1F4
  8
0
 62
1
 10
-11.426
 20
42.955
 30
0.0
 11
-10.9393
 21
42.6299
 31
0.0
  0
LINE
  5
1F5
  8
0
 62
1
 10
-10.9393
 20
42.6299
 30
0.0
 11
-10.6142
 21
42.1432
 31
0.0
  0
LINE
  5
1F6
  8
0
 62
1
 10
-10.6142
 20
42.1432
 30
0.0
 11
-10.5
 21
41.5692
 31
0.0
  0
LINE
  5
1F7
  8
0
 62
1
 10
-10.5
 20
41.5692
 30
0.0
 11
-10.6142
 21
40.9952
 31
0.0
  0
LINE
  5
1F8
  8
0
 62
1
 10
-10.6142
 20
40.9952
 30
0.0
 11
-10.9393
 21
40.5085
 31
0.0
  0
LINE
  5
1F9
  8
0
 62
1
 10
-10.9393
 20
40.5085
 30
0.0
 11
-11.426
 21
40.1834
 31
0.0
  0
LINE
  5
1FA
  8
0
 62
1
 10
-11.426
 20
40.1834
 30
0.0
 11
-12.0
 21
40.0692
 31
0.0
  0
LINE
  5
1FB
  8
0
 62
1
 10
-12.0
 20
40.0692
 30
0.0
 11
-12.574
 21
40.1834
 31
0.0
  0
LINE
  5
1FC
  8
0
 62
1
 10
11.426
 20
40.1834
 30
0.0
 11
10.9393
 21
40.5085
 31
0.0
  0
LINE
  5
1FD
  8
0
 62
1
 10
10.9393
 20
40.5085
 30
0.0
 11
10.6142
 21
40.9952
 31
0.0
  0
LINE
  5
1FE
  8
0
 62
1
 10
10.6142
 20
40.9952
 30
0.0
 11
10.5
 21
41.5692
 31
0.0
  0
LINE
  5
1FF
  8
0
 62
1
 10
10.5
 20
41.5692
 30
0.0
 11
10.6142
 21
42.1432
 31
0.0
  0
LINE
  5
200
  8
0
 62
1
 10
10.6142
 20
42.1432
 30
0.0
 11
10.9393
 21
42.6299
 31
0.0
  0
LINE
  5
201
  8
0
 62
1
 10
10.9393
 20
42.6299
 30
0.0
 11
11.426
 21
42.955
 31
0.0
  0
LINE
  5
202
  8
0
 62
1
 10
11.426
 20
42.955
 30
0.0
 11
12.0
 21
43.0692
 31
0.0
  0
LINE
  5
203
  8
0
 62
1
 10
12.0
 20
43.0692
 30
0.0
 11
12.574
 21
42.955
 31
0.0
  0
LINE
  5
204
  8
0
 62
1
 10
12.574
 20
42.955
 30
0.0
 11
13.0607
 21
42.6299
 31
0.0
  0
LINE
  5
205
  8
0
 62
1
 10
13.0607
 20
42.6299
 30
0.0
 11
13.3858
 21
42.1432
 31
0.0
  0
LINE
  5
206
  8
0
 62
1
 10
13.3858
 20
42.1432
 30
0.0
 11
13.5
 21
41.5692
 31
0.0
  0
LINE
  5
207
  8
0
 62
1
 10
13.5
 20
41.5692
 30
0.0
 11
13.3858
 21
40.9952
 31
0.0
  0
LINE
  5
208
  8
0
 62
1
 10
13.3858
 20
40.9952
 30
0.0
 11
13.0607
 21
40.5085
 31
0.0
  0
LINE
  5
209
  8
0
 62
1
 10
13.0607
 20
40.5085
 30
0.0
 11
12.574
 21
40.1834
 31
0.0
  0
LINE
  5
20A
  8
0
 62
1
 10
12.574
 20
40.1834
 30
0.0
 11
12.0
 21
40.0692
 31
0.0
  0
LINE
  5
20B
  8
0
 62
1
 10
12.0
 20
40.0692
 30
0.0
 11
11.426
 21
40.1834
 31
0.0
  0
LINE
  5
20C
  8
0
 62
1
 10
-0.57402
 20
40.1834
 30
0.0
 11
-1.06065
 21
40.5085
 31
0.0
  0
LINE
  5
20D
  8
0
 62
1
 10
-1.06065
 20
40.5085
 30
0.0
 11
-1.38582
 21
40.9952
 31
0.0
  0
LINE
  5
20E
  8
0
 62
1
 10
-1.38582
 20
40.9952
 30
0.0
 11
-1.5
 21
41.5692
 31
0.0
  0
LINE
  5
20F
  8
0
 62
1
 10
-1.5
 20
41.5692
 30
0.0
 11
-1.38582
 21
42.1432
 31
0.0
  0
LINE
  5
210
  8
0
 62
1
 10
-1.38582
 20
42.1432
 30
0.0
 11
-1.06065
 21
42.6299
 31
0.0
  0
LINE
  5
211
  8
0
 62
1
 10
-1.06065
 20
42.6299
 30
0.0
 11
-0.57402
 21
42.955
 31
0.0
  0
LINE
  5
212
  8
0
 62
1
 10
-0.57402
 20
42.955
 30
0.0
 11
0.0
 21
43.0692
 31
0.0
  0
LINE
  5
213
  8
0
 62
1
 10
0.0
 20
43.0692
 30
0.0
 11
0.57402
 21
42.955
 31
0.0
  0
LINE
  5
214
  8
0
 62
1
 10
0.57402
 20
42.955
 30
0.0
 11
1.06065
 21
42.6299
 31
0.0
  0
LINE
  5
215
  8
0
 62
1
 10
1.06065
 20
42.6299
 30
0.0
 11
1.38582
 21
42.1432
 31
0.0
  0
LINE
  5
216
  8
0
 62
1
 10
1.38582
 20
42.1432
 30
0.0
 11
1.5
 21
41.5692
 31
0.0
  0
LINE
  5
217
  8
0
 62
1
 10
1.5
 20
41.5692
 30
0.0
 11
1.38582
 21
40.9952
 31
0.0
  0
LINE
  5
218
  8
0
 62
1
 10
1.38582
 20
40.9952
 30
0.0
 11
1.06065
 21
40.5085
 31
0.0
  0
LINE
  5
219
  8
0
 62
1
 10
1.06065
 20
40.5085
 30
0.0
 11
0.57402
 21
40.1834
 31
0.0
  0
LINE
  5
21A
  8
0
 62
1
 10
0.57402
 20
40.1834
 30
0.0
 11
0.0
 21
40.0692
 31
0.0
  0
LINE
  5
21B
  8
0
 62
1
 10
0.0
 20
40.0692
 30
0.0
 11
-0.57402
 21
40.1834
 31
0.0
  0
LINE
  5
21C
  8
0
 62
1
 10
-9.57402
 20
34.9872
 30
0.0
 11
-10.0607
 21
35.3124
 31
0.0
  0
LINE
  5
21D
  8
0
 62
1
 10
-10.0607
 20
35.3124
 30
0.0
 11
-10.3858
 21
35.799
 31
0.0
  0
LINE
  5
21E
  8
0
 62
1
 10
-10.3858
 20
35.799
 30
0.0
 11
-10.5
 21
36.3731
 31
0.0
  0
LINE
  5
21F
  8
0
 62
1
 10
-10.5
 20
36.3731
 30
0.0
 11
-10.3858
 21
36.9471
 31
0.0
  0
LINE
  5
220
  8
0
 62
1
 10
-10.3858
 20
36.9471
 30
0.0
 11
-10.0607
 21
37.4337
 31
0.0
  0
LINE
  5
221
  8
0
 62
1
 10
-10.0607
 20
37.4337
 30
0.0
 11
-9.57402
 21
37.7589
 31
0.0
  0
LINE
  5
222
  8
0
 62
1
 10
-9.57402
 20
37.7589
 30
0.0
 11
-9.0
 21
37.8731
 31
0.0
  0
LINE
  5
223
  8
0
 62
1
 10
-9.0
 20
37.8731
 30
0.0
 11
-8.42596
 21
37.7589
 31
0.0
  0
LINE
  5
224
  8
0
 62
1
 10
-8.42596
 20
37.7589
 30
0.0
 11
-7.93933
 21
37.4337
 31
0.0
  0
LINE
  5
225
  8
0
 62
1
 10
-7.93933
 20
37.4337
 30
0.0
 11
-7.61417
 21
36.9471
 31
0.0
  0
LINE
  5
226
  8
0
 62
1
 10
-7.61417
 20
36.9471
 30
0.0
 11
-7.5
 21
36.3731
 31
0.0
  0
LINE
  5
227
  8
0
 62
1
 10
-7.5
 20
36.3731
 30
0.0
 11
-7.61417
 21
35.799
 31
0.0
  0
LINE
  5
228
  8
0
 62
1
 10
-7.61417
 20
35.799
 30
0.0
 11
-7.93933
 21
35.3124
 31
0.0
  0
LINE
  5
229
  8
0
 62
1
 10
-7.93933
 20
35.3124
 30
0.0
 11
-8.42596
 21
34.9872
 31
0.0
  0
LINE
  5
22A
  8
0
 62
1
 10
-8.42596
 20
34.9872
 30
0.0
 11
-9.0
 21
34.8731
 31
0.0
  0
LINE
  5
22B
  8
0
 62
1
 10
-9.0
 20
34.8731
 30
0.0
 11
-9.57402
 21
34.9872
 31
0.0
  0
LINE
  5
22C
  8
0
 62
1
 10
-15.574
 20
34.9872
 30
0.0
 11
-16.0607
 21
35.3124
 31
0.0
  0
LINE
  5
22D
  8
0
 62
1
 10
-16.0607
 20
35.3124
 30
0.0
 11
-16.3858
 21
35.799
 31
0.0
  0
LINE
  5
22E
  8
0
 62
1
 10
-16.3858
 20
35.799
 30
0.0
 11
-16.5
 21
36.3731
 31
0.0
  0
LINE
  5
22F
  8
0
 62
1
 10
-16.5
 20
36.3731
 30
0.0
 11
-16.3858
 21
36.9471
 31
0.0
  0
LINE
  5
230
  8
0
 62
1
 10
-16.3858
 20
36.9471
 30
0.0
 11
-16.0607
 21
37.4337
 31
0.0
  0
LINE
  5
231
  8
0
 62
1
 10
-16.0607
 20
37.4337
 30
0.0
 11
-15.574
 21
37.7589
 31
0.0
  0
LINE
  5
232
  8
0
 62
1
 10
-15.574
 20
37.7589
 30
0.0
 11
-15.0
 21
37.8731
 31
0.0
  0
LINE
  5
233
  8
0
 62
1
 10
-15.0
 20
37.8731
 30
0.0
 11
-14.426
 21
37.7589
 31
0.0
  0
LINE
  5
234
  8
0
 62
1
 10
-14.426
 20
37.7589
 30
0.0
 11
-13.9393
 21
37.4337
 31
0.0
  0
LINE
  5
235
  8
0
 62
1
 10
-13.9393
 20
37.4337
 30
0.0
 11
-13.6142
 21
36.9471
 31
0.0
  0
LINE
  5
236
  8
0
 62
1
 10
-13.6142
 20
36.9471
 30
0.0
 11
-13.5
 21
36.3731
 31
0.0
  0
LINE
  5
237
  8
0
 62
1
 10
-13.5
 20
36.3731
 30
0.0
 11
-13.6142
 21
35.799
 31
0.0
  0
LINE
  5
238
  8
0
 62
1
 10
-13.6142
 20
35.799
 30
0.0
 11
-13.9393
 21
35.3124
 31
0.0
  0
LINE
  5
239
  8
0
 62
1
 10
-13.9393
 20
35.3124
 30
0.0
 11
-14.426
 21
34.9872
 31
0.0
  0
LINE
  5
23A
  8
0
 62
1
 10
-14.426
 20
34.9872
 30
0.0
 11
-15.0
 21
34.8731
 31
0.0
  0
LINE
  5
23B
  8
0
 62
1
 10
-15.0
 20
34.8731
 30
0.0
 11
-15.574
 21
34.9872
 31
0.0
  0
LINE
  5
23C
  8
0
 62
1
 10
-21.574
 20
34.9872
 30
0.0
 11
-22.0607
 21
35.3124
 31
0.0
  0
LINE
  5
23D
  8
0
 62
1
 10
-22.0607
 20
35.3124
 30
0.0
 11
-22.3858
 21
35.799
 31
0.0
  0
LINE
  5
23E
  8
0
 62
1
 10
-22.3858
 20
35.799
 30
0.0
 11
-22.5
 21
36.3731
 31
0.0
  0
LINE
  5
23F
  8
0
 62
1
 10
-22.5
 20
36.3731
 30
0.0
 11
-22.3858
 21
36.9471
 31
0.0
  0
LINE
  5
240
  8
0
 62
1
 10
-22.3858
 20
36.9471
 30
0.0
 11
-22.0607
 21
37.4337
 31
0.0
  0
LINE
  5
241
  8
0
 62
1
 10
-22.0607
 20
37.4337
 30
0.0
 11
-21.574
 21
37.7589
 31
0.0
  0
LINE
  5
242
  8
0
 62
1
 10
-21.574
 20
37.7589
 30
0.0
 11
-21.0
 21
37.8731
 31
0.0
  0
LINE
  5
243
  8
0
 62
1
 10
-21.0
 20
37.8731
 30
0.0
 11
-20.426
 21
37.7589
 31
0.0
  0
LINE
  5
244
  8
0
 62
1
 10
-20.426
 20
37.7589
 30
0.0
 11
-19.9393
 21
37.4337
 31
0.0
  0
LINE
  5
245
  8
0
 62
1
 10
-19.9393
 20
37.4337
 30
0.0
 11
-19.6142
 21
36.9471
 31
0.0
  0
LINE
  5
246
  8
0
 62
1
 10
-19.6142
 20
36.9471
 30
0.0
 11
-19.5
 21
36.3731
 31
0.0
  0
LINE
  5
247
  8
0
 62
1
 10
-19.5
 20
36.3731
 30
0.0
 11
-19.6142
 21
35.799
 31
0.0
  0
LINE
  5
248
  8
0
 62
1
 10
-19.6142
 20
35.799
 30
0.0
 11
-19.9393
 21
35.3124
 31
0.0
  0
LINE
  5
249
  8
0
 62
1
 10
-19.9393
 20
35.3124
 30
0.0
 11
-20.426
 21
34.9872
 31
0.0
  0
LINE
  5
24A
  8
0
 62
1
 10
-20.426
 20
34.9872
 30
0.0
 11
-21.0
 21
34.8731
 31
0.0
  0
LINE
  5
24B
  8
0
 62
1
 10
-21.0
 20
34.8731
 30
0.0
 11
-21.574
 21
34.9872
 31
0.0
  0
LINE
  5
24C
  8
0
 62
1
 10
2.42596
 20
34.9872
 30
0.0
 11
1.93933
 21
35.3124
 31
0.0
  0
LINE
  5
24D
  8
0
 62
1
 10
1.93933
 20
35.3124
 30
0.0
 11
1.61417
 21
35.799
 31
0.0
  0
LINE
  5
24E
  8
0
 62
1
 10
1.61417
 20
35.799
 30
0.0
 11
1.5
 21
36.3731
 31
0.0
  0
LINE
  5
24F
  8
0
 62
1
 10
1.5
 20
36.3731
 30
0.0
 11
1.61417
 21
36.9471
 31
0.0
  0
LINE
  5
250
  8
0
 62
1
 10
1.61417
 20
36.9471
 30
0.0
 11
1.93933
 21
37.4337
 31
0.0
  0
LINE
  5
251
  8
0
 62
1
 10
1.93933
 20
37.4337
 30
0.0
 11
2.42596
 21
37.7589
 31
0.0
  0
LINE
  5
252
  8
0
 62
1
 10
2.42596
 20
37.7589
 30
0.0
 11
3.0
 21
37.8731
 31
0.0
  0
LINE
  5
253
  8
0
 62
1
 10
3.0
 20
37.8731
 30
0.0
 11
3.57402
 21
37.7589
 31
0.0
  0
LINE
  5
254
  8
0
 62
1
 10
3.57402
 20
37.7589
 30
0.0
 11
4.06065
 21
37.4337
 31
0.0
  0
LINE
  5
255
  8
0
 62
1
 10
4.06065
 20
37.4337
 30
0.0
 11
4.38582
 21
36.9471
 31
0.0
  0
LINE
  5
256
  8
0
 62
1
 10
4.38582
 20
36.9471
 30
0.0
 11
4.5
 21
36.3731
 31
0.0
  0
LINE
  5
257
  8
0
 62
1
 10
4.5
 20
36.3731
 30
0.0
 11
4.38582
 21
35.799
 31
0.0
  0
LINE
  5
258
  8
0
 62
1
 10
4.38582
 20
35.799
 30
0.0
 11
4.06065
 21
35.3124
 31
0.0
  0
LINE
  5
259
  8
0
 62
1
 10
4.06065
 20
35.3124
 30
0.0
 11
3.57402
 21
34.9872
 31
0.0
  0
LINE
  5
25A
  8
0
 62
1
 10
3.57402
 20
34.9872
 30
0.0
 11
3.0
 21
34.8731
 31
0.0
  0
LINE
  5
25B
  8
0
 62
1
 10
3.0
 20
34.8731
 30
0.0
 11
2.42596
 21
34.9872
 31
0.0
  0
LINE
  5
25C
  8
0
 62
1
 10
14.426
 20
34.9872
 30
0.0
 11
13.9393
 21
35.3124
 31
0.0
  0
LINE
  5
25D
  8
0
 62
1
 10
13.9393
 20
35.3124
 30
0.0
 11
13.6142
 21
35.799
 31
0.0
  0
LINE
  5
25E
  8
0
 62
1
 10
13.6142
 20
35.799
 30
0.0
 11
13.5
 21
36.3731
 31
0.0
  0
LINE
  5
25F
  8
0
 62
1
 10
13.5
 20
36.3731
 30
0.0
 11
13.6142
 21
36.9471
 31
0.0
  0
LINE
  5
260
  8
0
 62
1
 10
13.6142
 20
36.9471
 30
0.0
 11
13.9393
 21
37.4337
 31
0.0
  0
LINE
  5
261
  8
0
 62
1
 10
13.9393
 20
37.4337
 30
0.0
 11
14.426
 21
37.7589
 31
0.0
  0
LINE
  5
262
  8
0
 62
1
 10
14.426
 20
37.7589
 30
0.0
 11
15.0
 21
37.8731
 31
0.0
  0
LINE
  5
263
  8
0
 62
1
 10
15.0
 20
37.8731
 30
0.0
 11
15.574
 21
37.7589
 31
0.0
  0
LINE
  5
264
  8
0
 62
1
 10
15.574
 20
37.7589
 30
0.0
 11
16.0607
 21
37.4337
 31
0.0
  0
LINE
  5
265
  8
0
 62
1
 10
16.0607
 20
37.4337
 30
0.0
 11
16.3858
 21
36.9471
 31
0.0
  0
LINE
  5
266
  8
0
 62
1
 10
16.3858
 20
36.9471
 30
0.0
 11
16.5
 21
36.3731
 31
0.0
  0
LINE
  5
267
  8
0
 62
1
 10
16.5
 20
36.3731
 30
0.0
 11
16.3858
 21
35.799
 31
0.0
  0
LINE
  5
268
  8
0
 62
1
 10
16.3858
 20
35.799
 30
0.0
 11
16.0607
 21
35.3124
 31
0.0
  0
LINE
  5
269
  8
0
 62
1
 10
16.0607
 20
35.3124
 30
0.0
 11
15.574
 21
34.9872
 31
0.0
  0
LINE
  5
26A
  8
0
 62
1
 10
15.574
 20
34.9872
 30
0.0
 11
15.0
 21
34.8731
 31
0.0
  0
LINE
  5
26B
  8
0
 62
1
 10
15.0
 20
34.8731
 30
0.0
 11
14.426
 21
34.9872
 31
0.0
  0
LINE
  5
26C
  8
0
 62
1
 10
20.426
 20
34.9872
 30
0.0
 11
19.9393
 21
35.3124
 31
0.0
  0
LINE
  5
26D
  8
0
 62
1
 10
19.9393
 20
35.3124
 30
0.0
 11
19.6142
 21
35.799
 31
0.0
  0
LINE
  5
26E
  8
0
 62
1
 10
19.6142
 20
35.799
 30
0.0
 11
19.5
 21
36.3731
 31
0.0
  0
LINE
  5
26F
  8
0
 62
1
 10
19.5
 20
36.3731
 30
0.0
 11
19.6142
 21
36.9471
 31
0.0
  0
LINE
  5
270
  8
0
 62
1
 10
19.6142
 20
36.9471
 30
0.0
 11
19.9393
 21
37.4337
 31
0.0
  0
LINE
  5
271
  8
0
 62
1
 10
19.9393
 20
37.4337
 30
0.0
 11
20.426
 21
37.7589
 31
0.0
  0
LINE
  5
272
  8
0
 62
1
 10
20.426
 20
37.7589
 30
0.0
 11
21.0
 21
37.8731
 31
0.0
  0
LINE
  5
273
  8
0
 62
1
 10
21.0
 20
37.8731
 30
0.0
 11
21.574
 21
37.7589
 31
0.0
  0
LINE
  5
274
  8
0
 62
1
 10
21.574
 20
37.7589
 30
0.0
 11
22.0607
 21
37.4337
 31
0.0
  0
LINE
  5
275
  8
0
 62
1
 10
22.0607
 20
37.4337
 30
0.0
 11
22.3858
 21
36.9471
 31
0.0
  0
LINE
  5
276
  8
0
 62
1
 10
22.3858
 20
36.9471
 30
0.0
 11
22.5
 21
36.3731
 31
0.0
  0
LINE
  5
277
  8
0
 62
1
 10
22.5
 20
36.3731
 30
0.0
 11
22.3858
 21
35.799
 31
0.0
  0
LINE
  5
278
  8
0
 62
1
 10
22.3858
 20
35.799
 30
0.0
 11
22.0607
 21
35.3124
 31
0.0
  0
LINE
  5
279
  8
0
 62
1
 10
22.0607
 20
35.3124
 30
0.0
 11
21.574
 21
34.9872
 31
0.0
  0
LINE
  5
27A
  8
0
 62
1
 10
21.574
 20
34.9872
 30
0.0
 11
21.0
 21
34.8731
 31
0.0
  0
LINE
  5
27B
  8
0
 62
1
 10
21.0
 20
34.8731
 30
0.0
 11
20.426
 21
34.9872
 31
0.0
  0
LINE
  5
27C
  8
0
 62
1
 10
8.42596
 20
34.9872
 30
0.0
 11
7.93933
 21
35.3124
 31
0.0
  0
LINE
  5
27D
  8
0
 62
1
 10
7.93933
 20
35.3124
 30
0.0
 11
7.61417
 21
35.799
 31
0.0
  0
LINE
  5
27E
  8
0
 62
1
 10
7.61417
 20
35.799
 30
0.0
 11
7.5
 21
36.3731
 31
0.0
  0
LINE
  5
27F
  8
0
 62
1
 10
7.5
 20
36.3731
 30
0.0
 11
7.61417
 21
36.9471
 31
0.0
  0
LINE
  5
280
  8
0
 62
1
 10
7.61417
 20
36.9471
 30
0.0
 11
7.93933
 21
37.4337
 31
0.0
  0
LINE
  5
281
  8
0
 62
1
 10
7.93933
 20
37.4337
 30
0.0
 11
8.42596
 21
37.7589
 31
0.0
  0
LINE
  5
282
  8
0
 62
1
 10
8.42596
 20
37.7589
 30
0.0
 11
9.0
 21
37.8731
 31
0.0
  0
LINE
  5
283
  8
0
 62
1
 10
9.0
 20
37.8731
 30
0.0
 11
9.57402
 21
37.7589
 31
0.0
  0
LINE
  5
284
  8
0
 62
1
 10
9.57402
 20
37.7589
 30
0.0
 11
10.0607
 21
37.4337
 31
0.0
  0
LINE
  5
285
  8
0
 62
1
 10
10.0607
 20
37.4337
 30
0.0
 11
10.3858
 21
36.9471
 31
0.0
  0
LINE
  5
286
  8
0
 62
1
 10
10.3858
 20
36.9471
 30
0.0
 11
10.5
 21
36.3731
 31
0.0
  0
LINE
  5
287
  8
0
 62
1
 10
10.5
 20
36.3731
 30
0.0
 11
10.3858
 21
35.799
 31
0.0
  0
LINE
  5
288
  8
0
 62
1
 10
10.3858
 20
35.799
 30
0.0
 11
10.0607
 21
35.3124
 31
0.0
  0
LINE
  5
289
  8
0
 62
1
 10
10.0607
 20
35.3124
 30
0.0
 11
9.57402
 21
34.9872
 31
0.0
  0
LINE
  5
28A
  8
0
 62
1
 10
9.57402
 20
34.9872
 30
0.0
 11
9.0
 21
34.8731
 31
0.0
  0
LINE
  5
28B
  8
0
 62
1
 10
9.0
 20
34.8731
 30
0.0
 11
8.42596
 21
34.9872
 31
0.0
  0
LINE
  5
28C
  8
0
 62
1
 10
-3.57402
 20
34.9872
 30
0.0
 11
-4.06065
 21
35.3124
 31
0.0
  0
LINE
  5
28D
  8
0
 62
1
 10
-4.06065
 20
35.3124
 30
0.0
 11
-4.38582
 21
35.799
 31
0.0
  0
LINE
  5
28E
  8
0
 62
1
 10
-4.38582
 20
35.799
 30
0.0
 11
-4.5
 21
36.3731
 31
0.0
  0
LINE
  5
28F
  8
0
 62
1
 10
-4.5
 20
36.3731
 30
0.0
 11
-4.38582
 21
36.9471
 31
0.0
  0
LINE
  5
290
  8
0
 62
1
 10
-4.38582
 20
36.9471
 30
0.0
 11
-4.06065
 21
37.4337
 31
0.0
  0
LINE
  5
291
  8
0
 62
1
 10
-4.06065
 20
37.4337
 30
0.0
 11
-3.57402
 21
37.7589
 31
0.0
  0
LINE
  5
292
  8
0
 62
1
 10
-3.57402
 20
37.7589
 30
0.0
 11
-3.0
 21
37.8731
 31
0.0
  0
LINE
  5
293
  8
0
 62
1
 10
-3.0
 20
37.8731
 30
0.0
 11
-2.42596
 21
37.7589
 31
0.0
  0
LINE
  5
294
  8
0
 62
1
 10
-2.42596
 20
37.7589
 30
0.0
 11
-1.93933
 21
37.4337
 31
0.0
  0
LINE
  5
295
  8
0
 62
1
 10
-1.93933
 20
37.4337
 30
0.0
 11
-1.61417
 21
36.9471
 31
0.0
  0
LINE
  5
296
  8
0
 62
1
 10
-1.61417
 20
36.9471
 30
0.0
 11
-1.5
 21
36.3731
 31
0.0
  0
LINE
  5
297
  8
0
 62
1
 10
-1.5
 20
36.3731
 30
0.0
 11
-1.61417
 21
35.799
 31
0.0
  0
LINE
  5
298
  8
0
 62
1
 10
-1.61417
 20
35.799
 30
0.0
 11
-1.93933
 21
35.3124
 31
0.0
  0
LINE
  5
299
  8
0
 62
1
 10
-1.93933
 20
35.3124
 30
0.0
 11
-2.42596
 21
34.9872
 31
0.0
  0
LINE
  5
29A
  8
0
 62
1
 10
-2.42596
 20
34.9872
 30
0.0
 11
-3.0
 21
34.8731
 31
0.0
  0
LINE
  5
29B
  8
0
 62
1
 10
-3.0
 20
34.8731
 30
0.0
 11
-3.57402
 21
34.9872
 31
0.0
  0
LINE
  5
29C
  8
0
 62
1
 10
-12.574
 20
29.7911
 30
0.0
 11
-13.0607
 21
30.1162
 31
0.0
  0
LINE
  5
29D
  8
0
 62
1
 10
-13.0607
 20
30.1162
 30
0.0
 11
-13.3858
 21
30.6029
 31
0.0
  0
LINE
  5
29E
  8
0
 62
1
 10
-13.3858
 20
30.6029
 30
0.0
 11
-13.5
 21
31.1769
 31
0.0
  0
LINE
  5
29F
  8
0
 62
1
 10
-13.5
 20
31.1769
 30
0.0
 11
-13.3858
 21
31.7509
 31
0.0
  0
LINE
  5
2A0
  8
0
 62
1
 10
-13.3858
 20
31.7509
 30
0.0
 11
-13.0607
 21
32.2376
 31
0.0
  0
LINE
  5
2A1
  8
0
 62
1
 10
-13.0607
 20
32.2376
 30
0.0
 11
-12.574
 21
32.5627
 31
0.0
  0
LINE
  5
2A2
  8
0
 62
1
 10
-12.574
 20
32.5627
 30
0.0
 11
-12.0
 21
32.6769
 31
0.0
  0
LINE
  5
2A3
  8
0
 62
1
 10
-12.0
 20
32.6769
 30
0.0
 11
-11.426
 21
32.5627
 31
0.0
  0
LINE
  5
2A4
  8
0
 62
1
 10
-11.426
 20
32.5627
 30
0.0
 11
-10.9393
 21
32.2376
 31
0.0
  0
LINE
  5
2A5
  8
0
 62
1
 10
-10.9393
 20
32.2376
 30
0.0
 11
-10.6142
 21
31.7509
 31
0.0
  0
LINE
  5
2A6
  8
0
 62
1
 10
-10.6142
 20
31.7509
 30
0.0
 11
-10.5
 21
31.1769
 31
0.0
  0
LINE
  5
2A7
  8
0
 62
1
 10
-10.5
 20
31.1769
 30
0.0
 11
-10.6142
 21
30.6029
 31
0.0
  0
LINE
  5
2A8
  8
0
 62
1
 10
-10.6142
 20
30.6029
 30
0.0
 11
-10.9393
 21
30.1162
 31
0.0
  0
LINE
  5
2A9
  8
0
 62
1
 10
-10.9393
 20
30.1162
 30
0.0
 11
-11.426
 21
29.7911
 31
0.0
  0
LINE
  5
2AA
  8
0
 62
1
 10
-11.426
 20
29.7911
 30
0.0
 11
-12.0
 21
29.6769
 31
0.0
  0
LINE
  5
2AB
  8
0
 62
1
 10
-12.0
 20
29.6769
 30
0.0
 11
-12.574
 21
29.7911
 31
0.0
  0
LINE
  5
2AC
  8
0
 62
1
 10
-0.57402
 20
29.7911
 30
0.0
 11
-1.06065
 21
30.1162
 31
0.0
  0
LINE
  5
2AD
  8
0
 62
1
 10
-1.06065
 20
30.1162
 30
0.0
 11
-1.38582
 21
30.6029
 31
0.0
  0
LINE
  5
2AE
  8
0
 62
1
 10
-1.38582
 20
30.6029
 30
0.0
 11
-1.5
 21
31.1769
 31
0.0
  0
LINE
  5
2AF
  8
0
 62
1
 10
-1.5
 20
31.1769
 30
0.0
 11
-1.38582
 21
31.7509
 31
0.0
  0
LINE
  5
2B0
  8
0
 62
1
 10
-1.38582
 20
31.7509
 30
0.0
 11
-1.06065
 21
32.2376
 31
0.0
  0
LINE
  5
2B1
  8
0
 62
1
 10
-1.06065
 20
32.2376
 30
0.0
 11
-0.57402
 21
32.5627
 31
0.0
  0
LINE
  5
2B2
  8
0
 62
1
 10
-0.57402
 20
32.5627
 30
0.0
 11
0.0
 21
32.6769
 31
0.0
  0
LINE
  5
2B3
  8
0
 62
1
 10
0.0
 20
32.6769
 30
0.0
 11
0.57402
 21
32.5627
 31
0.0
  0
LINE
  5
2B4
  8
0
 62
1
 10
0.57402
 20
32.5627
 30
0.0
 11
1.06065
 21
32.2376
 31
0.0
  0
LINE
  5
2B5
  8
0
 62
1
 10
1.06065
 20
32.2376
 30
0.0
 11
1.38582
 21
31.7509
 31
0.0
  0
LINE
  5
2B6
  8
0
 62
1
 10
1.38582
 20
31.7509
 30
0.0
 11
1.5
 21
31.1769
 31
0.0
  0
LINE
  5
2B7
  8
0
 62
1
 10
1.5
 20
31.1769
 30
0.0
 11
1.38582
 21
30.6029
 31
0.0
  0
LINE
  5
2B8
  8
0
 62
1
 10
1.38582
 20
30.6029
 30
0.0
 11
1.06065
 21
30.1162
 31
0.0
  0
LINE
  5
2B9
  8
0
 62
1
 10
1.06065
 20
30.1162
 30
0.0
 11
0.57402
 21
29.7911
 31
0.0
  0
LINE
  5
2BA
  8
0
 62
1
 10
0.57402
 20
29.7911
 30
0.0
 11
0.0
 21
29.6769
 31
0.0
  0
LINE
  5
2BB
  8
0
 62
1
 10
0.0
 20
29.6769
 30
0.0
 11
-0.57402
 21
29.7911
 31
0.0
  0
LINE
  5
2BC
  8
0
 62
1
 10
-18.574
 20
29.7911
 30
0.0
 11
-19.0607
 21
30.1162
 31
0.0
  0
LINE
  5
2BD
  8
0
 62
1
 10
-19.0607
 20
30.1162
 30
0.0
 11
-19.3858
 21
30.6029
 31
0.0
  0
LINE
  5
2BE
  8
0
 62
1
 10
-19.3858
 20
30.6029
 30
0.0
 11
-19.5
 21
31.1769
 31
0.0
  0
LINE
  5
2BF
  8
0
 62
1
 10
-19.5
 20
31.1769
 30
0.0
 11
-19.3858
 21
31.7509
 31
0.0
  0
LINE
  5
2C0
  8
0
 62
1
 10
-19.3858
 20
31.7509
 30
0.0
 11
-19.0607
 21
32.2376
 31
0.0
  0
LINE
  5
2C1
  8
0
 62
1
 10
-19.0607
 20
32.2376
 30
0.0
 11
-18.574
 21
32.5627
 31
0.0
  0
LINE
  5
2C2
  8
0
 62
1
 10
-18.574
 20
32.5627
 30
0.0
 11
-18.0
 21
32.6769
 31
0.0
  0
LINE
  5
2C3
  8
0
 62
1
 10
-18.0
 20
32.6769
 30
0.0
 11
-17.426
 21
32.5627
 31
0.0
  0
LINE
  5
2C4
  8
0
 62
1
 10
-17.426
 20
32.5627
 30
0.0
 11
-16.9393
 21
32.2376
 31
0.0
  0
LINE
  5
2C5
  8
0
 62
1
 10
-16.9393
 20
32.2376
 30
0.0
 11
-16.6142
 21
31.7509
 31
0.0
  0
LINE
  5
2C6
  8
0
 62
1
 10
-16.6142
 20
31.7509
 30
0.0
 11
-16.5
 21
31.1769
 31
0.0
  0
LINE
  5
2C7
  8
0
 62
1
 10
-16.5
 20
31.1769
 30
0.0
 11
-16.6142
 21
30.6029
 31
0.0
  0
LINE
  5
2C8
  8
0
 62
1
 10
-16.6142
 20
30.6029
 30
0.0
 11
-16.9393
 21
30.1162
 31
0.0
  0
LINE
  5
2C9
  8
0
 62
1
 10
-16.9393
 20
30.1162
 30
0.0
 11
-17.426
 21
29.7911
 31
0.0
  0
LINE
  5
2CA
  8
0
 62
1
 10
-17.426
 20
29.7911
 30
0.0
 11
-18.0
 21
29.6769
 31
0.0
  0
LINE
  5
2CB
  8
0
 62
1
 10
-18.0
 20
29.6769
 30
0.0
 11
-18.574
 21
29.7911
 31
0.0
  0
LINE
  5
2CC
  8
0
 62
1
 10
-6.57402
 20
29.7911
 30
0.0
 11
-7.06065
 21
30.1162
 31
0.0
  0
LINE
  5
2CD
  8
0
 62
1
 10
-7.06065
 20
30.1162
 30
0.0
 11
-7.38582
 21
30.6029
 31
0.0
  0
LINE
  5
2CE
  8
0
 62
1
 10
-7.38582
 20
30.6029
 30
0.0
 11
-7.5
 21
31.1769
 31
0.0
  0
LINE
  5
2CF
  8
0
 62
1
 10
-7.5
 20
31.1769
 30
0.0
 11
-7.38582
 21
31.7509
 31
0.0
  0
LINE
  5
2D0
  8
0
 62
1
 10
-7.38582
 20
31.7509
 30
0.0
 11
-7.06065
 21
32.2376
 31
0.0
  0
LINE
  5
2D1
  8
0
 62
1
 10
-7.06065
 20
32.2376
 30
0.0
 11
-6.57402
 21
32.5627
 31
0.0
  0
LINE
  5
2D2
  8
0
 62
1
 10
-6.57402
 20
32.5627
 30
0.0
 11
-6.0
 21
32.6769
 31
0.0
  0
LINE
  5
2D3
  8
0
 62
1
 10
-6.0
 20
32.6769
 30
0.0
 11
-5.42596
 21
32.5627
 31
0.0
  0
LINE
  5
2D4
  8
0
 62
1
 10
-5.42596
 20
32.5627
 30
0.0
 11
-4.93933
 21
32.2376
 31
0.0
  0
LINE
  5
2D5
  8
0
 62
1
 10
-4.93933
 20
32.2376
 30
0.0
 11
-4.61417
 21
31.7509
 31
0.0
  0
LINE
  5
2D6
  8
0
 62
1
 10
-4.61417
 20
31.7509
 30
0.0
 11
-4.5
 21
31.1769
 31
0.0
  0
LINE
  5
2D7
  8
0
 62
1
 10
-4.5
 20
31.1769
 30
0.0
 11
-4.61417
 21
30.6029
 31
0.0
  0
LINE
  5
2D8
  8
0
 62
1
 10
-4.61417
 20
30.6029
 30
0.0
 11
-4.93933
 21
30.1162
 31
0.0
  0
LINE
  5
2D9
  8
0
 62
1
 10
-4.93933
 20
30.1162
 30
0.0
 11
-5.42596
 21
29.7911
 31
0.0
  0
LINE
  5
2DA
  8
0
 62
1
 10
-5.42596
 20
29.7911
 30
0.0
 11
-6.0
 21
29.6769
 31
0.0
  0
LINE
  5
2DB
  8
0
 62
1
 10
-6.0
 20
29.6769
 30
0.0
 11
-6.57402
 21
29.7911
 31
0.0
  0
LINE
  5
2DC
  8
0
 62
1
 10
29.426
 20
29.7911
 30
0.0
 11
28.9393
 21
30.1162
 31
0.0
  0
LINE
  5
2DD
  8
0
 62
1
 10
28.9393
 20
30.1162
 30
0.0
 11
28.6142
 21
30.6029
 31
0.0
  0
LINE
  5
2DE
  8
0
 62
1
 10
28.6142
 20
30.6029
 30
0.0
 11
28.5
 21
31.1769
 31
0.0
  0
LINE
  5
2DF
  8
0
 62
1
 10
28.5
 20
31.1769
 30
0.0
 11
28.6142
 21
31.7509
 31
0.0
  0
LINE
  5
2E0
  8
0
 62
1
 10
28.6142
 20
31.7509
 30
0.0
 11
28.9393
 21
32.2376
 31
0.0
  0
LINE
  5
2E1
  8
0
 62
1
 10
28.9393
 20
32.2376
 30
0.0
 11
29.426
 21
32.5627
 31
0.0
  0
LINE
  5
2E2
  8
0
 62
1
 10
29.426
 20
32.5627
 30
0.0
 11
30.0
 21
32.6769
 31
0.0
  0
LINE
  5
2E3
  8
0
 62
1
 10
30.0
 20
32.6769
 30
0.0
 11
30.574
 21
32.5627
 31
0.0
  0
LINE
  5
2E4
  8
0
 62
1
 10
30.574
 20
32.5627
 30
0.0
 11
31.0607
 21
32.2376
 31
0.0
  0
LINE
  5
2E5
  8
0
 62
1
 10
31.0607
 20
32.2376
 30
0.0
 11
31.3858
 21
31.7509
 31
0.0
  0
LINE
  5
2E6
  8
0
 62
1
 10
31.3858
 20
31.7509
 30
0.0
 11
31.5
 21
31.1769
 31
0.0
  0
LINE
  5
2E7
  8
0
 62
1
 10
31.5
 20
31.1769
 30
0.0
 11
31.3858
 21
30.6029
 31
0.0
  0
LINE
  5
2E8
  8
0
 62
1
 10
31.3858
 20
30.6029
 30
0.0
 11
31.0607
 21
30.1162
 31
0.0
  0
LINE
  5
2E9
  8
0
 62
1
 10
31.0607
 20
30.1162
 30
0.0
 11
30.574
 21
29.7911
 31
0.0
  0
LINE
  5
2EA
  8
0
 62
1
 10
30.574
 20
29.7911
 30
0.0
 11
30.0
 21
29.6769
 31
0.0
  0
LINE
  5
2EB
  8
0
 62
1
 10
30.0
 20
29.6769
 30
0.0
 11
29.426
 21
29.7911
 31
0.0
  0
LINE
  5
2EC
  8
0
 62
1
 10
-24.574
 20
29.7911
 30
0.0
 11
-25.0607
 21
30.1162
 31
0.0
  0
LINE
  5
2ED
  8
0
 62
1
 10
-25.0607
 20
30.1162
 30
0.0
 11
-25.3858
 21
30.6029
 31
0.0
  0
LINE
  5
2EE
  8
0
 62
1
 10
-25.3858
 20
30.6029
 30
0.0
 11
-25.5
 21
31.1769
 31
0.0
  0
LINE
  5
2EF
  8
0
 62
1
 10
-25.5
 20
31.1769
 30
0.0
 11
-25.3858
 21
31.7509
 31
0.0
  0
LINE
  5
2F0
  8
0
 62
1
 10
-25.3858
 20
31.7509
 30
0.0
 11
-25.0607
 21
32.2376
 31
0.0
  0
LINE
  5
2F1
  8
0
 62
1
 10
-25.0607
 20
32.2376
 30
0.0
 11
-24.574
 21
32.5627
 31
0.0
  0
LINE
  5
2F2
  8
0
 62
1
 10
-24.574
 20
32.5627
 30
0.0
 11
-24.0
 21
32.6769
 31
0.0
  0
LINE
  5
2F3
  8
0
 62
1
 10
-24.0
 20
32.6769
 30
0.0
 11
-23.426
 21
32.5627
 31
0.0
  0
LINE
  5
2F4
  8
0
 62
1
 10
-23.426
 20
32.5627
 30
0.0
 11
-22.9393
 21
32.2376
 31
0.0
  0
LINE
  5
2F5
  8
0
 62
1
 10
-22.9393
 20
32.2376
 30
0.0
 11
-22.6142
 21
31.7509
 31
0.0
  0
LINE
  5
2F6
  8
0
 62
1
 10
-22.6142
 20
31.7509
 30
0.0
 11
-22.5
 21
31.1769
 31
0.0
  0
LINE
  5
2F7
  8
0
 62
1
 10
-22.5
 20
31.1769
 30
0.0
 11
-22.6142
 21
30.6029
 31
0.0
  0
LINE
  5
2F8
  8
0
 62
1
 10
-22.6142
 20
30.6029
 30
0.0
 11
-22.9393
 21
30.1162
 31
0.0
  0
LINE
  5
2F9
  8
0
 62
1
 10
-22.9393
 20
30.1162
 30
0.0
 11
-23.426
 21
29.7911
 31
0.0
  0
LINE
  5
2FA
  8
0
 62
1
 10
-23.426
 20
29.7911
 30
0.0
 11
-24.0
 21
29.6769
 31
0.0
  0
LINE
  5
2FB
  8
0
 62
1
 10
-24.0
 20
29.6769
 30
0.0
 11
-24.574
 21
29.7911
 31
0.0
  0
LINE
  5
2FC
  8
0
 62
1
 10
17.426
 20
29.7911
 30
0.0
 11
16.9393
 21
30.1162
 31
0.0
  0
LINE
  5
2FD
  8
0
 62
1
 10
16.9393
 20
30.1162
 30
0.0
 11
16.6142
 21
30.6029
 31
0.0
  0
LINE
  5
2FE
  8
0
 62
1
 10
16.6142
 20
30.6029
 30
0.0
 11
16.5
 21
31.1769
 31
0.0
  0
LINE
  5
2FF
  8
0
 62
1
 10
16.5
 20
31.1769
 30
0.0
 11
16.6142
 21
31.7509
 31
0.0
  0
LINE
  5
300
  8
0
 62
1
 10
16.6142
 20
31.7509
 30
0.0
 11
16.9393
 21
32.2376
 31
0.0
  0
LINE
  5
301
  8
0
 62
1
 10
16.9393
 20
32.2376
 30
0.0
 11
17.426
 21
32.5627
 31
0.0
  0
LINE
  5
302
  8
0
 62
1
 10
17.426
 20
32.5627
 30
0.0
 11
18.0
 21
32.6769
 31
0.0
  0
LINE
  5
303
  8
0
 62
1
 10
18.0
 20
32.6769
 30
0.0
 11
18.574
 21
32.5627
 31
0.0
  0
LINE
  5
304
  8
0
 62
1
 10
18.574
 20
32.5627
 30
0.0
 11
19.0607
 21
32.2376
 31
0.0
  0
LINE
  5
305
  8
0
 62
1
 10
19.0607
 20
32.2376
 30
0.0
 11
19.3858
 21
31.7509
 31
0.0
  0
LINE
  5
306
  8
0
 62
1
 10
19.3858
 20
31.7509
 30
0.0
 11
19.5
 21
31.1769
 31
0.0
  0
LINE
  5
307
  8
0
 62
1
 10
19.5
 20
31.1769
 30
0.0
 11
19.3858
 21
30.6029
 31
0.0
  0
LINE
  5
308
  8
0
 62
1
 10
19.3858
 20
30.6029
 30
0.0
 11
19.0607
 21
30.1162
 31
0.0
  0
LINE
  5
309
  8
0
 62
1
 10
19.0607
 20
30.1162
 30
0.0
 11
18.574
 21
29.7911
 31
0.0
  0
LINE
  5
30A
  8
0
 62
1
 10
18.574
 20
29.7911
 30
0.0
 11
18.0
 21
29.6769
 31
0.0
  0
LINE
  5
30B
  8
0
 62
1
 10
18.0
 20
29.6769
 30
0.0
 11
17.426
 21
29.7911
 31
0.0
  0
LINE
  5
30C
  8
0
 62
1
 10
11.426
 20
29.7911
 30
0.0
 11
10.9393
 21
30.1162
 31
0.0
  0
LINE
  5
30D
  8
0
 62
1
 10
10.9393
 20
30.1162
 30
0.0
 11
10.6142
 21
30.6029
 31
0.0
  0
LINE
  5
30E
  8
0
 62
1
 10
10.6142
 20
30.6029
 30
0.0
 11
10.5
 21
31.1769
 31
0.0
  0
LINE
  5
30F
  8
0
 62
1
 10
10.5
 20
31.1769
 30
0.0
 11
10.6142
 21
31.7509
 31
0.0
  0
LINE
  5
310
  8
0
 62
1
 10
10.6142
 20
31.7509
 30
0.0
 11
10.9393
 21
32.2376
 31
0.0
  0
LINE
  5
311
  8
0
 62
1
 10
10.9393
 20
32.2376
 30
0.0
 11
11.426
 21
32.5627
 31
0.0
  0
LINE
  5
312
  8
0
 62
1
 10
11.426
 20
32.5627
 30
0.0
 11
12.0
 21
32.6769
 31
0.0
  0
LINE
  5
313
  8
0
 62
1
 10
12.0
 20
32.6769
 30
0.0
 11
12.574
 21
32.5627
 31
0.0
  0
LINE
  5
314
  8
0
 62
1
 10
12.574
 20
32.5627
 30
0.0
 11
13.0607
 21
32.2376
 31
0.0
  0
LINE
  5
315
  8
0
 62
1
 10
13.0607
 20
32.2376
 30
0.0
 11
13.3858
 21
31.7509
 31
0.0
  0
LINE
  5
316
  8
0
 62
1
 10
13.3858
 20
31.7509
 30
0.0
 11
13.5
 21
31.1769
 31
0.0
  0
LINE
  5
317
  8
0
 62
1
 10
13.5
 20
31.1769
 30
0.0
 11
13.3858
 21
30.6029
 31
0.0
  0
LINE
  5
318
  8
0
 62
1
 10
13.3858
 20
30.6029
 30
0.0
 11
13.0607
 21
30.1162
 31
0.0
  0
LINE
  5
319
  8
0
 62
1
 10
13.0607
 20
30.1162
 30
0.0
 11
12.574
 21
29.7911
 31
0.0
  0
LINE
  5
31A
  8
0
 62
1
 10
12.574
 20
29.7911
 30
0.0
 11
12.0
 21
29.6769
 31
0.0
  0
LINE
  5
31B
  8
0
 62
1
 10
12.0
 20
29.6769
 30
0.0
 11
11.426
 21
29.7911
 31
0.0
  0
LINE
  5
31C
  8
0
 62
1
 10
5.42596
 20
29.7911
 30
0.0
 11
4.93933
 21
30.1162
 31
0.0
  0
LINE
  5
31D
  8
0
 62
1
 10
4.93933
 20
30.1162
 30
0.0
 11
4.61417
 21
30.6029
 31
0.0
  0
LINE
  5
31E
  8
0
 62
1
 10
4.61417
 20
30.6029
 30
0.0
 11
4.5
 21
31.1769
 31
0.0
  0
LINE
  5
31F
  8
0
 62
1
 10
4.5
 20
31.1769
 30
0.0
 11
4.61417
 21
31.7509
 31
0.0
  0
LINE
  5
320
  8
0
 62
1
 10
4.61417
 20
31.7509
 30
0.0
 11
4.93933
 21
32.2376
 31
0.0
  0
LINE
  5
321
  8
0
 62
1
 10
4.93933
 20
32.2376
 30
0.0
 11
5.42596
 21
32.5627
 31
0.0
  0
LINE
  5
322
  8
0
 62
1
 10
5.42596
 20
32.5627
 30
0.0
 11
6.0
 21
32.6769
 31
0.0
  0
LINE
  5
323
  8
0
 62
1
 10
6.0
 20
32.6769
 30
0.0
 11
6.57402
 21
32.5627
 31
0.0
  0
LINE
  5
324
  8
0
 62
1
 10
6.57402
 20
32.5627
 30
0.0
 11
7.06065
 21
32.2376
 31
0.0
  0
LINE
  5
325
  8
0
 62
1
 10
7.06065
 20
32.2376
 30
0.0
 11
7.38582
 21
31.7509
 31
0.0
  0
LINE
  5
326
  8
0
 62
1
 10
7.38582
 20
31.7509
 30
0.0
 11
7.5
 21
31.1769
 31
0.0
  0
LINE
  5
327
  8
0
 62
1
 10
7.5
 20
31.1769
 30
0.0
 11
7.38582
 21
30.6029
 31
0.0
  0
LINE
  5
328
  8
0
 62
1
 10
7.38582
 20
30.6029
 30
0.0
 11
7.06065
 21
30.1162
 31
0.0
  0
LINE
  5
329
  8
0
 62
1
 10
7.06065
 20
30.1162
 30
0.0
 11
6.57402
 21
29.7911
 31
0.0
  0
LINE
  5
32A
  8
0
 62
1
 10
6.57402
 20
29.7911
 30
0.0
 11
6.0
 21
29.6769
 31
0.0
  0
LINE
  5
32B
  8
0
 62
1
 10
6.0
 20
29.6769
 30
0.0
 11
5.42596
 21
29.7911
 31
0.0
  0
LINE
  5
32C
  8
0
 62
1
 10
-30.574
 20
29.7911
 30
0.0
 11
-31.0607
 21
30.1162
 31
0.0
  0
LINE
  5
32D
  8
0
 62
1
 10
-31.0607
 20
30.1162
 30
0.0
 11
-31.3858
 21
30.6029
 31
0.0
  0
LINE
  5
32E
  8
0
 62
1
 10
-31.3858
 20
30.6029
 30
0.0
 11
-31.5
 21
31.1769
 31
0.0
  0
LINE
  5
32F
  8
0
 62
1
 10
-31.5
 20
31.1769
 30
0.0
 11
-31.3858
 21
31.7509
 31
0.0
  0
LINE
  5
330
  8
0
 62
1
 10
-31.3858
 20
31.7509
 30
0.0
 11
-31.0607
 21
32.2376
 31
0.0
  0
LINE
  5
331
  8
0
 62
1
 10
-31.0607
 20
32.2376
 30
0.0
 11
-30.574
 21
32.5627
 31
0.0
  0
LINE
  5
332
  8
0
 62
1
 10
-30.574
 20
32.5627
 30
0.0
 11
-30.0
 21
32.6769
 31
0.0
  0
LINE
  5
333
  8
0
 62
1
 10
-30.0
 20
32.6769
 30
0.0
 11
-29.426
 21
32.5627
 31
0.0
  0
LINE
  5
334
  8
0
 62
1
 10
-29.426
 20
32.5627
 30
0.0
 11
-28.9393
 21
32.2376
 31
0.0
  0
LINE
  5
335
  8
0
 62
1
 10
-28.9393
 20
32.2376
 30
0.0
 11
-28.6142
 21
31.7509
 31
0.0
  0
LINE
  5
336
  8
0
 62
1
 10
-28.6142
 20
31.7509
 30
0.0
 11
-28.5
 21
31.1769
 31
0.0
  0
LINE
  5
337
  8
0
 62
1
 10
-28.5
 20
31.1769
 30
0.0
 11
-28.6142
 21
30.6029
 31
0.0
  0
LINE
  5
338
  8
0
 62
1
 10
-28.6142
 20
30.6029
 30
0.0
 11
-28.9393
 21
30.1162
 31
0.0
  0
LINE
  5
339
  8
0
 62
1
 10
-28.9393
 20
30.1162
 30
0.0
 11
-29.426
 21
29.7911
 31
0.0
  0
LINE
  5
33A
  8
0
 62
1
 10
-29.426
 20
29.7911
 30
0.0
 11
-30.0
 21
29.6769
 31
0.0
  0
LINE
  5
33B
  8
0
 62
1
 10
-30.0
 20
29.6769
 30
0.0
 11
-30.574
 21
29.7911
 31
0.0
  0
LINE
  5
33C
  8
0
 62
1
 10
23.426
 20
29.7911
 30
0.0
 11
22.9393
 21
30.1162
 31
0.0
  0
LINE
  5
33D
  8
0
 62
1
 10
22.9393
 20
30.1162
 30
0.0
 11
22.6142
 21
30.6029
 31
0.0
  0
LINE
  5
33E
  8
0
 62
1
 10
22.6142
 20
30.6029
 30
0.0
 11
22.5
 21
31.1769
 31
0.0
  0
LINE
  5
33F
  8
0
 62
1
 10
22.5
 20
31.1769
 30
0.0
 11
22.6142
 21
31.7509
 31
0.0
  0
LINE
  5
340
  8
0
 62
1
 10
22.6142
 20
31.7509
 30
0.0
 11
22.9393
 21
32.2376
 31
0.0
  0
LINE
  5
341
  8
0
 62
1
 10
22.9393
 20
32.2376
 30
0.0
 11
23.426
 21
32.5627
 31
0.0
  0
LINE
  5
342
  8
0
 62
1
 10
23.426
 20
32.5627
 30
0.0
 11
24.0
 21
32.6769
 31
0.0
  0
LINE
  5
343
  8
0
 62
1
 10
24.0
 20
32.6769
 30
0.0
 11
24.574
 21
32.5627
 31
0.0
  0
LINE
  5
344
  8
0
 62
1
 10
24.574
 20
32.5627
 30
0.0
 11
25.0607
 21
32.2376
 31
0.0
  0
LINE
  5
345
  8
0
 62
1
 10
25.0607
 20
32.2376
 30
0.0
 11
25.3858
 21
31.7509
 31
0.0
  0
LINE
  5
346
  8
0
 62
1
 10
25.3858
 20
31.7509
 30
0.0
 11
25.5
 21
31.1769
 31
0.0
  0
LINE
  5
347
  8
0
 62
1
 10
25.5
 20
31.1769
 30
0.0
 11
25.3858
 21
30.6029
 31
0.0
  0
LINE
  5
348
  8
0
 62
1
 10
25.3858
 20
30.6029
 30
0.0
 11
25.0607
 21
30.1162
 31
0.0
  0
LINE
  5
349
  8
0
 62
1
 10
25.0607
 20
30.1162
 30
0.0
 11
24.574
 21
29.7911
 31
0.0
  0
LINE
  5
34A
  8
0
 62
1
 10
24.574
 20
29.7911
 30
0.0
 11
24.0
 21
29.6769
 31
0.0
  0
LINE
  5
34B
  8
0
 62
1
 10
24.0
 20
29.6769
 30
0.0
 11
23.426
 21
29.7911
 31
0.0
  0
LINE
  5
34C
  8
0
 62
1
 10
26.426
 20
24.5949
 30
0.0
 11
25.9393
 21
24.9201
 31
0.0
  0
LINE
  5
34D
  8
0
 62
1
 10
25.9393
 20
24.9201
 30
0.0
 11
25.6142
 21
25.4067
 31
0.0
  0
LINE
  5
34E
  8
0
 62
1
 10
25.6142
 20
25.4067
 30
0.0
 11
25.5
 21
25.9808
 31
0.0
  0
LINE
  5
34F
  8
0
 62
1
 10
25.5
 20
25.9808
 30
0.0
 11
25.6142
 21
26.5548
 31
0.0
  0
LINE
  5
350
  8
0
 62
1
 10
25.6142
 20
26.5548
 30
0.0
 11
25.9393
 21
27.0414
 31
0.0
  0
LINE
  5
351
  8
0
 62
1
 10
25.9393
 20
27.0414
 30
0.0
 11
26.426
 21
27.3666
 31
0.0
  0
LINE
  5
352
  8
0
 62
1
 10
26.426
 20
27.3666
 30
0.0
 11
27.0
 21
27.4808
 31
0.0
  0
LINE
  5
353
  8
0
 62
1
 10
27.0
 20
27.4808
 30
0.0
 11
27.574
 21
27.3666
 31
0.0
  0
LINE
  5
354
  8
0
 62
1
 10
27.574
 20
27.3666
 30
0.0
 11
28.0607
 21
27.0414
 31
0.0
  0
LINE
  5
355
  8
0
 62
1
 10
28.0607
 20
27.0414
 30
0.0
 11
28.3858
 21
26.5548
 31
0.0
  0
LINE
  5
356
  8
0
 62
1
 10
28.3858
 20
26.5548
 30
0.0
 11
28.5
 21
25.9808
 31
0.0
  0
LINE
  5
357
  8
0
 62
1
 10
28.5
 20
25.9808
 30
0.0
 11
28.3858
 21
25.4067
 31
0.0
  0
LINE
  5
358
  8
0
 62
1
 10
28.3858
 20
25.4067
 30
0.0
 11
28.0607
 21
24.9201
 31
0.0
  0
LINE
  5
359
  8
0
 62
1
 10
28.0607
 20
24.9201
 30
0.0
 11
27.574
 21
24.5949
 31
0.0
  0
LINE
  5
35A
  8
0
 62
1
 10
27.574
 20
24.5949
 30
0.0
 11
27.0
 21
24.4808
 31
0.0
  0
LINE
  5
35B
  8
0
 62
1
 10
27.0
 20
24.4808
 30
0.0
 11
26.426
 21
24.5949
 31
0.0
  0
LINE
  5
35C
  8
0
 62
1
 10
-21.574
 20
24.5949
 30
0.0
 11
-22.0607
 21
24.9201
 31
0.0
  0
LINE
  5
35D
  8
0
 62
1
 10
-22.0607
 20
24.9201
 30
0.0
 11
-22.3858
 21
25.4067
 31
0.0
  0
LINE
  5
35E
  8
0
 62
1
 10
-22.3858
 20
25.4067
 30
0.0
 11
-22.5
 21
25.9808
 31
0.0
  0
LINE
  5
35F
  8
0
 62
1
 10
-22.5
 20
25.9808
 30
0.0
 11
-22.3858
 21
26.5548
 31
0.0
  0
LINE
  5
360
  8
0
 62
1
 10
-22.3858
 20
26.5548
 30
0.0
 11
-22.0607
 21
27.0414
 31
0.0
  0
LINE
  5
361
  8
0
 62
1
 10
-22.0607
 20
27.0414
 30
0.0
 11
-21.574
 21
27.3666
 31
0.0
  0
LINE
  5
362
  8
0
 62
1
 10
-21.574
 20
27.3666
 30
0.0
 11
-21.0
 21
27.4808
 31
0.0
  0
LINE
  5
363
  8
0
 62
1
 10
-21.0
 20
27.4808
 30
0.0
 11
-20.426
 21
27.3666
 31
0.0
  0
LINE
  5
364
  8
0
 62
1
 10
-20.426
 20
27.3666
 30
0.0
 11
-19.9393
 21
27.0414
 31
0.0
  0
LINE
  5
365
  8
0
 62
1
 10
-19.9393
 20
27.0414
 30
0.0
 11
-19.6142
 21
26.5548
 31
0.0
  0
LINE
  5
366
  8
0
 62
1
 10
-19.6142
 20
26.5548
 30
0.0
 11
-19.5
 21
25.9808
 31
0.0
  0
LINE
  5
367
  8
0
 62
1
 10
-19.5
 20
25.9808
 30
0.0
 11
-19.6142
 21
25.4067
 31
0.0
  0
LINE
  5
368
  8
0
 62
1
 10
-19.6142
 20
25.4067
 30
0.0
 11
-19.9393
 21
24.9201
 31
0.0
  0
LINE
  5
369
  8
0
 62
1
 10
-19.9393
 20
24.9201
 30
0.0
 11
-20.426
 21
24.5949
 31
0.0
  0
LINE
  5
36A
  8
0
 62
1
 10
-20.426
 20
24.5949
 30
0.0
 11
-21.0
 21
24.4808
 31
0.0
  0
LINE
  5
36B
  8
0
 62
1
 10
-21.0
 20
24.4808
 30
0.0
 11
-21.574
 21
24.5949
 31
0.0
  0
LINE
  5
36C
  8
0
 62
1
 10
2.42596
 20
24.5949
 30
0.0
 11
1.93933
 21
24.9201
 31
0.0
  0
LINE
  5
36D
  8
0
 62
1
 10
1.93933
 20
24.9201
 30
0.0
 11
1.61417
 21
25.4067
 31
0.0
  0
LINE
  5
36E
  8
0
 62
1
 10
1.61417
 20
25.4067
 30
0.0
 11
1.5
 21
25.9808
 31
0.0
  0
LINE
  5
36F
  8
0
 62
1
 10
1.5
 20
25.9808
 30
0.0
 11
1.61417
 21
26.5548
 31
0.0
  0
LINE
  5
370
  8
0
 62
1
 10
1.61417
 20
26.5548
 30
0.0
 11
1.93933
 21
27.0414
 31
0.0
  0
LINE
  5
371
  8
0
 62
1
 10
1.93933
 20
27.0414
 30
0.0
 11
2.42596
 21
27.3666
 31
0.0
  0
LINE
  5
372
  8
0
 62
1
 10
2.42596
 20
27.3666
 30
0.0
 11
3.0
 21
27.4808
 31
0.0
  0
LINE
  5
373
  8
0
 62
1
 10
3.0
 20
27.4808
 30
0.0
 11
3.57402
 21
27.3666
 31
0.0
  0
LINE
  5
374
  8
0
 62
1
 10
3.57402
 20
27.3666
 30
0.0
 11
4.06065
 21
27.0414
 31
0.0
  0
LINE
  5
375
  8
0
 62
1
 10
4.06065
 20
27.0414
 30
0.0
 11
4.38582
 21
26.5548
 31
0.0
  0
LINE
  5
376
  8
0
 62
1
 10
4.38582
 20
26.5548
 30
0.0
 11
4.5
 21
25.9808
 31
0.0
  0
LINE
  5
377
  8
0
 62
1
 10
4.5
 20
25.9808
 30
0.0
 11
4.38582
 21
25.4067
 31
0.0
  0
LINE
  5
378
  8
0
 62
1
 10
4.38582
 20
25.4067
 30
0.0
 11
4.06065
 21
24.9201
 31
0.0
  0
LINE
  5
379
  8
0
 62
1
 10
4.06065
 20
24.9201
 30
0.0
 11
3.57402
 21
24.5949
 31
0.0
  0
LINE
  5
37A
  8
0
 62
1
 10
3.57402
 20
24.5949
 30
0.0
 11
3.0
 21
24.4808
 31
0.0
  0
LINE
  5
37B
  8
0
 62
1
 10
3.0
 20
24.4808
 30
0.0
 11
2.42596
 21
24.5949
 31
0.0
  0
LINE
  5
37C
  8
0
 62
1
 10
32.426
 20
24.5949
 30
0.0
 11
31.9393
 21
24.9201
 31
0.0
  0
LINE
  5
37D
  8
0
 62
1
 10
31.9393
 20
24.9201
 30
0.0
 11
31.6142
 21
25.4067
 31
0.0
  0
LINE
  5
37E
  8
0
 62
1
 10
31.6142
 20
25.4067
 30
0.0
 11
31.5
 21
25.9808
 31
0.0
  0
LINE
  5
37F
  8
0
 62
1
 10
31.5
 20
25.9808
 30
0.0
 11
31.6142
 21
26.5548
 31
0.0
  0
LINE
  5
380
  8
0
 62
1
 10
31.6142
 20
26.5548
 30
0.0
 11
31.9393
 21
27.0414
 31
0.0
  0
LINE
  5
381
  8
0
 62
1
 10
31.9393
 20
27.0414
 30
0.0
 11
32.426
 21
27.3666
 31
0.0
  0
LINE
  5
382
  8
0
 62
1
 10
32.426
 20
27.3666
 30
0.0
 11
33.0
 21
27.4808
 31
0.0
  0
LINE
  5
383
  8
0
 62
1
 10
33.0
 20
27.4808
 30
0.0
 11
33.574
 21
27.3666
 31
0.0
  0
LINE
  5
384
  8
0
 62
1
 10
33.574
 20
27.3666
 30
0.0
 11
34.0607
 21
27.0414
 31
0.0
  0
LINE
  5
385
  8
0
 62
1
 10
34.0607
 20
27.0414
 30
0.0
 11
34.3858
 21
26.5548
 31
0.0
  0
LINE
  5
386
  8
0
 62
1
 10
34.3858
 20
26.5548
 30
0.0
 11
34.5
 21
25.9808
 31
0.0
  0
LINE
  5
387
  8
0
 62
1
 10
34.5
 20
25.9808
 30
0.0
 11
34.3858
 21
25.4067
 31
0.0
  0
LINE
  5
388
  8
0
 62
1
 10
34.3858
 20
25.4067
 30
0.0
 11
34.0607
 21
24.9201
 31
0.0
  0
LINE
  5
389
  8
0
 62
1
 10
34.0607
 20
24.9201
 30
0.0
 11
33.574
 21
24.5949
 31
0.0
  0
LINE
  5
38A
  8
0
 62
1
 10
33.574
 20
24.5949
 30
0.0
 11
33.0
 21
24.4808
 31
0.0
  0
LINE
  5
38B
  8
0
 62
1
 10
33.0
 20
24.4808
 30
0.0
 11
32.426
 21
24.5949
 31
0.0
  0
LINE
  5
38C
  8
0
 62
1
 10
8.42596
 20
24.5949
 30
0.0
 11
7.93933
 21
24.9201
 31
0.0
  0
LINE
  5
38D
  8
0
 62
1
 10
7.93933
 20
24.9201
 30
0.0
 11
7.61417
 21
25.4067
 31
0.0
  0
LINE
  5
38E
  8
0
 62
1
 10
7.61417
 20
25.4067
 30
0.0
 11
7.5
 21
25.9808
 31
0.0
  0
LINE
  5
38F
  8
0
 62
1
 10
7.5
 20
25.9808
 30
0.0
 11
7.61417
 21
26.5548
 31
0.0
  0
LINE
  5
390
  8
0
 62
1
 10
7.61417
 20
26.5548
 30
0.0
 11
7.93933
 21
27.0414
 31
0.0
  0
LINE
  5
391
  8
0
 62
1
 10
7.93933
 20
27.0414
 30
0.0
 11
8.42596
 21
27.3666
 31
0.0
  0
LINE
  5
392
  8
0
 62
1
 10
8.42596
 20
27.3666
 30
0.0
 11
9.0
 21
27.4808
 31
0.0
  0
LINE
  5
393
  8
0
 62
1
 10
9.0
 20
27.4808
 30
0.0
 11
9.57402
 21
27.3666
 31
0.0
  0
LINE
  5
394
  8
0
 62
1
 10
9.57402
 20
27.3666
 30
0.0
 11
10.0607
 21
27.0414
 31
0.0
  0
LINE
  5
395
  8
0
 62
1
 10
10.0607
 20
27.0414
 30
0.0
 11
10.3858
 21
26.5548
 31
0.0
  0
LINE
  5
396
  8
0
 62
1
 10
10.3858
 20
26.5548
 30
0.0
 11
10.5
 21
25.9808
 31
0.0
  0
LINE
  5
397
  8
0
 62
1
 10
10.5
 20
25.9808
 30
0.0
 11
10.3858
 21
25.4067
 31
0.0
  0
LINE
  5
398
  8
0
 62
1
 10
10.3858
 20
25.4067
 30
0.0
 11
10.0607
 21
24.9201
 31
0.0
  0
LINE
  5
399
  8
0
 62
1
 10
10.0607
 20
24.9201
 30
0.0
 11
9.57402
 21
24.5949
 31
0.0
  0
LINE
  5
39A
  8
0
 62
1
 10
9.57402
 20
24.5949
 30
0.0
 11
9.0
 21
24.4808
 31
0.0
  0
LINE
  5
39B
  8
0
 62
1
 10
9.0
 20
24.4808
 30
0.0
 11
8.42596
 21
24.5949
 31
0.0
  0
LINE
  5
39C
  8
0
 62
1
 10
-27.574
 20
24.5949
 30
0.0
 11
-28.0607
 21
24.9201
 31
0.0
  0
LINE
  5
39D
  8
0
 62
1
 10
-28.0607
 20
24.9201
 30
0.0
 11
-28.3858
 21
25.4067
 31
0.0
  0
LINE
  5
39E
  8
0
 62
1
 10
-28.3858
 20
25.4067
 30
0.0
 11
-28.5
 21
25.9808
 31
0.0
  0
LINE
  5
39F
  8
0
 62
1
 10
-28.5
 20
25.9808
 30
0.0
 11
-28.3858
 21
26.5548
 31
0.0
  0
LINE
  5
3A0
  8
0
 62
1
 10
-28.3858
 20
26.5548
 30
0.0
 11
-28.0607
 21
27.0414
 31
0.0
  0
LINE
  5
3A1
  8
0
 62
1
 10
-28.0607
 20
27.0414
 30
0.0
 11
-27.574
 21
27.3666
 31
0.0
  0
LINE
  5
3A2
  8
0
 62
1
 10
-27.574
 20
27.3666
 30
0.0
 11
-27.0
 21
27.4808
 31
0.0
  0
LINE
  5
3A3
  8
0
 62
1
 10
-27.0
 20
27.4808
 30
0.0
 11
-26.426
 21
27.3666
 31
0.0
  0
LINE
  5
3A4
  8
0
 62
1
 10
-26.426
 20
27.3666
 30
0.0
 11
-25.9393
 21
27.0414
 31
0.0
  0
LINE
  5
3A5
  8
0
 62
1
 10
-25.9393
 20
27.0414
 30
0.0
 11
-25.6142
 21
26.5548
 31
0.0
  0
LINE
  5
3A6
  8
0
 62
1
 10
-25.6142
 20
26.5548
 30
0.0
 11
-25.5
 21
25.9808
 31
0.0
  0
LINE
  5
3A7
  8
0
 62
1
 10
-25.5
 20
25.9808
 30
0.0
 11
-25.6142
 21
25.4067
 31
0.0
  0
LINE
  5
3A8
  8
0
 62
1
 10
-25.6142
 20
25.4067
 30
0.0
 11
-25.9393
 21
24.9201
 31
0.0
  0
LINE
  5
3A9
  8
0
 62
1
 10
-25.9393
 20
24.9201
 30
0.0
 11
-26.426
 21
24.5949
 31
0.0
  0
LINE
  5
3AA
  8
0
 62
1
 10
-26.426
 20
24.5949
 30
0.0
 11
-27.0
 21
24.4808
 31
0.0
  0
LINE
  5
3AB
  8
0
 62
1
 10
-27.0
 20
24.4808
 30
0.0
 11
-27.574
 21
24.5949
 31
0.0
  0
LINE
  5
3AC
  8
0
 62
1
 10
-33.574
 20
24.5949
 30
0.0
 11
-34.0607
 21
24.9201
 31
0.0
  0
LINE
  5
3AD
  8
0
 62
1
 10
-34.0607
 20
24.9201
 30
0.0
 11
-34.3858
 21
25.4067
 31
0.0
  0
LINE
  5
3AE
  8
0
 62
1
 10
-34.3858
 20
25.4067
 30
0.0
 11
-34.5
 21
25.9808
 31
0.0
  0
LINE
  5
3AF
  8
0
 62
1
 10
-34.5
 20
25.9808
 30
0.0
 11
-34.3858
 21
26.5548
 31
0.0
  0
LINE
  5
3B0
  8
0
 62
1
 10
-34.3858
 20
26.5548
 30
0.0
 11
-34.0607
 21
27.0414
 31
0.0
  0
LINE
  5
3B1
  8
0
 62
1
 10
-34.0607
 20
27.0414
 30
0.0
 11
-33.574
 21
27.3666
 31
0.0
  0
LINE
  5
3B2
  8
0
 62
1
 10
-33.574
 20
27.3666
 30
0.0
 11
-33.0
 21
27.4808
 31
0.0
  0
LINE
  5
3B3
  8
0
 62
1
 10
-33.0
 20
27.4808
 30
0.0
 11
-32.426
 21
27.3666
 31
0.0
  0
LINE
  5
3B4
  8
0
 62
1
 10
-32.426
 20
27.3666
 30
0.0
 11
-31.9393
 21
27.0414
 31
0.0
  0
LINE
  5
3B5
  8
0
 62
1
 10
-31.9393
 20
27.0414
 30
0.0
 11
-31.6142
 21
26.5548
 31
0.0
  0
LINE
  5
3B6
  8
0
 62
1
 10
-31.6142
 20
26.5548
 30
0.0
 11
-31.5
 21
25.9808
 31
0.0
  0
LINE
  5
3B7
  8
0
 62
1
 10
-31.5
 20
25.9808
 30
0.0
 11
-31.6142
 21
25.4067
 31
0.0
  0
LINE
  5
3B8
  8
0
 62
1
 10
-31.6142
 20
25.4067
 30
0.0
 11
-31.9393
 21
24.9201
 31
0.0
  0
LINE
  5
3B9
  8
0
 62
1
 10
-31.9393
 20
24.9201
 30
0.0
 11
-32.426
 21
24.5949
 31
0.0
  0
LINE
  5
3BA
  8
0
 62
1
 10
-32.426
 20
24.5949
 30
0.0
 11
-33.0
 21
24.4808
 31
0.0
  0
LINE
  5
3BB
  8
0
 62
1
 10
-33.0
 20
24.4808
 30
0.0
 11
-33.574
 21
24.5949
 31
0.0
  0
LINE
  5
3BC
  8
0
 62
1
 10
14.426
 20
24.5949
 30
0.0
 11
13.9393
 21
24.9201
 31
0.0
  0
LINE
  5
3BD
  8
0
 62
1
 10
13.9393
 20
24.9201
 30
0.0
 11
13.6142
 21
25.4067
 31
0.0
  0
LINE
  5
3BE
  8
0
 62
1
 10
13.6142
 20
25.4067
 30
0.0
 11
13.5
 21
25.9808
 31
0.0
  0
LINE
  5
3BF
  8
0
 62
1
 10
13.5
 20
25.9808
 30
0.0
 11
13.6142
 21
26.5548
 31
0.0
  0
LINE
  5
3C0
  8
0
 62
1
 10
13.6142
 20
26.5548
 30
0.0
 11
13.9393
 21
27.0414
 31
0.0
  0
LINE
  5
3C1
  8
0
 62
1
 10
13.9393
 20
27.0414
 30
0.0
 11
14.426
 21
27.3666
 31
0.0
  0
LINE
  5
3C2
  8
0
 62
1
 10
14.426
 20
27.3666
 30
0.0
 11
15.0
 21
27.4808
 31
0.0
  0
LINE
  5
3C3
  8
0
 62
1
 10
15.0
 20
27.4808
 30
0.0
 11
15.574
 21
27.3666
 31
0.0
  0
LINE
  5
3C4
  8
0
 62
1
 10
15.574
 20
27.3666
 30
0.0
 11
16.0607
 21
27.0414
 31
0.0
  0
LINE
  5
3C5
  8
0
 62
1
 10
16.0607
 20
27.0414
 30
0.0
 11
16.3858
 21
26.5548
 31
0.0
  0
LINE
  5
3C6
  8
0
 62
1
 10
16.3858
 20
26.5548
 30
0.0
 11
16.5
 21
25.9808
 31
0.0
  0
LINE
  5
3C7
  8
0
 62
1
 10
16.5
 20
25.9808
 30
0.0
 11
16.3858
 21
25.4067
 31
0.0
  0
LINE
  5
3C8
  8
0
 62
1
 10
16.3858
 20
25.4067
 30
0.0
 11
16.0607
 21
24.9201
 31
0.0
  0
LINE
  5
3C9
  8
0
 62
1
 10
16.0607
 20
24.9201
 30
0.0
 11
15.574
 21
24.5949
 31
0.0
  0
LINE
  5
3CA
  8
0
 62
1
 10
15.574
 20
24.5949
 30
0.0
 11
15.0
 21
24.4808
 31
0.0
  0
LINE
  5
3CB
  8
0
 62
1
 10
15.0
 20
24.4808
 30
0.0
 11
14.426
 21
24.5949
 31
0.0
  0
LINE
  5
3CC
  8
0
 62
1
 10
-15.574
 20
24.5949
 30
0.0
 11
-16.0607
 21
24.9201
 31
0.0
  0
LINE
  5
3CD
  8
0
 62
1
 10
-16.0607
 20
24.9201
 30
0.0
 11
-16.3858
 21
25.4067
 31
0.0
  0
LINE
  5
3CE
  8
0
 62
1
 10
-16.3858
 20
25.4067
 30
0.0
 11
-16.5
 21
25.9808
 31
0.0
  0
LINE
  5
3CF
  8
0
 62
1
 10
-16.5
 20
25.9808
 30
0.0
 11
-16.3858
 21
26.5548
 31
0.0
  0
LINE
  5
3D0
  8
0
 62
1
 10
-16.3858
 20
26.5548
 30
0.0
 11
-16.0607
 21
27.0414
 31
0.0
  0
LINE
  5
3D1
  8
0
 62
1
 10
-16.0607
 20
27.0414
 30
0.0
 11
-15.574
 21
27.3666
 31
0.0
  0
LINE
  5
3D2
  8
0
 62
1
 10
-15.574
 20
27.3666
 30
0.0
 11
-15.0
 21
27.4808
 31
0.0
  0
LINE
  5
3D3
  8
0
 62
1
 10
-15.0
 20
27.4808
 30
0.0
 11
-14.426
 21
27.3666
 31
0.0
  0
LINE
  5
3D4
  8
0
 62
1
 10
-14.426
 20
27.3666
 30
0.0
 11
-13.9393
 21
27.0414
 31
0.0
  0
LINE
  5
3D5
  8
0
 62
1
 10
-13.9393
 20
27.0414
 30
0.0
 11
-13.6142
 21
26.5548
 31
0.0
  0
LINE
  5
3D6
  8
0
 62
1
 10
-13.6142
 20
26.5548
 30
0.0
 11
-13.5
 21
25.9808
 31
0.0
  0
LINE
  5
3D7
  8
0
 62
1
 10
-13.5
 20
25.9808
 30
0.0
 11
-13.6142
 21
25.4067
 31
0.0
  0
LINE
  5
3D8
  8
0
 62
1
 10
-13.6142
 20
25.4067
 30
0.0
 11
-13.9393
 21
24.9201
 31
0.0
  0
LINE
  5
3D9
  8
0
 62
1
 10
-13.9393
 20
24.9201
 30
0.0
 11
-14.426
 21
24.5949
 31
0.0
  0
LINE
  5
3DA
  8
0
 62
1
 10
-14.426
 20
24.5949
 30
0.0
 11
-15.0
 21
24.4808
 31
0.0
  0
LINE
  5
3DB
  8
0
 62
1
 10
-15.0
 20
24.4808
 30
0.0
 11
-15.574
 21
24.5949
 31
0.0
  0
LINE
  5
3DC
  8
0
 62
1
 10
-9.57402
 20
24.5949
 30
0.0
 11
-10.0607
 21
24.9201
 31
0.0
  0
LINE
  5
3DD
  8
0
 62
1
 10
-10.0607
 20
24.9201
 30
0.0
 11
-10.3858
 21
25.4067
 31
0.0
  0
LINE
  5
3DE
  8
0
 62
1
 10
-10.3858
 20
25.4067
 30
0.0
 11
-10.5
 21
25.9808
 31
0.0
  0
LINE
  5
3DF
  8
0
 62
1
 10
-10.5
 20
25.9808
 30
0.0
 11
-10.3858
 21
26.5548
 31
0.0
  0
LINE
  5
3E0
  8
0
 62
1
 10
-10.3858
 20
26.5548
 30
0.0
 11
-10.0607
 21
27.0414
 31
0.0
  0
LINE
  5
3E1
  8
0
 62
1
 10
-10.0607
 20
27.0414
 30
0.0
 11
-9.57402
 21
27.3666
 31
0.0
  0
LINE
  5
3E2
  8
0
 62
1
 10
-9.57402
 20
27.3666
 30
0.0
 11
-9.0
 21
27.4808
 31
0.0
  0
LINE
  5
3E3
  8
0
 62
1
 10
-9.0
 20
27.4808
 30
0.0
 11
-8.42596
 21
27.3666
 31
0.0
  0
LINE
  5
3E4
  8
0
 62
1
 10
-8.42596
 20
27.3666
 30
0.0
 11
-7.93933
 21
27.0414
 31
0.0
  0
LINE
  5
3E5
  8
0
 62
1
 10
-7.93933
 20
27.0414
 30
0.0
 11
-7.61417
 21
26.5548
 31
0.0
  0
LINE
  5
3E6
  8
0
 62
1
 10
-7.61417
 20
26.5548
 30
0.0
 11
-7.5
 21
25.9808
 31
0.0
  0
LINE
  5
3E7
  8
0
 62
1
 10
-7.5
 20
25.9808
 30
0.0
 11
-7.61417
 21
25.4067
 31
0.0
  0
LINE
  5
3E8
  8
0
 62
1
 10
-7.61417
 20
25.4067
 30
0.0
 11
-7.93933
 21
24.9201
 31
0.0
  0
LINE
  5
3E9
  8
0
 62
1
 10
-7.93933
 20
24.9201
 30
0.0
 11
-8.42596
 21
24.5949
 31
0.0
  0
LINE
  5
3EA
  8
0
 62
1
 10
-8.42596
 20
24.5949
 30
0.0
 11
-9.0
 21
24.4808
 31
0.0
  0
LINE
  5
3EB
  8
0
 62
1
 10
-9.0
 20
24.4808
 30
0.0
 11
-9.57402
 21
24.5949
 31
0.0
  0
LINE
  5
3EC
  8
0
 62
1
 10
-3.57402
 20
24.5949
 30
0.0
 11
-4.06065
 21
24.9201
 31
0.0
  0
LINE
  5
3ED
  8
0
 62
1
 10
-4.06065
 20
24.9201
 30
0.0
 11
-4.38582
 21
25.4067
 31
0.0
  0
LINE
  5
3EE
  8
0
 62
1
 10
-4.38582
 20
25.4067
 30
0.0
 11
-4.5
 21
25.9808
 31
0.0
  0
LINE
  5
3EF
  8
0
 62
1
 10
-4.5
 20
25.9808
 30
0.0
 11
-4.38582
 21
26.5548
 31
0.0
  0
LINE
  5
3F0
  8
0
 62
1
 10
-4.38582
 20
26.5548
 30
0.0
 11
-4.06065
 21
27.0414
 31
0.0
  0
LINE
  5
3F1
  8
0
 62
1
 10
-4.06065
 20
27.0414
 30
0.0
 11
-3.57402
 21
27.3666
 31
0.0
  0
LINE
  5
3F2
  8
0
 62
1
 10
-3.57402
 20
27.3666
 30
0.0
 11
-3.0
 21
27.4808
 31
0.0
  0
LINE
  5
3F3
  8
0
 62
1
 10
-3.0
 20
27.4808
 30
0.0
 11
-2.42596
 21
27.3666
 31
0.0
  0
LINE
  5
3F4
  8
0
 62
1
 10
-2.42596
 20
27.3666
 30
0.0
 11
-1.93933
 21
27.0414
 31
0.0
  0
LINE
  5
3F5
  8
0
 62
1
 10
-1.93933
 20
27.0414
 30
0.0
 11
-1.61417
 21
26.5548
 31
0.0
  0
LINE
  5
3F6
  8
0
 62
1
 10
-1.61417
 20
26.5548
 30
0.0
 11
-1.5
 21
25.9808
 31
0.0
  0
LINE
  5
3F7
  8
0
 62
1
 10
-1.5
 20
25.9808
 30
0.0
 11
-1.61417
 21
25.4067
 31
0.0
  0
LINE
  5
3F8
  8
0
 62
1
 10
-1.61417
 20
25.4067
 30
0.0
 11
-1.93933
 21
24.9201
 31
0.0
  0
LINE
  5
3F9
  8
0
 62
1
 10
-1.93933
 20
24.9201
 30
0.0
 11
-2.42596
 21
24.5949
 31
0.0
  0
LINE
  5
3FA
  8
0
 62
1
 10
-2.42596
 20
24.5949
 30
0.0
 11
-3.0
 21
24.4808
 31
0.0
  0
LINE
  5
3FB
  8
0
 62
1
 10
-3.0
 20
24.4808
 30
0.0
 11
-3.57402
 21
24.5949
 31
0.0
  0
LINE
  5
3FC
  8
0
 62
1
 10
20.426
 20
24.5949
 30
0.0
 11
19.9393
 21
24.9201
 31
0.0
  0
LINE
  5
3FD
  8
0
 62
1
 10
19.9393
 20
24.9201
 30
0.0
 11
19.6142
 21
25.4067
 31
0.0
  0
LINE
  5
3FE
  8
0
 62
1
 10
19.6142
 20
25.4067
 30
0.0
 11
19.5
 21
25.9808
 31
0.0
  0
LINE
  5
3FF
  8
0
 62
1
 10
19.5
 20
25.9808
 30
0.0
 11
19.6142
 21
26.5548
 31
0.0
  0
LINE
  5
400
  8
0
 62
1
 10
19.6142
 20
26.5548
 30
0.0
 11
19.9393
 21
27.0414
 31
0.0
  0
LINE
  5
401
  8
0
 62
1
 10
19.9393
 20
27.0414
 30
0.0
 11
20.426
 21
27.3666
 31
0.0
  0
LINE
  5
402
  8
0
 62
1
 10
20.426
 20
27.3666
 30
0.0
 11
21.0
 21
27.4808
 31
0.0
  0
LINE
  5
403
  8
0
 62
1
 10
21.0
 20
27.4808
 30
0.0
 11
21.574
 21
27.3666
 31
0.0
  0
LINE
  5
404
  8
0
 62
1
 10
21.574
 20
27.3666
 30
0.0
 11
22.0607
 21
27.0414
 31
0.0
  0
LINE
  5
405
  8
0
 62
1
 10
22.0607
 20
27.0414
 30
0.0
 11
22.3858
 21
26.5548
 31
0.0
  0
LINE
  5
406
  8
0
 62
1
 10
22.3858
 20
26.5548
 30
0.0
 11
22.5
 21
25.9808
 31
0.0
  0
LINE
  5
407
  8
0
 62
1
 10
22.5
 20
25.9808
 30
0.0
 11
22.3858
 21
25.4067
 31
0.0
  0
LINE
  5
408
  8
0
 62
1
 10
22.3858
 20
25.4067
 30
0.0
 11
22.0607
 21
24.9201
 31
0.0
  0
LINE
  5
409
  8
0
 62
1
 10
22.0607
 20
24.9201
 30
0.0
 11
21.574
 21
24.5949
 31
0.0
  0
LINE
  5
40A
  8
0
 62
1
 10
21.574
 20
24.5949
 30
0.0
 11
21.0
 21
24.4808
 31
0.0
  0
LINE
  5
40B
  8
0
 62
1
 10
21.0
 20
24.4808
 30
0.0
 11
20.426
 21
24.5949
 31
0.0
  0
LINE
  5
40C
  8
0
 62
1
 10
35.426
 20
19.3988
 30
0.0
 11
34.9393
 21
19.7239
 31
0.0
  0
LINE
  5
40D
  8
0
 62
1
 10
34.9393
 20
19.7239
 30
0.0
 11
34.6142
 21
20.2106
 31
0.0
  0
LINE
  5
40E
  8
0
 62
1
 10
34.6142
 20
20.2106
 30
0.0
 11
34.5
 21
20.7846
 31
0.0
  0
LINE
  5
40F
  8
0
 62
1
 10
34.5
 20
20.7846
 30
0.0
 11
34.6142
 21
21.3586
 31
0.0
  0
LINE
  5
410
  8
0
 62
1
 10
34.6142
 20
21.3586
 30
0.0
 11
34.9393
 21
21.8453
 31
0.0
  0
LINE
  5
411
  8
0
 62
1
 10
34.9393
 20
21.8453
 30
0.0
 11
35.426
 21
22.1704
 31
0.0
  0
LINE
  5
412
  8
0
 62
1
 10
35.426
 20
22.1704
 30
0.0
 11
36.0
 21
22.2846
 31
0.0
  0
LINE
  5
413
  8
0
 62
1
 10
36.0
 20
22.2846
 30
0.0
 11
36.574
 21
22.1704
 31
0.0
  0
LINE
  5
414
  8
0
 62
1
 10
36.574
 20
22.1704
 30
0.0
 11
37.0607
 21
21.8453
 31
0.0
  0
LINE
  5
415
  8
0
 62
1
 10
37.0607
 20
21.8453
 30
0.0
 11
37.3858
 21
21.3586
 31
0.0
  0
LINE
  5
416
  8
0
 62
1
 10
37.3858
 20
21.3586
 30
0.0
 11
37.5
 21
20.7846
 31
0.0
  0
LINE
  5
417
  8
0
 62
1
 10
37.5
 20
20.7846
 30
0.0
 11
37.3858
 21
20.2106
 31
0.0
  0
LINE
  5
418
  8
0
 62
1
 10
37.3858
 20
20.2106
 30
0.0
 11
37.0607
 21
19.7239
 31
0.0
  0
LINE
  5
419
  8
0
 62
1
 10
37.0607
 20
19.7239
 30
0.0
 11
36.574
 21
19.3988
 31
0.0
  0
LINE
  5
41A
  8
0
 62
1
 10
36.574
 20
19.3988
 30
0.0
 11
36.0
 21
19.2846
 31
0.0
  0
LINE
  5
41B
  8
0
 62
1
 10
36.0
 20
19.2846
 30
0.0
 11
35.426
 21
19.3988
 31
0.0
  0
LINE
  5
41C
  8
0
 62
1
 10
-36.574
 20
19.3988
 30
0.0
 11
-37.0607
 21
19.7239
 31
0.0
  0
LINE
  5
41D
  8
0
 62
1
 10
-37.0607
 20
19.7239
 30
0.0
 11
-37.3858
 21
20.2106
 31
0.0
  0
LINE
  5
41E
  8
0
 62
1
 10
-37.3858
 20
20.2106
 30
0.0
 11
-37.5
 21
20.7846
 31
0.0
  0
LINE
  5
41F
  8
0
 62
1
 10
-37.5
 20
20.7846
 30
0.0
 11
-37.3858
 21
21.3586
 31
0.0
  0
LINE
  5
420
  8
0
 62
1
 10
-37.3858
 20
21.3586
 30
0.0
 11
-37.0607
 21
21.8453
 31
0.0
  0
LINE
  5
421
  8
0
 62
1
 10
-37.0607
 20
21.8453
 30
0.0
 11
-36.574
 21
22.1704
 31
0.0
  0
LINE
  5
422
  8
0
 62
1
 10
-36.574
 20
22.1704
 30
0.0
 11
-36.0
 21
22.2846
 31
0.0
  0
LINE
  5
423
  8
0
 62
1
 10
-36.0
 20
22.2846
 30
0.0
 11
-35.426
 21
22.1704
 31
0.0
  0
LINE
  5
424
  8
0
 62
1
 10
-35.426
 20
22.1704
 30
0.0
 11
-34.9393
 21
21.8453
 31
0.0
  0
LINE
  5
425
  8
0
 62
1
 10
-34.9393
 20
21.8453
 30
0.0
 11
-34.6142
 21
21.3586
 31
0.0
  0
LINE
  5
426
  8
0
 62
1
 10
-34.6142
 20
21.3586
 30
0.0
 11
-34.5
 21
20.7846
 31
0.0
  0
LINE
  5
427
  8
0
 62
1
 10
-34.5
 20
20.7846
 30
0.0
 11
-34.6142
 21
20.2106
 31
0.0
  0
LINE
  5
428
  8
0
 62
1
 10
-34.6142
 20
20.2106
 30
0.0
 11
-34.9393
 21
19.7239
 31
0.0
  0
LINE
  5
429
  8
0
 62
1
 10
-34.9393
 20
19.7239
 30
0.0
 11
-35.426
 21
19.3988
 31
0.0
  0
LINE
  5
42A
  8
0
 62
1
 10
-35.426
 20
19.3988
 30
0.0
 11
-36.0
 21
19.2846
 31
0.0
  0
LINE
  5
42B
  8
0
 62
1
 10
-36.0
 20
19.2846
 30
0.0
 11
-36.574
 21
19.3988
 31
0.0
  0
LINE
  5
42C
  8
0
 62
1
 10
-6.57402
 20
19.3988
 30
0.0
 11
-7.06065
 21
19.7239
 31
0.0
  0
LINE
  5
42D
  8
0
 62
1
 10
-7.06065
 20
19.7239
 30
0.0
 11
-7.38582
 21
20.2106
 31
0.0
  0
LINE
  5
42E
  8
0
 62
1
 10
-7.38582
 20
20.2106
 30
0.0
 11
-7.5
 21
20.7846
 31
0.0
  0
LINE
  5
42F
  8
0
 62
1
 10
-7.5
 20
20.7846
 30
0.0
 11
-7.38582
 21
21.3586
 31
0.0
  0
LINE
  5
430
  8
0
 62
1
 10
-7.38582
 20
21.3586
 30
0.0
 11
-7.06065
 21
21.8453
 31
0.0
  0
LINE
  5
431
  8
0
 62
1
 10
-7.06065
 20
21.8453
 30
0.0
 11
-6.57402
 21
22.1704
 31
0.0
  0
LINE
  5
432
  8
0
 62
1
 10
-6.57402
 20
22.1704
 30
0.0
 11
-6.0
 21
22.2846
 31
0.0
  0
LINE
  5
433
  8
0
 62
1
 10
-6.0
 20
22.2846
 30
0.0
 11
-5.42596
 21
22.1704
 31
0.0
  0
LINE
  5
434
  8
0
 62
1
 10
-5.42596
 20
22.1704
 30
0.0
 11
-4.93933
 21
21.8453
 31
0.0
  0
LINE
  5
435
  8
0
 62
1
 10
-4.93933
 20
21.8453
 30
0.0
 11
-4.61417
 21
21.3586
 31
0.0
  0
LINE
  5
436
  8
0
 62
1
 10
-4.61417
 20
21.3586
 30
0.0
 11
-4.5
 21
20.7846
 31
0.0
  0
LINE
  5
437
  8
0
 62
1
 10
-4.5
 20
20.7846
 30
0.0
 11
-4.61417
 21
20.2106
 31
0.0
  0
LINE
  5
438
  8
0
 62
1
 10
-4.61417
 20
20.2106
 30
0.0
 11
-4.93933
 21
19.7239
 31
0.0
  0
LINE
  5
439
  8
0
 62
1
 10
-4.93933
 20
19.7239
 30
0.0
 11
-5.42596
 21
19.3988
 31
0.0
  0
LINE
  5
43A
  8
0
 62
1
 10
-5.42596
 20
19.3988
 30
0.0
 11
-6.0
 21
19.2846
 31
0.0
  0
LINE
  5
43B
  8
0
 62
1
 10
-6.0
 20
19.2846
 30
0.0
 11
-6.57402
 21
19.3988
 31
0.0
  0
LINE
  5
43C
  8
0
 62
1
 10
-24.574
 20
19.3988
 30
0.0
 11
-25.0607
 21
19.7239
 31
0.0
  0
LINE
  5
43D
  8
0
 62
1
 10
-25.0607
 20
19.7239
 30
0.0
 11
-25.3858
 21
20.2106
 31
0.0
  0
LINE
  5
43E
  8
0
 62
1
 10
-25.3858
 20
20.2106
 30
0.0
 11
-25.5
 21
20.7846
 31
0.0
  0
LINE
  5
43F
  8
0
 62
1
 10
-25.5
 20
20.7846
 30
0.0
 11
-25.3858
 21
21.3586
 31
0.0
  0
LINE
  5
440
  8
0
 62
1
 10
-25.3858
 20
21.3586
 30
0.0
 11
-25.0607
 21
21.8453
 31
0.0
  0
LINE
  5
441
  8
0
 62
1
 10
-25.0607
 20
21.8453
 30
0.0
 11
-24.574
 21
22.1704
 31
0.0
  0
LINE
  5
442
  8
0
 62
1
 10
-24.574
 20
22.1704
 30
0.0
 11
-24.0
 21
22.2846
 31
0.0
  0
LINE
  5
443
  8
0
 62
1
 10
-24.0
 20
22.2846
 30
0.0
 11
-23.426
 21
22.1704
 31
0.0
  0
LINE
  5
444
  8
0
 62
1
 10
-23.426
 20
22.1704
 30
0.0
 11
-22.9393
 21
21.8453
 31
0.0
  0
LINE
  5
445
  8
0
 62
1
 10
-22.9393
 20
21.8453
 30
0.0
 11
-22.6142
 21
21.3586
 31
0.0
  0
LINE
  5
446
  8
0
 62
1
 10
-22.6142
 20
21.3586
 30
0.0
 11
-22.5
 21
20.7846
 31
0.0
  0
LINE
  5
447
  8
0
 62
1
 10
-22.5
 20
20.7846
 30
0.0
 11
-22.6142
 21
20.2106
 31
0.0
  0
LINE
  5
448
  8
0
 62
1
 10
-22.6142
 20
20.2106
 30
0.0
 11
-22.9393
 21
19.7239
 31
0.0
  0
LINE
  5
449
  8
0
 62
1
 10
-22.9393
 20
19.7239
 30
0.0
 11
-23.426
 21
19.3988
 31
0.0
  0
LINE
  5
44A
  8
0
 62
1
 10
-23.426
 20
19.3988
 30
0.0
 11
-24.0
 21
19.2846
 31
0.0
  0
LINE
  5
44B
  8
0
 62
1
 10
-24.0
 20
19.2846
 30
0.0
 11
-24.574
 21
19.3988
 31
0.0
  0
LINE
  5
44C
  8
0
 62
1
 10
-30.574
 20
19.3988
 30
0.0
 11
-31.0607
 21
19.7239
 31
0.0
  0
LINE
  5
44D
  8
0
 62
1
 10
-31.0607
 20
19.7239
 30
0.0
 11
-31.3858
 21
20.2106
 31
0.0
  0
LINE
  5
44E
  8
0
 62
1
 10
-31.3858
 20
20.2106
 30
0.0
 11
-31.5
 21
20.7846
 31
0.0
  0
LINE
  5
44F
  8
0
 62
1
 10
-31.5
 20
20.7846
 30
0.0
 11
-31.3858
 21
21.3586
 31
0.0
  0
LINE
  5
450
  8
0
 62
1
 10
-31.3858
 20
21.3586
 30
0.0
 11
-31.0607
 21
21.8453
 31
0.0
  0
LINE
  5
451
  8
0
 62
1
 10
-31.0607
 20
21.8453
 30
0.0
 11
-30.574
 21
22.1704
 31
0.0
  0
LINE
  5
452
  8
0
 62
1
 10
-30.574
 20
22.1704
 30
0.0
 11
-30.0
 21
22.2846
 31
0.0
  0
LINE
  5
453
  8
0
 62
1
 10
-30.0
 20
22.2846
 30
0.0
 11
-29.426
 21
22.1704
 31
0.0
  0
LINE
  5
454
  8
0
 62
1
 10
-29.426
 20
22.1704
 30
0.0
 11
-28.9393
 21
21.8453
 31
0.0
  0
LINE
  5
455
  8
0
 62
1
 10
-28.9393
 20
21.8453
 30
0.0
 11
-28.6142
 21
21.3586
 31
0.0
  0
LINE
  5
456
  8
0
 62
1
 10
-28.6142
 20
21.3586
 30
0.0
 11
-28.5
 21
20.7846
 31
0.0
  0
LINE
  5
457
  8
0
 62
1
 10
-28.5
 20
20.7846
 30
0.0
 11
-28.6142
 21
20.2106
 31
0.0
  0
LINE
  5
458
  8
0
 62
1
 10
-28.6142
 20
20.2106
 30
0.0
 11
-28.9393
 21
19.7239
 31
0.0
  0
LINE
  5
459
  8
0
 62
1
 10
-28.9393
 20
19.7239
 30
0.0
 11
-29.426
 21
19.3988
 31
0.0
  0
LINE
  5
45A
  8
0
 62
1
 10
-29.426
 20
19.3988
 30
0.0
 11
-30.0
 21
19.2846
 31
0.0
  0
LINE
  5
45B
  8
0
 62
1
 10
-30.0
 20
19.2846
 30
0.0
 11
-30.574
 21
19.3988
 31
0.0
  0
LINE
  5
45C
  8
0
 62
1
 10
-18.574
 20
19.3988
 30
0.0
 11
-19.0607
 21
19.7239
 31
0.0
  0
LINE
  5
45D
  8
0
 62
1
 10
-19.0607
 20
19.7239
 30
0.0
 11
-19.3858
 21
20.2106
 31
0.0
  0
LINE
  5
45E
  8
0
 62
1
 10
-19.3858
 20
20.2106
 30
0.0
 11
-19.5
 21
20.7846
 31
0.0
  0
LINE
  5
45F
  8
0
 62
1
 10
-19.5
 20
20.7846
 30
0.0
 11
-19.3858
 21
21.3586
 31
0.0
  0
LINE
  5
460
  8
0
 62
1
 10
-19.3858
 20
21.3586
 30
0.0
 11
-19.0607
 21
21.8453
 31
0.0
  0
LINE
  5
461
  8
0
 62
1
 10
-19.0607
 20
21.8453
 30
0.0
 11
-18.574
 21
22.1704
 31
0.0
  0
LINE
  5
462
  8
0
 62
1
 10
-18.574
 20
22.1704
 30
0.0
 11
-18.0
 21
22.2846
 31
0.0
  0
LINE
  5
463
  8
0
 62
1
 10
-18.0
 20
22.2846
 30
0.0
 11
-17.426
 21
22.1704
 31
0.0
  0
LINE
  5
464
  8
0
 62
1
 10
-17.426
 20
22.1704
 30
0.0
 11
-16.9393
 21
21.8453
 31
0.0
  0
LINE
  5
465
  8
0
 62
1
 10
-16.9393
 20
21.8453
 30
0.0
 11
-16.6142
 21
21.3586
 31
0.0
  0
LINE
  5
466
  8
0
 62
1
 10
-16.6142
 20
21.3586
 30
0.0
 11
-16.5
 21
20.7846
 31
0.0
  0
LINE
  5
467
  8
0
 62
1
 10
-16.5
 20
20.7846
 30
0.0
 11
-16.6142
 21
20.2106
 31
0.0
  0
LINE
  5
468
  8
0
 62
1
 10
-16.6142
 20
20.2106
 30
0.0
 11
-16.9393
 21
19.7239
 31
0.0
  0
LINE
  5
469
  8
0
 62
1
 10
-16.9393
 20
19.7239
 30
0.0
 11
-17.426
 21
19.3988
 31
0.0
  0
LINE
  5
46A
  8
0
 62
1
 10
-17.426
 20
19.3988
 30
0.0
 11
-18.0
 21
19.2846
 31
0.0
  0
LINE
  5
46B
  8
0
 62
1
 10
-18.0
 20
19.2846
 30
0.0
 11
-18.574
 21
19.3988
 31
0.0
  0
LINE
  5
46C
  8
0
 62
1
 10
-12.574
 20
19.3988
 30
0.0
 11
-13.0607
 21
19.7239
 31
0.0
  0
LINE
  5
46D
  8
0
 62
1
 10
-13.0607
 20
19.7239
 30
0.0
 11
-13.3858
 21
20.2106
 31
0.0
  0
LINE
  5
46E
  8
0
 62
1
 10
-13.3858
 20
20.2106
 30
0.0
 11
-13.5
 21
20.7846
 31
0.0
  0
LINE
  5
46F
  8
0
 62
1
 10
-13.5
 20
20.7846
 30
0.0
 11
-13.3858
 21
21.3586
 31
0.0
  0
LINE
  5
470
  8
0
 62
1
 10
-13.3858
 20
21.3586
 30
0.0
 11
-13.0607
 21
21.8453
 31
0.0
  0
LINE
  5
471
  8
0
 62
1
 10
-13.0607
 20
21.8453
 30
0.0
 11
-12.574
 21
22.1704
 31
0.0
  0
LINE
  5
472
  8
0
 62
1
 10
-12.574
 20
22.1704
 30
0.0
 11
-12.0
 21
22.2846
 31
0.0
  0
LINE
  5
473
  8
0
 62
1
 10
-12.0
 20
22.2846
 30
0.0
 11
-11.426
 21
22.1704
 31
0.0
  0
LINE
  5
474
  8
0
 62
1
 10
-11.426
 20
22.1704
 30
0.0
 11
-10.9393
 21
21.8453
 31
0.0
  0
LINE
  5
475
  8
0
 62
1
 10
-10.9393
 20
21.8453
 30
0.0
 11
-10.6142
 21
21.3586
 31
0.0
  0
LINE
  5
476
  8
0
 62
1
 10
-10.6142
 20
21.3586
 30
0.0
 11
-10.5
 21
20.7846
 31
0.0
  0
LINE
  5
477
  8
0
 62
1
 10
-10.5
 20
20.7846
 30
0.0
 11
-10.6142
 21
20.2106
 31
0.0
  0
LINE
  5
478
  8
0
 62
1
 10
-10.6142
 20
20.2106
 30
0.0
 11
-10.9393
 21
19.7239
 31
0.0
  0
LINE
  5
479
  8
0
 62
1
 10
-10.9393
 20
19.7239
 30
0.0
 11
-11.426
 21
19.3988
 31
0.0
  0
LINE
  5
47A
  8
0
 62
1
 10
-11.426
 20
19.3988
 30
0.0
 11
-12.0
 21
19.2846
 31
0.0
  0
LINE
  5
47B
  8
0
 62
1
 10
-12.0
 20
19.2846
 30
0.0
 11
-12.574
 21
19.3988
 31
0.0
  0
LINE
  5
47C
  8
0
 62
1
 10
-0.57402
 20
19.3988
 30
0.0
 11
-1.06065
 21
19.7239
 31
0.0
  0
LINE
  5
47D
  8
0
 62
1
 10
-1.06065
 20
19.7239
 30
0.0
 11
-1.38582
 21
20.2106
 31
0.0
  0
LINE
  5
47E
  8
0
 62
1
 10
-1.38582
 20
20.2106
 30
0.0
 11
-1.5
 21
20.7846
 31
0.0
  0
LINE
  5
47F
  8
0
 62
1
 10
-1.5
 20
20.7846
 30
0.0
 11
-1.38582
 21
21.3586
 31
0.0
  0
LINE
  5
480
  8
0
 62
1
 10
-1.38582
 20
21.3586
 30
0.0
 11
-1.06065
 21
21.8453
 31
0.0
  0
LINE
  5
481
  8
0
 62
1
 10
-1.06065
 20
21.8453
 30
0.0
 11
-0.57402
 21
22.1704
 31
0.0
  0
LINE
  5
482
  8
0
 62
1
 10
-0.57402
 20
22.1704
 30
0.0
 11
0.0
 21
22.2846
 31
0.0
  0
LINE
  5
483
  8
0
 62
1
 10
0.0
 20
22.2846
 30
0.0
 11
0.57402
 21
22.1704
 31
0.0
  0
LINE
  5
484
  8
0
 62
1
 10
0.57402
 20
22.1704
 30
0.0
 11
1.06065
 21
21.8453
 31
0.0
  0
LINE
  5
485
  8
0
 62
1
 10
1.06065
 20
21.8453
 30
0.0
 11
1.38582
 21
21.3586
 31
0.0
  0
LINE
  5
486
  8
0
 62
1
 10
1.38582
 20
21.3586
 30
0.0
 11
1.5
 21
20.7846
 31
0.0
  0
LINE
  5
487
  8
0
 62
1
 10
1.5
 20
20.7846
 30
0.0
 11
1.38582
 21
20.2106
 31
0.0
  0
LINE
  5
488
  8
0
 62
1
 10
1.38582
 20
20.2106
 30
0.0
 11
1.06065
 21
19.7239
 31
0.0
  0
LINE
  5
489
  8
0
 62
1
 10
1.06065
 20
19.7239
 30
0.0
 11
0.57402
 21
19.3988
 31
0.0
  0
LINE
  5
48A
  8
0
 62
1
 10
0.57402
 20
19.3988
 30
0.0
 11
0.0
 21
19.2846
 31
0.0
  0
LINE
  5
48B
  8
0
 62
1
 10
0.0
 20
19.2846
 30
0.0
 11
-0.57402
 21
19.3988
 31
0.0
  0
LINE
  5
48C
  8
0
 62
1
 10
5.42596
 20
19.3988
 30
0.0
 11
4.93933
 21
19.7239
 31
0.0
  0
LINE
  5
48D
  8
0
 62
1
 10
4.93933
 20
19.7239
 30
0.0
 11
4.61417
 21
20.2106
 31
0.0
  0
LINE
  5
48E
  8
0
 62
1
 10
4.61417
 20
20.2106
 30
0.0
 11
4.5
 21
20.7846
 31
0.0
  0
LINE
  5
48F
  8
0
 62
1
 10
4.5
 20
20.7846
 30
0.0
 11
4.61417
 21
21.3586
 31
0.0
  0
LINE
  5
490
  8
0
 62
1
 10
4.61417
 20
21.3586
 30
0.0
 11
4.93933
 21
21.8453
 31
0.0
  0
LINE
  5
491
  8
0
 62
1
 10
4.93933
 20
21.8453
 30
0.0
 11
5.42596
 21
22.1704
 31
0.0
  0
LINE
  5
492
  8
0
 62
1
 10
5.42596
 20
22.1704
 30
0.0
 11
6.0
 21
22.2846
 31
0.0
  0
LINE
  5
493
  8
0
 62
1
 10
6.0
 20
22.2846
 30
0.0
 11
6.57402
 21
22.1704
 31
0.0
  0
LINE
  5
494
  8
0
 62
1
 10
6.57402
 20
22.1704
 30
0.0
 11
7.06065
 21
21.8453
 31
0.0
  0
LINE
  5
495
  8
0
 62
1
 10
7.06065
 20
21.8453
 30
0.0
 11
7.38582
 21
21.3586
 31
0.0
  0
LINE
  5
496
  8
0
 62
1
 10
7.38582
 20
21.3586
 30
0.0
 11
7.5
 21
20.7846
 31
0.0
  0
LINE
  5
497
  8
0
 62
1
 10
7.5
 20
20.7846
 30
0.0
 11
7.38582
 21
20.2106
 31
0.0
  0
LINE
  5
498
  8
0
 62
1
 10
7.38582
 20
20.2106
 30
0.0
 11
7.06065
 21
19.7239
 31
0.0
  0
LINE
  5
499
  8
0
 62
1
 10
7.06065
 20
19.7239
 30
0.0
 11
6.57402
 21
19.3988
 31
0.0
  0
LINE
  5
49A
  8
0
 62
1
 10
6.57402
 20
19.3988
 30
0.0
 11
6.0
 21
19.2846
 31
0.0
  0
LINE
  5
49B
  8
0
 62
1
 10
6.0
 20
19.2846
 30
0.0
 11
5.42596
 21
19.3988
 31
0.0
  0
LINE
  5
49C
  8
0
 62
1
 10
17.426
 20
19.3988
 30
0.0
 11
16.9393
 21
19.7239
 31
0.0
  0
LINE
  5
49D
  8
0
 62
1
 10
16.9393
 20
19.7239
 30
0.0
 11
16.6142
 21
20.2106
 31
0.0
  0
LINE
  5
49E
  8
0
 62
1
 10
16.6142
 20
20.2106
 30
0.0
 11
16.5
 21
20.7846
 31
0.0
  0
LINE
  5
49F
  8
0
 62
1
 10
16.5
 20
20.7846
 30
0.0
 11
16.6142
 21
21.3586
 31
0.0
  0
LINE
  5
4A0
  8
0
 62
1
 10
16.6142
 20
21.3586
 30
0.0
 11
16.9393
 21
21.8453
 31
0.0
  0
LINE
  5
4A1
  8
0
 62
1
 10
16.9393
 20
21.8453
 30
0.0
 11
17.426
 21
22.1704
 31
0.0
  0
LINE
  5
4A2
  8
0
 62
1
 10
17.426
 20
22.1704
 30
0.0
 11
18.0
 21
22.2846
 31
0.0
  0
LINE
  5
4A3
  8
0
 62
1
 10
18.0
 20
22.2846
 30
0.0
 11
18.574
 21
22.1704
 31
0.0
  0
LINE
  5
4A4
  8
0
 62
1
 10
18.574
 20
22.1704
 30
0.0
 11
19.0607
 21
21.8453
 31
0.0
  0
LINE
  5
4A5
  8
0
 62
1
 10
19.0607
 20
21.8453
 30
0.0
 11
19.3858
 21
21.3586
 31
0.0
  0
LINE
  5
4A6
  8
0
 62
1
 10
19.3858
 20
21.3586
 30
0.0
 11
19.5
 21
20.7846
 31
0.0
  0
LINE
  5
4A7
  8
0
 62
1
 10
19.5
 20
20.7846
 30
0.0
 11
19.3858
 21
20.2106
 31
0.0
  0
LINE
  5
4A8
  8
0
 62
1
 10
19.3858
 20
20.2106
 30
0.0
 11
19.0607
 21
19.7239
 31
0.0
  0
LINE
  5
4A9
  8
0
 62
1
 10
19.0607
 20
19.7239
 30
0.0
 11
18.574
 21
19.3988
 31
0.0
  0
LINE
  5
4AA
  8
0
 62
1
 10
18.574
 20
19.3988
 30
0.0
 11
18.0
 21
19.2846
 31
0.0
  0
LINE
  5
4AB
  8
0
 62
1
 10
18.0
 20
19.2846
 30
0.0
 11
17.426
 21
19.3988
 31
0.0
  0
LINE
  5
4AC
  8
0
 62
1
 10
23.426
 20
19.3988
 30
0.0
 11
22.9393
 21
19.7239
 31
0.0
  0
LINE
  5
4AD
  8
0
 62
1
 10
22.9393
 20
19.7239
 30
0.0
 11
22.6142
 21
20.2106
 31
0.0
  0
LINE
  5
4AE
  8
0
 62
1
 10
22.6142
 20
20.2106
 30
0.0
 11
22.5
 21
20.7846
 31
0.0
  0
LINE
  5
4AF
  8
0
 62
1
 10
22.5
 20
20.7846
 30
0.0
 11
22.6142
 21
21.3586
 31
0.0
  0
LINE
  5
4B0
  8
0
 62
1
 10
22.6142
 20
21.3586
 30
0.0
 11
22.9393
 21
21.8453
 31
0.0
  0
LINE
  5
4B1
  8
0
 62
1
 10
22.9393
 20
21.8453
 30
0.0
 11
23.426
 21
22.1704
 31
0.0
  0
LINE
  5
4B2
  8
0
 62
1
 10
23.426
 20
22.1704
 30
0.0
 11
24.0
 21
22.2846
 31
0.0
  0
LINE
  5
4B3
  8
0
 62
1
 10
24.0
 20
22.2846
 30
0.0
 11
24.574
 21
22.1704
 31
0.0
  0
LINE
  5
4B4
  8
0
 62
1
 10
24.574
 20
22.1704
 30
0.0
 11
25.0607
 21
21.8453
 31
0.0
  0
LINE
  5
4B5
  8
0
 62
1
 10
25.0607
 20
21.8453
 30
0.0
 11
25.3858
 21
21.3586
 31
0.0
  0
LINE
  5
4B6
  8
0
 62
1
 10
25.3858
 20
21.3586
 30
0.0
 11
25.5
 21
20.7846
 31
0.0
  0
LINE
  5
4B7
  8
0
 62
1
 10
25.5
 20
20.7846
 30
0.0
 11
25.3858
 21
20.2106
 31
0.0
  0
LINE
  5
4B8
  8
0
 62
1
 10
25.3858
 20
20.2106
 30
0.0
 11
25.0607
 21
19.7239
 31
0.0
  0
LINE
  5
4B9
  8
0
 62
1
 10
25.0607
 20
19.7239
 30
0.0
 11
24.574
 21
19.3988
 31
0.0
  0
LINE
  5
4BA
  8
0
 62
1
 10
24.574
 20
19.3988
 30
0.0
 11
24.0
 21
19.2846
 31
0.0
  0
LINE
  5
4BB
  8
0
 62
1
 10
24.0
 20
19.2846
 30
0.0
 11
23.426
 21
19.3988
 31
0.0
  0
LINE
  5
4BC
  8
0
 62
1
 10
29.426
 20
19.3988
 30
0.0
 11
28.9393
 21
19.7239
 31
0.0
  0
LINE
  5
4BD
  8
0
 62
1
 10
28.9393
 20
19.7239
 30
0.0
 11
28.6142
 21
20.2106
 31
0.0
  0
LINE
  5
4BE
  8
0
 62
1
 10
28.6142
 20
20.2106
 30
0.0
 11
28.5
 21
20.7846
 31
0.0
  0
LINE
  5
4BF
  8
0
 62
1
 10
28.5
 20
20.7846
 30
0.0
 11
28.6142
 21
21.3586
 31
0.0
  0
LINE
  5
4C0
  8
0
 62
1
 10
28.6142
 20
21.3586
 30
0.0
 11
28.9393
 21
21.8453
 31
0.0
  0
LINE
  5
4C1
  8
0
 62
1
 10
28.9393
 20
21.8453
 30
0.0
 11
29.426
 21
22.1704
 31
0.0
  0
LINE
  5
4C2
  8
0
 62
1
 10
29.426
 20
22.1704
 30
0.0
 11
30.0
 21
22.2846
 31
0.0
  0
LINE
  5
4C3
  8
0
 62
1
 10
30.0
 20
22.2846
 30
0.0
 11
30.574
 21
22.1704
 31
0.0
  0
LINE
  5
4C4
  8
0
 62
1
 10
30.574
 20
22.1704
 30
0.0
 11
31.0607
 21
21.8453
 31
0.0
  0
LINE
  5
4C5
  8
0
 62
1
 10
31.0607
 20
21.8453
 30
0.0
 11
31.3858
 21
21.3586
 31
0.0
  0
LINE
  5
4C6
  8
0
 62
1
 10
31.3858
 20
21.3586
 30
0.0
 11
31.5
 21
20.7846
 31
0.0
  0
LINE
  5
4C7
  8
0
 62
1
 10
31.5
 20
20.7846
 30
0.0
 11
31.3858
 21
20.2106
 31
0.0
  0
LINE
  5
4C8
  8
0
 62
1
 10
31.3858
 20
20.2106
 30
0.0
 11
31.0607
 21
19.7239
 31
0.0
  0
LINE
  5
4C9
  8
0
 62
1
 10
31.0607
 20
19.7239
 30
0.0
 11
30.574
 21
19.3988
 31
0.0
  0
LINE
  5
4CA
  8
0
 62
1
 10
30.574
 20
19.3988
 30
0.0
 11
30.0
 21
19.2846
 31
0.0
  0
LINE
  5
4CB
  8
0
 62
1
 10
30.0
 20
19.2846
 30
0.0
 11
29.426
 21
19.3988
 31
0.0
  0
LINE
  5
4CC
  8
0
 62
1
 10
11.426
 20
19.3988
 30
0.0
 11
10.9393
 21
19.7239
 31
0.0
  0
LINE
  5
4CD
  8
0
 62
1
 10
10.9393
 20
19.7239
 30
0.0
 11
10.6142
 21
20.2106
 31
0.0
  0
LINE
  5
4CE
  8
0
 62
1
 10
10.6142
 20
20.2106
 30
0.0
 11
10.5
 21
20.7846
 31
0.0
  0
LINE
  5
4CF
  8
0
 62
1
 10
10.5
 20
20.7846
 30
0.0
 11
10.6142
 21
21.3586
 31
0.0
  0
LINE
  5
4D0
  8
0
 62
1
 10
10.6142
 20
21.3586
 30
0.0
 11
10.9393
 21
21.8453
 31
0.0
  0
LINE
  5
4D1
  8
0
 62
1
 10
10.9393
 20
21.8453
 30
0.0
 11
11.426
 21
22.1704
 31
0.0
  0
LINE
  5
4D2
  8
0
 62
1
 10
11.426
 20
22.1704
 30
0.0
 11
12.0
 21
22.2846
 31
0.0
  0
LINE
  5
4D3
  8
0
 62
1
 10
12.0
 20
22.2846
 30
0.0
 11
12.574
 21
22.1704
 31
0.0
  0
LINE
  5
4D4
  8
0
 62
1
 10
12.574
 20
22.1704
 30
0.0
 11
13.0607
 21
21.8453
 31
0.0
  0
LINE
  5
4D5
  8
0
 62
1
 10
13.0607
 20
21.8453
 30
0.0
 11
13.3858
 21
21.3586
 31
0.0
  0
LINE
  5
4D6
  8
0
 62
1
 10
13.3858
 20
21.3586
 30
0.0
 11
13.5
 21
20.7846
 31
0.0
  0
LINE
  5
4D7
  8
0
 62
1
 10
13.5
 20
20.7846
 30
0.0
 11
13.3858
 21
20.2106
 31
0.0
  0
LINE
  5
4D8
  8
0
 62
1
 10
13.3858
 20
20.2106
 30
0.0
 11
13.0607
 21
19.7239
 31
0.0
  0
LINE
  5
4D9
  8
0
 62
1
 10
13.0607
 20
19.7239
 30
0.0
 11
12.574
 21
19.3988
 31
0.0
  0
LINE
  5
4DA
  8
0
 62
1
 10
12.574
 20
19.3988
 30
0.0
 11
12.0
 21
19.2846
 31
0.0
  0
LINE
  5
4DB
  8
0
 62
1
 10
12.0
 20
19.2846
 30
0.0
 11
11.426
 21
19.3988
 31
0.0
  0
LINE
  5
4DC
  8
0
 62
1
 10
26.426
 20
14.2026
 30
0.0
 11
25.9393
 21
14.5278
 31
0.0
  0
LINE
  5
4DD
  8
0
 62
1
 10
25.9393
 20
14.5278
 30
0.0
 11
25.6142
 21
15.0144
 31
0.0
  0
LINE
  5
4DE
  8
0
 62
1
 10
25.6142
 20
15.0144
 30
0.0
 11
25.5
 21
15.5885
 31
0.0
  0
LINE
  5
4DF
  8
0
 62
1
 10
25.5
 20
15.5885
 30
0.0
 11
25.6142
 21
16.1625
 31
0.0
  0
LINE
  5
4E0
  8
0
 62
1
 10
25.6142
 20
16.1625
 30
0.0
 11
25.9393
 21
16.6491
 31
0.0
  0
LINE
  5
4E1
  8
0
 62
1
 10
25.9393
 20
16.6491
 30
0.0
 11
26.426
 21
16.9743
 31
0.0
  0
LINE
  5
4E2
  8
0
 62
1
 10
26.426
 20
16.9743
 30
0.0
 11
27.0
 21
17.0885
 31
0.0
  0
LINE
  5
4E3
  8
0
 62
1
 10
27.0
 20
17.0885
 30
0.0
 11
27.574
 21
16.9743
 31
0.0
  0
LINE
  5
4E4
  8
0
 62
1
 10
27.574
 20
16.9743
 30
0.0
 11
28.0607
 21
16.6491
 31
0.0
  0
LINE
  5
4E5
  8
0
 62
1
 10
28.0607
 20
16.6491
 30
0.0
 11
28.3858
 21
16.1625
 31
0.0
  0
LINE
  5
4E6
  8
0
 62
1
 10
28.3858
 20
16.1625
 30
0.0
 11
28.5
 21
15.5885
 31
0.0
  0
LINE
  5
4E7
  8
0
 62
1
 10
28.5
 20
15.5885
 30
0.0
 11
28.3858
 21
15.0144
 31
0.0
  0
LINE
  5
4E8
  8
0
 62
1
 10
28.3858
 20
15.0144
 30
0.0
 11
28.0607
 21
14.5278
 31
0.0
  0
LINE
  5
4E9
  8
0
 62
1
 10
28.0607
 20
14.5278
 30
0.0
 11
27.574
 21
14.2026
 31
0.0
  0
LINE
  5
4EA
  8
0
 62
1
 10
27.574
 20
14.2026
 30
0.0
 11
27.0
 21
14.0885
 31
0.0
  0
LINE
  5
4EB
  8
0
 62
1
 10
27.0
 20
14.0885
 30
0.0
 11
26.426
 21
14.2026
 31
0.0
  0
LINE
  5
4EC
  8
0
 62
1
 10
20.426
 20
14.2026
 30
0.0
 11
19.9393
 21
14.5278
 31
0.0
  0
LINE
  5
4ED
  8
0
 62
1
 10
19.9393
 20
14.5278
 30
0.0
 11
19.6142
 21
15.0144
 31
0.0
  0
LINE
  5
4EE
  8
0
 62
1
 10
19.6142
 20
15.0144
 30
0.0
 11
19.5
 21
15.5885
 31
0.0
  0
LINE
  5
4EF
  8
0
 62
1
 10
19.5
 20
15.5885
 30
0.0
 11
19.6142
 21
16.1625
 31
0.0
  0
LINE
  5
4F0
  8
0
 62
1
 10
19.6142
 20
16.1625
 30
0.0
 11
19.9393
 21
16.6491
 31
0.0
  0
LINE
  5
4F1
  8
0
 62
1
 10
19.9393
 20
16.6491
 30
0.0
 11
20.426
 21
16.9743
 31
0.0
  0
LINE
  5
4F2
  8
0
 62
1
 10
20.426
 20
16.9743
 30
0.0
 11
21.0
 21
17.0885
 31
0.0
  0
LINE
  5
4F3
  8
0
 62
1
 10
21.0
 20
17.0885
 30
0.0
 11
21.574
 21
16.9743
 31
0.0
  0
LINE
  5
4F4
  8
0
 62
1
 10
21.574
 20
16.9743
 30
0.0
 11
22.0607
 21
16.6491
 31
0.0
  0
LINE
  5
4F5
  8
0
 62
1
 10
22.0607
 20
16.6491
 30
0.0
 11
22.3858
 21
16.1625
 31
0.0
  0
LINE
  5
4F6
  8
0
 62
1
 10
22.3858
 20
16.1625
 30
0.0
 11
22.5
 21
15.5885
 31
0.0
  0
LINE
  5
4F7
  8
0
 62
1
 10
22.5
 20
15.5885
 30
0.0
 11
22.3858
 21
15.0144
 31
0.0
  0
LINE
  5
4F8
  8
0
 62
1
 10
22.3858
 20
15.0144
 30
0.0
 11
22.0607
 21
14.5278
 31
0.0
  0
LINE
  5
4F9
  8
0
 62
1
 10
22.0607
 20
14.5278
 30
0.0
 11
21.574
 21
14.2026
 31
0.0
  0
LINE
  5
4FA
  8
0
 62
1
 10
21.574
 20
14.2026
 30
0.0
 11
21.0
 21
14.0885
 31
0.0
  0
LINE
  5
4FB
  8
0
 62
1
 10
21.0
 20
14.0885
 30
0.0
 11
20.426
 21
14.2026
 31
0.0
  0
LINE
  5
4FC
  8
0
 62
1
 10
14.426
 20
14.2026
 30
0.0
 11
13.9393
 21
14.5278
 31
0.0
  0
LINE
  5
4FD
  8
0
 62
1
 10
13.9393
 20
14.5278
 30
0.0
 11
13.6142
 21
15.0144
 31
0.0
  0
LINE
  5
4FE
  8
0
 62
1
 10
13.6142
 20
15.0144
 30
0.0
 11
13.5
 21
15.5885
 31
0.0
  0
LINE
  5
4FF
  8
0
 62
1
 10
13.5
 20
15.5885
 30
0.0
 11
13.6142
 21
16.1625
 31
0.0
  0
LINE
  5
500
  8
0
 62
1
 10
13.6142
 20
16.1625
 30
0.0
 11
13.9393
 21
16.6491
 31
0.0
  0
LINE
  5
501
  8
0
 62
1
 10
13.9393
 20
16.6491
 30
0.0
 11
14.426
 21
16.9743
 31
0.0
  0
LINE
  5
502
  8
0
 62
1
 10
14.426
 20
16.9743
 30
0.0
 11
15.0
 21
17.0885
 31
0.0
  0
LINE
  5
503
  8
0
 62
1
 10
15.0
 20
17.0885
 30
0.0
 11
15.574
 21
16.9743
 31
0.0
  0
LINE
  5
504
  8
0
 62
1
 10
15.574
 20
16.9743
 30
0.0
 11
16.0607
 21
16.6491
 31
0.0
  0
LINE
  5
505
  8
0
 62
1
 10
16.0607
 20
16.6491
 30
0.0
 11
16.3858
 21
16.1625
 31
0.0
  0
LINE
  5
506
  8
0
 62
1
 10
16.3858
 20
16.1625
 30
0.0
 11
16.5
 21
15.5885
 31
0.0
  0
LINE
  5
507
  8
0
 62
1
 10
16.5
 20
15.5885
 30
0.0
 11
16.3858
 21
15.0144
 31
0.0
  0
LINE
  5
508
  8
0
 62
1
 10
16.3858
 20
15.0144
 30
0.0
 11
16.0607
 21
14.5278
 31
0.0
  0
LINE
  5
509
  8
0
 62
1
 10
16.0607
 20
14.5278
 30
0.0
 11
15.574
 21
14.2026
 31
0.0
  0
LINE
  5
50A
  8
0
 62
1
 10
15.574
 20
14.2026
 30
0.0
 11
15.0
 21
14.0885
 31
0.0
  0
LINE
  5
50B
  8
0
 62
1
 10
15.0
 20
14.0885
 30
0.0
 11
14.426
 21
14.2026
 31
0.0
  0
LINE
  5
50C
  8
0
 62
1
 10
8.42596
 20
14.2026
 30
0.0
 11
7.93933
 21
14.5278
 31
0.0
  0
LINE
  5
50D
  8
0
 62
1
 10
7.93933
 20
14.5278
 30
0.0
 11
7.61417
 21
15.0144
 31
0.0
  0
LINE
  5
50E
  8
0
 62
1
 10
7.61417
 20
15.0144
 30
0.0
 11
7.5
 21
15.5885
 31
0.0
  0
LINE
  5
50F
  8
0
 62
1
 10
7.5
 20
15.5885
 30
0.0
 11
7.61417
 21
16.1625
 31
0.0
  0
LINE
  5
510
  8
0
 62
1
 10
7.61417
 20
16.1625
 30
0.0
 11
7.93933
 21
16.6491
 31
0.0
  0
LINE
  5
511
  8
0
 62
1
 10
7.93933
 20
16.6491
 30
0.0
 11
8.42596
 21
16.9743
 31
0.0
  0
LINE
  5
512
  8
0
 62
1
 10
8.42596
 20
16.9743
 30
0.0
 11
9.0
 21
17.0885
 31
0.0
  0
LINE
  5
513
  8
0
 62
1
 10
9.0
 20
17.0885
 30
0.0
 11
9.57402
 21
16.9743
 31
0.0
  0
LINE
  5
514
  8
0
 62
1
 10
9.57402
 20
16.9743
 30
0.0
 11
10.0607
 21
16.6491
 31
0.0
  0
LINE
  5
515
  8
0
 62
1
 10
10.0607
 20
16.6491
 30
0.0
 11
10.3858
 21
16.1625
 31
0.0
  0
LINE
  5
516
  8
0
 62
1
 10
10.3858
 20
16.1625
 30
0.0
 11
10.5
 21
15.5885
 31
0.0
  0
LINE
  5
517
  8
0
 62
1
 10
10.5
 20
15.5885
 30
0.0
 11
10.3858
 21
15.0144
 31
0.0
  0
LINE
  5
518
  8
0
 62
1
 10
10.3858
 20
15.0144
 30
0.0
 11
10.0607
 21
14.5278
 31
0.0
  0
LINE
  5
519
  8
0
 62
1
 10
10.0607
 20
14.5278
 30
0.0
 11
9.57402
 21
14.2026
 31
0.0
  0
LINE
  5
51A
  8
0
 62
1
 10
9.57402
 20
14.2026
 30
0.0
 11
9.0
 21
14.0885
 31
0.0
  0
LINE
  5
51B
  8
0
 62
1
 10
9.0
 20
14.0885
 30
0.0
 11
8.42596
 21
14.2026
 31
0.0
  0
LINE
  5
51C
  8
0
 62
1
 10
2.42596
 20
14.2026
 30
0.0
 11
1.93933
 21
14.5278
 31
0.0
  0
LINE
  5
51D
  8
0
 62
1
 10
1.93933
 20
14.5278
 30
0.0
 11
1.61417
 21
15.0144
 31
0.0
  0
LINE
  5
51E
  8
0
 62
1
 10
1.61417
 20
15.0144
 30
0.0
 11
1.5
 21
15.5885
 31
0.0
  0
LINE
  5
51F
  8
0
 62
1
 10
1.5
 20
15.5885
 30
0.0
 11
1.61417
 21
16.1625
 31
0.0
  0
LINE
  5
520
  8
0
 62
1
 10
1.61417
 20
16.1625
 30
0.0
 11
1.93933
 21
16.6491
 31
0.0
  0
LINE
  5
521
  8
0
 62
1
 10
1.93933
 20
16.6491
 30
0.0
 11
2.42596
 21
16.9743
 31
0.0
  0
LINE
  5
522
  8
0
 62
1
 10
2.42596
 20
16.9743
 30
0.0
 11
3.0
 21
17.0885
 31
0.0
  0
LINE
  5
523
  8
0
 62
1
 10
3.0
 20
17.0885
 30
0.0
 11
3.57402
 21
16.9743
 31
0.0
  0
LINE
  5
524
  8
0
 62
1
 10
3.57402
 20
16.9743
 30
0.0
 11
4.06065
 21
16.6491
 31
0.0
  0
LINE
  5
525
  8
0
 62
1
 10
4.06065
 20
16.6491
 30
0.0
 11
4.38582
 21
16.1625
 31
0.0
  0
LINE
  5
526
  8
0
 62
1
 10
4.38582
 20
16.1625
 30
0.0
 11
4.5
 21
15.5885
 31
0.0
  0
LINE
  5
527
  8
0
 62
1
 10
4.5
 20
15.5885
 30
0.0
 11
4.38582
 21
15.0144
 31
0.0
  0
LINE
  5
528
  8
0
 62
1
 10
4.38582
 20
15.0144
 30
0.0
 11
4.06065
 21
14.5278
 31
0.0
  0
LINE
  5
529
  8
0
 62
1
 10
4.06065
 20
14.5278
 30
0.0
 11
3.57402
 21
14.2026
 31
0.0
  0
LINE
  5
52A
  8
0
 62
1
 10
3.57402
 20
14.2026
 30
0.0
 11
3.0
 21
14.0885
 31
0.0
  0
LINE
  5
52B
  8
0
 62
1
 10
3.0
 20
14.0885
 30
0.0
 11
2.42596
 21
14.2026
 31
0.0
  0
LINE
  5
52C
  8
0
 62
1
 10
32.426
 20
14.2026
 30
0.0
 11
31.9393
 21
14.5278
 31
0.0
  0
LINE
  5
52D
  8
0
 62
1
 10
31.9393
 20
14.5278
 30
0.0
 11
31.6142
 21
15.0144
 31
0.0
  0
LINE
  5
52E
  8
0
 62
1
 10
31.6142
 20
15.0144
 30
0.0
 11
31.5
 21
15.5885
 31
0.0
  0
LINE
  5
52F
  8
0
 62
1
 10
31.5
 20
15.5885
 30
0.0
 11
31.6142
 21
16.1625
 31
0.0
  0
LINE
  5
530
  8
0
 62
1
 10
31.6142
 20
16.1625
 30
0.0
 11
31.9393
 21
16.6491
 31
0.0
  0
LINE
  5
531
  8
0
 62
1
 10
31.9393
 20
16.6491
 30
0.0
 11
32.426
 21
16.9743
 31
0.0
  0
LINE
  5
532
  8
0
 62
1
 10
32.426
 20
16.9743
 30
0.0
 11
33.0
 21
17.0885
 31
0.0
  0
LINE
  5
533
  8
0
 62
1
 10
33.0
 20
17.0885
 30
0.0
 11
33.574
 21
16.9743
 31
0.0
  0
LINE
  5
534
  8
0
 62
1
 10
33.574
 20
16.9743
 30
0.0
 11
34.0607
 21
16.6491
 31
0.0
  0
LINE
  5
535
  8
0
 62
1
 10
34.0607
 20
16.6491
 30
0.0
 11
34.3858
 21
16.1625
 31
0.0
  0
LINE
  5
536
  8
0
 62
1
 10
34.3858
 20
16.1625
 30
0.0
 11
34.5
 21
15.5885
 31
0.0
  0
LINE
  5
537
  8
0
 62
1
 10
34.5
 20
15.5885
 30
0.0
 11
34.3858
 21
15.0144
 31
0.0
  0
LINE
  5
538
  8
0
 62
1
 10
34.3858
 20
15.0144
 30
0.0
 11
34.0607
 21
14.5278
 31
0.0
  0
LINE
  5
539
  8
0
 62
1
 10
34.0607
 20
14.5278
 30
0.0
 11
33.574
 21
14.2026
 31
0.0
  0
LINE
  5
53A
  8
0
 62
1
 10
33.574
 20
14.2026
 30
0.0
 11
33.0
 21
14.0885
 31
0.0
  0
LINE
  5
53B
  8
0
 62
1
 10
33.0
 20
14.0885
 30
0.0
 11
32.426
 21
14.2026
 31
0.0
  0
LINE
  5
53C
  8
0
 62
1
 10
38.426
 20
14.2026
 30
0.0
 11
37.9393
 21
14.5278
 31
0.0
  0
LINE
  5
53D
  8
0
 62
1
 10
37.9393
 20
14.5278
 30
0.0
 11
37.6142
 21
15.0144
 31
0.0
  0
LINE
  5
53E
  8
0
 62
1
 10
37.6142
 20
15.0144
 30
0.0
 11
37.5
 21
15.5885
 31
0.0
  0
LINE
  5
53F
  8
0
 62
1
 10
37.5
 20
15.5885
 30
0.0
 11
37.6142
 21
16.1625
 31
0.0
  0
LINE
  5
540
  8
0
 62
1
 10
37.6142
 20
16.1625
 30
0.0
 11
37.9393
 21
16.6491
 31
0.0
  0
LINE
  5
541
  8
0
 62
1
 10
37.9393
 20
16.6491
 30
0.0
 11
38.426
 21
16.9743
 31
0.0
  0
LINE
  5
542
  8
0
 62
1
 10
38.426
 20
16.9743
 30
0.0
 11
39.0
 21
17.0885
 31
0.0
  0
LINE
  5
543
  8
0
 62
1
 10
39.0
 20
17.0885
 30
0.0
 11
39.574
 21
16.9743
 31
0.0
  0
LINE
  5
544
  8
0
 62
1
 10
39.574
 20
16.9743
 30
0.0
 11
40.0607
 21
16.6491
 31
0.0
  0
LINE
  5
545
  8
0
 62
1
 10
40.0607
 20
16.6491
 30
0.0
 11
40.3858
 21
16.1625
 31
0.0
  0
LINE
  5
546
  8
0
 62
1
 10
40.3858
 20
16.1625
 30
0.0
 11
40.5
 21
15.5885
 31
0.0
  0
LINE
  5
547
  8
0
 62
1
 10
40.5
 20
15.5885
 30
0.0
 11
40.3858
 21
15.0144
 31
0.0
  0
LINE
  5
548
  8
0
 62
1
 10
40.3858
 20
15.0144
 30
0.0
 11
40.0607
 21
14.5278
 31
0.0
  0
LINE
  5
549
  8
0
 62
1
 10
40.0607
 20
14.5278
 30
0.0
 11
39.574
 21
14.2026
 31
0.0
  0
LINE
  5
54A
  8
0
 62
1
 10
39.574
 20
14.2026
 30
0.0
 11
39.0
 21
14.0885
 31
0.0
  0
LINE
  5
54B
  8
0
 62
1
 10
39.0
 20
14.0885
 30
0.0
 11
38.426
 21
14.2026
 31
0.0
  0
LINE
  5
54C
  8
0
 62
1
 10
-39.574
 20
14.2026
 30
0.0
 11
-40.0607
 21
14.5278
 31
0.0
  0
LINE
  5
54D
  8
0
 62
1
 10
-40.0607
 20
14.5278
 30
0.0
 11
-40.3858
 21
15.0144
 31
0.0
  0
LINE
  5
54E
  8
0
 62
1
 10
-40.3858
 20
15.0144
 30
0.0
 11
-40.5
 21
15.5885
 31
0.0
  0
LINE
  5
54F
  8
0
 62
1
 10
-40.5
 20
15.5885
 30
0.0
 11
-40.3858
 21
16.1625
 31
0.0
  0
LINE
  5
550
  8
0
 62
1
 10
-40.3858
 20
16.1625
 30
0.0
 11
-40.0607
 21
16.6491
 31
0.0
  0
LINE
  5
551
  8
0
 62
1
 10
-40.0607
 20
16.6491
 30
0.0
 11
-39.574
 21
16.9743
 31
0.0
  0
LINE
  5
552
  8
0
 62
1
 10
-39.574
 20
16.9743
 30
0.0
 11
-39.0
 21
17.0885
 31
0.0
  0
LINE
  5
553
  8
0
 62
1
 10
-39.0
 20
17.0885
 30
0.0
 11
-38.426
 21
16.9743
 31
0.0
  0
LINE
  5
554
  8
0
 62
1
 10
-38.426
 20
16.9743
 30
0.0
 11
-37.9393
 21
16.6491
 31
0.0
  0
LINE
  5
555
  8
0
 62
1
 10
-37.9393
 20
16.6491
 30
0.0
 11
-37.6142
 21
16.1625
 31
0.0
  0
LINE
  5
556
  8
0
 62
1
 10
-37.6142
 20
16.1625
 30
0.0
 11
-37.5
 21
15.5885
 31
0.0
  0
LINE
  5
557
  8
0
 62
1
 10
-37.5
 20
15.5885
 30
0.0
 11
-37.6142
 21
15.0144
 31
0.0
  0
LINE
  5
558
  8
0
 62
1
 10
-37.6142
 20
15.0144
 30
0.0
 11
-37.9393
 21
14.5278
 31
0.0
  0
LINE
  5
559
  8
0
 62
1
 10
-37.9393
 20
14.5278
 30
0.0
 11
-38.426
 21
14.2026
 31
0.0
  0
LINE
  5
55A
  8
0
 62
1
 10
-38.426
 20
14.2026
 30
0.0
 11
-39.0
 21
14.0885
 31
0.0
  0
LINE
  5
55B
  8
0
 62
1
 10
-39.0
 20
14.0885
 30
0.0
 11
-39.574
 21
14.2026
 31
0.0
  0
LINE
  5
55C
  8
0
 62
1
 10
-33.574
 20
14.2026
 30
0.0
 11
-34.0607
 21
14.5278
 31
0.0
  0
LINE
  5
55D
  8
0
 62
1
 10
-34.0607
 20
14.5278
 30
0.0
 11
-34.3858
 21
15.0144
 31
0.0
  0
LINE
  5
55E
  8
0
 62
1
 10
-34.3858
 20
15.0144
 30
0.0
 11
-34.5
 21
15.5885
 31
0.0
  0
LINE
  5
55F
  8
0
 62
1
 10
-34.5
 20
15.5885
 30
0.0
 11
-34.3858
 21
16.1625
 31
0.0
  0
LINE
  5
560
  8
0
 62
1
 10
-34.3858
 20
16.1625
 30
0.0
 11
-34.0607
 21
16.6491
 31
0.0
  0
LINE
  5
561
  8
0
 62
1
 10
-34.0607
 20
16.6491
 30
0.0
 11
-33.574
 21
16.9743
 31
0.0
  0
LINE
  5
562
  8
0
 62
1
 10
-33.574
 20
16.9743
 30
0.0
 11
-33.0
 21
17.0885
 31
0.0
  0
LINE
  5
563
  8
0
 62
1
 10
-33.0
 20
17.0885
 30
0.0
 11
-32.426
 21
16.9743
 31
0.0
  0
LINE
  5
564
  8
0
 62
1
 10
-32.426
 20
16.9743
 30
0.0
 11
-31.9393
 21
16.6491
 31
0.0
  0
LINE
  5
565
  8
0
 62
1
 10
-31.9393
 20
16.6491
 30
0.0
 11
-31.6142
 21
16.1625
 31
0.0
  0
LINE
  5
566
  8
0
 62
1
 10
-31.6142
 20
16.1625
 30
0.0
 11
-31.5
 21
15.5885
 31
0.0
  0
LINE
  5
567
  8
0
 62
1
 10
-31.5
 20
15.5885
 30
0.0
 11
-31.6142
 21
15.0144
 31
0.0
  0
LINE
  5
568
  8
0
 62
1
 10
-31.6142
 20
15.0144
 30
0.0
 11
-31.9393
 21
14.5278
 31
0.0
  0
LINE
  5
569
  8
0
 62
1
 10
-31.9393
 20
14.5278
 30
0.0
 11
-32.426
 21
14.2026
 31
0.0
  0
LINE
  5
56A
  8
0
 62
1
 10
-32.426
 20
14.2026
 30
0.0
 11
-33.0
 21
14.0885
 31
0.0
  0
LINE
  5
56B
  8
0
 62
1
 10
-33.0
 20
14.0885
 30
0.0
 11
-33.574
 21
14.2026
 31
0.0
  0
LINE
  5
56C
  8
0
 62
1
 10
-27.574
 20
14.2026
 30
0.0
 11
-28.0607
 21
14.5278
 31
0.0
  0
LINE
  5
56D
  8
0
 62
1
 10
-28.0607
 20
14.5278
 30
0.0
 11
-28.3858
 21
15.0144
 31
0.0
  0
LINE
  5
56E
  8
0
 62
1
 10
-28.3858
 20
15.0144
 30
0.0
 11
-28.5
 21
15.5885
 31
0.0
  0
LINE
  5
56F
  8
0
 62
1
 10
-28.5
 20
15.5885
 30
0.0
 11
-28.3858
 21
16.1625
 31
0.0
  0
LINE
  5
570
  8
0
 62
1
 10
-28.3858
 20
16.1625
 30
0.0
 11
-28.0607
 21
16.6491
 31
0.0
  0
LINE
  5
571
  8
0
 62
1
 10
-28.0607
 20
16.6491
 30
0.0
 11
-27.574
 21
16.9743
 31
0.0
  0
LINE
  5
572
  8
0
 62
1
 10
-27.574
 20
16.9743
 30
0.0
 11
-27.0
 21
17.0885
 31
0.0
  0
LINE
  5
573
  8
0
 62
1
 10
-27.0
 20
17.0885
 30
0.0
 11
-26.426
 21
16.9743
 31
0.0
  0
LINE
  5
574
  8
0
 62
1
 10
-26.426
 20
16.9743
 30
0.0
 11
-25.9393
 21
16.6491
 31
0.0
  0
LINE
  5
575
  8
0
 62
1
 10
-25.9393
 20
16.6491
 30
0.0
 11
-25.6142
 21
16.1625
 31
0.0
  0
LINE
  5
576
  8
0
 62
1
 10
-25.6142
 20
16.1625
 30
0.0
 11
-25.5
 21
15.5885
 31
0.0
  0
LINE
  5
577
  8
0
 62
1
 10
-25.5
 20
15.5885
 30
0.0
 11
-25.6142
 21
15.0144
 31
0.0
  0
LINE
  5
578
  8
0
 62
1
 10
-25.6142
 20
15.0144
 30
0.0
 11
-25.9393
 21
14.5278
 31
0.0
  0
LINE
  5
579
  8
0
 62
1
 10
-25.9393
 20
14.5278
 30
0.0
 11
-26.426
 21
14.2026
 31
0.0
  0
LINE
  5
57A
  8
0
 62
1
 10
-26.426
 20
14.2026
 30
0.0
 11
-27.0
 21
14.0885
 31
0.0
  0
LINE
  5
57B
  8
0
 62
1
 10
-27.0
 20
14.0885
 30
0.0
 11
-27.574
 21
14.2026
 31
0.0
  0
LINE
  5
57C
  8
0
 62
1
 10
-21.574
 20
14.2026
 30
0.0
 11
-22.0607
 21
14.5278
 31
0.0
  0
LINE
  5
57D
  8
0
 62
1
 10
-22.0607
 20
14.5278
 30
0.0
 11
-22.3858
 21
15.0144
 31
0.0
  0
LINE
  5
57E
  8
0
 62
1
 10
-22.3858
 20
15.0144
 30
0.0
 11
-22.5
 21
15.5885
 31
0.0
  0
LINE
  5
57F
  8
0
 62
1
 10
-22.5
 20
15.5885
 30
0.0
 11
-22.3858
 21
16.1625
 31
0.0
  0
LINE
  5
580
  8
0
 62
1
 10
-22.3858
 20
16.1625
 30
0.0
 11
-22.0607
 21
16.6491
 31
0.0
  0
LINE
  5
581
  8
0
 62
1
 10
-22.0607
 20
16.6491
 30
0.0
 11
-21.574
 21
16.9743
 31
0.0
  0
LINE
  5
582
  8
0
 62
1
 10
-21.574
 20
16.9743
 30
0.0
 11
-21.0
 21
17.0885
 31
0.0
  0
LINE
  5
583
  8
0
 62
1
 10
-21.0
 20
17.0885
 30
0.0
 11
-20.426
 21
16.9743
 31
0.0
  0
LINE
  5
584
  8
0
 62
1
 10
-20.426
 20
16.9743
 30
0.0
 11
-19.9393
 21
16.6491
 31
0.0
  0
LINE
  5
585
  8
0
 62
1
 10
-19.9393
 20
16.6491
 30
0.0
 11
-19.6142
 21
16.1625
 31
0.0
  0
LINE
  5
586
  8
0
 62
1
 10
-19.6142
 20
16.1625
 30
0.0
 11
-19.5
 21
15.5885
 31
0.0
  0
LINE
  5
587
  8
0
 62
1
 10
-19.5
 20
15.5885
 30
0.0
 11
-19.6142
 21
15.0144
 31
0.0
  0
LINE
  5
588
  8
0
 62
1
 10
-19.6142
 20
15.0144
 30
0.0
 11
-19.9393
 21
14.5278
 31
0.0
  0
LINE
  5
589
  8
0
 62
1
 10
-19.9393
 20
14.5278
 30
0.0
 11
-20.426
 21
14.2026
 31
0.0
  0
LINE
  5
58A
  8
0
 62
1
 10
-20.426
 20
14.2026
 30
0.0
 11
-21.0
 21
14.0885
 31
0.0
  0
LINE
  5
58B
  8
0
 62
1
 10
-21.0
 20
14.0885
 30
0.0
 11
-21.574
 21
14.2026
 31
0.0
  0
LINE
  5
58C
  8
0
 62
1
 10
-15.574
 20
14.2026
 30
0.0
 11
-16.0607
 21
14.5278
 31
0.0
  0
LINE
  5
58D
  8
0
 62
1
 10
-16.0607
 20
14.5278
 30
0.0
 11
-16.3858
 21
15.0144
 31
0.0
  0
LINE
  5
58E
  8
0
 62
1
 10
-16.3858
 20
15.0144
 30
0.0
 11
-16.5
 21
15.5885
 31
0.0
  0
LINE
  5
58F
  8
0
 62
1
 10
-16.5
 20
15.5885
 30
0.0
 11
-16.3858
 21
16.1625
 31
0.0
  0
LINE
  5
590
  8
0
 62
1
 10
-16.3858
 20
16.1625
 30
0.0
 11
-16.0607
 21
16.6491
 31
0.0
  0
LINE
  5
591
  8
0
 62
1
 10
-16.0607
 20
16.6491
 30
0.0
 11
-15.574
 21
16.9743
 31
0.0
  0
LINE
  5
592
  8
0
 62
1
 10
-15.574
 20
16.9743
 30
0.0
 11
-15.0
 21
17.0885
 31
0.0
  0
LINE
  5
593
  8
0
 62
1
 10
-15.0
 20
17.0885
 30
0.0
 11
-14.426
 21
16.9743
 31
0.0
  0
LINE
  5
594
  8
0
 62
1
 10
-14.426
 20
16.9743
 30
0.0
 11
-13.9393
 21
16.6491
 31
0.0
  0
LINE
  5
595
  8
0
 62
1
 10
-13.9393
 20
16.6491
 30
0.0
 11
-13.6142
 21
16.1625
 31
0.0
  0
LINE
  5
596
  8
0
 62
1
 10
-13.6142
 20
16.1625
 30
0.0
 11
-13.5
 21
15.5885
 31
0.0
  0
LINE
  5
597
  8
0
 62
1
 10
-13.5
 20
15.5885
 30
0.0
 11
-13.6142
 21
15.0144
 31
0.0
  0
LINE
  5
598
  8
0
 62
1
 10
-13.6142
 20
15.0144
 30
0.0
 11
-13.9393
 21
14.5278
 31
0.0
  0
LINE
  5
599
  8
0
 62
1
 10
-13.9393
 20
14.5278
 30
0.0
 11
-14.426
 21
14.2026
 31
0.0
  0
LINE
  5
59A
  8
0
 62
1
 10
-14.426
 20
14.2026
 30
0.0
 11
-15.0
 21
14.0885
 31
0.0
  0
LINE
  5
59B
  8
0
 62
1
 10
-15.0
 20
14.0885
 30
0.0
 11
-15.574
 21
14.2026
 31
0.0
  0
LINE
  5
59C
  8
0
 62
1
 10
-9.57402
 20
14.2026
 30
0.0
 11
-10.0607
 21
14.5278
 31
0.0
  0
LINE
  5
59D
  8
0
 62
1
 10
-10.0607
 20
14.5278
 30
0.0
 11
-10.3858
 21
15.0144
 31
0.0
  0
LINE
  5
59E
  8
0
 62
1
 10
-10.3858
 20
15.0144
 30
0.0
 11
-10.5
 21
15.5885
 31
0.0
  0
LINE
  5
59F
  8
0
 62
1
 10
-10.5
 20
15.5885
 30
0.0
 11
-10.3858
 21
16.1625
 31
0.0
  0
LINE
  5
5A0
  8
0
 62
1
 10
-10.3858
 20
16.1625
 30
0.0
 11
-10.0607
 21
16.6491
 31
0.0
  0
LINE
  5
5A1
  8
0
 62
1
 10
-10.0607
 20
16.6491
 30
0.0
 11
-9.57402
 21
16.9743
 31
0.0
  0
LINE
  5
5A2
  8
0
 62
1
 10
-9.57402
 20
16.9743
 30
0.0
 11
-9.0
 21
17.0885
 31
0.0
  0
LINE
  5
5A3
  8
0
 62
1
 10
-9.0
 20
17.0885
 30
0.0
 11
-8.42596
 21
16.9743
 31
0.0
  0
LINE
  5
5A4
  8
0
 62
1
 10
-8.42596
 20
16.9743
 30
0.0
 11
-7.93933
 21
16.6491
 31
0.0
  0
LINE
  5
5A5
  8
0
 62
1
 10
-7.93933
 20
16.6491
 30
0.0
 11
-7.61417
 21
16.1625
 31
0.0
  0
LINE
  5
5A6
  8
0
 62
1
 10
-7.61417
 20
16.1625
 30
0.0
 11
-7.5
 21
15.5885
 31
0.0
  0
LINE
  5
5A7
  8
0
 62
1
 10
-7.5
 20
15.5885
 30
0.0
 11
-7.61417
 21
15.0144
 31
0.0
  0
LINE
  5
5A8
  8
0
 62
1
 10
-7.61417
 20
15.0144
 30
0.0
 11
-7.93933
 21
14.5278
 31
0.0
  0
LINE
  5
5A9
  8
0
 62
1
 10
-7.93933
 20
14.5278
 30
0.0
 11
-8.42596
 21
14.2026
 31
0.0
  0
LINE
  5
5AA
  8
0
 62
1
 10
-8.42596
 20
14.2026
 30
0.0
 11
-9.0
 21
14.0885
 31
0.0
  0
LINE
  5
5AB
  8
0
 62
1
 10
-9.0
 20
14.0885
 30
0.0
 11
-9.57402
 21
14.2026
 31
0.0
  0
LINE
  5
5AC
  8
0
 62
1
 10
-3.57402
 20
14.2026
 30
0.0
 11
-4.06065
 21
14.5278
 31
0.0
  0
LINE
  5
5AD
  8
0
 62
1
 10
-4.06065
 20
14.5278
 30
0.0
 11
-4.38582
 21
15.0144
 31
0.0
  0
LINE
  5
5AE
  8
0
 62
1
 10
-4.38582
 20
15.0144
 30
0.0
 11
-4.5
 21
15.5885
 31
0.0
  0
LINE
  5
5AF
  8
0
 62
1
 10
-4.5
 20
15.5885
 30
0.0
 11
-4.38582
 21
16.1625
 31
0.0
  0
LINE
  5
5B0
  8
0
 62
1
 10
-4.38582
 20
16.1625
 30
0.0
 11
-4.06065
 21
16.6491
 31
0.0
  0
LINE
  5
5B1
  8
0
 62
1
 10
-4.06065
 20
16.6491
 30
0.0
 11
-3.57402
 21
16.9743
 31
0.0
  0
LINE
  5
5B2
  8
0
 62
1
 10
-3.57402
 20
16.9743
 30
0.0
 11
-3.0
 21
17.0885
 31
0.0
  0
LINE
  5
5B3
  8
0
 62
1
 10
-3.0
 20
17.0885
 30
0.0
 11
-2.42596
 21
16.9743
 31
0.0
  0
LINE
  5
5B4
  8
0
 62
1
 10
-2.42596
 20
16.9743
 30
0.0
 11
-1.93933
 21
16.6491
 31
0.0
  0
LINE
  5
5B5
  8
0
 62
1
 10
-1.93933
 20
16.6491
 30
0.0
 11
-1.61417
 21
16.1625
 31
0.0
  0
LINE
  5
5B6
  8
0
 62
1
 10
-1.61417
 20
16.1625
 30
0.0
 11
-1.5
 21
15.5885
 31
0.0
  0
LINE
  5
5B7
  8
0
 62
1
 10
-1.5
 20
15.5885
 30
0.0
 11
-1.61417
 21
15.0144
 31
0.0
  0
LINE
  5
5B8
  8
0
 62
1
 10
-1.61417
 20
15.0144
 30
0.0
 11
-1.93933
 21
14.5278
 31
0.0
  0
LINE
  5
5B9
  8
0
 62
1
 10
-1.93933
 20
14.5278
 30
0.0
 11
-2.42596
 21
14.2026
 31
0.0
  0
LINE
  5
5BA
  8
0
 62
1
 10
-2.42596
 20
14.2026
 30
0.0
 11
-3.0
 21
14.0885
 31
0.0
  0
LINE
  5
5BB
  8
0
 62
1
 10
-3.0
 20
14.0885
 30
0.0
 11
-3.57402
 21
14.2026
 31
0.0
  0
LINE
  5
5BC
  8
0
 62
1
 10
11.426
 20
9.00648
 30
0.0
 11
10.9393
 21
9.33163
 31
0.0
  0
LINE
  5
5BD
  8
0
 62
1
 10
10.9393
 20
9.33163
 30
0.0
 11
10.6142
 21
9.81827
 31
0.0
  0
LINE
  5
5BE
  8
0
 62
1
 10
10.6142
 20
9.81827
 30
0.0
 11
10.5
 21
10.3923
 31
0.0
  0
LINE
  5
5BF
  8
0
 62
1
 10
10.5
 20
10.3923
 30
0.0
 11
10.6142
 21
10.9663
 31
0.0
  0
LINE
  5
5C0
  8
0
 62
1
 10
10.6142
 20
10.9663
 30
0.0
 11
10.9393
 21
11.453
 31
0.0
  0
LINE
  5
5C1
  8
0
 62
1
 10
10.9393
 20
11.453
 30
0.0
 11
11.426
 21
11.7781
 31
0.0
  0
LINE
  5
5C2
  8
0
 62
1
 10
11.426
 20
11.7781
 30
0.0
 11
12.0
 21
11.8923
 31
0.0
  0
LINE
  5
5C3
  8
0
 62
1
 10
12.0
 20
11.8923
 30
0.0
 11
12.574
 21
11.7781
 31
0.0
  0
LINE
  5
5C4
  8
0
 62
1
 10
12.574
 20
11.7781
 30
0.0
 11
13.0607
 21
11.453
 31
0.0
  0
LINE
  5
5C5
  8
0
 62
1
 10
13.0607
 20
11.453
 30
0.0
 11
13.3858
 21
10.9663
 31
0.0
  0
LINE
  5
5C6
  8
0
 62
1
 10
13.3858
 20
10.9663
 30
0.0
 11
13.5
 21
10.3923
 31
0.0
  0
LINE
  5
5C7
  8
0
 62
1
 10
13.5
 20
10.3923
 30
0.0
 11
13.3858
 21
9.81827
 31
0.0
  0
LINE
  5
5C8
  8
0
 62
1
 10
13.3858
 20
9.81827
 30
0.0
 11
13.0607
 21
9.33163
 31
0.0
  0
LINE
  5
5C9
  8
0
 62
1
 10
13.0607
 20
9.33163
 30
0.0
 11
12.574
 21
9.00648
 31
0.0
  0
LINE
  5
5CA
  8
0
 62
1
 10
12.574
 20
9.00648
 30
0.0
 11
12.0
 21
8.8923
 31
0.0
  0
LINE
  5
5CB
  8
0
 62
1
 10
12.0
 20
8.8923
 30
0.0
 11
11.426
 21
9.00648
 31
0.0
  0
LINE
  5
5CC
  8
0
 62
1
 10
-0.57402
 20
9.00648
 30
0.0
 11
-1.06065
 21
9.33163
 31
0.0
  0
LINE
  5
5CD
  8
0
 62
1
 10
-1.06065
 20
9.33163
 30
0.0
 11
-1.38582
 21
9.81827
 31
0.0
  0
LINE
  5
5CE
  8
0
 62
1
 10
-1.38582
 20
9.81827
 30
0.0
 11
-1.5
 21
10.3923
 31
0.0
  0
LINE
  5
5CF
  8
0
 62
1
 10
-1.5
 20
10.3923
 30
0.0
 11
-1.38582
 21
10.9663
 31
0.0
  0
LINE
  5
5D0
  8
0
 62
1
 10
-1.38582
 20
10.9663
 30
0.0
 11
-1.06065
 21
11.453
 31
0.0
  0
LINE
  5
5D1
  8
0
 62
1
 10
-1.06065
 20
11.453
 30
0.0
 11
-0.57402
 21
11.7781
 31
0.0
  0
LINE
  5
5D2
  8
0
 62
1
 10
-0.57402
 20
11.7781
 30
0.0
 11
0.0
 21
11.8923
 31
0.0
  0
LINE
  5
5D3
  8
0
 62
1
 10
0.0
 20
11.8923
 30
0.0
 11
0.57402
 21
11.7781
 31
0.0
  0
LINE
  5
5D4
  8
0
 62
1
 10
0.57402
 20
11.7781
 30
0.0
 11
1.06065
 21
11.453
 31
0.0
  0
LINE
  5
5D5
  8
0
 62
1
 10
1.06065
 20
11.453
 30
0.0
 11
1.38582
 21
10.9663
 31
0.0
  0
LINE
  5
5D6
  8
0
 62
1
 10
1.38582
 20
10.9663
 30
0.0
 11
1.5
 21
10.3923
 31
0.0
  0
LINE
  5
5D7
  8
0
 62
1
 10
1.5
 20
10.3923
 30
0.0
 11
1.38582
 21
9.81827
 31
0.0
  0
LINE
  5
5D8
  8
0
 62
1
 10
1.38582
 20
9.81827
 30
0.0
 11
1.06065
 21
9.33163
 31
0.0
  0
LINE
  5
5D9
  8
0
 62
1
 10
1.06065
 20
9.33163
 30
0.0
 11
0.57402
 21
9.00648
 31
0.0
  0
LINE
  5
5DA
  8
0
 62
1
 10
0.57402
 20
9.00648
 30
0.0
 11
0.0
 21
8.8923
 31
0.0
  0
LINE
  5
5DB
  8
0
 62
1
 10
0.0
 20
8.8923
 30
0.0
 11
-0.57402
 21
9.00648
 31
0.0
  0
LINE
  5
5DC
  8
0
 62
1
 10
-6.57402
 20
9.00648
 30
0.0
 11
-7.06065
 21
9.33163
 31
0.0
  0
LINE
  5
5DD
  8
0
 62
1
 10
-7.06065
 20
9.33163
 30
0.0
 11
-7.38582
 21
9.81827
 31
0.0
  0
LINE
  5
5DE
  8
0
 62
1
 10
-7.38582
 20
9.81827
 30
0.0
 11
-7.5
 21
10.3923
 31
0.0
  0
LINE
  5
5DF
  8
0
 62
1
 10
-7.5
 20
10.3923
 30
0.0
 11
-7.38582
 21
10.9663
 31
0.0
  0
LINE
  5
5E0
  8
0
 62
1
 10
-7.38582
 20
10.9663
 30
0.0
 11
-7.06065
 21
11.453
 31
0.0
  0
LINE
  5
5E1
  8
0
 62
1
 10
-7.06065
 20
11.453
 30
0.0
 11
-6.57402
 21
11.7781
 31
0.0
  0
LINE
  5
5E2
  8
0
 62
1
 10
-6.57402
 20
11.7781
 30
0.0
 11
-6.0
 21
11.8923
 31
0.0
  0
LINE
  5
5E3
  8
0
 62
1
 10
-6.0
 20
11.8923
 30
0.0
 11
-5.42596
 21
11.7781
 31
0.0
  0
LINE
  5
5E4
  8
0
 62
1
 10
-5.42596
 20
11.7781
 30
0.0
 11
-4.93933
 21
11.453
 31
0.0
  0
LINE
  5
5E5
  8
0
 62
1
 10
-4.93933
 20
11.453
 30
0.0
 11
-4.61417
 21
10.9663
 31
0.0
  0
LINE
  5
5E6
  8
0
 62
1
 10
-4.61417
 20
10.9663
 30
0.0
 11
-4.5
 21
10.3923
 31
0.0
  0
LINE
  5
5E7
  8
0
 62
1
 10
-4.5
 20
10.3923
 30
0.0
 11
-4.61417
 21
9.81827
 31
0.0
  0
LINE
  5
5E8
  8
0
 62
1
 10
-4.61417
 20
9.81827
 30
0.0
 11
-4.93933
 21
9.33163
 31
0.0
  0
LINE
  5
5E9
  8
0
 62
1
 10
-4.93933
 20
9.33163
 30
0.0
 11
-5.42596
 21
9.00648
 31
0.0
  0
LINE
  5
5EA
  8
0
 62
1
 10
-5.42596
 20
9.00648
 30
0.0
 11
-6.0
 21
8.8923
 31
0.0
  0
LINE
  5
5EB
  8
0
 62
1
 10
-6.0
 20
8.8923
 30
0.0
 11
-6.57402
 21
9.00648
 31
0.0
  0
LINE
  5
5EC
  8
0
 62
1
 10
-12.574
 20
9.00648
 30
0.0
 11
-13.0607
 21
9.33163
 31
0.0
  0
LINE
  5
5ED
  8
0
 62
1
 10
-13.0607
 20
9.33163
 30
0.0
 11
-13.3858
 21
9.81827
 31
0.0
  0
LINE
  5
5EE
  8
0
 62
1
 10
-13.3858
 20
9.81827
 30
0.0
 11
-13.5
 21
10.3923
 31
0.0
  0
LINE
  5
5EF
  8
0
 62
1
 10
-13.5
 20
10.3923
 30
0.0
 11
-13.3858
 21
10.9663
 31
0.0
  0
LINE
  5
5F0
  8
0
 62
1
 10
-13.3858
 20
10.9663
 30
0.0
 11
-13.0607
 21
11.453
 31
0.0
  0
LINE
  5
5F1
  8
0
 62
1
 10
-13.0607
 20
11.453
 30
0.0
 11
-12.574
 21
11.7781
 31
0.0
  0
LINE
  5
5F2
  8
0
 62
1
 10
-12.574
 20
11.7781
 30
0.0
 11
-12.0
 21
11.8923
 31
0.0
  0
LINE
  5
5F3
  8
0
 62
1
 10
-12.0
 20
11.8923
 30
0.0
 11
-11.426
 21
11.7781
 31
0.0
  0
LINE
  5
5F4
  8
0
 62
1
 10
-11.426
 20
11.7781
 30
0.0
 11
-10.9393
 21
11.453
 31
0.0
  0
LINE
  5
5F5
  8
0
 62
1
 10
-10.9393
 20
11.453
 30
0.0
 11
-10.6142
 21
10.9663
 31
0.0
  0
LINE
  5
5F6
  8
0
 62
1
 10
-10.6142
 20
10.9663
 30
0.0
 11
-10.5
 21
10.3923
 31
0.0
  0
LINE
  5
5F7
  8
0
 62
1
 10
-10.5
 20
10.3923
 30
0.0
 11
-10.6142
 21
9.81827
 31
0.0
  0
LINE
  5
5F8
  8
0
 62
1
 10
-10.6142
 20
9.81827
 30
0.0
 11
-10.9393
 21
9.33163
 31
0.0
  0
LINE
  5
5F9
  8
0
 62
1
 10
-10.9393
 20
9.33163
 30
0.0
 11
-11.426
 21
9.00648
 31
0.0
  0
LINE
  5
5FA
  8
0
 62
1
 10
-11.426
 20
9.00648
 30
0.0
 11
-12.0
 21
8.8923
 31
0.0
  0
LINE
  5
5FB
  8
0
 62
1
 10
-12.0
 20
8.8923
 30
0.0
 11
-12.574
 21
9.00648
 31
0.0
  0
LINE
  5
5FC
  8
0
 62
1
 10
29.426
 20
9.00648
 30
0.0
 11
28.9393
 21
9.33163
 31
0.0
  0
LINE
  5
5FD
  8
0
 62
1
 10
28.9393
 20
9.33163
 30
0.0
 11
28.6142
 21
9.81827
 31
0.0
  0
LINE
  5
5FE
  8
0
 62
1
 10
28.6142
 20
9.81827
 30
0.0
 11
28.5
 21
10.3923
 31
0.0
  0
LINE
  5
5FF
  8
0
 62
1
 10
28.5
 20
10.3923
 30
0.0
 11
28.6142
 21
10.9663
 31
0.0
  0
LINE
  5
600
  8
0
 62
1
 10
28.6142
 20
10.9663
 30
0.0
 11
28.9393
 21
11.453
 31
0.0
  0
LINE
  5
601
  8
0
 62
1
 10
28.9393
 20
11.453
 30
0.0
 11
29.426
 21
11.7781
 31
0.0
  0
LINE
  5
602
  8
0
 62
1
 10
29.426
 20
11.7781
 30
0.0
 11
30.0
 21
11.8923
 31
0.0
  0
LINE
  5
603
  8
0
 62
1
 10
30.0
 20
11.8923
 30
0.0
 11
30.574
 21
11.7781
 31
0.0
  0
LINE
  5
604
  8
0
 62
1
 10
30.574
 20
11.7781
 30
0.0
 11
31.0607
 21
11.453
 31
0.0
  0
LINE
  5
605
  8
0
 62
1
 10
31.0607
 20
11.453
 30
0.0
 11
31.3858
 21
10.9663
 31
0.0
  0
LINE
  5
606
  8
0
 62
1
 10
31.3858
 20
10.9663
 30
0.0
 11
31.5
 21
10.3923
 31
0.0
  0
LINE
  5
607
  8
0
 62
1
 10
31.5
 20
10.3923
 30
0.0
 11
31.3858
 21
9.81827
 31
0.0
  0
LINE
  5
608
  8
0
 62
1
 10
31.3858
 20
9.81827
 30
0.0
 11
31.0607
 21
9.33163
 31
0.0
  0
LINE
  5
609
  8
0
 62
1
 10
31.0607
 20
9.33163
 30
0.0
 11
30.574
 21
9.00648
 31
0.0
  0
LINE
  5
60A
  8
0
 62
1
 10
30.574
 20
9.00648
 30
0.0
 11
30.0
 21
8.8923
 31
0.0
  0
LINE
  5
60B
  8
0
 62
1
 10
30.0
 20
8.8923
 30
0.0
 11
29.426
 21
9.00648
 31
0.0
  0
LINE
  5
60C
  8
0
 62
1
 10
17.426
 20
9.00648
 30
0.0
 11
16.9393
 21
9.33163
 31
0.0
  0
LINE
  5
60D
  8
0
 62
1
 10
16.9393
 20
9.33163
 30
0.0
 11
16.6142
 21
9.81827
 31
0.0
  0
LINE
  5
60E
  8
0
 62
1
 10
16.6142
 20
9.81827
 30
0.0
 11
16.5
 21
10.3923
 31
0.0
  0
LINE
  5
60F
  8
0
 62
1
 10
16.5
 20
10.3923
 30
0.0
 11
16.6142
 21
10.9663
 31
0.0
  0
LINE
  5
610
  8
0
 62
1
 10
16.6142
 20
10.9663
 30
0.0
 11
16.9393
 21
11.453
 31
0.0
  0
LINE
  5
611
  8
0
 62
1
 10
16.9393
 20
11.453
 30
0.0
 11
17.426
 21
11.7781
 31
0.0
  0
LINE
  5
612
  8
0
 62
1
 10
17.426
 20
11.7781
 30
0.0
 11
18.0
 21
11.8923
 31
0.0
  0
LINE
  5
613
  8
0
 62
1
 10
18.0
 20
11.8923
 30
0.0
 11
18.574
 21
11.7781
 31
0.0
  0
LINE
  5
614
  8
0
 62
1
 10
18.574
 20
11.7781
 30
0.0
 11
19.0607
 21
11.453
 31
0.0
  0
LINE
  5
615
  8
0
 62
1
 10
19.0607
 20
11.453
 30
0.0
 11
19.3858
 21
10.9663
 31
0.0
  0
LINE
  5
616
  8
0
 62
1
 10
19.3858
 20
10.9663
 30
0.0
 11
19.5
 21
10.3923
 31
0.0
  0
LINE
  5
617
  8
0
 62
1
 10
19.5
 20
10.3923
 30
0.0
 11
19.3858
 21
9.81827
 31
0.0
  0
LINE
  5
618
  8
0
 62
1
 10
19.3858
 20
9.81827
 30
0.0
 11
19.0607
 21
9.33163
 31
0.0
  0
LINE
  5
619
  8
0
 62
1
 10
19.0607
 20
9.33163
 30
0.0
 11
18.574
 21
9.00648
 31
0.0
  0
LINE
  5
61A
  8
0
 62
1
 10
18.574
 20
9.00648
 30
0.0
 11
18.0
 21
8.8923
 31
0.0
  0
LINE
  5
61B
  8
0
 62
1
 10
18.0
 20
8.8923
 30
0.0
 11
17.426
 21
9.00648
 31
0.0
  0
LINE
  5
61C
  8
0
 62
1
 10
23.426
 20
9.00648
 30
0.0
 11
22.9393
 21
9.33163
 31
0.0
  0
LINE
  5
61D
  8
0
 62
1
 10
22.9393
 20
9.33163
 30
0.0
 11
22.6142
 21
9.81827
 31
0.0
  0
LINE
  5
61E
  8
0
 62
1
 10
22.6142
 20
9.81827
 30
0.0
 11
22.5
 21
10.3923
 31
0.0
  0
LINE
  5
61F
  8
0
 62
1
 10
22.5
 20
10.3923
 30
0.0
 11
22.6142
 21
10.9663
 31
0.0
  0
LINE
  5
620
  8
0
 62
1
 10
22.6142
 20
10.9663
 30
0.0
 11
22.9393
 21
11.453
 31
0.0
  0
LINE
  5
621
  8
0
 62
1
 10
22.9393
 20
11.453
 30
0.0
 11
23.426
 21
11.7781
 31
0.0
  0
LINE
  5
622
  8
0
 62
1
 10
23.426
 20
11.7781
 30
0.0
 11
24.0
 21
11.8923
 31
0.0
  0
LINE
  5
623
  8
0
 62
1
 10
24.0
 20
11.8923
 30
0.0
 11
24.574
 21
11.7781
 31
0.0
  0
LINE
  5
624
  8
0
 62
1
 10
24.574
 20
11.7781
 30
0.0
 11
25.0607
 21
11.453
 31
0.0
  0
LINE
  5
625
  8
0
 62
1
 10
25.0607
 20
11.453
 30
0.0
 11
25.3858
 21
10.9663
 31
0.0
  0
LINE
  5
626
  8
0
 62
1
 10
25.3858
 20
10.9663
 30
0.0
 11
25.5
 21
10.3923
 31
0.0
  0
LINE
  5
627
  8
0
 62
1
 10
25.5
 20
10.3923
 30
0.0
 11
25.3858
 21
9.81827
 31
0.0
  0
LINE
  5
628
  8
0
 62
1
 10
25.3858
 20
9.81827
 30
0.0
 11
25.0607
 21
9.33163
 31
0.0
  0
LINE
  5
629
  8
0
 62
1
 10
25.0607
 20
9.33163
 30
0.0
 11
24.574
 21
9.00648
 31
0.0
  0
LINE
  5
62A
  8
0
 62
1
 10
24.574
 20
9.00648
 30
0.0
 11
24.0
 21
8.8923
 31
0.0
  0
LINE
  5
62B
  8
0
 62
1
 10
24.0
 20
8.8923
 30
0.0
 11
23.426
 21
9.00648
 31
0.0
  0
LINE
  5
62C
  8
0
 62
1
 10
41.426
 20
9.00648
 30
0.0
 11
40.9393
 21
9.33163
 31
0.0
  0
LINE
  5
62D
  8
0
 62
1
 10
40.9393
 20
9.33163
 30
0.0
 11
40.6142
 21
9.81827
 31
0.0
  0
LINE
  5
62E
  8
0
 62
1
 10
40.6142
 20
9.81827
 30
0.0
 11
40.5
 21
10.3923
 31
0.0
  0
LINE
  5
62F
  8
0
 62
1
 10
40.5
 20
10.3923
 30
0.0
 11
40.6142
 21
10.9663
 31
0.0
  0
LINE
  5
630
  8
0
 62
1
 10
40.6142
 20
10.9663
 30
0.0
 11
40.9393
 21
11.453
 31
0.0
  0
LINE
  5
631
  8
0
 62
1
 10
40.9393
 20
11.453
 30
0.0
 11
41.426
 21
11.7781
 31
0.0
  0
LINE
  5
632
  8
0
 62
1
 10
41.426
 20
11.7781
 30
0.0
 11
42.0
 21
11.8923
 31
0.0
  0
LINE
  5
633
  8
0
 62
1
 10
42.0
 20
11.8923
 30
0.0
 11
42.574
 21
11.7781
 31
0.0
  0
LINE
  5
634
  8
0
 62
1
 10
42.574
 20
11.7781
 30
0.0
 11
43.0607
 21
11.453
 31
0.0
  0
LINE
  5
635
  8
0
 62
1
 10
43.0607
 20
11.453
 30
0.0
 11
43.3858
 21
10.9663
 31
0.0
  0
LINE
  5
636
  8
0
 62
1
 10
43.3858
 20
10.9663
 30
0.0
 11
43.5
 21
10.3923
 31
0.0
  0
LINE
  5
637
  8
0
 62
1
 10
43.5
 20
10.3923
 30
0.0
 11
43.3858
 21
9.81827
 31
0.0
  0
LINE
  5
638
  8
0
 62
1
 10
43.3858
 20
9.81827
 30
0.0
 11
43.0607
 21
9.33163
 31
0.0
  0
LINE
  5
639
  8
0
 62
1
 10
43.0607
 20
9.33163
 30
0.0
 11
42.574
 21
9.00648
 31
0.0
  0
LINE
  5
63A
  8
0
 62
1
 10
42.574
 20
9.00648
 30
0.0
 11
42.0
 21
8.8923
 31
0.0
  0
LINE
  5
63B
  8
0
 62
1
 10
42.0
 20
8.8923
 30
0.0
 11
41.426
 21
9.00648
 31
0.0
  0
LINE
  5
63C
  8
0
 62
1
 10
5.42596
 20
9.00648
 30
0.0
 11
4.93933
 21
9.33163
 31
0.0
  0
LINE
  5
63D
  8
0
 62
1
 10
4.93933
 20
9.33163
 30
0.0
 11
4.61417
 21
9.81827
 31
0.0
  0
LINE
  5
63E
  8
0
 62
1
 10
4.61417
 20
9.81827
 30
0.0
 11
4.5
 21
10.3923
 31
0.0
  0
LINE
  5
63F
  8
0
 62
1
 10
4.5
 20
10.3923
 30
0.0
 11
4.61417
 21
10.9663
 31
0.0
  0
LINE
  5
640
  8
0
 62
1
 10
4.61417
 20
10.9663
 30
0.0
 11
4.93933
 21
11.453
 31
0.0
  0
LINE
  5
641
  8
0
 62
1
 10
4.93933
 20
11.453
 30
0.0
 11
5.42596
 21
11.7781
 31
0.0
  0
LINE
  5
642
  8
0
 62
1
 10
5.42596
 20
11.7781
 30
0.0
 11
6.0
 21
11.8923
 31
0.0
  0
LINE
  5
643
  8
0
 62
1
 10
6.0
 20
11.8923
 30
0.0
 11
6.57402
 21
11.7781
 31
0.0
  0
LINE
  5
644
  8
0
 62
1
 10
6.57402
 20
11.7781
 30
0.0
 11
7.06065
 21
11.453
 31
0.0
  0
LINE
  5
645
  8
0
 62
1
 10
7.06065
 20
11.453
 30
0.0
 11
7.38582
 21
10.9663
 31
0.0
  0
LINE
  5
646
  8
0
 62
1
 10
7.38582
 20
10.9663
 30
0.0
 11
7.5
 21
10.3923
 31
0.0
  0
LINE
  5
647
  8
0
 62
1
 10
7.5
 20
10.3923
 30
0.0
 11
7.38582
 21
9.81827
 31
0.0
  0
LINE
  5
648
  8
0
 62
1
 10
7.38582
 20
9.81827
 30
0.0
 11
7.06065
 21
9.33163
 31
0.0
  0
LINE
  5
649
  8
0
 62
1
 10
7.06065
 20
9.33163
 30
0.0
 11
6.57402
 21
9.00648
 31
0.0
  0
LINE
  5
64A
  8
0
 62
1
 10
6.57402
 20
9.00648
 30
0.0
 11
6.0
 21
8.8923
 31
0.0
  0
LINE
  5
64B
  8
0
 62
1
 10
6.0
 20
8.8923
 30
0.0
 11
5.42596
 21
9.00648
 31
0.0
  0
LINE
  5
64C
  8
0
 62
1
 10
-24.574
 20
9.00648
 30
0.0
 11
-25.0607
 21
9.33163
 31
0.0
  0
LINE
  5
64D
  8
0
 62
1
 10
-25.0607
 20
9.33163
 30
0.0
 11
-25.3858
 21
9.81827
 31
0.0
  0
LINE
  5
64E
  8
0
 62
1
 10
-25.3858
 20
9.81827
 30
0.0
 11
-25.5
 21
10.3923
 31
0.0
  0
LINE
  5
64F
  8
0
 62
1
 10
-25.5
 20
10.3923
 30
0.0
 11
-25.3858
 21
10.9663
 31
0.0
  0
LINE
  5
650
  8
0
 62
1
 10
-25.3858
 20
10.9663
 30
0.0
 11
-25.0607
 21
11.453
 31
0.0
  0
LINE
  5
651
  8
0
 62
1
 10
-25.0607
 20
11.453
 30
0.0
 11
-24.574
 21
11.7781
 31
0.0
  0
LINE
  5
652
  8
0
 62
1
 10
-24.574
 20
11.7781
 30
0.0
 11
-24.0
 21
11.8923
 31
0.0
  0
LINE
  5
653
  8
0
 62
1
 10
-24.0
 20
11.8923
 30
0.0
 11
-23.426
 21
11.7781
 31
0.0
  0
LINE
  5
654
  8
0
 62
1
 10
-23.426
 20
11.7781
 30
0.0
 11
-22.9393
 21
11.453
 31
0.0
  0
LINE
  5
655
  8
0
 62
1
 10
-22.9393
 20
11.453
 30
0.0
 11
-22.6142
 21
10.9663
 31
0.0
  0
LINE
  5
656
  8
0
 62
1
 10
-22.6142
 20
10.9663
 30
0.0
 11
-22.5
 21
10.3923
 31
0.0
  0
LINE
  5
657
  8
0
 62
1
 10
-22.5
 20
10.3923
 30
0.0
 11
-22.6142
 21
9.81827
 31
0.0
  0
LINE
  5
658
  8
0
 62
1
 10
-22.6142
 20
9.81827
 30
0.0
 11
-22.9393
 21
9.33163
 31
0.0
  0
LINE
  5
659
  8
0
 62
1
 10
-22.9393
 20
9.33163
 30
0.0
 11
-23.426
 21
9.00648
 31
0.0
  0
LINE
  5
65A
  8
0
 62
1
 10
-23.426
 20
9.00648
 30
0.0
 11
-24.0
 21
8.8923
 31
0.0
  0
LINE
  5
65B
  8
0
 62
1
 10
-24.0
 20
8.8923
 30
0.0
 11
-24.574
 21
9.00648
 31
0.0
  0
LINE
  5
65C
  8
0
 62
1
 10
-30.574
 20
9.00648
 30
0.0
 11
-31.0607
 21
9.33163
 31
0.0
  0
LINE
  5
65D
  8
0
 62
1
 10
-31.0607
 20
9.33163
 30
0.0
 11
-31.3858
 21
9.81827
 31
0.0
  0
LINE
  5
65E
  8
0
 62
1
 10
-31.3858
 20
9.81827
 30
0.0
 11
-31.5
 21
10.3923
 31
0.0
  0
LINE
  5
65F
  8
0
 62
1
 10
-31.5
 20
10.3923
 30
0.0
 11
-31.3858
 21
10.9663
 31
0.0
  0
LINE
  5
660
  8
0
 62
1
 10
-31.3858
 20
10.9663
 30
0.0
 11
-31.0607
 21
11.453
 31
0.0
  0
LINE
  5
661
  8
0
 62
1
 10
-31.0607
 20
11.453
 30
0.0
 11
-30.574
 21
11.7781
 31
0.0
  0
LINE
  5
662
  8
0
 62
1
 10
-30.574
 20
11.7781
 30
0.0
 11
-30.0
 21
11.8923
 31
0.0
  0
LINE
  5
663
  8
0
 62
1
 10
-30.0
 20
11.8923
 30
0.0
 11
-29.426
 21
11.7781
 31
0.0
  0
LINE
  5
664
  8
0
 62
1
 10
-29.426
 20
11.7781
 30
0.0
 11
-28.9393
 21
11.453
 31
0.0
  0
LINE
  5
665
  8
0
 62
1
 10
-28.9393
 20
11.453
 30
0.0
 11
-28.6142
 21
10.9663
 31
0.0
  0
LINE
  5
666
  8
0
 62
1
 10
-28.6142
 20
10.9663
 30
0.0
 11
-28.5
 21
10.3923
 31
0.0
  0
LINE
  5
667
  8
0
 62
1
 10
-28.5
 20
10.3923
 30
0.0
 11
-28.6142
 21
9.81827
 31
0.0
  0
LINE
  5
668
  8
0
 62
1
 10
-28.6142
 20
9.81827
 30
0.0
 11
-28.9393
 21
9.33163
 31
0.0
  0
LINE
  5
669
  8
0
 62
1
 10
-28.9393
 20
9.33163
 30
0.0
 11
-29.426
 21
9.00648
 31
0.0
  0
LINE
  5
66A
  8
0
 62
1
 10
-29.426
 20
9.00648
 30
0.0
 11
-30.0
 21
8.8923
 31
0.0
  0
LINE
  5
66B
  8
0
 62
1
 10
-30.0
 20
8.8923
 30
0.0
 11
-30.574
 21
9.00648
 31
0.0
  0
LINE
  5
66C
  8
0
 62
1
 10
-36.574
 20
9.00648
 30
0.0
 11
-37.0607
 21
9.33163
 31
0.0
  0
LINE
  5
66D
  8
0
 62
1
 10
-37.0607
 20
9.33163
 30
0.0
 11
-37.3858
 21
9.81827
 31
0.0
  0
LINE
  5
66E
  8
0
 62
1
 10
-37.3858
 20
9.81827
 30
0.0
 11
-37.5
 21
10.3923
 31
0.0
  0
LINE
  5
66F
  8
0
 62
1
 10
-37.5
 20
10.3923
 30
0.0
 11
-37.3858
 21
10.9663
 31
0.0
  0
LINE
  5
670
  8
0
 62
1
 10
-37.3858
 20
10.9663
 30
0.0
 11
-37.0607
 21
11.453
 31
0.0
  0
LINE
  5
671
  8
0
 62
1
 10
-37.0607
 20
11.453
 30
0.0
 11
-36.574
 21
11.7781
 31
0.0
  0
LINE
  5
672
  8
0
 62
1
 10
-36.574
 20
11.7781
 30
0.0
 11
-36.0
 21
11.8923
 31
0.0
  0
LINE
  5
673
  8
0
 62
1
 10
-36.0
 20
11.8923
 30
0.0
 11
-35.426
 21
11.7781
 31
0.0
  0
LINE
  5
674
  8
0
 62
1
 10
-35.426
 20
11.7781
 30
0.0
 11
-34.9393
 21
11.453
 31
0.0
  0
LINE
  5
675
  8
0
 62
1
 10
-34.9393
 20
11.453
 30
0.0
 11
-34.6142
 21
10.9663
 31
0.0
  0
LINE
  5
676
  8
0
 62
1
 10
-34.6142
 20
10.9663
 30
0.0
 11
-34.5
 21
10.3923
 31
0.0
  0
LINE
  5
677
  8
0
 62
1
 10
-34.5
 20
10.3923
 30
0.0
 11
-34.6142
 21
9.81827
 31
0.0
  0
LINE
  5
678
  8
0
 62
1
 10
-34.6142
 20
9.81827
 30
0.0
 11
-34.9393
 21
9.33163
 31
0.0
  0
LINE
  5
679
  8
0
 62
1
 10
-34.9393
 20
9.33163
 30
0.0
 11
-35.426
 21
9.00648
 31
0.0
  0
LINE
  5
67A
  8
0
 62
1
 10
-35.426
 20
9.00648
 30
0.0
 11
-36.0
 21
8.8923
 31
0.0
  0
LINE
  5
67B
  8
0
 62
1
 10
-36.0
 20
8.8923
 30
0.0
 11
-36.574
 21
9.00648
 31
0.0
  0
LINE
  5
67C
  8
0
 62
1
 10
-42.574
 20
9.00648
 30
0.0
 11
-43.0607
 21
9.33163
 31
0.0
  0
LINE
  5
67D
  8
0
 62
1
 10
-43.0607
 20
9.33163
 30
0.0
 11
-43.3858
 21
9.81827
 31
0.0
  0
LINE
  5
67E
  8
0
 62
1
 10
-43.3858
 20
9.81827
 30
0.0
 11
-43.5
 21
10.3923
 31
0.0
  0
LINE
  5
67F
  8
0
 62
1
 10
-43.5
 20
10.3923
 30
0.0
 11
-43.3858
 21
10.9663
 31
0.0
  0
LINE
  5
680
  8
0
 62
1
 10
-43.3858
 20
10.9663
 30
0.0
 11
-43.0607
 21
11.453
 31
0.0
  0
LINE
  5
681
  8
0
 62
1
 10
-43.0607
 20
11.453
 30
0.0
 11
-42.574
 21
11.7781
 31
0.0
  0
LINE
  5
682
  8
0
 62
1
 10
-42.574
 20
11.7781
 30
0.0
 11
-42.0
 21
11.8923
 31
0.0
  0
LINE
  5
683
  8
0
 62
1
 10
-42.0
 20
11.8923
 30
0.0
 11
-41.426
 21
11.7781
 31
0.0
  0
LINE
  5
684
  8
0
 62
1
 10
-41.426
 20
11.7781
 30
0.0
 11
-40.9393
 21
11.453
 31
0.0
  0
LINE
  5
685
  8
0
 62
1
 10
-40.9393
 20
11.453
 30
0.0
 11
-40.6142
 21
10.9663
 31
0.0
  0
LINE
  5
686
  8
0
 62
1
 10
-40.6142
 20
10.9663
 30
0.0
 11
-40.5
 21
10.3923
 31
0.0
  0
LINE
  5
687
  8
0
 62
1
 10
-40.5
 20
10.3923
 30
0.0
 11
-40.6142
 21
9.81827
 31
0.0
  0
LINE
  5
688
  8
0
 62
1
 10
-40.6142
 20
9.81827
 30
0.0
 11
-40.9393
 21
9.33163
 31
0.0
  0
LINE
  5
689
  8
0
 62
1
 10
-40.9393
 20
9.33163
 30
0.0
 11
-41.426
 21
9.00648
 31
0.0
  0
LINE
  5
68A
  8
0
 62
1
 10
-41.426
 20
9.00648
 30
0.0
 11
-42.0
 21
8.8923
 31
0.0
  0
LINE
  5
68B
  8
0
 62
1
 10
-42.0
 20
8.8923
 30
0.0
 11
-42.574
 21
9.00648
 31
0.0
  0
LINE
  5
68C
  8
0
 62
1
 10
-18.574
 20
9.00648
 30
0.0
 11
-19.0607
 21
9.33163
 31
0.0
  0
LINE
  5
68D
  8
0
 62
1
 10
-19.0607
 20
9.33163
 30
0.0
 11
-19.3858
 21
9.81827
 31
0.0
  0
LINE
  5
68E
  8
0
 62
1
 10
-19.3858
 20
9.81827
 30
0.0
 11
-19.5
 21
10.3923
 31
0.0
  0
LINE
  5
68F
  8
0
 62
1
 10
-19.5
 20
10.3923
 30
0.0
 11
-19.3858
 21
10.9663
 31
0.0
  0
LINE
  5
690
  8
0
 62
1
 10
-19.3858
 20
10.9663
 30
0.0
 11
-19.0607
 21
11.453
 31
0.0
  0
LINE
  5
691
  8
0
 62
1
 10
-19.0607
 20
11.453
 30
0.0
 11
-18.574
 21
11.7781
 31
0.0
  0
LINE
  5
692
  8
0
 62
1
 10
-18.574
 20
11.7781
 30
0.0
 11
-18.0
 21
11.8923
 31
0.0
  0
LINE
  5
693
  8
0
 62
1
 10
-18.0
 20
11.8923
 30
0.0
 11
-17.426
 21
11.7781
 31
0.0
  0
LINE
  5
694
  8
0
 62
1
 10
-17.426
 20
11.7781
 30
0.0
 11
-16.9393
 21
11.453
 31
0.0
  0
LINE
  5
695
  8
0
 62
1
 10
-16.9393
 20
11.453
 30
0.0
 11
-16.6142
 21
10.9663
 31
0.0
  0
LINE
  5
696
  8
0
 62
1
 10
-16.6142
 20
10.9663
 30
0.0
 11
-16.5
 21
10.3923
 31
0.0
  0
LINE
  5
697
  8
0
 62
1
 10
-16.5
 20
10.3923
 30
0.0
 11
-16.6142
 21
9.81827
 31
0.0
  0
LINE
  5
698
  8
0
 62
1
 10
-16.6142
 20
9.81827
 30
0.0
 11
-16.9393
 21
9.33163
 31
0.0
  0
LINE
  5
699
  8
0
 62
1
 10
-16.9393
 20
9.33163
 30
0.0
 11
-17.426
 21
9.00648
 31
0.0
  0
LINE
  5
69A
  8
0
 62
1
 10
-17.426
 20
9.00648
 30
0.0
 11
-18.0
 21
8.8923
 31
0.0
  0
LINE
  5
69B
  8
0
 62
1
 10
-18.0
 20
8.8923
 30
0.0
 11
-18.574
 21
9.00648
 31
0.0
  0
LINE
  5
69C
  8
0
 62
1
 10
35.426
 20
9.00648
 30
0.0
 11
34.9393
 21
9.33163
 31
0.0
  0
LINE
  5
69D
  8
0
 62
1
 10
34.9393
 20
9.33163
 30
0.0
 11
34.6142
 21
9.81827
 31
0.0
  0
LINE
  5
69E
  8
0
 62
1
 10
34.6142
 20
9.81827
 30
0.0
 11
34.5
 21
10.3923
 31
0.0
  0
LINE
  5
69F
  8
0
 62
1
 10
34.5
 20
10.3923
 30
0.0
 11
34.6142
 21
10.9663
 31
0.0
  0
LINE
  5
6A0
  8
0
 62
1
 10
34.6142
 20
10.9663
 30
0.0
 11
34.9393
 21
11.453
 31
0.0
  0
LINE
  5
6A1
  8
0
 62
1
 10
34.9393
 20
11.453
 30
0.0
 11
35.426
 21
11.7781
 31
0.0
  0
LINE
  5
6A2
  8
0
 62
1
 10
35.426
 20
11.7781
 30
0.0
 11
36.0
 21
11.8923
 31
0.0
  0
LINE
  5
6A3
  8
0
 62
1
 10
36.0
 20
11.8923
 30
0.0
 11
36.574
 21
11.7781
 31
0.0
  0
LINE
  5
6A4
  8
0
 62
1
 10
36.574
 20
11.7781
 30
0.0
 11
37.0607
 21
11.453
 31
0.0
  0
LINE
  5
6A5
  8
0
 62
1
 10
37.0607
 20
11.453
 30
0.0
 11
37.3858
 21
10.9663
 31
0.0
  0
LINE
  5
6A6
  8
0
 62
1
 10
37.3858
 20
10.9663
 30
0.0
 11
37.5
 21
10.3923
 31
0.0
  0
LINE
  5
6A7
  8
0
 62
1
 10
37.5
 20
10.3923
 30
0.0
 11
37.3858
 21
9.81827
 31
0.0
  0
LINE
  5
6A8
  8
0
 62
1
 10
37.3858
 20
9.81827
 30
0.0
 11
37.0607
 21
9.33163
 31
0.0
  0
LINE
  5
6A9
  8
0
 62
1
 10
37.0607
 20
9.33163
 30
0.0
 11
36.574
 21
9.00648
 31
0.0
  0
LINE
  5
6AA
  8
0
 62
1
 10
36.574
 20
9.00648
 30
0.0
 11
36.0
 21
8.8923
 31
0.0
  0
LINE
  5
6AB
  8
0
 62
1
 10
36.0
 20
8.8923
 30
0.0
 11
35.426
 21
9.00648
 31
0.0
  0
LINE
  5
6AC
  8
0
 62
1
 10
-21.574
 20
3.81032
 30
0.0
 11
-22.0607
 21
4.13548
 31
0.0
  0
LINE
  5
6AD
  8
0
 62
1
 10
-22.0607
 20
4.13548
 30
0.0
 11
-22.3858
 21
4.62212
 31
0.0
  0
LINE
  5
6AE
  8
0
 62
1
 10
-22.3858
 20
4.62212
 30
0.0
 11
-22.5
 21
5.19615
 31
0.0
  0
LINE
  5
6AF
  8
0
 62
1
 10
-22.5
 20
5.19615
 30
0.0
 11
-22.3858
 21
5.77017
 31
0.0
  0
LINE
  5
6B0
  8
0
 62
1
 10
-22.3858
 20
5.77017
 30
0.0
 11
-22.0607
 21
6.25681
 31
0.0
  0
LINE
  5
6B1
  8
0
 62
1
 10
-22.0607
 20
6.25681
 30
0.0
 11
-21.574
 21
6.58197
 31
0.0
  0
LINE
  5
6B2
  8
0
 62
1
 10
-21.574
 20
6.58197
 30
0.0
 11
-21.0
 21
6.69615
 31
0.0
  0
LINE
  5
6B3
  8
0
 62
1
 10
-21.0
 20
6.69615
 30
0.0
 11
-20.426
 21
6.58197
 31
0.0
  0
LINE
  5
6B4
  8
0
 62
1
 10
-20.426
 20
6.58197
 30
0.0
 11
-19.9393
 21
6.25681
 31
0.0
  0
LINE
  5
6B5
  8
0
 62
1
 10
-19.9393
 20
6.25681
 30
0.0
 11
-19.6142
 21
5.77017
 31
0.0
  0
LINE
  5
6B6
  8
0
 62
1
 10
-19.6142
 20
5.77017
 30
0.0
 11
-19.5
 21
5.19615
 31
0.0
  0
LINE
  5
6B7
  8
0
 62
1
 10
-19.5
 20
5.19615
 30
0.0
 11
-19.6142
 21
4.62212
 31
0.0
  0
LINE
  5
6B8
  8
0
 62
1
 10
-19.6142
 20
4.62212
 30
0.0
 11
-19.9393
 21
4.13548
 31
0.0
  0
LINE
  5
6B9
  8
0
 62
1
 10
-19.9393
 20
4.13548
 30
0.0
 11
-20.426
 21
3.81032
 31
0.0
  0
LINE
  5
6BA
  8
0
 62
1
 10
-20.426
 20
3.81032
 30
0.0
 11
-21.0
 21
3.69615
 31
0.0
  0
LINE
  5
6BB
  8
0
 62
1
 10
-21.0
 20
3.69615
 30
0.0
 11
-21.574
 21
3.81032
 31
0.0
  0
LINE
  5
6BC
  8
0
 62
1
 10
38.426
 20
3.81032
 30
0.0
 11
37.9393
 21
4.13548
 31
0.0
  0
LINE
  5
6BD
  8
0
 62
1
 10
37.9393
 20
4.13548
 30
0.0
 11
37.6142
 21
4.62212
 31
0.0
  0
LINE
  5
6BE
  8
0
 62
1
 10
37.6142
 20
4.62212
 30
0.0
 11
37.5
 21
5.19615
 31
0.0
  0
LINE
  5
6BF
  8
0
 62
1
 10
37.5
 20
5.19615
 30
0.0
 11
37.6142
 21
5.77017
 31
0.0
  0
LINE
  5
6C0
  8
0
 62
1
 10
37.6142
 20
5.77017
 30
0.0
 11
37.9393
 21
6.25681
 31
0.0
  0
LINE
  5
6C1
  8
0
 62
1
 10
37.9393
 20
6.25681
 30
0.0
 11
38.426
 21
6.58197
 31
0.0
  0
LINE
  5
6C2
  8
0
 62
1
 10
38.426
 20
6.58197
 30
0.0
 11
39.0
 21
6.69615
 31
0.0
  0
LINE
  5
6C3
  8
0
 62
1
 10
39.0
 20
6.69615
 30
0.0
 11
39.574
 21
6.58197
 31
0.0
  0
LINE
  5
6C4
  8
0
 62
1
 10
39.574
 20
6.58197
 30
0.0
 11
40.0607
 21
6.25681
 31
0.0
  0
LINE
  5
6C5
  8
0
 62
1
 10
40.0607
 20
6.25681
 30
0.0
 11
40.3858
 21
5.77017
 31
0.0
  0
LINE
  5
6C6
  8
0
 62
1
 10
40.3858
 20
5.77017
 30
0.0
 11
40.5
 21
5.19615
 31
0.0
  0
LINE
  5
6C7
  8
0
 62
1
 10
40.5
 20
5.19615
 30
0.0
 11
40.3858
 21
4.62212
 31
0.0
  0
LINE
  5
6C8
  8
0
 62
1
 10
40.3858
 20
4.62212
 30
0.0
 11
40.0607
 21
4.13548
 31
0.0
  0
LINE
  5
6C9
  8
0
 62
1
 10
40.0607
 20
4.13548
 30
0.0
 11
39.574
 21
3.81032
 31
0.0
  0
LINE
  5
6CA
  8
0
 62
1
 10
39.574
 20
3.81032
 30
0.0
 11
39.0
 21
3.69615
 31
0.0
  0
LINE
  5
6CB
  8
0
 62
1
 10
39.0
 20
3.69615
 30
0.0
 11
38.426
 21
3.81032
 31
0.0
  0
LINE
  5
6CC
  8
0
 62
1
 10
32.426
 20
3.81032
 30
0.0
 11
31.9393
 21
4.13548
 31
0.0
  0
LINE
  5
6CD
  8
0
 62
1
 10
31.9393
 20
4.13548
 30
0.0
 11
31.6142
 21
4.62212
 31
0.0
  0
LINE
  5
6CE
  8
0
 62
1
 10
31.6142
 20
4.62212
 30
0.0
 11
31.5
 21
5.19615
 31
0.0
  0
LINE
  5
6CF
  8
0
 62
1
 10
31.5
 20
5.19615
 30
0.0
 11
31.6142
 21
5.77017
 31
0.0
  0
LINE
  5
6D0
  8
0
 62
1
 10
31.6142
 20
5.77017
 30
0.0
 11
31.9393
 21
6.25681
 31
0.0
  0
LINE
  5
6D1
  8
0
 62
1
 10
31.9393
 20
6.25681
 30
0.0
 11
32.426
 21
6.58197
 31
0.0
  0
LINE
  5
6D2
  8
0
 62
1
 10
32.426
 20
6.58197
 30
0.0
 11
33.0
 21
6.69615
 31
0.0
  0
LINE
  5
6D3
  8
0
 62
1
 10
33.0
 20
6.69615
 30
0.0
 11
33.574
 21
6.58197
 31
0.0
  0
LINE
  5
6D4
  8
0
 62
1
 10
33.574
 20
6.58197
 30
0.0
 11
34.0607
 21
6.25681
 31
0.0
  0
LINE
  5
6D5
  8
0
 62
1
 10
34.0607
 20
6.25681
 30
0.0
 11
34.3858
 21
5.77017
 31
0.0
  0
LINE
  5
6D6
  8
0
 62
1
 10
34.3858
 20
5.77017
 30
0.0
 11
34.5
 21
5.19615
 31
0.0
  0
LINE
  5
6D7
  8
0
 62
1
 10
34.5
 20
5.19615
 30
0.0
 11
34.3858
 21
4.62212
 31
0.0
  0
LINE
  5
6D8
  8
0
 62
1
 10
34.3858
 20
4.62212
 30
0.0
 11
34.0607
 21
4.13548
 31
0.0
  0
LINE
  5
6D9
  8
0
 62
1
 10
34.0607
 20
4.13548
 30
0.0
 11
33.574
 21
3.81032
 31
0.0
  0
LINE
  5
6DA
  8
0
 62
1
 10
33.574
 20
3.81032
 30
0.0
 11
33.0
 21
3.69615
 31
0.0
  0
LINE
  5
6DB
  8
0
 62
1
 10
33.0
 20
3.69615
 30
0.0
 11
32.426
 21
3.81032
 31
0.0
  0
LINE
  5
6DC
  8
0
 62
1
 10
26.426
 20
3.81032
 30
0.0
 11
25.9393
 21
4.13548
 31
0.0
  0
LINE
  5
6DD
  8
0
 62
1
 10
25.9393
 20
4.13548
 30
0.0
 11
25.6142
 21
4.62212
 31
0.0
  0
LINE
  5
6DE
  8
0
 62
1
 10
25.6142
 20
4.62212
 30
0.0
 11
25.5
 21
5.19615
 31
0.0
  0
LINE
  5
6DF
  8
0
 62
1
 10
25.5
 20
5.19615
 30
0.0
 11
25.6142
 21
5.77017
 31
0.0
  0
LINE
  5
6E0
  8
0
 62
1
 10
25.6142
 20
5.77017
 30
0.0
 11
25.9393
 21
6.25681
 31
0.0
  0
LINE
  5
6E1
  8
0
 62
1
 10
25.9393
 20
6.25681
 30
0.0
 11
26.426
 21
6.58197
 31
0.0
  0
LINE
  5
6E2
  8
0
 62
1
 10
26.426
 20
6.58197
 30
0.0
 11
27.0
 21
6.69615
 31
0.0
  0
LINE
  5
6E3
  8
0
 62
1
 10
27.0
 20
6.69615
 30
0.0
 11
27.574
 21
6.58197
 31
0.0
  0
LINE
  5
6E4
  8
0
 62
1
 10
27.574
 20
6.58197
 30
0.0
 11
28.0607
 21
6.25681
 31
0.0
  0
LINE
  5
6E5
  8
0
 62
1
 10
28.0607
 20
6.25681
 30
0.0
 11
28.3858
 21
5.77017
 31
0.0
  0
LINE
  5
6E6
  8
0
 62
1
 10
28.3858
 20
5.77017
 30
0.0
 11
28.5
 21
5.19615
 31
0.0
  0
LINE
  5
6E7
  8
0
 62
1
 10
28.5
 20
5.19615
 30
0.0
 11
28.3858
 21
4.62212
 31
0.0
  0
LINE
  5
6E8
  8
0
 62
1
 10
28.3858
 20
4.62212
 30
0.0
 11
28.0607
 21
4.13548
 31
0.0
  0
LINE
  5
6E9
  8
0
 62
1
 10
28.0607
 20
4.13548
 30
0.0
 11
27.574
 21
3.81032
 31
0.0
  0
LINE
  5
6EA
  8
0
 62
1
 10
27.574
 20
3.81032
 30
0.0
 11
27.0
 21
3.69615
 31
0.0
  0
LINE
  5
6EB
  8
0
 62
1
 10
27.0
 20
3.69615
 30
0.0
 11
26.426
 21
3.81032
 31
0.0
  0
LINE
  5
6EC
  8
0
 62
1
 10
20.426
 20
3.81032
 30
0.0
 11
19.9393
 21
4.13548
 31
0.0
  0
LINE
  5
6ED
  8
0
 62
1
 10
19.9393
 20
4.13548
 30
0.0
 11
19.6142
 21
4.62212
 31
0.0
  0
LINE
  5
6EE
  8
0
 62
1
 10
19.6142
 20
4.62212
 30
0.0
 11
19.5
 21
5.19615
 31
0.0
  0
LINE
  5
6EF
  8
0
 62
1
 10
19.5
 20
5.19615
 30
0.0
 11
19.6142
 21
5.77017
 31
0.0
  0
LINE
  5
6F0
  8
0
 62
1
 10
19.6142
 20
5.77017
 30
0.0
 11
19.9393
 21
6.25681
 31
0.0
  0
LINE
  5
6F1
  8
0
 62
1
 10
19.9393
 20
6.25681
 30
0.0
 11
20.426
 21
6.58197
 31
0.0
  0
LINE
  5
6F2
  8
0
 62
1
 10
20.426
 20
6.58197
 30
0.0
 11
21.0
 21
6.69615
 31
0.0
  0
LINE
  5
6F3
  8
0
 62
1
 10
21.0
 20
6.69615
 30
0.0
 11
21.574
 21
6.58197
 31
0.0
  0
LINE
  5
6F4
  8
0
 62
1
 10
21.574
 20
6.58197
 30
0.0
 11
22.0607
 21
6.25681
 31
0.0
  0
LINE
  5
6F5
  8
0
 62
1
 10
22.0607
 20
6.25681
 30
0.0
 11
22.3858
 21
5.77017
 31
0.0
  0
LINE
  5
6F6
  8
0
 62
1
 10
22.3858
 20
5.77017
 30
0.0
 11
22.5
 21
5.19615
 31
0.0
  0
LINE
  5
6F7
  8
0
 62
1
 10
22.5
 20
5.19615
 30
0.0
 11
22.3858
 21
4.62212
 31
0.0
  0
LINE
  5
6F8
  8
0
 62
1
 10
22.3858
 20
4.62212
 30
0.0
 11
22.0607
 21
4.13548
 31
0.0
  0
LINE
  5
6F9
  8
0
 62
1
 10
22.0607
 20
4.13548
 30
0.0
 11
21.574
 21
3.81032
 31
0.0
  0
LINE
  5
6FA
  8
0
 62
1
 10
21.574
 20
3.81032
 30
0.0
 11
21.0
 21
3.69615
 31
0.0
  0
LINE
  5
6FB
  8
0
 62
1
 10
21.0
 20
3.69615
 30
0.0
 11
20.426
 21
3.81032
 31
0.0
  0
LINE
  5
6FC
  8
0
 62
1
 10
14.426
 20
3.81032
 30
0.0
 11
13.9393
 21
4.13548
 31
0.0
  0
LINE
  5
6FD
  8
0
 62
1
 10
13.9393
 20
4.13548
 30
0.0
 11
13.6142
 21
4.62212
 31
0.0
  0
LINE
  5
6FE
  8
0
 62
1
 10
13.6142
 20
4.62212
 30
0.0
 11
13.5
 21
5.19615
 31
0.0
  0
LINE
  5
6FF
  8
0
 62
1
 10
13.5
 20
5.19615
 30
0.0
 11
13.6142
 21
5.77017
 31
0.0
  0
LINE
  5
700
  8
0
 62
1
 10
13.6142
 20
5.77017
 30
0.0
 11
13.9393
 21
6.25681
 31
0.0
  0
LINE
  5
701
  8
0
 62
1
 10
13.9393
 20
6.25681
 30
0.0
 11
14.426
 21
6.58197
 31
0.0
  0
LINE
  5
702
  8
0
 62
1
 10
14.426
 20
6.58197
 30
0.0
 11
15.0
 21
6.69615
 31
0.0
  0
LINE
  5
703
  8
0
 62
1
 10
15.0
 20
6.69615
 30
0.0
 11
15.574
 21
6.58197
 31
0.0
  0
LINE
  5
704
  8
0
 62
1
 10
15.574
 20
6.58197
 30
0.0
 11
16.0607
 21
6.25681
 31
0.0
  0
LINE
  5
705
  8
0
 62
1
 10
16.0607
 20
6.25681
 30
0.0
 11
16.3858
 21
5.77017
 31
0.0
  0
LINE
  5
706
  8
0
 62
1
 10
16.3858
 20
5.77017
 30
0.0
 11
16.5
 21
5.19615
 31
0.0
  0
LINE
  5
707
  8
0
 62
1
 10
16.5
 20
5.19615
 30
0.0
 11
16.3858
 21
4.62212
 31
0.0
  0
LINE
  5
708
  8
0
 62
1
 10
16.3858
 20
4.62212
 30
0.0
 11
16.0607
 21
4.13548
 31
0.0
  0
LINE
  5
709
  8
0
 62
1
 10
16.0607
 20
4.13548
 30
0.0
 11
15.574
 21
3.81032
 31
0.0
  0
LINE
  5
70A
  8
0
 62
1
 10
15.574
 20
3.81032
 30
0.0
 11
15.0
 21
3.69615
 31
0.0
  0
LINE
  5
70B
  8
0
 62
1
 10
15.0
 20
3.69615
 30
0.0
 11
14.426
 21
3.81032
 31
0.0
  0
LINE
  5
70C
  8
0
 62
1
 10
8.42596
 20
3.81032
 30
0.0
 11
7.93933
 21
4.13548
 31
0.0
  0
LINE
  5
70D
  8
0
 62
1
 10
7.93933
 20
4.13548
 30
0.0
 11
7.61417
 21
4.62212
 31
0.0
  0
LINE
  5
70E
  8
0
 62
1
 10
7.61417
 20
4.62212
 30
0.0
 11
7.5
 21
5.19615
 31
0.0
  0
LINE
  5
70F
  8
0
 62
1
 10
7.5
 20
5.19615
 30
0.0
 11
7.61417
 21
5.77017
 31
0.0
  0
LINE
  5
710
  8
0
 62
1
 10
7.61417
 20
5.77017
 30
0.0
 11
7.93933
 21
6.25681
 31
0.0
  0
LINE
  5
711
  8
0
 62
1
 10
7.93933
 20
6.25681
 30
0.0
 11
8.42596
 21
6.58197
 31
0.0
  0
LINE
  5
712
  8
0
 62
1
 10
8.42596
 20
6.58197
 30
0.0
 11
9.0
 21
6.69615
 31
0.0
  0
LINE
  5
713
  8
0
 62
1
 10
9.0
 20
6.69615
 30
0.0
 11
9.57402
 21
6.58197
 31
0.0
  0
LINE
  5
714
  8
0
 62
1
 10
9.57402
 20
6.58197
 30
0.0
 11
10.0607
 21
6.25681
 31
0.0
  0
LINE
  5
715
  8
0
 62
1
 10
10.0607
 20
6.25681
 30
0.0
 11
10.3858
 21
5.77017
 31
0.0
  0
LINE
  5
716
  8
0
 62
1
 10
10.3858
 20
5.77017
 30
0.0
 11
10.5
 21
5.19615
 31
0.0
  0
LINE
  5
717
  8
0
 62
1
 10
10.5
 20
5.19615
 30
0.0
 11
10.3858
 21
4.62212
 31
0.0
  0
LINE
  5
718
  8
0
 62
1
 10
10.3858
 20
4.62212
 30
0.0
 11
10.0607
 21
4.13548
 31
0.0
  0
LINE
  5
719
  8
0
 62
1
 10
10.0607
 20
4.13548
 30
0.0
 11
9.57402
 21
3.81032
 31
0.0
  0
LINE
  5
71A
  8
0
 62
1
 10
9.57402
 20
3.81032
 30
0.0
 11
9.0
 21
3.69615
 31
0.0
  0
LINE
  5
71B
  8
0
 62
1
 10
9.0
 20
3.69615
 30
0.0
 11
8.42596
 21
3.81032
 31
0.0
  0
LINE
  5
71C
  8
0
 62
1
 10
-3.57402
 20
3.81032
 30
0.0
 11
-4.06065
 21
4.13548
 31
0.0
  0
LINE
  5
71D
  8
0
 62
1
 10
-4.06065
 20
4.13548
 30
0.0
 11
-4.38582
 21
4.62212
 31
0.0
  0
LINE
  5
71E
  8
0
 62
1
 10
-4.38582
 20
4.62212
 30
0.0
 11
-4.5
 21
5.19615
 31
0.0
  0
LINE
  5
71F
  8
0
 62
1
 10
-4.5
 20
5.19615
 30
0.0
 11
-4.38582
 21
5.77017
 31
0.0
  0
LINE
  5
720
  8
0
 62
1
 10
-4.38582
 20
5.77017
 30
0.0
 11
-4.06065
 21
6.25681
 31
0.0
  0
LINE
  5
721
  8
0
 62
1
 10
-4.06065
 20
6.25681
 30
0.0
 11
-3.57402
 21
6.58197
 31
0.0
  0
LINE
  5
722
  8
0
 62
1
 10
-3.57402
 20
6.58197
 30
0.0
 11
-3.0
 21
6.69615
 31
0.0
  0
LINE
  5
723
  8
0
 62
1
 10
-3.0
 20
6.69615
 30
0.0
 11
-2.42596
 21
6.58197
 31
0.0
  0
LINE
  5
724
  8
0
 62
1
 10
-2.42596
 20
6.58197
 30
0.0
 11
-1.93933
 21
6.25681
 31
0.0
  0
LINE
  5
725
  8
0
 62
1
 10
-1.93933
 20
6.25681
 30
0.0
 11
-1.61417
 21
5.77017
 31
0.0
  0
LINE
  5
726
  8
0
 62
1
 10
-1.61417
 20
5.77017
 30
0.0
 11
-1.5
 21
5.19615
 31
0.0
  0
LINE
  5
727
  8
0
 62
1
 10
-1.5
 20
5.19615
 30
0.0
 11
-1.61417
 21
4.62212
 31
0.0
  0
LINE
  5
728
  8
0
 62
1
 10
-1.61417
 20
4.62212
 30
0.0
 11
-1.93933
 21
4.13548
 31
0.0
  0
LINE
  5
729
  8
0
 62
1
 10
-1.93933
 20
4.13548
 30
0.0
 11
-2.42596
 21
3.81032
 31
0.0
  0
LINE
  5
72A
  8
0
 62
1
 10
-2.42596
 20
3.81032
 30
0.0
 11
-3.0
 21
3.69615
 31
0.0
  0
LINE
  5
72B
  8
0
 62
1
 10
-3.0
 20
3.69615
 30
0.0
 11
-3.57402
 21
3.81032
 31
0.0
  0
LINE
  5
72C
  8
0
 62
1
 10
-9.57402
 20
3.81032
 30
0.0
 11
-10.0607
 21
4.13548
 31
0.0
  0
LINE
  5
72D
  8
0
 62
1
 10
-10.0607
 20
4.13548
 30
0.0
 11
-10.3858
 21
4.62212
 31
0.0
  0
LINE
  5
72E
  8
0
 62
1
 10
-10.3858
 20
4.62212
 30
0.0
 11
-10.5
 21
5.19615
 31
0.0
  0
LINE
  5
72F
  8
0
 62
1
 10
-10.5
 20
5.19615
 30
0.0
 11
-10.3858
 21
5.77017
 31
0.0
  0
LINE
  5
730
  8
0
 62
1
 10
-10.3858
 20
5.77017
 30
0.0
 11
-10.0607
 21
6.25681
 31
0.0
  0
LINE
  5
731
  8
0
 62
1
 10
-10.0607
 20
6.25681
 30
0.0
 11
-9.57402
 21
6.58197
 31
0.0
  0
LINE
  5
732
  8
0
 62
1
 10
-9.57402
 20
6.58197
 30
0.0
 11
-9.0
 21
6.69615
 31
0.0
  0
LINE
  5
733
  8
0
 62
1
 10
-9.0
 20
6.69615
 30
0.0
 11
-8.42596
 21
6.58197
 31
0.0
  0
LINE
  5
734
  8
0
 62
1
 10
-8.42596
 20
6.58197
 30
0.0
 11
-7.93933
 21
6.25681
 31
0.0
  0
LINE
  5
735
  8
0
 62
1
 10
-7.93933
 20
6.25681
 30
0.0
 11
-7.61417
 21
5.77017
 31
0.0
  0
LINE
  5
736
  8
0
 62
1
 10
-7.61417
 20
5.77017
 30
0.0
 11
-7.5
 21
5.19615
 31
0.0
  0
LINE
  5
737
  8
0
 62
1
 10
-7.5
 20
5.19615
 30
0.0
 11
-7.61417
 21
4.62212
 31
0.0
  0
LINE
  5
738
  8
0
 62
1
 10
-7.61417
 20
4.62212
 30
0.0
 11
-7.93933
 21
4.13548
 31
0.0
  0
LINE
  5
739
  8
0
 62
1
 10
-7.93933
 20
4.13548
 30
0.0
 11
-8.42596
 21
3.81032
 31
0.0
  0
LINE
  5
73A
  8
0
 62
1
 10
-8.42596
 20
3.81032
 30
0.0
 11
-9.0
 21
3.69615
 31
0.0
  0
LINE
  5
73B
  8
0
 62
1
 10
-9.0
 20
3.69615
 30
0.0
 11
-9.57402
 21
3.81032
 31
0.0
  0
LINE
  5
73C
  8
0
 62
1
 10
2.42596
 20
3.81032
 30
0.0
 11
1.93933
 21
4.13548
 31
0.0
  0
LINE
  5
73D
  8
0
 62
1
 10
1.93933
 20
4.13548
 30
0.0
 11
1.61417
 21
4.62212
 31
0.0
  0
LINE
  5
73E
  8
0
 62
1
 10
1.61417
 20
4.62212
 30
0.0
 11
1.5
 21
5.19615
 31
0.0
  0
LINE
  5
73F
  8
0
 62
1
 10
1.5
 20
5.19615
 30
0.0
 11
1.61417
 21
5.77017
 31
0.0
  0
LINE
  5
740
  8
0
 62
1
 10
1.61417
 20
5.77017
 30
0.0
 11
1.93933
 21
6.25681
 31
0.0
  0
LINE
  5
741
  8
0
 62
1
 10
1.93933
 20
6.25681
 30
0.0
 11
2.42596
 21
6.58197
 31
0.0
  0
LINE
  5
742
  8
0
 62
1
 10
2.42596
 20
6.58197
 30
0.0
 11
3.0
 21
6.69615
 31
0.0
  0
LINE
  5
743
  8
0
 62
1
 10
3.0
 20
6.69615
 30
0.0
 11
3.57402
 21
6.58197
 31
0.0
  0
LINE
  5
744
  8
0
 62
1
 10
3.57402
 20
6.58197
 30
0.0
 11
4.06065
 21
6.25681
 31
0.0
  0
LINE
  5
745
  8
0
 62
1
 10
4.06065
 20
6.25681
 30
0.0
 11
4.38582
 21
5.77017
 31
0.0
  0
LINE
  5
746
  8
0
 62
1
 10
4.38582
 20
5.77017
 30
0.0
 11
4.5
 21
5.19615
 31
0.0
  0
LINE
  5
747
  8
0
 62
1
 10
4.5
 20
5.19615
 30
0.0
 11
4.38582
 21
4.62212
 31
0.0
  0
LINE
  5
748
  8
0
 62
1
 10
4.38582
 20
4.62212
 30
0.0
 11
4.06065
 21
4.13548
 31
0.0
  0
LINE
  5
749
  8
0
 62
1
 10
4.06065
 20
4.13548
 30
0.0
 11
3.57402
 21
3.81032
 31
0.0
  0
LINE
  5
74A
  8
0
 62
1
 10
3.57402
 20
3.81032
 30
0.0
 11
3.0
 21
3.69615
 31
0.0
  0
LINE
  5
74B
  8
0
 62
1
 10
3.0
 20
3.69615
 30
0.0
 11
2.42596
 21
3.81032
 31
0.0
  0
LINE
  5
74C
  8
0
 62
1
 10
-39.574
 20
3.81032
 30
0.0
 11
-40.0607
 21
4.13548
 31
0.0
  0
LINE
  5
74D
  8
0
 62
1
 10
-40.0607
 20
4.13548
 30
0.0
 11
-40.3858
 21
4.62212
 31
0.0
  0
LINE
  5
74E
  8
0
 62
1
 10
-40.3858
 20
4.62212
 30
0.0
 11
-40.5
 21
5.19615
 31
0.0
  0
LINE
  5
74F
  8
0
 62
1
 10
-40.5
 20
5.19615
 30
0.0
 11
-40.3858
 21
5.77017
 31
0.0
  0
LINE
  5
750
  8
0
 62
1
 10
-40.3858
 20
5.77017
 30
0.0
 11
-40.0607
 21
6.25681
 31
0.0
  0
LINE
  5
751
  8
0
 62
1
 10
-40.0607
 20
6.25681
 30
0.0
 11
-39.574
 21
6.58197
 31
0.0
  0
LINE
  5
752
  8
0
 62
1
 10
-39.574
 20
6.58197
 30
0.0
 11
-39.0
 21
6.69615
 31
0.0
  0
LINE
  5
753
  8
0
 62
1
 10
-39.0
 20
6.69615
 30
0.0
 11
-38.426
 21
6.58197
 31
0.0
  0
LINE
  5
754
  8
0
 62
1
 10
-38.426
 20
6.58197
 30
0.0
 11
-37.9393
 21
6.25681
 31
0.0
  0
LINE
  5
755
  8
0
 62
1
 10
-37.9393
 20
6.25681
 30
0.0
 11
-37.6142
 21
5.77017
 31
0.0
  0
LINE
  5
756
  8
0
 62
1
 10
-37.6142
 20
5.77017
 30
0.0
 11
-37.5
 21
5.19615
 31
0.0
  0
LINE
  5
757
  8
0
 62
1
 10
-37.5
 20
5.19615
 30
0.0
 11
-37.6142
 21
4.62212
 31
0.0
  0
LINE
  5
758
  8
0
 62
1
 10
-37.6142
 20
4.62212
 30
0.0
 11
-37.9393
 21
4.13548
 31
0.0
  0
LINE
  5
759
  8
0
 62
1
 10
-37.9393
 20
4.13548
 30
0.0
 11
-38.426
 21
3.81032
 31
0.0
  0
LINE
  5
75A
  8
0
 62
1
 10
-38.426
 20
3.81032
 30
0.0
 11
-39.0
 21
3.69615
 31
0.0
  0
LINE
  5
75B
  8
0
 62
1
 10
-39.0
 20
3.69615
 30
0.0
 11
-39.574
 21
3.81032
 31
0.0
  0
LINE
  5
75C
  8
0
 62
1
 10
-33.574
 20
3.81032
 30
0.0
 11
-34.0607
 21
4.13548
 31
0.0
  0
LINE
  5
75D
  8
0
 62
1
 10
-34.0607
 20
4.13548
 30
0.0
 11
-34.3858
 21
4.62212
 31
0.0
  0
LINE
  5
75E
  8
0
 62
1
 10
-34.3858
 20
4.62212
 30
0.0
 11
-34.5
 21
5.19615
 31
0.0
  0
LINE
  5
75F
  8
0
 62
1
 10
-34.5
 20
5.19615
 30
0.0
 11
-34.3858
 21
5.77017
 31
0.0
  0
LINE
  5
760
  8
0
 62
1
 10
-34.3858
 20
5.77017
 30
0.0
 11
-34.0607
 21
6.25681
 31
0.0
  0
LINE
  5
761
  8
0
 62
1
 10
-34.0607
 20
6.25681
 30
0.0
 11
-33.574
 21
6.58197
 31
0.0
  0
LINE
  5
762
  8
0
 62
1
 10
-33.574
 20
6.58197
 30
0.0
 11
-33.0
 21
6.69615
 31
0.0
  0
LINE
  5
763
  8
0
 62
1
 10
-33.0
 20
6.69615
 30
0.0
 11
-32.426
 21
6.58197
 31
0.0
  0
LINE
  5
764
  8
0
 62
1
 10
-32.426
 20
6.58197
 30
0.0
 11
-31.9393
 21
6.25681
 31
0.0
  0
LINE
  5
765
  8
0
 62
1
 10
-31.9393
 20
6.25681
 30
0.0
 11
-31.6142
 21
5.77017
 31
0.0
  0
LINE
  5
766
  8
0
 62
1
 10
-31.6142
 20
5.77017
 30
0.0
 11
-31.5
 21
5.19615
 31
0.0
  0
LINE
  5
767
  8
0
 62
1
 10
-31.5
 20
5.19615
 30
0.0
 11
-31.6142
 21
4.62212
 31
0.0
  0
LINE
  5
768
  8
0
 62
1
 10
-31.6142
 20
4.62212
 30
0.0
 11
-31.9393
 21
4.13548
 31
0.0
  0
LINE
  5
769
  8
0
 62
1
 10
-31.9393
 20
4.13548
 30
0.0
 11
-32.426
 21
3.81032
 31
0.0
  0
LINE
  5
76A
  8
0
 62
1
 10
-32.426
 20
3.81032
 30
0.0
 11
-33.0
 21
3.69615
 31
0.0
  0
LINE
  5
76B
  8
0
 62
1
 10
-33.0
 20
3.69615
 30
0.0
 11
-33.574
 21
3.81032
 31
0.0
  0
LINE
  5
76C
  8
0
 62
1
 10
-27.574
 20
3.81032
 30
0.0
 11
-28.0607
 21
4.13548
 31
0.0
  0
LINE
  5
76D
  8
0
 62
1
 10
-28.0607
 20
4.13548
 30
0.0
 11
-28.3858
 21
4.62212
 31
0.0
  0
LINE
  5
76E
  8
0
 62
1
 10
-28.3858
 20
4.62212
 30
0.0
 11
-28.5
 21
5.19615
 31
0.0
  0
LINE
  5
76F
  8
0
 62
1
 10
-28.5
 20
5.19615
 30
0.0
 11
-28.3858
 21
5.77017
 31
0.0
  0
LINE
  5
770
  8
0
 62
1
 10
-28.3858
 20
5.77017
 30
0.0
 11
-28.0607
 21
6.25681
 31
0.0
  0
LINE
  5
771
  8
0
 62
1
 10
-28.0607
 20
6.25681
 30
0.0
 11
-27.574
 21
6.58197
 31
0.0
  0
LINE
  5
772
  8
0
 62
1
 10
-27.574
 20
6.58197
 30
0.0
 11
-27.0
 21
6.69615
 31
0.0
  0
LINE
  5
773
  8
0
 62
1
 10
-27.0
 20
6.69615
 30
0.0
 11
-26.426
 21
6.58197
 31
0.0
  0
LINE
  5
774
  8
0
 62
1
 10
-26.426
 20
6.58197
 30
0.0
 11
-25.9393
 21
6.25681
 31
0.0
  0
LINE
  5
775
  8
0
 62
1
 10
-25.9393
 20
6.25681
 30
0.0
 11
-25.6142
 21
5.77017
 31
0.0
  0
LINE
  5
776
  8
0
 62
1
 10
-25.6142
 20
5.77017
 30
0.0
 11
-25.5
 21
5.19615
 31
0.0
  0
LINE
  5
777
  8
0
 62
1
 10
-25.5
 20
5.19615
 30
0.0
 11
-25.6142
 21
4.62212
 31
0.0
  0
LINE
  5
778
  8
0
 62
1
 10
-25.6142
 20
4.62212
 30
0.0
 11
-25.9393
 21
4.13548
 31
0.0
  0
LINE
  5
779
  8
0
 62
1
 10
-25.9393
 20
4.13548
 30
0.0
 11
-26.426
 21
3.81032
 31
0.0
  0
LINE
  5
77A
  8
0
 62
1
 10
-26.426
 20
3.81032
 30
0.0
 11
-27.0
 21
3.69615
 31
0.0
  0
LINE
  5
77B
  8
0
 62
1
 10
-27.0
 20
3.69615
 30
0.0
 11
-27.574
 21
3.81032
 31
0.0
  0
LINE
  5
77C
  8
0
 62
1
 10
-15.574
 20
3.81032
 30
0.0
 11
-16.0607
 21
4.13548
 31
0.0
  0
LINE
  5
77D
  8
0
 62
1
 10
-16.0607
 20
4.13548
 30
0.0
 11
-16.3858
 21
4.62212
 31
0.0
  0
LINE
  5
77E
  8
0
 62
1
 10
-16.3858
 20
4.62212
 30
0.0
 11
-16.5
 21
5.19615
 31
0.0
  0
LINE
  5
77F
  8
0
 62
1
 10
-16.5
 20
5.19615
 30
0.0
 11
-16.3858
 21
5.77017
 31
0.0
  0
LINE
  5
780
  8
0
 62
1
 10
-16.3858
 20
5.77017
 30
0.0
 11
-16.0607
 21
6.25681
 31
0.0
  0
LINE
  5
781
  8
0
 62
1
 10
-16.0607
 20
6.25681
 30
0.0
 11
-15.574
 21
6.58197
 31
0.0
  0
LINE
  5
782
  8
0
 62
1
 10
-15.574
 20
6.58197
 30
0.0
 11
-15.0
 21
6.69615
 31
0.0
  0
LINE
  5
783
  8
0
 62
1
 10
-15.0
 20
6.69615
 30
0.0
 11
-14.426
 21
6.58197
 31
0.0
  0
LINE
  5
784
  8
0
 62
1
 10
-14.426
 20
6.58197
 30
0.0
 11
-13.9393
 21
6.25681
 31
0.0
  0
LINE
  5
785
  8
0
 62
1
 10
-13.9393
 20
6.25681
 30
0.0
 11
-13.6142
 21
5.77017
 31
0.0
  0
LINE
  5
786
  8
0
 62
1
 10
-13.6142
 20
5.77017
 30
0.0
 11
-13.5
 21
5.19615
 31
0.0
  0
LINE
  5
787
  8
0
 62
1
 10
-13.5
 20
5.19615
 30
0.0
 11
-13.6142
 21
4.62212
 31
0.0
  0
LINE
  5
788
  8
0
 62
1
 10
-13.6142
 20
4.62212
 30
0.0
 11
-13.9393
 21
4.13548
 31
0.0
  0
LINE
  5
789
  8
0
 62
1
 10
-13.9393
 20
4.13548
 30
0.0
 11
-14.426
 21
3.81032
 31
0.0
  0
LINE
  5
78A
  8
0
 62
1
 10
-14.426
 20
3.81032
 30
0.0
 11
-15.0
 21
3.69615
 31
0.0
  0
LINE
  5
78B
  8
0
 62
1
 10
-15.0
 20
3.69615
 30
0.0
 11
-15.574
 21
3.81032
 31
0.0
  0
LINE
  5
78C
  8
0
 62
1
 10
-0.57402
 20
-1.38582
 30
0.0
 11
-1.06065
 21
-1.06065
 31
0.0
  0
LINE
  5
78D
  8
0
 62
1
 10
-1.06065
 20
-1.06065
 30
0.0
 11
-1.38582
 21
-0.57402
 31
0.0
  0
LINE
  5
78E
  8
0
 62
1
 10
-1.38582
 20
-0.57402
 30
0.0
 11
-1.5
 21
0.0
 31
0.0
  0
LINE
  5
78F
  8
0
 62
1
 10
-1.5
 20
0.0
 30
0.0
 11
-1.38582
 21
0.57402
 31
0.0
  0
LINE
  5
790
  8
0
 62
1
 10
-1.38582
 20
0.57402
 30
0.0
 11
-1.06065
 21
1.06065
 31
0.0
  0
LINE
  5
791
  8
0
 62
1
 10
-1.06065
 20
1.06065
 30
0.0
 11
-0.57402
 21
1.38582
 31
0.0
  0
LINE
  5
792
  8
0
 62
1
 10
-0.57402
 20
1.38582
 30
0.0
 11
0.0
 21
1.5
 31
0.0
  0
LINE
  5
793
  8
0
 62
1
 10
0.0
 20
1.5
 30
0.0
 11
0.57402
 21
1.38582
 31
0.0
  0
LINE
  5
794
  8
0
 62
1
 10
0.57402
 20
1.38582
 30
0.0
 11
1.06065
 21
1.06065
 31
0.0
  0
LINE
  5
795
  8
0
 62
1
 10
1.06065
 20
1.06065
 30
0.0
 11
1.38582
 21
0.57402
 31
0.0
  0
LINE
  5
796
  8
0
 62
1
 10
1.38582
 20
0.57402
 30
0.0
 11
1.5
 21
0.0
 31
0.0
  0
LINE
  5
797
  8
0
 62
1
 10
1.5
 20
0.0
 30
0.0
 11
1.38582
 21
-0.57402
 31
0.0
  0
LINE
  5
798
  8
0
 62
1
 10
1.38582
 20
-0.57402
 30
0.0
 11
1.06065
 21
-1.06065
 31
0.0
  0
LINE
  5
799
  8
0
 62
1
 10
1.06065
 20
-1.06065
 30
0.0
 11
0.57402
 21
-1.38582
 31
0.0
  0
LINE
  5
79A
  8
0
 62
1
 10
0.57402
 20
-1.38582
 30
0.0
 11
0.0
 21
-1.5
 31
0.0
  0
LINE
  5
79B
  8
0
 62
1
 10
0.0
 20
-1.5
 30
0.0
 11
-0.57402
 21
-1.38582
 31
0.0
  0
LINE
  5
79C
  8
0
 62
1
 10
23.426
 20
-1.38582
 30
0.0
 11
22.9393
 21
-1.06065
 31
0.0
  0
LINE
  5
79D
  8
0
 62
1
 10
22.9393
 20
-1.06065
 30
0.0
 11
22.6142
 21
-0.57402
 31
0.0
  0
LINE
  5
79E
  8
0
 62
1
 10
22.6142
 20
-0.57402
 30
0.0
 11
22.5
 21
0.0
 31
0.0
  0
LINE
  5
79F
  8
0
 62
1
 10
22.5
 20
0.0
 30
0.0
 11
22.6142
 21
0.57402
 31
0.0
  0
LINE
  5
7A0
  8
0
 62
1
 10
22.6142
 20
0.57402
 30
0.0
 11
22.9393
 21
1.06065
 31
0.0
  0
LINE
  5
7A1
  8
0
 62
1
 10
22.9393
 20
1.06065
 30
0.0
 11
23.426
 21
1.38582
 31
0.0
  0
LINE
  5
7A2
  8
0
 62
1
 10
23.426
 20
1.38582
 30
0.0
 11
24.0
 21
1.5
 31
0.0
  0
LINE
  5
7A3
  8
0
 62
1
 10
24.0
 20
1.5
 30
0.0
 11
24.574
 21
1.38582
 31
0.0
  0
LINE
  5
7A4
  8
0
 62
1
 10
24.574
 20
1.38582
 30
0.0
 11
25.0607
 21
1.06065
 31
0.0
  0
LINE
  5
7A5
  8
0
 62
1
 10
25.0607
 20
1.06065
 30
0.0
 11
25.3858
 21
0.57402
 31
0.0
  0
LINE
  5
7A6
  8
0
 62
1
 10
25.3858
 20
0.57402
 30
0.0
 11
25.5
 21
0.0
 31
0.0
  0
LINE
  5
7A7
  8
0
 62
1
 10
25.5
 20
0.0
 30
0.0
 11
25.3858
 21
-0.57402
 31
0.0
  0
LINE
  5
7A8
  8
0
 62
1
 10
25.3858
 20
-0.57402
 30
0.0
 11
25.0607
 21
-1.06065
 31
0.0
  0
LINE
  5
7A9
  8
0
 62
1
 10
25.0607
 20
-1.06065
 30
0.0
 11
24.574
 21
-1.38582
 31
0.0
  0
LINE
  5
7AA
  8
0
 62
1
 10
24.574
 20
-1.38582
 30
0.0
 11
24.0
 21
-1.5
 31
0.0
  0
LINE
  5
7AB
  8
0
 62
1
 10
24.0
 20
-1.5
 30
0.0
 11
23.426
 21
-1.38582
 31
0.0
  0
LINE
  5
7AC
  8
0
 62
1
 10
41.426
 20
-1.38582
 30
0.0
 11
40.9393
 21
-1.06065
 31
0.0
  0
LINE
  5
7AD
  8
0
 62
1
 10
40.9393
 20
-1.06065
 30
0.0
 11
40.6142
 21
-0.57402
 31
0.0
  0
LINE
  5
7AE
  8
0
 62
1
 10
40.6142
 20
-0.57402
 30
0.0
 11
40.5
 21
0.0
 31
0.0
  0
LINE
  5
7AF
  8
0
 62
1
 10
40.5
 20
0.0
 30
0.0
 11
40.6142
 21
0.57402
 31
0.0
  0
LINE
  5
7B0
  8
0
 62
1
 10
40.6142
 20
0.57402
 30
0.0
 11
40.9393
 21
1.06065
 31
0.0
  0
LINE
  5
7B1
  8
0
 62
1
 10
40.9393
 20
1.06065
 30
0.0
 11
41.426
 21
1.38582
 31
0.0
  0
LINE
  5
7B2
  8
0
 62
1
 10
41.426
 20
1.38582
 30
0.0
 11
42.0
 21
1.5
 31
0.0
  0
LINE
  5
7B3
  8
0
 62
1
 10
42.0
 20
1.5
 30
0.0
 11
42.574
 21
1.38582
 31
0.0
  0
LINE
  5
7B4
  8
0
 62
1
 10
42.574
 20
1.38582
 30
0.0
 11
43.0607
 21
1.06065
 31
0.0
  0
LINE
  5
7B5
  8
0
 62
1
 10
43.0607
 20
1.06065
 30
0.0
 11
43.3858
 21
0.57402
 31
0.0
  0
LINE
  5
7B6
  8
0
 62
1
 10
43.3858
 20
0.57402
 30
0.0
 11
43.5
 21
0.0
 31
0.0
  0
LINE
  5
7B7
  8
0
 62
1
 10
43.5
 20
0.0
 30
0.0
 11
43.3858
 21
-0.57402
 31
0.0
  0
LINE
  5
7B8
  8
0
 62
1
 10
43.3858
 20
-0.57402
 30
0.0
 11
43.0607
 21
-1.06065
 31
0.0
  0
LINE
  5
7B9
  8
0
 62
1
 10
43.0607
 20
-1.06065
 30
0.0
 11
42.574
 21
-1.38582
 31
0.0
  0
LINE
  5
7BA
  8
0
 62
1
 10
42.574
 20
-1.38582
 30
0.0
 11
42.0
 21
-1.5
 31
0.0
  0
LINE
  5
7BB
  8
0
 62
1
 10
42.0
 20
-1.5
 30
0.0
 11
41.426
 21
-1.38582
 31
0.0
  0
LINE
  5
7BC
  8
0
 62
1
 10
35.426
 20
-1.38582
 30
0.0
 11
34.9393
 21
-1.06065
 31
0.0
  0
LINE
  5
7BD
  8
0
 62
1
 10
34.9393
 20
-1.06065
 30
0.0
 11
34.6142
 21
-0.57402
 31
0.0
  0
LINE
  5
7BE
  8
0
 62
1
 10
34.6142
 20
-0.57402
 30
0.0
 11
34.5
 21
0.0
 31
0.0
  0
LINE
  5
7BF
  8
0
 62
1
 10
34.5
 20
0.0
 30
0.0
 11
34.6142
 21
0.57402
 31
0.0
  0
LINE
  5
7C0
  8
0
 62
1
 10
34.6142
 20
0.57402
 30
0.0
 11
34.9393
 21
1.06065
 31
0.0
  0
LINE
  5
7C1
  8
0
 62
1
 10
34.9393
 20
1.06065
 30
0.0
 11
35.426
 21
1.38582
 31
0.0
  0
LINE
  5
7C2
  8
0
 62
1
 10
35.426
 20
1.38582
 30
0.0
 11
36.0
 21
1.5
 31
0.0
  0
LINE
  5
7C3
  8
0
 62
1
 10
36.0
 20
1.5
 30
0.0
 11
36.574
 21
1.38582
 31
0.0
  0
LINE
  5
7C4
  8
0
 62
1
 10
36.574
 20
1.38582
 30
0.0
 11
37.0607
 21
1.06065
 31
0.0
  0
LINE
  5
7C5
  8
0
 62
1
 10
37.0607
 20
1.06065
 30
0.0
 11
37.3858
 21
0.57402
 31
0.0
  0
LINE
  5
7C6
  8
0
 62
1
 10
37.3858
 20
0.57402
 30
0.0
 11
37.5
 21
0.0
 31
0.0
  0
LINE
  5
7C7
  8
0
 62
1
 10
37.5
 20
0.0
 30
0.0
 11
37.3858
 21
-0.57402
 31
0.0
  0
LINE
  5
7C8
  8
0
 62
1
 10
37.3858
 20
-0.57402
 30
0.0
 11
37.0607
 21
-1.06065
 31
0.0
  0
LINE
  5
7C9
  8
0
 62
1
 10
37.0607
 20
-1.06065
 30
0.0
 11
36.574
 21
-1.38582
 31
0.0
  0
LINE
  5
7CA
  8
0
 62
1
 10
36.574
 20
-1.38582
 30
0.0
 11
36.0
 21
-1.5
 31
0.0
  0
LINE
  5
7CB
  8
0
 62
1
 10
36.0
 20
-1.5
 30
0.0
 11
35.426
 21
-1.38582
 31
0.0
  0
LINE
  5
7CC
  8
0
 62
1
 10
17.426
 20
-1.38582
 30
0.0
 11
16.9393
 21
-1.06065
 31
0.0
  0
LINE
  5
7CD
  8
0
 62
1
 10
16.9393
 20
-1.06065
 30
0.0
 11
16.6142
 21
-0.57402
 31
0.0
  0
LINE
  5
7CE
  8
0
 62
1
 10
16.6142
 20
-0.57402
 30
0.0
 11
16.5
 21
0.0
 31
0.0
  0
LINE
  5
7CF
  8
0
 62
1
 10
16.5
 20
0.0
 30
0.0
 11
16.6142
 21
0.57402
 31
0.0
  0
LINE
  5
7D0
  8
0
 62
1
 10
16.6142
 20
0.57402
 30
0.0
 11
16.9393
 21
1.06065
 31
0.0
  0
LINE
  5
7D1
  8
0
 62
1
 10
16.9393
 20
1.06065
 30
0.0
 11
17.426
 21
1.38582
 31
0.0
  0
LINE
  5
7D2
  8
0
 62
1
 10
17.426
 20
1.38582
 30
0.0
 11
18.0
 21
1.5
 31
0.0
  0
LINE
  5
7D3
  8
0
 62
1
 10
18.0
 20
1.5
 30
0.0
 11
18.574
 21
1.38582
 31
0.0
  0
LINE
  5
7D4
  8
0
 62
1
 10
18.574
 20
1.38582
 30
0.0
 11
19.0607
 21
1.06065
 31
0.0
  0
LINE
  5
7D5
  8
0
 62
1
 10
19.0607
 20
1.06065
 30
0.0
 11
19.3858
 21
0.57402
 31
0.0
  0
LINE
  5
7D6
  8
0
 62
1
 10
19.3858
 20
0.57402
 30
0.0
 11
19.5
 21
0.0
 31
0.0
  0
LINE
  5
7D7
  8
0
 62
1
 10
19.5
 20
0.0
 30
0.0
 11
19.3858
 21
-0.57402
 31
0.0
  0
LINE
  5
7D8
  8
0
 62
1
 10
19.3858
 20
-0.57402
 30
0.0
 11
19.0607
 21
-1.06065
 31
0.0
  0
LINE
  5
7D9
  8
0
 62
1
 10
19.0607
 20
-1.06065
 30
0.0
 11
18.574
 21
-1.38582
 31
0.0
  0
LINE
  5
7DA
  8
0
 62
1
 10
18.574
 20
-1.38582
 30
0.0
 11
18.0
 21
-1.5
 31
0.0
  0
LINE
  5
7DB
  8
0
 62
1
 10
18.0
 20
-1.5
 30
0.0
 11
17.426
 21
-1.38582
 31
0.0
  0
LINE
  5
7DC
  8
0
 62
1
 10
-42.574
 20
-1.38582
 30
0.0
 11
-43.0607
 21
-1.06065
 31
0.0
  0
LINE
  5
7DD
  8
0
 62
1
 10
-43.0607
 20
-1.06065
 30
0.0
 11
-43.3858
 21
-0.57402
 31
0.0
  0
LINE
  5
7DE
  8
0
 62
1
 10
-43.3858
 20
-0.57402
 30
0.0
 11
-43.5
 21
0.0
 31
0.0
  0
LINE
  5
7DF
  8
0
 62
1
 10
-43.5
 20
0.0
 30
0.0
 11
-43.3858
 21
0.57402
 31
0.0
  0
LINE
  5
7E0
  8
0
 62
1
 10
-43.3858
 20
0.57402
 30
0.0
 11
-43.0607
 21
1.06065
 31
0.0
  0
LINE
  5
7E1
  8
0
 62
1
 10
-43.0607
 20
1.06065
 30
0.0
 11
-42.574
 21
1.38582
 31
0.0
  0
LINE
  5
7E2
  8
0
 62
1
 10
-42.574
 20
1.38582
 30
0.0
 11
-42.0
 21
1.5
 31
0.0
  0
LINE
  5
7E3
  8
0
 62
1
 10
-42.0
 20
1.5
 30
0.0
 11
-41.426
 21
1.38582
 31
0.0
  0
LINE
  5
7E4
  8
0
 62
1
 10
-41.426
 20
1.38582
 30
0.0
 11
-40.9393
 21
1.06065
 31
0.0
  0
LINE
  5
7E5
  8
0
 62
1
 10
-40.9393
 20
1.06065
 30
0.0
 11
-40.6142
 21
0.57402
 31
0.0
  0
LINE
  5
7E6
  8
0
 62
1
 10
-40.6142
 20
0.57402
 30
0.0
 11
-40.5
 21
0.0
 31
0.0
  0
LINE
  5
7E7
  8
0
 62
1
 10
-40.5
 20
0.0
 30
0.0
 11
-40.6142
 21
-0.57402
 31
0.0
  0
LINE
  5
7E8
  8
0
 62
1
 10
-40.6142
 20
-0.57402
 30
0.0
 11
-40.9393
 21
-1.06065
 31
0.0
  0
LINE
  5
7E9
  8
0
 62
1
 10
-40.9393
 20
-1.06065
 30
0.0
 11
-41.426
 21
-1.38582
 31
0.0
  0
LINE
  5
7EA
  8
0
 62
1
 10
-41.426
 20
-1.38582
 30
0.0
 11
-42.0
 21
-1.5
 31
0.0
  0
LINE
  5
7EB
  8
0
 62
1
 10
-42.0
 20
-1.5
 30
0.0
 11
-42.574
 21
-1.38582
 31
0.0
  0
LINE
  5
7EC
  8
0
 62
1
 10
11.426
 20
-1.38582
 30
0.0
 11
10.9393
 21
-1.06065
 31
0.0
  0
LINE
  5
7ED
  8
0
 62
1
 10
10.9393
 20
-1.06065
 30
0.0
 11
10.6142
 21
-0.57402
 31
0.0
  0
LINE
  5
7EE
  8
0
 62
1
 10
10.6142
 20
-0.57402
 30
0.0
 11
10.5
 21
0.0
 31
0.0
  0
LINE
  5
7EF
  8
0
 62
1
 10
10.5
 20
0.0
 30
0.0
 11
10.6142
 21
0.57402
 31
0.0
  0
LINE
  5
7F0
  8
0
 62
1
 10
10.6142
 20
0.57402
 30
0.0
 11
10.9393
 21
1.06065
 31
0.0
  0
LINE
  5
7F1
  8
0
 62
1
 10
10.9393
 20
1.06065
 30
0.0
 11
11.426
 21
1.38582
 31
0.0
  0
LINE
  5
7F2
  8
0
 62
1
 10
11.426
 20
1.38582
 30
0.0
 11
12.0
 21
1.5
 31
0.0
  0
LINE
  5
7F3
  8
0
 62
1
 10
12.0
 20
1.5
 30
0.0
 11
12.574
 21
1.38582
 31
0.0
  0
LINE
  5
7F4
  8
0
 62
1
 10
12.574
 20
1.38582
 30
0.0
 11
13.0607
 21
1.06065
 31
0.0
  0
LINE
  5
7F5
  8
0
 62
1
 10
13.0607
 20
1.06065
 30
0.0
 11
13.3858
 21
0.57402
 31
0.0
  0
LINE
  5
7F6
  8
0
 62
1
 10
13.3858
 20
0.57402
 30
0.0
 11
13.5
 21
0.0
 31
0.0
  0
LINE
  5
7F7
  8
0
 62
1
 10
13.5
 20
0.0
 30
0.0
 11
13.3858
 21
-0.57402
 31
0.0
  0
LINE
  5
7F8
  8
0
 62
1
 10
13.3858
 20
-0.57402
 30
0.0
 11
13.0607
 21
-1.06065
 31
0.0
  0
LINE
  5
7F9
  8
0
 62
1
 10
13.0607
 20
-1.06065
 30
0.0
 11
12.574
 21
-1.38582
 31
0.0
  0
LINE
  5
7FA
  8
0
 62
1
 10
12.574
 20
-1.38582
 30
0.0
 11
12.0
 21
-1.5
 31
0.0
  0
LINE
  5
7FB
  8
0
 62
1
 10
12.0
 20
-1.5
 30
0.0
 11
11.426
 21
-1.38582
 31
0.0
  0
LINE
  5
7FC
  8
0
 62
1
 10
5.42596
 20
-1.38582
 30
0.0
 11
4.93933
 21
-1.06065
 31
0.0
  0
LINE
  5
7FD
  8
0
 62
1
 10
4.93933
 20
-1.06065
 30
0.0
 11
4.61417
 21
-0.57402
 31
0.0
  0
LINE
  5
7FE
  8
0
 62
1
 10
4.61417
 20
-0.57402
 30
0.0
 11
4.5
 21
0.0
 31
0.0
  0
LINE
  5
7FF
  8
0
 62
1
 10
4.5
 20
0.0
 30
0.0
 11
4.61417
 21
0.57402
 31
0.0
  0
LINE
  5
800
  8
0
 62
1
 10
4.61417
 20
0.57402
 30
0.0
 11
4.93933
 21
1.06065
 31
0.0
  0
LINE
  5
801
  8
0
 62
1
 10
4.93933
 20
1.06065
 30
0.0
 11
5.42596
 21
1.38582
 31
0.0
  0
LINE
  5
802
  8
0
 62
1
 10
5.42596
 20
1.38582
 30
0.0
 11
6.0
 21
1.5
 31
0.0
  0
LINE
  5
803
  8
0
 62
1
 10
6.0
 20
1.5
 30
0.0
 11
6.57402
 21
1.38582
 31
0.0
  0
LINE
  5
804
  8
0
 62
1
 10
6.57402
 20
1.38582
 30
0.0
 11
7.06065
 21
1.06065
 31
0.0
  0
LINE
  5
805
  8
0
 62
1
 10
7.06065
 20
1.06065
 30
0.0
 11
7.38582
 21
0.57402
 31
0.0
  0
LINE
  5
806
  8
0
 62
1
 10
7.38582
 20
0.57402
 30
0.0
 11
7.5
 21
0.0
 31
0.0
  0
LINE
  5
807
  8
0
 62
1
 10
7.5
 20
0.0
 30
0.0
 11
7.38582
 21
-0.57402
 31
0.0
  0
LINE
  5
808
  8
0
 62
1
 10
7.38582
 20
-0.57402
 30
0.0
 11
7.06065
 21
-1.06065
 31
0.0
  0
LINE
  5
809
  8
0
 62
1
 10
7.06065
 20
-1.06065
 30
0.0
 11
6.57402
 21
-1.38582
 31
0.0
  0
LINE
  5
80A
  8
0
 62
1
 10
6.57402
 20
-1.38582
 30
0.0
 11
6.0
 21
-1.5
 31
0.0
  0
LINE
  5
80B
  8
0
 62
1
 10
6.0
 20
-1.5
 30
0.0
 11
5.42596
 21
-1.38582
 31
0.0
  0
LINE
  5
80C
  8
0
 62
1
 10
-6.57402
 20
-1.38582
 30
0.0
 11
-7.06065
 21
-1.06065
 31
0.0
  0
LINE
  5
80D
  8
0
 62
1
 10
-7.06065
 20
-1.06065
 30
0.0
 11
-7.38582
 21
-0.57402
 31
0.0
  0
LINE
  5
80E
  8
0
 62
1
 10
-7.38582
 20
-0.57402
 30
0.0
 11
-7.5
 21
0.0
 31
0.0
  0
LINE
  5
80F
  8
0
 62
1
 10
-7.5
 20
0.0
 30
0.0
 11
-7.38582
 21
0.57402
 31
0.0
  0
LINE
  5
810
  8
0
 62
1
 10
-7.38582
 20
0.57402
 30
0.0
 11
-7.06065
 21
1.06065
 31
0.0
  0
LINE
  5
811
  8
0
 62
1
 10
-7.06065
 20
1.06065
 30
0.0
 11
-6.57402
 21
1.38582
 31
0.0
  0
LINE
  5
812
  8
0
 62
1
 10
-6.57402
 20
1.38582
 30
0.0
 11
-6.0
 21
1.5
 31
0.0
  0
LINE
  5
813
  8
0
 62
1
 10
-6.0
 20
1.5
 30
0.0
 11
-5.42596
 21
1.38582
 31
0.0
  0
LINE
  5
814
  8
0
 62
1
 10
-5.42596
 20
1.38582
 30
0.0
 11
-4.93933
 21
1.06065
 31
0.0
  0
LINE
  5
815
  8
0
 62
1
 10
-4.93933
 20
1.06065
 30
0.0
 11
-4.61417
 21
0.57402
 31
0.0
  0
LINE
  5
816
  8
0
 62
1
 10
-4.61417
 20
0.57402
 30
0.0
 11
-4.5
 21
0.0
 31
0.0
  0
LINE
  5
817
  8
0
 62
1
 10
-4.5
 20
0.0
 30
0.0
 11
-4.61417
 21
-0.57402
 31
0.0
  0
LINE
  5
818
  8
0
 62
1
 10
-4.61417
 20
-0.57402
 30
0.0
 11
-4.93933
 21
-1.06065
 31
0.0
  0
LINE
  5
819
  8
0
 62
1
 10
-4.93933
 20
-1.06065
 30
0.0
 11
-5.42596
 21
-1.38582
 31
0.0
  0
LINE
  5
81A
  8
0
 62
1
 10
-5.42596
 20
-1.38582
 30
0.0
 11
-6.0
 21
-1.5
 31
0.0
  0
LINE
  5
81B
  8
0
 62
1
 10
-6.0
 20
-1.5
 30
0.0
 11
-6.57402
 21
-1.38582
 31
0.0
  0
LINE
  5
81C
  8
0
 62
1
 10
-36.574
 20
-1.38582
 30
0.0
 11
-37.0607
 21
-1.06065
 31
0.0
  0
LINE
  5
81D
  8
0
 62
1
 10
-37.0607
 20
-1.06065
 30
0.0
 11
-37.3858
 21
-0.57402
 31
0.0
  0
LINE
  5
81E
  8
0
 62
1
 10
-37.3858
 20
-0.57402
 30
0.0
 11
-37.5
 21
0.0
 31
0.0
  0
LINE
  5
81F
  8
0
 62
1
 10
-37.5
 20
0.0
 30
0.0
 11
-37.3858
 21
0.57402
 31
0.0
  0
LINE
  5
820
  8
0
 62
1
 10
-37.3858
 20
0.57402
 30
0.0
 11
-37.0607
 21
1.06065
 31
0.0
  0
LINE
  5
821
  8
0
 62
1
 10
-37.0607
 20
1.06065
 30
0.0
 11
-36.574
 21
1.38582
 31
0.0
  0
LINE
  5
822
  8
0
 62
1
 10
-36.574
 20
1.38582
 30
0.0
 11
-36.0
 21
1.5
 31
0.0
  0
LINE
  5
823
  8
0
 62
1
 10
-36.0
 20
1.5
 30
0.0
 11
-35.426
 21
1.38582
 31
0.0
  0
LINE
  5
824
  8
0
 62
1
 10
-35.426
 20
1.38582
 30
0.0
 11
-34.9393
 21
1.06065
 31
0.0
  0
LINE
  5
825
  8
0
 62
1
 10
-34.9393
 20
1.06065
 30
0.0
 11
-34.6142
 21
0.57402
 31
0.0
  0
LINE
  5
826
  8
0
 62
1
 10
-34.6142
 20
0.57402
 30
0.0
 11
-34.5
 21
0.0
 31
0.0
  0
LINE
  5
827
  8
0
 62
1
 10
-34.5
 20
0.0
 30
0.0
 11
-34.6142
 21
-0.57402
 31
0.0
  0
LINE
  5
828
  8
0
 62
1
 10
-34.6142
 20
-0.57402
 30
0.0
 11
-34.9393
 21
-1.06065
 31
0.0
  0
LINE
  5
829
  8
0
 62
1
 10
-34.9393
 20
-1.06065
 30
0.0
 11
-35.426
 21
-1.38582
 31
0.0
  0
LINE
  5
82A
  8
0
 62
1
 10
-35.426
 20
-1.38582
 30
0.0
 11
-36.0
 21
-1.5
 31
0.0
  0
LINE
  5
82B
  8
0
 62
1
 10
-36.0
 20
-1.5
 30
0.0
 11
-36.574
 21
-1.38582
 31
0.0
  0
LINE
  5
82C
  8
0
 62
1
 10
-30.574
 20
-1.38582
 30
0.0
 11
-31.0607
 21
-1.06065
 31
0.0
  0
LINE
  5
82D
  8
0
 62
1
 10
-31.0607
 20
-1.06065
 30
0.0
 11
-31.3858
 21
-0.57402
 31
0.0
  0
LINE
  5
82E
  8
0
 62
1
 10
-31.3858
 20
-0.57402
 30
0.0
 11
-31.5
 21
0.0
 31
0.0
  0
LINE
  5
82F
  8
0
 62
1
 10
-31.5
 20
0.0
 30
0.0
 11
-31.3858
 21
0.57402
 31
0.0
  0
LINE
  5
830
  8
0
 62
1
 10
-31.3858
 20
0.57402
 30
0.0
 11
-31.0607
 21
1.06065
 31
0.0
  0
LINE
  5
831
  8
0
 62
1
 10
-31.0607
 20
1.06065
 30
0.0
 11
-30.574
 21
1.38582
 31
0.0
  0
LINE
  5
832
  8
0
 62
1
 10
-30.574
 20
1.38582
 30
0.0
 11
-30.0
 21
1.5
 31
0.0
  0
LINE
  5
833
  8
0
 62
1
 10
-30.0
 20
1.5
 30
0.0
 11
-29.426
 21
1.38582
 31
0.0
  0
LINE
  5
834
  8
0
 62
1
 10
-29.426
 20
1.38582
 30
0.0
 11
-28.9393
 21
1.06065
 31
0.0
  0
LINE
  5
835
  8
0
 62
1
 10
-28.9393
 20
1.06065
 30
0.0
 11
-28.6142
 21
0.57402
 31
0.0
  0
LINE
  5
836
  8
0
 62
1
 10
-28.6142
 20
0.57402
 30
0.0
 11
-28.5
 21
0.0
 31
0.0
  0
LINE
  5
837
  8
0
 62
1
 10
-28.5
 20
0.0
 30
0.0
 11
-28.6142
 21
-0.57402
 31
0.0
  0
LINE
  5
838
  8
0
 62
1
 10
-28.6142
 20
-0.57402
 30
0.0
 11
-28.9393
 21
-1.06065
 31
0.0
  0
LINE
  5
839
  8
0
 62
1
 10
-28.9393
 20
-1.06065
 30
0.0
 11
-29.426
 21
-1.38582
 31
0.0
  0
LINE
  5
83A
  8
0
 62
1
 10
-29.426
 20
-1.38582
 30
0.0
 11
-30.0
 21
-1.5
 31
0.0
  0
LINE
  5
83B
  8
0
 62
1
 10
-30.0
 20
-1.5
 30
0.0
 11
-30.574
 21
-1.38582
 31
0.0
  0
LINE
  5
83C
  8
0
 62
1
 10
-24.574
 20
-1.38582
 30
0.0
 11
-25.0607
 21
-1.06065
 31
0.0
  0
LINE
  5
83D
  8
0
 62
1
 10
-25.0607
 20
-1.06065
 30
0.0
 11
-25.3858
 21
-0.57402
 31
0.0
  0
LINE
  5
83E
  8
0
 62
1
 10
-25.3858
 20
-0.57402
 30
0.0
 11
-25.5
 21
0.0
 31
0.0
  0
LINE
  5
83F
  8
0
 62
1
 10
-25.5
 20
0.0
 30
0.0
 11
-25.3858
 21
0.57402
 31
0.0
  0
LINE
  5
840
  8
0
 62
1
 10
-25.3858
 20
0.57402
 30
0.0
 11
-25.0607
 21
1.06065
 31
0.0
  0
LINE
  5
841
  8
0
 62
1
 10
-25.0607
 20
1.06065
 30
0.0
 11
-24.574
 21
1.38582
 31
0.0
  0
LINE
  5
842
  8
0
 62
1
 10
-24.574
 20
1.38582
 30
0.0
 11
-24.0
 21
1.5
 31
0.0
  0
LINE
  5
843
  8
0
 62
1
 10
-24.0
 20
1.5
 30
0.0
 11
-23.426
 21
1.38582
 31
0.0
  0
LINE
  5
844
  8
0
 62
1
 10
-23.426
 20
1.38582
 30
0.0
 11
-22.9393
 21
1.06065
 31
0.0
  0
LINE
  5
845
  8
0
 62
1
 10
-22.9393
 20
1.06065
 30
0.0
 11
-22.6142
 21
0.57402
 31
0.0
  0
LINE
  5
846
  8
0
 62
1
 10
-22.6142
 20
0.57402
 30
0.0
 11
-22.5
 21
0.0
 31
0.0
  0
LINE
  5
847
  8
0
 62
1
 10
-22.5
 20
0.0
 30
0.0
 11
-22.6142
 21
-0.57402
 31
0.0
  0
LINE
  5
848
  8
0
 62
1
 10
-22.6142
 20
-0.57402
 30
0.0
 11
-22.9393
 21
-1.06065
 31
0.0
  0
LINE
  5
849
  8
0
 62
1
 10
-22.9393
 20
-1.06065
 30
0.0
 11
-23.426
 21
-1.38582
 31
0.0
  0
LINE
  5
84A
  8
0
 62
1
 10
-23.426
 20
-1.38582
 30
0.0
 11
-24.0
 21
-1.5
 31
0.0
  0
LINE
  5
84B
  8
0
 62
1
 10
-24.0
 20
-1.5
 30
0.0
 11
-24.574
 21
-1.38582
 31
0.0
  0
LINE
  5
84C
  8
0
 62
1
 10
-18.574
 20
-1.38582
 30
0.0
 11
-19.0607
 21
-1.06065
 31
0.0
  0
LINE
  5
84D
  8
0
 62
1
 10
-19.0607
 20
-1.06065
 30
0.0
 11
-19.3858
 21
-0.57402
 31
0.0
  0
LINE
  5
84E
  8
0
 62
1
 10
-19.3858
 20
-0.57402
 30
0.0
 11
-19.5
 21
0.0
 31
0.0
  0
LINE
  5
84F
  8
0
 62
1
 10
-19.5
 20
0.0
 30
0.0
 11
-19.3858
 21
0.57402
 31
0.0
  0
LINE
  5
850
  8
0
 62
1
 10
-19.3858
 20
0.57402
 30
0.0
 11
-19.0607
 21
1.06065
 31
0.0
  0
LINE
  5
851
  8
0
 62
1
 10
-19.0607
 20
1.06065
 30
0.0
 11
-18.574
 21
1.38582
 31
0.0
  0
LINE
  5
852
  8
0
 62
1
 10
-18.574
 20
1.38582
 30
0.0
 11
-18.0
 21
1.5
 31
0.0
  0
LINE
  5
853
  8
0
 62
1
 10
-18.0
 20
1.5
 30
0.0
 11
-17.426
 21
1.38582
 31
0.0
  0
LINE
  5
854
  8
0
 62
1
 10
-17.426
 20
1.38582
 30
0.0
 11
-16.9393
 21
1.06065
 31
0.0
  0
LINE
  5
855
  8
0
 62
1
 10
-16.9393
 20
1.06065
 30
0.0
 11
-16.6142
 21
0.57402
 31
0.0
  0
LINE
  5
856
  8
0
 62
1
 10
-16.6142
 20
0.57402
 30
0.0
 11
-16.5
 21
0.0
 31
0.0
  0
LINE
  5
857
  8
0
 62
1
 10
-16.5
 20
0.0
 30
0.0
 11
-16.6142
 21
-0.57402
 31
0.0
  0
LINE
  5
858
  8
0
 62
1
 10
-16.6142
 20
-0.57402
 30
0.0
 11
-16.9393
 21
-1.06065
 31
0.0
  0
LINE
  5
859
  8
0
 62
1
 10
-16.9393
 20
-1.06065
 30
0.0
 11
-17.426
 21
-1.38582
 31
0.0
  0
LINE
  5
85A
  8
0
 62
1
 10
-17.426
 20
-1.38582
 30
0.0
 11
-18.0
 21
-1.5
 31
0.0
  0
LINE
  5
85B
  8
0
 62
1
 10
-18.0
 20
-1.5
 30
0.0
 11
-18.574
 21
-1.38582
 31
0.0
  0
LINE
  5
85C
  8
0
 62
1
 10
29.426
 20
-1.38582
 30
0.0
 11
28.9393
 21
-1.06065
 31
0.0
  0
LINE
  5
85D
  8
0
 62
1
 10
28.9393
 20
-1.06065
 30
0.0
 11
28.6142
 21
-0.57402
 31
0.0
  0
LINE
  5
85E
  8
0
 62
1
 10
28.6142
 20
-0.57402
 30
0.0
 11
28.5
 21
0.0
 31
0.0
  0
LINE
  5
85F
  8
0
 62
1
 10
28.5
 20
0.0
 30
0.0
 11
28.6142
 21
0.57402
 31
0.0
  0
LINE
  5
860
  8
0
 62
1
 10
28.6142
 20
0.57402
 30
0.0
 11
28.9393
 21
1.06065
 31
0.0
  0
LINE
  5
861
  8
0
 62
1
 10
28.9393
 20
1.06065
 30
0.0
 11
29.426
 21
1.38582
 31
0.0
  0
LINE
  5
862
  8
0
 62
1
 10
29.426
 20
1.38582
 30
0.0
 11
30.0
 21
1.5
 31
0.0
  0
LINE
  5
863
  8
0
 62
1
 10
30.0
 20
1.5
 30
0.0
 11
30.574
 21
1.38582
 31
0.0
  0
LINE
  5
864
  8
0
 62
1
 10
30.574
 20
1.38582
 30
0.0
 11
31.0607
 21
1.06065
 31
0.0
  0
LINE
  5
865
  8
0
 62
1
 10
31.0607
 20
1.06065
 30
0.0
 11
31.3858
 21
0.57402
 31
0.0
  0
LINE
  5
866
  8
0
 62
1
 10
31.3858
 20
0.57402
 30
0.0
 11
31.5
 21
0.0
 31
0.0
  0
LINE
  5
867
  8
0
 62
1
 10
31.5
 20
0.0
 30
0.0
 11
31.3858
 21
-0.57402
 31
0.0
  0
LINE
  5
868
  8
0
 62
1
 10
31.3858
 20
-0.57402
 30
0.0
 11
31.0607
 21
-1.06065
 31
0.0
  0
LINE
  5
869
  8
0
 62
1
 10
31.0607
 20
-1.06065
 30
0.0
 11
30.574
 21
-1.38582
 31
0.0
  0
LINE
  5
86A
  8
0
 62
1
 10
30.574
 20
-1.38582
 30
0.0
 11
30.0
 21
-1.5
 31
0.0
  0
LINE
  5
86B
  8
0
 62
1
 10
30.0
 20
-1.5
 30
0.0
 11
29.426
 21
-1.38582
 31
0.0
  0
LINE
  5
86C
  8
0
 62
1
 10
-12.574
 20
-1.38582
 30
0.0
 11
-13.0607
 21
-1.06065
 31
0.0
  0
LINE
  5
86D
  8
0
 62
1
 10
-13.0607
 20
-1.06065
 30
0.0
 11
-13.3858
 21
-0.57402
 31
0.0
  0
LINE
  5
86E
  8
0
 62
1
 10
-13.3858
 20
-0.57402
 30
0.0
 11
-13.5
 21
0.0
 31
0.0
  0
LINE
  5
86F
  8
0
 62
1
 10
-13.5
 20
0.0
 30
0.0
 11
-13.3858
 21
0.57402
 31
0.0
  0
LINE
  5
870
  8
0
 62
1
 10
-13.3858
 20
0.57402
 30
0.0
 11
-13.0607
 21
1.06065
 31
0.0
  0
LINE
  5
871
  8
0
 62
1
 10
-13.0607
 20
1.06065
 30
0.0
 11
-12.574
 21
1.38582
 31
0.0
  0
LINE
  5
872
  8
0
 62
1
 10
-12.574
 20
1.38582
 30
0.0
 11
-12.0
 21
1.5
 31
0.0
  0
LINE
  5
873
  8
0
 62
1
 10
-12.0
 20
1.5
 30
0.0
 11
-11.426
 21
1.38582
 31
0.0
  0
LINE
  5
874
  8
0
 62
1
 10
-11.426
 20
1.38582
 30
0.0
 11
-10.9393
 21
1.06065
 31
0.0
  0
LINE
  5
875
  8
0
 62
1
 10
-10.9393
 20
1.06065
 30
0.0
 11
-10.6142
 21
0.57402
 31
0.0
  0
LINE
  5
876
  8
0
 62
1
 10
-10.6142
 20
0.57402
 30
0.0
 11
-10.5
 21
0.0
 31
0.0
  0
LINE
  5
877
  8
0
 62
1
 10
-10.5
 20
0.0
 30
0.0
 11
-10.6142
 21
-0.57402
 31
0.0
  0
LINE
  5
878
  8
0
 62
1
 10
-10.6142
 20
-0.57402
 30
0.0
 11
-10.9393
 21
-1.06065
 31
0.0
  0
LINE
  5
879
  8
0
 62
1
 10
-10.9393
 20
-1.06065
 30
0.0
 11
-11.426
 21
-1.38582
 31
0.0
  0
LINE
  5
87A
  8
0
 62
1
 10
-11.426
 20
-1.38582
 30
0.0
 11
-12.0
 21
-1.5
 31
0.0
  0
LINE
  5
87B
  8
0
 62
1
 10
-12.0
 20
-1.5
 30
0.0
 11
-12.574
 21
-1.38582
 31
0.0
  0
LINE
  5
87C
  8
0
 62
1
 10
-9.57402
 20
-6.58197
 30
0.0
 11
-10.0607
 21
-6.25681
 31
0.0
  0
LINE
  5
87D
  8
0
 62
1
 10
-10.0607
 20
-6.25681
 30
0.0
 11
-10.3858
 21
-5.77017
 31
0.0
  0
LINE
  5
87E
  8
0
 62
1
 10
-10.3858
 20
-5.77017
 30
0.0
 11
-10.5
 21
-5.19615
 31
0.0
  0
LINE
  5
87F
  8
0
 62
1
 10
-10.5
 20
-5.19615
 30
0.0
 11
-10.3858
 21
-4.62212
 31
0.0
  0
LINE
  5
880
  8
0
 62
1
 10
-10.3858
 20
-4.62212
 30
0.0
 11
-10.0607
 21
-4.13548
 31
0.0
  0
LINE
  5
881
  8
0
 62
1
 10
-10.0607
 20
-4.13548
 30
0.0
 11
-9.57402
 21
-3.81032
 31
0.0
  0
LINE
  5
882
  8
0
 62
1
 10
-9.57402
 20
-3.81032
 30
0.0
 11
-9.0
 21
-3.69615
 31
0.0
  0
LINE
  5
883
  8
0
 62
1
 10
-9.0
 20
-3.69615
 30
0.0
 11
-8.42596
 21
-3.81032
 31
0.0
  0
LINE
  5
884
  8
0
 62
1
 10
-8.42596
 20
-3.81032
 30
0.0
 11
-7.93933
 21
-4.13548
 31
0.0
  0
LINE
  5
885
  8
0
 62
1
 10
-7.93933
 20
-4.13548
 30
0.0
 11
-7.61417
 21
-4.62212
 31
0.0
  0
LINE
  5
886
  8
0
 62
1
 10
-7.61417
 20
-4.62212
 30
0.0
 11
-7.5
 21
-5.19615
 31
0.0
  0
LINE
  5
887
  8
0
 62
1
 10
-7.5
 20
-5.19615
 30
0.0
 11
-7.61417
 21
-5.77017
 31
0.0
  0
LINE
  5
888
  8
0
 62
1
 10
-7.61417
 20
-5.77017
 30
0.0
 11
-7.93933
 21
-6.25681
 31
0.0
  0
LINE
  5
889
  8
0
 62
1
 10
-7.93933
 20
-6.25681
 30
0.0
 11
-8.42596
 21
-6.58197
 31
0.0
  0
LINE
  5
88A
  8
0
 62
1
 10
-8.42596
 20
-6.58197
 30
0.0
 11
-9.0
 21
-6.69615
 31
0.0
  0
LINE
  5
88B
  8
0
 62
1
 10
-9.0
 20
-6.69615
 30
0.0
 11
-9.57402
 21
-6.58197
 31
0.0
  0
LINE
  5
88C
  8
0
 62
1
 10
-3.57402
 20
-6.58197
 30
0.0
 11
-4.06065
 21
-6.25681
 31
0.0
  0
LINE
  5
88D
  8
0
 62
1
 10
-4.06065
 20
-6.25681
 30
0.0
 11
-4.38582
 21
-5.77017
 31
0.0
  0
LINE
  5
88E
  8
0
 62
1
 10
-4.38582
 20
-5.77017
 30
0.0
 11
-4.5
 21
-5.19615
 31
0.0
  0
LINE
  5
88F
  8
0
 62
1
 10
-4.5
 20
-5.19615
 30
0.0
 11
-4.38582
 21
-4.62212
 31
0.0
  0
LINE
  5
890
  8
0
 62
1
 10
-4.38582
 20
-4.62212
 30
0.0
 11
-4.06065
 21
-4.13548
 31
0.0
  0
LINE
  5
891
  8
0
 62
1
 10
-4.06065
 20
-4.13548
 30
0.0
 11
-3.57402
 21
-3.81032
 31
0.0
  0
LINE
  5
892
  8
0
 62
1
 10
-3.57402
 20
-3.81032
 30
0.0
 11
-3.0
 21
-3.69615
 31
0.0
  0
LINE
  5
893
  8
0
 62
1
 10
-3.0
 20
-3.69615
 30
0.0
 11
-2.42596
 21
-3.81032
 31
0.0
  0
LINE
  5
894
  8
0
 62
1
 10
-2.42596
 20
-3.81032
 30
0.0
 11
-1.93933
 21
-4.13548
 31
0.0
  0
LINE
  5
895
  8
0
 62
1
 10
-1.93933
 20
-4.13548
 30
0.0
 11
-1.61417
 21
-4.62212
 31
0.0
  0
LINE
  5
896
  8
0
 62
1
 10
-1.61417
 20
-4.62212
 30
0.0
 11
-1.5
 21
-5.19615
 31
0.0
  0
LINE
  5
897
  8
0
 62
1
 10
-1.5
 20
-5.19615
 30
0.0
 11
-1.61417
 21
-5.77017
 31
0.0
  0
LINE
  5
898
  8
0
 62
1
 10
-1.61417
 20
-5.77017
 30
0.0
 11
-1.93933
 21
-6.25681
 31
0.0
  0
LINE
  5
899
  8
0
 62
1
 10
-1.93933
 20
-6.25681
 30
0.0
 11
-2.42596
 21
-6.58197
 31
0.0
  0
LINE
  5
89A
  8
0
 62
1
 10
-2.42596
 20
-6.58197
 30
0.0
 11
-3.0
 21
-6.69615
 31
0.0
  0
LINE
  5
89B
  8
0
 62
1
 10
-3.0
 20
-6.69615
 30
0.0
 11
-3.57402
 21
-6.58197
 31
0.0
  0
LINE
  5
89C
  8
0
 62
1
 10
8.42596
 20
-6.58197
 30
0.0
 11
7.93933
 21
-6.25681
 31
0.0
  0
LINE
  5
89D
  8
0
 62
1
 10
7.93933
 20
-6.25681
 30
0.0
 11
7.61417
 21
-5.77017
 31
0.0
  0
LINE
  5
89E
  8
0
 62
1
 10
7.61417
 20
-5.77017
 30
0.0
 11
7.5
 21
-5.19615
 31
0.0
  0
LINE
  5
89F
  8
0
 62
1
 10
7.5
 20
-5.19615
 30
0.0
 11
7.61417
 21
-4.62212
 31
0.0
  0
LINE
  5
8A0
  8
0
 62
1
 10
7.61417
 20
-4.62212
 30
0.0
 11
7.93933
 21
-4.13548
 31
0.0
  0
LINE
  5
8A1
  8
0
 62
1
 10
7.93933
 20
-4.13548
 30
0.0
 11
8.42596
 21
-3.81032
 31
0.0
  0
LINE
  5
8A2
  8
0
 62
1
 10
8.42596
 20
-3.81032
 30
0.0
 11
9.0
 21
-3.69615
 31
0.0
  0
LINE
  5
8A3
  8
0
 62
1
 10
9.0
 20
-3.69615
 30
0.0
 11
9.57402
 21
-3.81032
 31
0.0
  0
LINE
  5
8A4
  8
0
 62
1
 10
9.57402
 20
-3.81032
 30
0.0
 11
10.0607
 21
-4.13548
 31
0.0
  0
LINE
  5
8A5
  8
0
 62
1
 10
10.0607
 20
-4.13548
 30
0.0
 11
10.3858
 21
-4.62212
 31
0.0
  0
LINE
  5
8A6
  8
0
 62
1
 10
10.3858
 20
-4.62212
 30
0.0
 11
10.5
 21
-5.19615
 31
0.0
  0
LINE
  5
8A7
  8
0
 62
1
 10
10.5
 20
-5.19615
 30
0.0
 11
10.3858
 21
-5.77017
 31
0.0
  0
LINE
  5
8A8
  8
0
 62
1
 10
10.3858
 20
-5.77017
 30
0.0
 11
10.0607
 21
-6.25681
 31
0.0
  0
LINE
  5
8A9
  8
0
 62
1
 10
10.0607
 20
-6.25681
 30
0.0
 11
9.57402
 21
-6.58197
 31
0.0
  0
LINE
  5
8AA
  8
0
 62
1
 10
9.57402
 20
-6.58197
 30
0.0
 11
9.0
 21
-6.69615
 31
0.0
  0
LINE
  5
8AB
  8
0
 62
1
 10
9.0
 20
-6.69615
 30
0.0
 11
8.42596
 21
-6.58197
 31
0.0
  0
LINE
  5
8AC
  8
0
 62
1
 10
-39.574
 20
-6.58197
 30
0.0
 11
-40.0607
 21
-6.25681
 31
0.0
  0
LINE
  5
8AD
  8
0
 62
1
 10
-40.0607
 20
-6.25681
 30
0.0
 11
-40.3858
 21
-5.77017
 31
0.0
  0
LINE
  5
8AE
  8
0
 62
1
 10
-40.3858
 20
-5.77017
 30
0.0
 11
-40.5
 21
-5.19615
 31
0.0
  0
LINE
  5
8AF
  8
0
 62
1
 10
-40.5
 20
-5.19615
 30
0.0
 11
-40.3858
 21
-4.62212
 31
0.0
  0
LINE
  5
8B0
  8
0
 62
1
 10
-40.3858
 20
-4.62212
 30
0.0
 11
-40.0607
 21
-4.13548
 31
0.0
  0
LINE
  5
8B1
  8
0
 62
1
 10
-40.0607
 20
-4.13548
 30
0.0
 11
-39.574
 21
-3.81032
 31
0.0
  0
LINE
  5
8B2
  8
0
 62
1
 10
-39.574
 20
-3.81032
 30
0.0
 11
-39.0
 21
-3.69615
 31
0.0
  0
LINE
  5
8B3
  8
0
 62
1
 10
-39.0
 20
-3.69615
 30
0.0
 11
-38.426
 21
-3.81032
 31
0.0
  0
LINE
  5
8B4
  8
0
 62
1
 10
-38.426
 20
-3.81032
 30
0.0
 11
-37.9393
 21
-4.13548
 31
0.0
  0
LINE
  5
8B5
  8
0
 62
1
 10
-37.9393
 20
-4.13548
 30
0.0
 11
-37.6142
 21
-4.62212
 31
0.0
  0
LINE
  5
8B6
  8
0
 62
1
 10
-37.6142
 20
-4.62212
 30
0.0
 11
-37.5
 21
-5.19615
 31
0.0
  0
LINE
  5
8B7
  8
0
 62
1
 10
-37.5
 20
-5.19615
 30
0.0
 11
-37.6142
 21
-5.77017
 31
0.0
  0
LINE
  5
8B8
  8
0
 62
1
 10
-37.6142
 20
-5.77017
 30
0.0
 11
-37.9393
 21
-6.25681
 31
0.0
  0
LINE
  5
8B9
  8
0
 62
1
 10
-37.9393
 20
-6.25681
 30
0.0
 11
-38.426
 21
-6.58197
 31
0.0
  0
LINE
  5
8BA
  8
0
 62
1
 10
-38.426
 20
-6.58197
 30
0.0
 11
-39.0
 21
-6.69615
 31
0.0
  0
LINE
  5
8BB
  8
0
 62
1
 10
-39.0
 20
-6.69615
 30
0.0
 11
-39.574
 21
-6.58197
 31
0.0
  0
LINE
  5
8BC
  8
0
 62
1
 10
14.426
 20
-6.58197
 30
0.0
 11
13.9393
 21
-6.25681
 31
0.0
  0
LINE
  5
8BD
  8
0
 62
1
 10
13.9393
 20
-6.25681
 30
0.0
 11
13.6142
 21
-5.77017
 31
0.0
  0
LINE
  5
8BE
  8
0
 62
1
 10
13.6142
 20
-5.77017
 30
0.0
 11
13.5
 21
-5.19615
 31
0.0
  0
LINE
  5
8BF
  8
0
 62
1
 10
13.5
 20
-5.19615
 30
0.0
 11
13.6142
 21
-4.62212
 31
0.0
  0
LINE
  5
8C0
  8
0
 62
1
 10
13.6142
 20
-4.62212
 30
0.0
 11
13.9393
 21
-4.13548
 31
0.0
  0
LINE
  5
8C1
  8
0
 62
1
 10
13.9393
 20
-4.13548
 30
0.0
 11
14.426
 21
-3.81032
 31
0.0
  0
LINE
  5
8C2
  8
0
 62
1
 10
14.426
 20
-3.81032
 30
0.0
 11
15.0
 21
-3.69615
 31
0.0
  0
LINE
  5
8C3
  8
0
 62
1
 10
15.0
 20
-3.69615
 30
0.0
 11
15.574
 21
-3.81032
 31
0.0
  0
LINE
  5
8C4
  8
0
 62
1
 10
15.574
 20
-3.81032
 30
0.0
 11
16.0607
 21
-4.13548
 31
0.0
  0
LINE
  5
8C5
  8
0
 62
1
 10
16.0607
 20
-4.13548
 30
0.0
 11
16.3858
 21
-4.62212
 31
0.0
  0
LINE
  5
8C6
  8
0
 62
1
 10
16.3858
 20
-4.62212
 30
0.0
 11
16.5
 21
-5.19615
 31
0.0
  0
LINE
  5
8C7
  8
0
 62
1
 10
16.5
 20
-5.19615
 30
0.0
 11
16.3858
 21
-5.77017
 31
0.0
  0
LINE
  5
8C8
  8
0
 62
1
 10
16.3858
 20
-5.77017
 30
0.0
 11
16.0607
 21
-6.25681
 31
0.0
  0
LINE
  5
8C9
  8
0
 62
1
 10
16.0607
 20
-6.25681
 30
0.0
 11
15.574
 21
-6.58197
 31
0.0
  0
LINE
  5
8CA
  8
0
 62
1
 10
15.574
 20
-6.58197
 30
0.0
 11
15.0
 21
-6.69615
 31
0.0
  0
LINE
  5
8CB
  8
0
 62
1
 10
15.0
 20
-6.69615
 30
0.0
 11
14.426
 21
-6.58197
 31
0.0
  0
LINE
  5
8CC
  8
0
 62
1
 10
-15.574
 20
-6.58197
 30
0.0
 11
-16.0607
 21
-6.25681
 31
0.0
  0
LINE
  5
8CD
  8
0
 62
1
 10
-16.0607
 20
-6.25681
 30
0.0
 11
-16.3858
 21
-5.77017
 31
0.0
  0
LINE
  5
8CE
  8
0
 62
1
 10
-16.3858
 20
-5.77017
 30
0.0
 11
-16.5
 21
-5.19615
 31
0.0
  0
LINE
  5
8CF
  8
0
 62
1
 10
-16.5
 20
-5.19615
 30
0.0
 11
-16.3858
 21
-4.62212
 31
0.0
  0
LINE
  5
8D0
  8
0
 62
1
 10
-16.3858
 20
-4.62212
 30
0.0
 11
-16.0607
 21
-4.13548
 31
0.0
  0
LINE
  5
8D1
  8
0
 62
1
 10
-16.0607
 20
-4.13548
 30
0.0
 11
-15.574
 21
-3.81032
 31
0.0
  0
LINE
  5
8D2
  8
0
 62
1
 10
-15.574
 20
-3.81032
 30
0.0
 11
-15.0
 21
-3.69615
 31
0.0
  0
LINE
  5
8D3
  8
0
 62
1
 10
-15.0
 20
-3.69615
 30
0.0
 11
-14.426
 21
-3.81032
 31
0.0
  0
LINE
  5
8D4
  8
0
 62
1
 10
-14.426
 20
-3.81032
 30
0.0
 11
-13.9393
 21
-4.13548
 31
0.0
  0
LINE
  5
8D5
  8
0
 62
1
 10
-13.9393
 20
-4.13548
 30
0.0
 11
-13.6142
 21
-4.62212
 31
0.0
  0
LINE
  5
8D6
  8
0
 62
1
 10
-13.6142
 20
-4.62212
 30
0.0
 11
-13.5
 21
-5.19615
 31
0.0
  0
LINE
  5
8D7
  8
0
 62
1
 10
-13.5
 20
-5.19615
 30
0.0
 11
-13.6142
 21
-5.77017
 31
0.0
  0
LINE
  5
8D8
  8
0
 62
1
 10
-13.6142
 20
-5.77017
 30
0.0
 11
-13.9393
 21
-6.25681
 31
0.0
  0
LINE
  5
8D9
  8
0
 62
1
 10
-13.9393
 20
-6.25681
 30
0.0
 11
-14.426
 21
-6.58197
 31
0.0
  0
LINE
  5
8DA
  8
0
 62
1
 10
-14.426
 20
-6.58197
 30
0.0
 11
-15.0
 21
-6.69615
 31
0.0
  0
LINE
  5
8DB
  8
0
 62
1
 10
-15.0
 20
-6.69615
 30
0.0
 11
-15.574
 21
-6.58197
 31
0.0
  0
LINE
  5
8DC
  8
0
 62
1
 10
-27.574
 20
-6.58197
 30
0.0
 11
-28.0607
 21
-6.25681
 31
0.0
  0
LINE
  5
8DD
  8
0
 62
1
 10
-28.0607
 20
-6.25681
 30
0.0
 11
-28.3858
 21
-5.77017
 31
0.0
  0
LINE
  5
8DE
  8
0
 62
1
 10
-28.3858
 20
-5.77017
 30
0.0
 11
-28.5
 21
-5.19615
 31
0.0
  0
LINE
  5
8DF
  8
0
 62
1
 10
-28.5
 20
-5.19615
 30
0.0
 11
-28.3858
 21
-4.62212
 31
0.0
  0
LINE
  5
8E0
  8
0
 62
1
 10
-28.3858
 20
-4.62212
 30
0.0
 11
-28.0607
 21
-4.13548
 31
0.0
  0
LINE
  5
8E1
  8
0
 62
1
 10
-28.0607
 20
-4.13548
 30
0.0
 11
-27.574
 21
-3.81032
 31
0.0
  0
LINE
  5
8E2
  8
0
 62
1
 10
-27.574
 20
-3.81032
 30
0.0
 11
-27.0
 21
-3.69615
 31
0.0
  0
LINE
  5
8E3
  8
0
 62
1
 10
-27.0
 20
-3.69615
 30
0.0
 11
-26.426
 21
-3.81032
 31
0.0
  0
LINE
  5
8E4
  8
0
 62
1
 10
-26.426
 20
-3.81032
 30
0.0
 11
-25.9393
 21
-4.13548
 31
0.0
  0
LINE
  5
8E5
  8
0
 62
1
 10
-25.9393
 20
-4.13548
 30
0.0
 11
-25.6142
 21
-4.62212
 31
0.0
  0
LINE
  5
8E6
  8
0
 62
1
 10
-25.6142
 20
-4.62212
 30
0.0
 11
-25.5
 21
-5.19615
 31
0.0
  0
LINE
  5
8E7
  8
0
 62
1
 10
-25.5
 20
-5.19615
 30
0.0
 11
-25.6142
 21
-5.77017
 31
0.0
  0
LINE
  5
8E8
  8
0
 62
1
 10
-25.6142
 20
-5.77017
 30
0.0
 11
-25.9393
 21
-6.25681
 31
0.0
  0
LINE
  5
8E9
  8
0
 62
1
 10
-25.9393
 20
-6.25681
 30
0.0
 11
-26.426
 21
-6.58197
 31
0.0
  0
LINE
  5
8EA
  8
0
 62
1
 10
-26.426
 20
-6.58197
 30
0.0
 11
-27.0
 21
-6.69615
 31
0.0
  0
LINE
  5
8EB
  8
0
 62
1
 10
-27.0
 20
-6.69615
 30
0.0
 11
-27.574
 21
-6.58197
 31
0.0
  0
LINE
  5
8EC
  8
0
 62
1
 10
-33.574
 20
-6.58197
 30
0.0
 11
-34.0607
 21
-6.25681
 31
0.0
  0
LINE
  5
8ED
  8
0
 62
1
 10
-34.0607
 20
-6.25681
 30
0.0
 11
-34.3858
 21
-5.77017
 31
0.0
  0
LINE
  5
8EE
  8
0
 62
1
 10
-34.3858
 20
-5.77017
 30
0.0
 11
-34.5
 21
-5.19615
 31
0.0
  0
LINE
  5
8EF
  8
0
 62
1
 10
-34.5
 20
-5.19615
 30
0.0
 11
-34.3858
 21
-4.62212
 31
0.0
  0
LINE
  5
8F0
  8
0
 62
1
 10
-34.3858
 20
-4.62212
 30
0.0
 11
-34.0607
 21
-4.13548
 31
0.0
  0
LINE
  5
8F1
  8
0
 62
1
 10
-34.0607
 20
-4.13548
 30
0.0
 11
-33.574
 21
-3.81032
 31
0.0
  0
LINE
  5
8F2
  8
0
 62
1
 10
-33.574
 20
-3.81032
 30
0.0
 11
-33.0
 21
-3.69615
 31
0.0
  0
LINE
  5
8F3
  8
0
 62
1
 10
-33.0
 20
-3.69615
 30
0.0
 11
-32.426
 21
-3.81032
 31
0.0
  0
LINE
  5
8F4
  8
0
 62
1
 10
-32.426
 20
-3.81032
 30
0.0
 11
-31.9393
 21
-4.13548
 31
0.0
  0
LINE
  5
8F5
  8
0
 62
1
 10
-31.9393
 20
-4.13548
 30
0.0
 11
-31.6142
 21
-4.62212
 31
0.0
  0
LINE
  5
8F6
  8
0
 62
1
 10
-31.6142
 20
-4.62212
 30
0.0
 11
-31.5
 21
-5.19615
 31
0.0
  0
LINE
  5
8F7
  8
0
 62
1
 10
-31.5
 20
-5.19615
 30
0.0
 11
-31.6142
 21
-5.77017
 31
0.0
  0
LINE
  5
8F8
  8
0
 62
1
 10
-31.6142
 20
-5.77017
 30
0.0
 11
-31.9393
 21
-6.25681
 31
0.0
  0
LINE
  5
8F9
  8
0
 62
1
 10
-31.9393
 20
-6.25681
 30
0.0
 11
-32.426
 21
-6.58197
 31
0.0
  0
LINE
  5
8FA
  8
0
 62
1
 10
-32.426
 20
-6.58197
 30
0.0
 11
-33.0
 21
-6.69615
 31
0.0
  0
LINE
  5
8FB
  8
0
 62
1
 10
-33.0
 20
-6.69615
 30
0.0
 11
-33.574
 21
-6.58197
 31
0.0
  0
LINE
  5
8FC
  8
0
 62
1
 10
-21.574
 20
-6.58197
 30
0.0
 11
-22.0607
 21
-6.25681
 31
0.0
  0
LINE
  5
8FD
  8
0
 62
1
 10
-22.0607
 20
-6.25681
 30
0.0
 11
-22.3858
 21
-5.77017
 31
0.0
  0
LINE
  5
8FE
  8
0
 62
1
 10
-22.3858
 20
-5.77017
 30
0.0
 11
-22.5
 21
-5.19615
 31
0.0
  0
LINE
  5
8FF
  8
0
 62
1
 10
-22.5
 20
-5.19615
 30
0.0
 11
-22.3858
 21
-4.62212
 31
0.0
  0
LINE
  5
900
  8
0
 62
1
 10
-22.3858
 20
-4.62212
 30
0.0
 11
-22.0607
 21
-4.13548
 31
0.0
  0
LINE
  5
901
  8
0
 62
1
 10
-22.0607
 20
-4.13548
 30
0.0
 11
-21.574
 21
-3.81032
 31
0.0
  0
LINE
  5
902
  8
0
 62
1
 10
-21.574
 20
-3.81032
 30
0.0
 11
-21.0
 21
-3.69615
 31
0.0
  0
LINE
  5
903
  8
0
 62
1
 10
-21.0
 20
-3.69615
 30
0.0
 11
-20.426
 21
-3.81032
 31
0.0
  0
LINE
  5
904
  8
0
 62
1
 10
-20.426
 20
-3.81032
 30
0.0
 11
-19.9393
 21
-4.13548
 31
0.0
  0
LINE
  5
905
  8
0
 62
1
 10
-19.9393
 20
-4.13548
 30
0.0
 11
-19.6142
 21
-4.62212
 31
0.0
  0
LINE
  5
906
  8
0
 62
1
 10
-19.6142
 20
-4.62212
 30
0.0
 11
-19.5
 21
-5.19615
 31
0.0
  0
LINE
  5
907
  8
0
 62
1
 10
-19.5
 20
-5.19615
 30
0.0
 11
-19.6142
 21
-5.77017
 31
0.0
  0
LINE
  5
908
  8
0
 62
1
 10
-19.6142
 20
-5.77017
 30
0.0
 11
-19.9393
 21
-6.25681
 31
0.0
  0
LINE
  5
909
  8
0
 62
1
 10
-19.9393
 20
-6.25681
 30
0.0
 11
-20.426
 21
-6.58197
 31
0.0
  0
LINE
  5
90A
  8
0
 62
1
 10
-20.426
 20
-6.58197
 30
0.0
 11
-21.0
 21
-6.69615
 31
0.0
  0
LINE
  5
90B
  8
0
 62
1
 10
-21.0
 20
-6.69615
 30
0.0
 11
-21.574
 21
-6.58197
 31
0.0
  0
LINE
  5
90C
  8
0
 62
1
 10
20.426
 20
-6.58197
 30
0.0
 11
19.9393
 21
-6.25681
 31
0.0
  0
LINE
  5
90D
  8
0
 62
1
 10
19.9393
 20
-6.25681
 30
0.0
 11
19.6142
 21
-5.77017
 31
0.0
  0
LINE
  5
90E
  8
0
 62
1
 10
19.6142
 20
-5.77017
 30
0.0
 11
19.5
 21
-5.19615
 31
0.0
  0
LINE
  5
90F
  8
0
 62
1
 10
19.5
 20
-5.19615
 30
0.0
 11
19.6142
 21
-4.62212
 31
0.0
  0
LINE
  5
910
  8
0
 62
1
 10
19.6142
 20
-4.62212
 30
0.0
 11
19.9393
 21
-4.13548
 31
0.0
  0
LINE
  5
911
  8
0
 62
1
 10
19.9393
 20
-4.13548
 30
0.0
 11
20.426
 21
-3.81032
 31
0.0
  0
LINE
  5
912
  8
0
 62
1
 10
20.426
 20
-3.81032
 30
0.0
 11
21.0
 21
-3.69615
 31
0.0
  0
LINE
  5
913
  8
0
 62
1
 10
21.0
 20
-3.69615
 30
0.0
 11
21.574
 21
-3.81032
 31
0.0
  0
LINE
  5
914
  8
0
 62
1
 10
21.574
 20
-3.81032
 30
0.0
 11
22.0607
 21
-4.13548
 31
0.0
  0
LINE
  5
915
  8
0
 62
1
 10
22.0607
 20
-4.13548
 30
0.0
 11
22.3858
 21
-4.62212
 31
0.0
  0
LINE
  5
916
  8
0
 62
1
 10
22.3858
 20
-4.62212
 30
0.0
 11
22.5
 21
-5.19615
 31
0.0
  0
LINE
  5
917
  8
0
 62
1
 10
22.5
 20
-5.19615
 30
0.0
 11
22.3858
 21
-5.77017
 31
0.0
  0
LINE
  5
918
  8
0
 62
1
 10
22.3858
 20
-5.77017
 30
0.0
 11
22.0607
 21
-6.25681
 31
0.0
  0
LINE
  5
919
  8
0
 62
1
 10
22.0607
 20
-6.25681
 30
0.0
 11
21.574
 21
-6.58197
 31
0.0
  0
LINE
  5
91A
  8
0
 62
1
 10
21.574
 20
-6.58197
 30
0.0
 11
21.0
 21
-6.69615
 31
0.0
  0
LINE
  5
91B
  8
0
 62
1
 10
21.0
 20
-6.69615
 30
0.0
 11
20.426
 21
-6.58197
 31
0.0
  0
LINE
  5
91C
  8
0
 62
1
 10
26.426
 20
-6.58197
 30
0.0
 11
25.9393
 21
-6.25681
 31
0.0
  0
LINE
  5
91D
  8
0
 62
1
 10
25.9393
 20
-6.25681
 30
0.0
 11
25.6142
 21
-5.77017
 31
0.0
  0
LINE
  5
91E
  8
0
 62
1
 10
25.6142
 20
-5.77017
 30
0.0
 11
25.5
 21
-5.19615
 31
0.0
  0
LINE
  5
91F
  8
0
 62
1
 10
25.5
 20
-5.19615
 30
0.0
 11
25.6142
 21
-4.62212
 31
0.0
  0
LINE
  5
920
  8
0
 62
1
 10
25.6142
 20
-4.62212
 30
0.0
 11
25.9393
 21
-4.13548
 31
0.0
  0
LINE
  5
921
  8
0
 62
1
 10
25.9393
 20
-4.13548
 30
0.0
 11
26.426
 21
-3.81032
 31
0.0
  0
LINE
  5
922
  8
0
 62
1
 10
26.426
 20
-3.81032
 30
0.0
 11
27.0
 21
-3.69615
 31
0.0
  0
LINE
  5
923
  8
0
 62
1
 10
27.0
 20
-3.69615
 30
0.0
 11
27.574
 21
-3.81032
 31
0.0
  0
LINE
  5
924
  8
0
 62
1
 10
27.574
 20
-3.81032
 30
0.0
 11
28.0607
 21
-4.13548
 31
0.0
  0
LINE
  5
925
  8
0
 62
1
 10
28.0607
 20
-4.13548
 30
0.0
 11
28.3858
 21
-4.62212
 31
0.0
  0
LINE
  5
926
  8
0
 62
1
 10
28.3858
 20
-4.62212
 30
0.0
 11
28.5
 21
-5.19615
 31
0.0
  0
LINE
  5
927
  8
0
 62
1
 10
28.5
 20
-5.19615
 30
0.0
 11
28.3858
 21
-5.77017
 31
0.0
  0
LINE
  5
928
  8
0
 62
1
 10
28.3858
 20
-5.77017
 30
0.0
 11
28.0607
 21
-6.25681
 31
0.0
  0
LINE
  5
929
  8
0
 62
1
 10
28.0607
 20
-6.25681
 30
0.0
 11
27.574
 21
-6.58197
 31
0.0
  0
LINE
  5
92A
  8
0
 62
1
 10
27.574
 20
-6.58197
 30
0.0
 11
27.0
 21
-6.69615
 31
0.0
  0
LINE
  5
92B
  8
0
 62
1
 10
27.0
 20
-6.69615
 30
0.0
 11
26.426
 21
-6.58197
 31
0.0
  0
LINE
  5
92C
  8
0
 62
1
 10
38.426
 20
-6.58197
 30
0.0
 11
37.9393
 21
-6.25681
 31
0.0
  0
LINE
  5
92D
  8
0
 62
1
 10
37.9393
 20
-6.25681
 30
0.0
 11
37.6142
 21
-5.77017
 31
0.0
  0
LINE
  5
92E
  8
0
 62
1
 10
37.6142
 20
-5.77017
 30
0.0
 11
37.5
 21
-5.19615
 31
0.0
  0
LINE
  5
92F
  8
0
 62
1
 10
37.5
 20
-5.19615
 30
0.0
 11
37.6142
 21
-4.62212
 31
0.0
  0
LINE
  5
930
  8
0
 62
1
 10
37.6142
 20
-4.62212
 30
0.0
 11
37.9393
 21
-4.13548
 31
0.0
  0
LINE
  5
931
  8
0
 62
1
 10
37.9393
 20
-4.13548
 30
0.0
 11
38.426
 21
-3.81032
 31
0.0
  0
LINE
  5
932
  8
0
 62
1
 10
38.426
 20
-3.81032
 30
0.0
 11
39.0
 21
-3.69615
 31
0.0
  0
LINE
  5
933
  8
0
 62
1
 10
39.0
 20
-3.69615
 30
0.0
 11
39.574
 21
-3.81032
 31
0.0
  0
LINE
  5
934
  8
0
 62
1
 10
39.574
 20
-3.81032
 30
0.0
 11
40.0607
 21
-4.13548
 31
0.0
  0
LINE
  5
935
  8
0
 62
1
 10
40.0607
 20
-4.13548
 30
0.0
 11
40.3858
 21
-4.62212
 31
0.0
  0
LINE
  5
936
  8
0
 62
1
 10
40.3858
 20
-4.62212
 30
0.0
 11
40.5
 21
-5.19615
 31
0.0
  0
LINE
  5
937
  8
0
 62
1
 10
40.5
 20
-5.19615
 30
0.0
 11
40.3858
 21
-5.77017
 31
0.0
  0
LINE
  5
938
  8
0
 62
1
 10
40.3858
 20
-5.77017
 30
0.0
 11
40.0607
 21
-6.25681
 31
0.0
  0
LINE
  5
939
  8
0
 62
1
 10
40.0607
 20
-6.25681
 30
0.0
 11
39.574
 21
-6.58197
 31
0.0
  0
LINE
  5
93A
  8
0
 62
1
 10
39.574
 20
-6.58197
 30
0.0
 11
39.0
 21
-6.69615
 31
0.0
  0
LINE
  5
93B
  8
0
 62
1
 10
39.0
 20
-6.69615
 30
0.0
 11
38.426
 21
-6.58197
 31
0.0
  0
LINE
  5
93C
  8
0
 62
1
 10
2.42596
 20
-6.58197
 30
0.0
 11
1.93933
 21
-6.25681
 31
0.0
  0
LINE
  5
93D
  8
0
 62
1
 10
1.93933
 20
-6.25681
 30
0.0
 11
1.61417
 21
-5.77017
 31
0.0
  0
LINE
  5
93E
  8
0
 62
1
 10
1.61417
 20
-5.77017
 30
0.0
 11
1.5
 21
-5.19615
 31
0.0
  0
LINE
  5
93F
  8
0
 62
1
 10
1.5
 20
-5.19615
 30
0.0
 11
1.61417
 21
-4.62212
 31
0.0
  0
LINE
  5
940
  8
0
 62
1
 10
1.61417
 20
-4.62212
 30
0.0
 11
1.93933
 21
-4.13548
 31
0.0
  0
LINE
  5
941
  8
0
 62
1
 10
1.93933
 20
-4.13548
 30
0.0
 11
2.42596
 21
-3.81032
 31
0.0
  0
LINE
  5
942
  8
0
 62
1
 10
2.42596
 20
-3.81032
 30
0.0
 11
3.0
 21
-3.69615
 31
0.0
  0
LINE
  5
943
  8
0
 62
1
 10
3.0
 20
-3.69615
 30
0.0
 11
3.57402
 21
-3.81032
 31
0.0
  0
LINE
  5
944
  8
0
 62
1
 10
3.57402
 20
-3.81032
 30
0.0
 11
4.06065
 21
-4.13548
 31
0.0
  0
LINE
  5
945
  8
0
 62
1
 10
4.06065
 20
-4.13548
 30
0.0
 11
4.38582
 21
-4.62212
 31
0.0
  0
LINE
  5
946
  8
0
 62
1
 10
4.38582
 20
-4.62212
 30
0.0
 11
4.5
 21
-5.19615
 31
0.0
  0
LINE
  5
947
  8
0
 62
1
 10
4.5
 20
-5.19615
 30
0.0
 11
4.38582
 21
-5.77017
 31
0.0
  0
LINE
  5
948
  8
0
 62
1
 10
4.38582
 20
-5.77017
 30
0.0
 11
4.06065
 21
-6.25681
 31
0.0
  0
LINE
  5
949
  8
0
 62
1
 10
4.06065
 20
-6.25681
 30
0.0
 11
3.57402
 21
-6.58197
 31
0.0
  0
LINE
  5
94A
  8
0
 62
1
 10
3.57402
 20
-6.58197
 30
0.0
 11
3.0
 21
-6.69615
 31
0.0
  0
LINE
  5
94B
  8
0
 62
1
 10
3.0
 20
-6.69615
 30
0.0
 11
2.42596
 21
-6.58197
 31
0.0
  0
LINE
  5
94C
  8
0
 62
1
 10
32.426
 20
-6.58197
 30
0.0
 11
31.9393
 21
-6.25681
 31
0.0
  0
LINE
  5
94D
  8
0
 62
1
 10
31.9393
 20
-6.25681
 30
0.0
 11
31.6142
 21
-5.77017
 31
0.0
  0
LINE
  5
94E
  8
0
 62
1
 10
31.6142
 20
-5.77017
 30
0.0
 11
31.5
 21
-5.19615
 31
0.0
  0
LINE
  5
94F
  8
0
 62
1
 10
31.5
 20
-5.19615
 30
0.0
 11
31.6142
 21
-4.62212
 31
0.0
  0
LINE
  5
950
  8
0
 62
1
 10
31.6142
 20
-4.62212
 30
0.0
 11
31.9393
 21
-4.13548
 31
0.0
  0
LINE
  5
951
  8
0
 62
1
 10
31.9393
 20
-4.13548
 30
0.0
 11
32.426
 21
-3.81032
 31
0.0
  0
LINE
  5
952
  8
0
 62
1
 10
32.426
 20
-3.81032
 30
0.0
 11
33.0
 21
-3.69615
 31
0.0
  0
LINE
  5
953
  8
0
 62
1
 10
33.0
 20
-3.69615
 30
0.0
 11
33.574
 21
-3.81032
 31
0.0
  0
LINE
  5
954
  8
0
 62
1
 10
33.574
 20
-3.81032
 30
0.0
 11
34.0607
 21
-4.13548
 31
0.0
  0
LINE
  5
955
  8
0
 62
1
 10
34.0607
 20
-4.13548
 30
0.0
 11
34.3858
 21
-4.62212
 31
0.0
  0
LINE
  5
956
  8
0
 62
1
 10
34.3858
 20
-4.62212
 30
0.0
 11
34.5
 21
-5.19615
 31
0.0
  0
LINE
  5
957
  8
0
 62
1
 10
34.5
 20
-5.19615
 30
0.0
 11
34.3858
 21
-5.77017
 31
0.0
  0
LINE
  5
958
  8
0
 62
1
 10
34.3858
 20
-5.77017
 30
0.0
 11
34.0607
 21
-6.25681
 31
0.0
  0
LINE
  5
959
  8
0
 62
1
 10
34.0607
 20
-6.25681
 30
0.0
 11
33.574
 21
-6.58197
 31
0.0
  0
LINE
  5
95A
  8
0
 62
1
 10
33.574
 20
-6.58197
 30
0.0
 11
33.0
 21
-6.69615
 31
0.0
  0
LINE
  5
95B
  8
0
 62
1
 10
33.0
 20
-6.69615
 30
0.0
 11
32.426
 21
-6.58197
 31
0.0
  0
LINE
  5
95C
  8
0
 62
1
 10
-24.574
 20
-11.7781
 30
0.0
 11
-25.0607
 21
-11.453
 31
0.0
  0
LINE
  5
95D
  8
0
 62
1
 10
-25.0607
 20
-11.453
 30
0.0
 11
-25.3858
 21
-10.9663
 31
0.0
  0
LINE
  5
95E
  8
0
 62
1
 10
-25.3858
 20
-10.9663
 30
0.0
 11
-25.5
 21
-10.3923
 31
0.0
  0
LINE
  5
95F
  8
0
 62
1
 10
-25.5
 20
-10.3923
 30
0.0
 11
-25.3858
 21
-9.81827
 31
0.0
  0
LINE
  5
960
  8
0
 62
1
 10
-25.3858
 20
-9.81827
 30
0.0
 11
-25.0607
 21
-9.33163
 31
0.0
  0
LINE
  5
961
  8
0
 62
1
 10
-25.0607
 20
-9.33163
 30
0.0
 11
-24.574
 21
-9.00648
 31
0.0
  0
LINE
  5
962
  8
0
 62
1
 10
-24.574
 20
-9.00648
 30
0.0
 11
-24.0
 21
-8.8923
 31
0.0
  0
LINE
  5
963
  8
0
 62
1
 10
-24.0
 20
-8.8923
 30
0.0
 11
-23.426
 21
-9.00648
 31
0.0
  0
LINE
  5
964
  8
0
 62
1
 10
-23.426
 20
-9.00648
 30
0.0
 11
-22.9393
 21
-9.33163
 31
0.0
  0
LINE
  5
965
  8
0
 62
1
 10
-22.9393
 20
-9.33163
 30
0.0
 11
-22.6142
 21
-9.81827
 31
0.0
  0
LINE
  5
966
  8
0
 62
1
 10
-22.6142
 20
-9.81827
 30
0.0
 11
-22.5
 21
-10.3923
 31
0.0
  0
LINE
  5
967
  8
0
 62
1
 10
-22.5
 20
-10.3923
 30
0.0
 11
-22.6142
 21
-10.9663
 31
0.0
  0
LINE
  5
968
  8
0
 62
1
 10
-22.6142
 20
-10.9663
 30
0.0
 11
-22.9393
 21
-11.453
 31
0.0
  0
LINE
  5
969
  8
0
 62
1
 10
-22.9393
 20
-11.453
 30
0.0
 11
-23.426
 21
-11.7781
 31
0.0
  0
LINE
  5
96A
  8
0
 62
1
 10
-23.426
 20
-11.7781
 30
0.0
 11
-24.0
 21
-11.8923
 31
0.0
  0
LINE
  5
96B
  8
0
 62
1
 10
-24.0
 20
-11.8923
 30
0.0
 11
-24.574
 21
-11.7781
 31
0.0
  0
LINE
  5
96C
  8
0
 62
1
 10
41.426
 20
-11.7781
 30
0.0
 11
40.9393
 21
-11.453
 31
0.0
  0
LINE
  5
96D
  8
0
 62
1
 10
40.9393
 20
-11.453
 30
0.0
 11
40.6142
 21
-10.9663
 31
0.0
  0
LINE
  5
96E
  8
0
 62
1
 10
40.6142
 20
-10.9663
 30
0.0
 11
40.5
 21
-10.3923
 31
0.0
  0
LINE
  5
96F
  8
0
 62
1
 10
40.5
 20
-10.3923
 30
0.0
 11
40.6142
 21
-9.81827
 31
0.0
  0
LINE
  5
970
  8
0
 62
1
 10
40.6142
 20
-9.81827
 30
0.0
 11
40.9393
 21
-9.33163
 31
0.0
  0
LINE
  5
971
  8
0
 62
1
 10
40.9393
 20
-9.33163
 30
0.0
 11
41.426
 21
-9.00648
 31
0.0
  0
LINE
  5
972
  8
0
 62
1
 10
41.426
 20
-9.00648
 30
0.0
 11
42.0
 21
-8.8923
 31
0.0
  0
LINE
  5
973
  8
0
 62
1
 10
42.0
 20
-8.8923
 30
0.0
 11
42.574
 21
-9.00648
 31
0.0
  0
LINE
  5
974
  8
0
 62
1
 10
42.574
 20
-9.00648
 30
0.0
 11
43.0607
 21
-9.33163
 31
0.0
  0
LINE
  5
975
  8
0
 62
1
 10
43.0607
 20
-9.33163
 30
0.0
 11
43.3858
 21
-9.81827
 31
0.0
  0
LINE
  5
976
  8
0
 62
1
 10
43.3858
 20
-9.81827
 30
0.0
 11
43.5
 21
-10.3923
 31
0.0
  0
LINE
  5
977
  8
0
 62
1
 10
43.5
 20
-10.3923
 30
0.0
 11
43.3858
 21
-10.9663
 31
0.0
  0
LINE
  5
978
  8
0
 62
1
 10
43.3858
 20
-10.9663
 30
0.0
 11
43.0607
 21
-11.453
 31
0.0
  0
LINE
  5
979
  8
0
 62
1
 10
43.0607
 20
-11.453
 30
0.0
 11
42.574
 21
-11.7781
 31
0.0
  0
LINE
  5
97A
  8
0
 62
1
 10
42.574
 20
-11.7781
 30
0.0
 11
42.0
 21
-11.8923
 31
0.0
  0
LINE
  5
97B
  8
0
 62
1
 10
42.0
 20
-11.8923
 30
0.0
 11
41.426
 21
-11.7781
 31
0.0
  0
LINE
  5
97C
  8
0
 62
1
 10
35.426
 20
-11.7781
 30
0.0
 11
34.9393
 21
-11.453
 31
0.0
  0
LINE
  5
97D
  8
0
 62
1
 10
34.9393
 20
-11.453
 30
0.0
 11
34.6142
 21
-10.9663
 31
0.0
  0
LINE
  5
97E
  8
0
 62
1
 10
34.6142
 20
-10.9663
 30
0.0
 11
34.5
 21
-10.3923
 31
0.0
  0
LINE
  5
97F
  8
0
 62
1
 10
34.5
 20
-10.3923
 30
0.0
 11
34.6142
 21
-9.81827
 31
0.0
  0
LINE
  5
980
  8
0
 62
1
 10
34.6142
 20
-9.81827
 30
0.0
 11
34.9393
 21
-9.33163
 31
0.0
  0
LINE
  5
981
  8
0
 62
1
 10
34.9393
 20
-9.33163
 30
0.0
 11
35.426
 21
-9.00648
 31
0.0
  0
LINE
  5
982
  8
0
 62
1
 10
35.426
 20
-9.00648
 30
0.0
 11
36.0
 21
-8.8923
 31
0.0
  0
LINE
  5
983
  8
0
 62
1
 10
36.0
 20
-8.8923
 30
0.0
 11
36.574
 21
-9.00648
 31
0.0
  0
LINE
  5
984
  8
0
 62
1
 10
36.574
 20
-9.00648
 30
0.0
 11
37.0607
 21
-9.33163
 31
0.0
  0
LINE
  5
985
  8
0
 62
1
 10
37.0607
 20
-9.33163
 30
0.0
 11
37.3858
 21
-9.81827
 31
0.0
  0
LINE
  5
986
  8
0
 62
1
 10
37.3858
 20
-9.81827
 30
0.0
 11
37.5
 21
-10.3923
 31
0.0
  0
LINE
  5
987
  8
0
 62
1
 10
37.5
 20
-10.3923
 30
0.0
 11
37.3858
 21
-10.9663
 31
0.0
  0
LINE
  5
988
  8
0
 62
1
 10
37.3858
 20
-10.9663
 30
0.0
 11
37.0607
 21
-11.453
 31
0.0
  0
LINE
  5
989
  8
0
 62
1
 10
37.0607
 20
-11.453
 30
0.0
 11
36.574
 21
-11.7781
 31
0.0
  0
LINE
  5
98A
  8
0
 62
1
 10
36.574
 20
-11.7781
 30
0.0
 11
36.0
 21
-11.8923
 31
0.0
  0
LINE
  5
98B
  8
0
 62
1
 10
36.0
 20
-11.8923
 30
0.0
 11
35.426
 21
-11.7781
 31
0.0
  0
LINE
  5
98C
  8
0
 62
1
 10
29.426
 20
-11.7781
 30
0.0
 11
28.9393
 21
-11.453
 31
0.0
  0
LINE
  5
98D
  8
0
 62
1
 10
28.9393
 20
-11.453
 30
0.0
 11
28.6142
 21
-10.9663
 31
0.0
  0
LINE
  5
98E
  8
0
 62
1
 10
28.6142
 20
-10.9663
 30
0.0
 11
28.5
 21
-10.3923
 31
0.0
  0
LINE
  5
98F
  8
0
 62
1
 10
28.5
 20
-10.3923
 30
0.0
 11
28.6142
 21
-9.81827
 31
0.0
  0
LINE
  5
990
  8
0
 62
1
 10
28.6142
 20
-9.81827
 30
0.0
 11
28.9393
 21
-9.33163
 31
0.0
  0
LINE
  5
991
  8
0
 62
1
 10
28.9393
 20
-9.33163
 30
0.0
 11
29.426
 21
-9.00648
 31
0.0
  0
LINE
  5
992
  8
0
 62
1
 10
29.426
 20
-9.00648
 30
0.0
 11
30.0
 21
-8.8923
 31
0.0
  0
LINE
  5
993
  8
0
 62
1
 10
30.0
 20
-8.8923
 30
0.0
 11
30.574
 21
-9.00648
 31
0.0
  0
LINE
  5
994
  8
0
 62
1
 10
30.574
 20
-9.00648
 30
0.0
 11
31.0607
 21
-9.33163
 31
0.0
  0
LINE
  5
995
  8
0
 62
1
 10
31.0607
 20
-9.33163
 30
0.0
 11
31.3858
 21
-9.81827
 31
0.0
  0
LINE
  5
996
  8
0
 62
1
 10
31.3858
 20
-9.81827
 30
0.0
 11
31.5
 21
-10.3923
 31
0.0
  0
LINE
  5
997
  8
0
 62
1
 10
31.5
 20
-10.3923
 30
0.0
 11
31.3858
 21
-10.9663
 31
0.0
  0
LINE
  5
998
  8
0
 62
1
 10
31.3858
 20
-10.9663
 30
0.0
 11
31.0607
 21
-11.453
 31
0.0
  0
LINE
  5
999
  8
0
 62
1
 10
31.0607
 20
-11.453
 30
0.0
 11
30.574
 21
-11.7781
 31
0.0
  0
LINE
  5
99A
  8
0
 62
1
 10
30.574
 20
-11.7781
 30
0.0
 11
30.0
 21
-11.8923
 31
0.0
  0
LINE
  5
99B
  8
0
 62
1
 10
30.0
 20
-11.8923
 30
0.0
 11
29.426
 21
-11.7781
 31
0.0
  0
LINE
  5
99C
  8
0
 62
1
 10
23.426
 20
-11.7781
 30
0.0
 11
22.9393
 21
-11.453
 31
0.0
  0
LINE
  5
99D
  8
0
 62
1
 10
22.9393
 20
-11.453
 30
0.0
 11
22.6142
 21
-10.9663
 31
0.0
  0
LINE
  5
99E
  8
0
 62
1
 10
22.6142
 20
-10.9663
 30
0.0
 11
22.5
 21
-10.3923
 31
0.0
  0
LINE
  5
99F
  8
0
 62
1
 10
22.5
 20
-10.3923
 30
0.0
 11
22.6142
 21
-9.81827
 31
0.0
  0
LINE
  5
9A0
  8
0
 62
1
 10
22.6142
 20
-9.81827
 30
0.0
 11
22.9393
 21
-9.33163
 31
0.0
  0
LINE
  5
9A1
  8
0
 62
1
 10
22.9393
 20
-9.33163
 30
0.0
 11
23.426
 21
-9.00648
 31
0.0
  0
LINE
  5
9A2
  8
0
 62
1
 10
23.426
 20
-9.00648
 30
0.0
 11
24.0
 21
-8.8923
 31
0.0
  0
LINE
  5
9A3
  8
0
 62
1
 10
24.0
 20
-8.8923
 30
0.0
 11
24.574
 21
-9.00648
 31
0.0
  0
LINE
  5
9A4
  8
0
 62
1
 10
24.574
 20
-9.00648
 30
0.0
 11
25.0607
 21
-9.33163
 31
0.0
  0
LINE
  5
9A5
  8
0
 62
1
 10
25.0607
 20
-9.33163
 30
0.0
 11
25.3858
 21
-9.81827
 31
0.0
  0
LINE
  5
9A6
  8
0
 62
1
 10
25.3858
 20
-9.81827
 30
0.0
 11
25.5
 21
-10.3923
 31
0.0
  0
LINE
  5
9A7
  8
0
 62
1
 10
25.5
 20
-10.3923
 30
0.0
 11
25.3858
 21
-10.9663
 31
0.0
  0
LINE
  5
9A8
  8
0
 62
1
 10
25.3858
 20
-10.9663
 30
0.0
 11
25.0607
 21
-11.453
 31
0.0
  0
LINE
  5
9A9
  8
0
 62
1
 10
25.0607
 20
-11.453
 30
0.0
 11
24.574
 21
-11.7781
 31
0.0
  0
LINE
  5
9AA
  8
0
 62
1
 10
24.574
 20
-11.7781
 30
0.0
 11
24.0
 21
-11.8923
 31
0.0
  0
LINE
  5
9AB
  8
0
 62
1
 10
24.0
 20
-11.8923
 30
0.0
 11
23.426
 21
-11.7781
 31
0.0
  0
LINE
  5
9AC
  8
0
 62
1
 10
17.426
 20
-11.7781
 30
0.0
 11
16.9393
 21
-11.453
 31
0.0
  0
LINE
  5
9AD
  8
0
 62
1
 10
16.9393
 20
-11.453
 30
0.0
 11
16.6142
 21
-10.9663
 31
0.0
  0
LINE
  5
9AE
  8
0
 62
1
 10
16.6142
 20
-10.9663
 30
0.0
 11
16.5
 21
-10.3923
 31
0.0
  0
LINE
  5
9AF
  8
0
 62
1
 10
16.5
 20
-10.3923
 30
0.0
 11
16.6142
 21
-9.81827
 31
0.0
  0
LINE
  5
9B0
  8
0
 62
1
 10
16.6142
 20
-9.81827
 30
0.0
 11
16.9393
 21
-9.33163
 31
0.0
  0
LINE
  5
9B1
  8
0
 62
1
 10
16.9393
 20
-9.33163
 30
0.0
 11
17.426
 21
-9.00648
 31
0.0
  0
LINE
  5
9B2
  8
0
 62
1
 10
17.426
 20
-9.00648
 30
0.0
 11
18.0
 21
-8.8923
 31
0.0
  0
LINE
  5
9B3
  8
0
 62
1
 10
18.0
 20
-8.8923
 30
0.0
 11
18.574
 21
-9.00648
 31
0.0
  0
LINE
  5
9B4
  8
0
 62
1
 10
18.574
 20
-9.00648
 30
0.0
 11
19.0607
 21
-9.33163
 31
0.0
  0
LINE
  5
9B5
  8
0
 62
1
 10
19.0607
 20
-9.33163
 30
0.0
 11
19.3858
 21
-9.81827
 31
0.0
  0
LINE
  5
9B6
  8
0
 62
1
 10
19.3858
 20
-9.81827
 30
0.0
 11
19.5
 21
-10.3923
 31
0.0
  0
LINE
  5
9B7
  8
0
 62
1
 10
19.5
 20
-10.3923
 30
0.0
 11
19.3858
 21
-10.9663
 31
0.0
  0
LINE
  5
9B8
  8
0
 62
1
 10
19.3858
 20
-10.9663
 30
0.0
 11
19.0607
 21
-11.453
 31
0.0
  0
LINE
  5
9B9
  8
0
 62
1
 10
19.0607
 20
-11.453
 30
0.0
 11
18.574
 21
-11.7781
 31
0.0
  0
LINE
  5
9BA
  8
0
 62
1
 10
18.574
 20
-11.7781
 30
0.0
 11
18.0
 21
-11.8923
 31
0.0
  0
LINE
  5
9BB
  8
0
 62
1
 10
18.0
 20
-11.8923
 30
0.0
 11
17.426
 21
-11.7781
 31
0.0
  0
LINE
  5
9BC
  8
0
 62
1
 10
11.426
 20
-11.7781
 30
0.0
 11
10.9393
 21
-11.453
 31
0.0
  0
LINE
  5
9BD
  8
0
 62
1
 10
10.9393
 20
-11.453
 30
0.0
 11
10.6142
 21
-10.9663
 31
0.0
  0
LINE
  5
9BE
  8
0
 62
1
 10
10.6142
 20
-10.9663
 30
0.0
 11
10.5
 21
-10.3923
 31
0.0
  0
LINE
  5
9BF
  8
0
 62
1
 10
10.5
 20
-10.3923
 30
0.0
 11
10.6142
 21
-9.81827
 31
0.0
  0
LINE
  5
9C0
  8
0
 62
1
 10
10.6142
 20
-9.81827
 30
0.0
 11
10.9393
 21
-9.33163
 31
0.0
  0
LINE
  5
9C1
  8
0
 62
1
 10
10.9393
 20
-9.33163
 30
0.0
 11
11.426
 21
-9.00648
 31
0.0
  0
LINE
  5
9C2
  8
0
 62
1
 10
11.426
 20
-9.00648
 30
0.0
 11
12.0
 21
-8.8923
 31
0.0
  0
LINE
  5
9C3
  8
0
 62
1
 10
12.0
 20
-8.8923
 30
0.0
 11
12.574
 21
-9.00648
 31
0.0
  0
LINE
  5
9C4
  8
0
 62
1
 10
12.574
 20
-9.00648
 30
0.0
 11
13.0607
 21
-9.33163
 31
0.0
  0
LINE
  5
9C5
  8
0
 62
1
 10
13.0607
 20
-9.33163
 30
0.0
 11
13.3858
 21
-9.81827
 31
0.0
  0
LINE
  5
9C6
  8
0
 62
1
 10
13.3858
 20
-9.81827
 30
0.0
 11
13.5
 21
-10.3923
 31
0.0
  0
LINE
  5
9C7
  8
0
 62
1
 10
13.5
 20
-10.3923
 30
0.0
 11
13.3858
 21
-10.9663
 31
0.0
  0
LINE
  5
9C8
  8
0
 62
1
 10
13.3858
 20
-10.9663
 30
0.0
 11
13.0607
 21
-11.453
 31
0.0
  0
LINE
  5
9C9
  8
0
 62
1
 10
13.0607
 20
-11.453
 30
0.0
 11
12.574
 21
-11.7781
 31
0.0
  0
LINE
  5
9CA
  8
0
 62
1
 10
12.574
 20
-11.7781
 30
0.0
 11
12.0
 21
-11.8923
 31
0.0
  0
LINE
  5
9CB
  8
0
 62
1
 10
12.0
 20
-11.8923
 30
0.0
 11
11.426
 21
-11.7781
 31
0.0
  0
LINE
  5
9CC
  8
0
 62
1
 10
-0.57402
 20
-11.7781
 30
0.0
 11
-1.06065
 21
-11.453
 31
0.0
  0
LINE
  5
9CD
  8
0
 62
1
 10
-1.06065
 20
-11.453
 30
0.0
 11
-1.38582
 21
-10.9663
 31
0.0
  0
LINE
  5
9CE
  8
0
 62
1
 10
-1.38582
 20
-10.9663
 30
0.0
 11
-1.5
 21
-10.3923
 31
0.0
  0
LINE
  5
9CF
  8
0
 62
1
 10
-1.5
 20
-10.3923
 30
0.0
 11
-1.38582
 21
-9.81827
 31
0.0
  0
LINE
  5
9D0
  8
0
 62
1
 10
-1.38582
 20
-9.81827
 30
0.0
 11
-1.06065
 21
-9.33163
 31
0.0
  0
LINE
  5
9D1
  8
0
 62
1
 10
-1.06065
 20
-9.33163
 30
0.0
 11
-0.57402
 21
-9.00648
 31
0.0
  0
LINE
  5
9D2
  8
0
 62
1
 10
-0.57402
 20
-9.00648
 30
0.0
 11
0.0
 21
-8.8923
 31
0.0
  0
LINE
  5
9D3
  8
0
 62
1
 10
0.0
 20
-8.8923
 30
0.0
 11
0.57402
 21
-9.00648
 31
0.0
  0
LINE
  5
9D4
  8
0
 62
1
 10
0.57402
 20
-9.00648
 30
0.0
 11
1.06065
 21
-9.33163
 31
0.0
  0
LINE
  5
9D5
  8
0
 62
1
 10
1.06065
 20
-9.33163
 30
0.0
 11
1.38582
 21
-9.81827
 31
0.0
  0
LINE
  5
9D6
  8
0
 62
1
 10
1.38582
 20
-9.81827
 30
0.0
 11
1.5
 21
-10.3923
 31
0.0
  0
LINE
  5
9D7
  8
0
 62
1
 10
1.5
 20
-10.3923
 30
0.0
 11
1.38582
 21
-10.9663
 31
0.0
  0
LINE
  5
9D8
  8
0
 62
1
 10
1.38582
 20
-10.9663
 30
0.0
 11
1.06065
 21
-11.453
 31
0.0
  0
LINE
  5
9D9
  8
0
 62
1
 10
1.06065
 20
-11.453
 30
0.0
 11
0.57402
 21
-11.7781
 31
0.0
  0
LINE
  5
9DA
  8
0
 62
1
 10
0.57402
 20
-11.7781
 30
0.0
 11
0.0
 21
-11.8923
 31
0.0
  0
LINE
  5
9DB
  8
0
 62
1
 10
0.0
 20
-11.8923
 30
0.0
 11
-0.57402
 21
-11.7781
 31
0.0
  0
LINE
  5
9DC
  8
0
 62
1
 10
-6.57402
 20
-11.7781
 30
0.0
 11
-7.06065
 21
-11.453
 31
0.0
  0
LINE
  5
9DD
  8
0
 62
1
 10
-7.06065
 20
-11.453
 30
0.0
 11
-7.38582
 21
-10.9663
 31
0.0
  0
LINE
  5
9DE
  8
0
 62
1
 10
-7.38582
 20
-10.9663
 30
0.0
 11
-7.5
 21
-10.3923
 31
0.0
  0
LINE
  5
9DF
  8
0
 62
1
 10
-7.5
 20
-10.3923
 30
0.0
 11
-7.38582
 21
-9.81827
 31
0.0
  0
LINE
  5
9E0
  8
0
 62
1
 10
-7.38582
 20
-9.81827
 30
0.0
 11
-7.06065
 21
-9.33163
 31
0.0
  0
LINE
  5
9E1
  8
0
 62
1
 10
-7.06065
 20
-9.33163
 30
0.0
 11
-6.57402
 21
-9.00648
 31
0.0
  0
LINE
  5
9E2
  8
0
 62
1
 10
-6.57402
 20
-9.00648
 30
0.0
 11
-6.0
 21
-8.8923
 31
0.0
  0
LINE
  5
9E3
  8
0
 62
1
 10
-6.0
 20
-8.8923
 30
0.0
 11
-5.42596
 21
-9.00648
 31
0.0
  0
LINE
  5
9E4
  8
0
 62
1
 10
-5.42596
 20
-9.00648
 30
0.0
 11
-4.93933
 21
-9.33163
 31
0.0
  0
LINE
  5
9E5
  8
0
 62
1
 10
-4.93933
 20
-9.33163
 30
0.0
 11
-4.61417
 21
-9.81827
 31
0.0
  0
LINE
  5
9E6
  8
0
 62
1
 10
-4.61417
 20
-9.81827
 30
0.0
 11
-4.5
 21
-10.3923
 31
0.0
  0
LINE
  5
9E7
  8
0
 62
1
 10
-4.5
 20
-10.3923
 30
0.0
 11
-4.61417
 21
-10.9663
 31
0.0
  0
LINE
  5
9E8
  8
0
 62
1
 10
-4.61417
 20
-10.9663
 30
0.0
 11
-4.93933
 21
-11.453
 31
0.0
  0
LINE
  5
9E9
  8
0
 62
1
 10
-4.93933
 20
-11.453
 30
0.0
 11
-5.42596
 21
-11.7781
 31
0.0
  0
LINE
  5
9EA
  8
0
 62
1
 10
-5.42596
 20
-11.7781
 30
0.0
 11
-6.0
 21
-11.8923
 31
0.0
  0
LINE
  5
9EB
  8
0
 62
1
 10
-6.0
 20
-11.8923
 30
0.0
 11
-6.57402
 21
-11.7781
 31
0.0
  0
LINE
  5
9EC
  8
0
 62
1
 10
-12.574
 20
-11.7781
 30
0.0
 11
-13.0607
 21
-11.453
 31
0.0
  0
LINE
  5
9ED
  8
0
 62
1
 10
-13.0607
 20
-11.453
 30
0.0
 11
-13.3858
 21
-10.9663
 31
0.0
  0
LINE
  5
9EE
  8
0
 62
1
 10
-13.3858
 20
-10.9663
 30
0.0
 11
-13.5
 21
-10.3923
 31
0.0
  0
LINE
  5
9EF
  8
0
 62
1
 10
-13.5
 20
-10.3923
 30
0.0
 11
-13.3858
 21
-9.81827
 31
0.0
  0
LINE
  5
9F0
  8
0
 62
1
 10
-13.3858
 20
-9.81827
 30
0.0
 11
-13.0607
 21
-9.33163
 31
0.0
  0
LINE
  5
9F1
  8
0
 62
1
 10
-13.0607
 20
-9.33163
 30
0.0
 11
-12.574
 21
-9.00648
 31
0.0
  0
LINE
  5
9F2
  8
0
 62
1
 10
-12.574
 20
-9.00648
 30
0.0
 11
-12.0
 21
-8.8923
 31
0.0
  0
LINE
  5
9F3
  8
0
 62
1
 10
-12.0
 20
-8.8923
 30
0.0
 11
-11.426
 21
-9.00648
 31
0.0
  0
LINE
  5
9F4
  8
0
 62
1
 10
-11.426
 20
-9.00648
 30
0.0
 11
-10.9393
 21
-9.33163
 31
0.0
  0
LINE
  5
9F5
  8
0
 62
1
 10
-10.9393
 20
-9.33163
 30
0.0
 11
-10.6142
 21
-9.81827
 31
0.0
  0
LINE
  5
9F6
  8
0
 62
1
 10
-10.6142
 20
-9.81827
 30
0.0
 11
-10.5
 21
-10.3923
 31
0.0
  0
LINE
  5
9F7
  8
0
 62
1
 10
-10.5
 20
-10.3923
 30
0.0
 11
-10.6142
 21
-10.9663
 31
0.0
  0
LINE
  5
9F8
  8
0
 62
1
 10
-10.6142
 20
-10.9663
 30
0.0
 11
-10.9393
 21
-11.453
 31
0.0
  0
LINE
  5
9F9
  8
0
 62
1
 10
-10.9393
 20
-11.453
 30
0.0
 11
-11.426
 21
-11.7781
 31
0.0
  0
LINE
  5
9FA
  8
0
 62
1
 10
-11.426
 20
-11.7781
 30
0.0
 11
-12.0
 21
-11.8923
 31
0.0
  0
LINE
  5
9FB
  8
0
 62
1
 10
-12.0
 20
-11.8923
 30
0.0
 11
-12.574
 21
-11.7781
 31
0.0
  0
LINE
  5
9FC
  8
0
 62
1
 10
-18.574
 20
-11.7781
 30
0.0
 11
-19.0607
 21
-11.453
 31
0.0
  0
LINE
  5
9FD
  8
0
 62
1
 10
-19.0607
 20
-11.453
 30
0.0
 11
-19.3858
 21
-10.9663
 31
0.0
  0
LINE
  5
9FE
  8
0
 62
1
 10
-19.3858
 20
-10.9663
 30
0.0
 11
-19.5
 21
-10.3923
 31
0.0
  0
LINE
  5
9FF
  8
0
 62
1
 10
-19.5
 20
-10.3923
 30
0.0
 11
-19.3858
 21
-9.81827
 31
0.0
  0
LINE
  5
A00
  8
0
 62
1
 10
-19.3858
 20
-9.81827
 30
0.0
 11
-19.0607
 21
-9.33163
 31
0.0
  0
LINE
  5
A01
  8
0
 62
1
 10
-19.0607
 20
-9.33163
 30
0.0
 11
-18.574
 21
-9.00648
 31
0.0
  0
LINE
  5
A02
  8
0
 62
1
 10
-18.574
 20
-9.00648
 30
0.0
 11
-18.0
 21
-8.8923
 31
0.0
  0
LINE
  5
A03
  8
0
 62
1
 10
-18.0
 20
-8.8923
 30
0.0
 11
-17.426
 21
-9.00648
 31
0.0
  0
LINE
  5
A04
  8
0
 62
1
 10
-17.426
 20
-9.00648
 30
0.0
 11
-16.9393
 21
-9.33163
 31
0.0
  0
LINE
  5
A05
  8
0
 62
1
 10
-16.9393
 20
-9.33163
 30
0.0
 11
-16.6142
 21
-9.81827
 31
0.0
  0
LINE
  5
A06
  8
0
 62
1
 10
-16.6142
 20
-9.81827
 30
0.0
 11
-16.5
 21
-10.3923
 31
0.0
  0
LINE
  5
A07
  8
0
 62
1
 10
-16.5
 20
-10.3923
 30
0.0
 11
-16.6142
 21
-10.9663
 31
0.0
  0
LINE
  5
A08
  8
0
 62
1
 10
-16.6142
 20
-10.9663
 30
0.0
 11
-16.9393
 21
-11.453
 31
0.0
  0
LINE
  5
A09
  8
0
 62
1
 10
-16.9393
 20
-11.453
 30
0.0
 11
-17.426
 21
-11.7781
 31
0.0
  0
LINE
  5
A0A
  8
0
 62
1
 10
-17.426
 20
-11.7781
 30
0.0
 11
-18.0
 21
-11.8923
 31
0.0
  0
LINE
  5
A0B
  8
0
 62
1
 10
-18.0
 20
-11.8923
 30
0.0
 11
-18.574
 21
-11.7781
 31
0.0
  0
LINE
  5
A0C
  8
0
 62
1
 10
-30.574
 20
-11.7781
 30
0.0
 11
-31.0607
 21
-11.453
 31
0.0
  0
LINE
  5
A0D
  8
0
 62
1
 10
-31.0607
 20
-11.453
 30
0.0
 11
-31.3858
 21
-10.9663
 31
0.0
  0
LINE
  5
A0E
  8
0
 62
1
 10
-31.3858
 20
-10.9663
 30
0.0
 11
-31.5
 21
-10.3923
 31
0.0
  0
LINE
  5
A0F
  8
0
 62
1
 10
-31.5
 20
-10.3923
 30
0.0
 11
-31.3858
 21
-9.81827
 31
0.0
  0
LINE
  5
A10
  8
0
 62
1
 10
-31.3858
 20
-9.81827
 30
0.0
 11
-31.0607
 21
-9.33163
 31
0.0
  0
LINE
  5
A11
  8
0
 62
1
 10
-31.0607
 20
-9.33163
 30
0.0
 11
-30.574
 21
-9.00648
 31
0.0
  0
LINE
  5
A12
  8
0
 62
1
 10
-30.574
 20
-9.00648
 30
0.0
 11
-30.0
 21
-8.8923
 31
0.0
  0
LINE
  5
A13
  8
0
 62
1
 10
-30.0
 20
-8.8923
 30
0.0
 11
-29.426
 21
-9.00648
 31
0.0
  0
LINE
  5
A14
  8
0
 62
1
 10
-29.426
 20
-9.00648
 30
0.0
 11
-28.9393
 21
-9.33163
 31
0.0
  0
LINE
  5
A15
  8
0
 62
1
 10
-28.9393
 20
-9.33163
 30
0.0
 11
-28.6142
 21
-9.81827
 31
0.0
  0
LINE
  5
A16
  8
0
 62
1
 10
-28.6142
 20
-9.81827
 30
0.0
 11
-28.5
 21
-10.3923
 31
0.0
  0
LINE
  5
A17
  8
0
 62
1
 10
-28.5
 20
-10.3923
 30
0.0
 11
-28.6142
 21
-10.9663
 31
0.0
  0
LINE
  5
A18
  8
0
 62
1
 10
-28.6142
 20
-10.9663
 30
0.0
 11
-28.9393
 21
-11.453
 31
0.0
  0
LINE
  5
A19
  8
0
 62
1
 10
-28.9393
 20
-11.453
 30
0.0
 11
-29.426
 21
-11.7781
 31
0.0
  0
LINE
  5
A1A
  8
0
 62
1
 10
-29.426
 20
-11.7781
 30
0.0
 11
-30.0
 21
-11.8923
 31
0.0
  0
LINE
  5
A1B
  8
0
 62
1
 10
-30.0
 20
-11.8923
 30
0.0
 11
-30.574
 21
-11.7781
 31
0.0
  0
LINE
  5
A1C
  8
0
 62
1
 10
-36.574
 20
-11.7781
 30
0.0
 11
-37.0607
 21
-11.453
 31
0.0
  0
LINE
  5
A1D
  8
0
 62
1
 10
-37.0607
 20
-11.453
 30
0.0
 11
-37.3858
 21
-10.9663
 31
0.0
  0
LINE
  5
A1E
  8
0
 62
1
 10
-37.3858
 20
-10.9663
 30
0.0
 11
-37.5
 21
-10.3923
 31
0.0
  0
LINE
  5
A1F
  8
0
 62
1
 10
-37.5
 20
-10.3923
 30
0.0
 11
-37.3858
 21
-9.81827
 31
0.0
  0
LINE
  5
A20
  8
0
 62
1
 10
-37.3858
 20
-9.81827
 30
0.0
 11
-37.0607
 21
-9.33163
 31
0.0
  0
LINE
  5
A21
  8
0
 62
1
 10
-37.0607
 20
-9.33163
 30
0.0
 11
-36.574
 21
-9.00648
 31
0.0
  0
LINE
  5
A22
  8
0
 62
1
 10
-36.574
 20
-9.00648
 30
0.0
 11
-36.0
 21
-8.8923
 31
0.0
  0
LINE
  5
A23
  8
0
 62
1
 10
-36.0
 20
-8.8923
 30
0.0
 11
-35.426
 21
-9.00648
 31
0.0
  0
LINE
  5
A24
  8
0
 62
1
 10
-35.426
 20
-9.00648
 30
0.0
 11
-34.9393
 21
-9.33163
 31
0.0
  0
LINE
  5
A25
  8
0
 62
1
 10
-34.9393
 20
-9.33163
 30
0.0
 11
-34.6142
 21
-9.81827
 31
0.0
  0
LINE
  5
A26
  8
0
 62
1
 10
-34.6142
 20
-9.81827
 30
0.0
 11
-34.5
 21
-10.3923
 31
0.0
  0
LINE
  5
A27
  8
0
 62
1
 10
-34.5
 20
-10.3923
 30
0.0
 11
-34.6142
 21
-10.9663
 31
0.0
  0
LINE
  5
A28
  8
0
 62
1
 10
-34.6142
 20
-10.9663
 30
0.0
 11
-34.9393
 21
-11.453
 31
0.0
  0
LINE
  5
A29
  8
0
 62
1
 10
-34.9393
 20
-11.453
 30
0.0
 11
-35.426
 21
-11.7781
 31
0.0
  0
LINE
  5
A2A
  8
0
 62
1
 10
-35.426
 20
-11.7781
 30
0.0
 11
-36.0
 21
-11.8923
 31
0.0
  0
LINE
  5
A2B
  8
0
 62
1
 10
-36.0
 20
-11.8923
 30
0.0
 11
-36.574
 21
-11.7781
 31
0.0
  0
LINE
  5
A2C
  8
0
 62
1
 10
5.42596
 20
-11.7781
 30
0.0
 11
4.93933
 21
-11.453
 31
0.0
  0
LINE
  5
A2D
  8
0
 62
1
 10
4.93933
 20
-11.453
 30
0.0
 11
4.61417
 21
-10.9663
 31
0.0
  0
LINE
  5
A2E
  8
0
 62
1
 10
4.61417
 20
-10.9663
 30
0.0
 11
4.5
 21
-10.3923
 31
0.0
  0
LINE
  5
A2F
  8
0
 62
1
 10
4.5
 20
-10.3923
 30
0.0
 11
4.61417
 21
-9.81827
 31
0.0
  0
LINE
  5
A30
  8
0
 62
1
 10
4.61417
 20
-9.81827
 30
0.0
 11
4.93933
 21
-9.33163
 31
0.0
  0
LINE
  5
A31
  8
0
 62
1
 10
4.93933
 20
-9.33163
 30
0.0
 11
5.42596
 21
-9.00648
 31
0.0
  0
LINE
  5
A32
  8
0
 62
1
 10
5.42596
 20
-9.00648
 30
0.0
 11
6.0
 21
-8.8923
 31
0.0
  0
LINE
  5
A33
  8
0
 62
1
 10
6.0
 20
-8.8923
 30
0.0
 11
6.57402
 21
-9.00648
 31
0.0
  0
LINE
  5
A34
  8
0
 62
1
 10
6.57402
 20
-9.00648
 30
0.0
 11
7.06065
 21
-9.33163
 31
0.0
  0
LINE
  5
A35
  8
0
 62
1
 10
7.06065
 20
-9.33163
 30
0.0
 11
7.38582
 21
-9.81827
 31
0.0
  0
LINE
  5
A36
  8
0
 62
1
 10
7.38582
 20
-9.81827
 30
0.0
 11
7.5
 21
-10.3923
 31
0.0
  0
LINE
  5
A37
  8
0
 62
1
 10
7.5
 20
-10.3923
 30
0.0
 11
7.38582
 21
-10.9663
 31
0.0
  0
LINE
  5
A38
  8
0
 62
1
 10
7.38582
 20
-10.9663
 30
0.0
 11
7.06065
 21
-11.453
 31
0.0
  0
LINE
  5
A39
  8
0
 62
1
 10
7.06065
 20
-11.453
 30
0.0
 11
6.57402
 21
-11.7781
 31
0.0
  0
LINE
  5
A3A
  8
0
 62
1
 10
6.57402
 20
-11.7781
 30
0.0
 11
6.0
 21
-11.8923
 31
0.0
  0
LINE
  5
A3B
  8
0
 62
1
 10
6.0
 20
-11.8923
 30
0.0
 11
5.42596
 21
-11.7781
 31
0.0
  0
LINE
  5
A3C
  8
0
 62
1
 10
-42.574
 20
-11.7781
 30
0.0
 11
-43.0607
 21
-11.453
 31
0.0
  0
LINE
  5
A3D
  8
0
 62
1
 10
-43.0607
 20
-11.453
 30
0.0
 11
-43.3858
 21
-10.9663
 31
0.0
  0
LINE
  5
A3E
  8
0
 62
1
 10
-43.3858
 20
-10.9663
 30
0.0
 11
-43.5
 21
-10.3923
 31
0.0
  0
LINE
  5
A3F
  8
0
 62
1
 10
-43.5
 20
-10.3923
 30
0.0
 11
-43.3858
 21
-9.81827
 31
0.0
  0
LINE
  5
A40
  8
0
 62
1
 10
-43.3858
 20
-9.81827
 30
0.0
 11
-43.0607
 21
-9.33163
 31
0.0
  0
LINE
  5
A41
  8
0
 62
1
 10
-43.0607
 20
-9.33163
 30
0.0
 11
-42.574
 21
-9.00648
 31
0.0
  0
LINE
  5
A42
  8
0
 62
1
 10
-42.574
 20
-9.00648
 30
0.0
 11
-42.0
 21
-8.8923
 31
0.0
  0
LINE
  5
A43
  8
0
 62
1
 10
-42.0
 20
-8.8923
 30
0.0
 11
-41.426
 21
-9.00648
 31
0.0
  0
LINE
  5
A44
  8
0
 62
1
 10
-41.426
 20
-9.00648
 30
0.0
 11
-40.9393
 21
-9.33163
 31
0.0
  0
LINE
  5
A45
  8
0
 62
1
 10
-40.9393
 20
-9.33163
 30
0.0
 11
-40.6142
 21
-9.81827
 31
0.0
  0
LINE
  5
A46
  8
0
 62
1
 10
-40.6142
 20
-9.81827
 30
0.0
 11
-40.5
 21
-10.3923
 31
0.0
  0
LINE
  5
A47
  8
0
 62
1
 10
-40.5
 20
-10.3923
 30
0.0
 11
-40.6142
 21
-10.9663
 31
0.0
  0
LINE
  5
A48
  8
0
 62
1
 10
-40.6142
 20
-10.9663
 30
0.0
 11
-40.9393
 21
-11.453
 31
0.0
  0
LINE
  5
A49
  8
0
 62
1
 10
-40.9393
 20
-11.453
 30
0.0
 11
-41.426
 21
-11.7781
 31
0.0
  0
LINE
  5
A4A
  8
0
 62
1
 10
-41.426
 20
-11.7781
 30
0.0
 11
-42.0
 21
-11.8923
 31
0.0
  0
LINE
  5
A4B
  8
0
 62
1
 10
-42.0
 20
-11.8923
 30
0.0
 11
-42.574
 21
-11.7781
 31
0.0
  0
LINE
  5
A4C
  8
0
 62
1
 10
-39.574
 20
-16.9743
 30
0.0
 11
-40.0607
 21
-16.6491
 31
0.0
  0
LINE
  5
A4D
  8
0
 62
1
 10
-40.0607
 20
-16.6491
 30
0.0
 11
-40.3858
 21
-16.1625
 31
0.0
  0
LINE
  5
A4E
  8
0
 62
1
 10
-40.3858
 20
-16.1625
 30
0.0
 11
-40.5
 21
-15.5885
 31
0.0
  0
LINE
  5
A4F
  8
0
 62
1
 10
-40.5
 20
-15.5885
 30
0.0
 11
-40.3858
 21
-15.0144
 31
0.0
  0
LINE
  5
A50
  8
0
 62
1
 10
-40.3858
 20
-15.0144
 30
0.0
 11
-40.0607
 21
-14.5278
 31
0.0
  0
LINE
  5
A51
  8
0
 62
1
 10
-40.0607
 20
-14.5278
 30
0.0
 11
-39.574
 21
-14.2026
 31
0.0
  0
LINE
  5
A52
  8
0
 62
1
 10
-39.574
 20
-14.2026
 30
0.0
 11
-39.0
 21
-14.0885
 31
0.0
  0
LINE
  5
A53
  8
0
 62
1
 10
-39.0
 20
-14.0885
 30
0.0
 11
-38.426
 21
-14.2026
 31
0.0
  0
LINE
  5
A54
  8
0
 62
1
 10
-38.426
 20
-14.2026
 30
0.0
 11
-37.9393
 21
-14.5278
 31
0.0
  0
LINE
  5
A55
  8
0
 62
1
 10
-37.9393
 20
-14.5278
 30
0.0
 11
-37.6142
 21
-15.0144
 31
0.0
  0
LINE
  5
A56
  8
0
 62
1
 10
-37.6142
 20
-15.0144
 30
0.0
 11
-37.5
 21
-15.5885
 31
0.0
  0
LINE
  5
A57
  8
0
 62
1
 10
-37.5
 20
-15.5885
 30
0.0
 11
-37.6142
 21
-16.1625
 31
0.0
  0
LINE
  5
A58
  8
0
 62
1
 10
-37.6142
 20
-16.1625
 30
0.0
 11
-37.9393
 21
-16.6491
 31
0.0
  0
LINE
  5
A59
  8
0
 62
1
 10
-37.9393
 20
-16.6491
 30
0.0
 11
-38.426
 21
-16.9743
 31
0.0
  0
LINE
  5
A5A
  8
0
 62
1
 10
-38.426
 20
-16.9743
 30
0.0
 11
-39.0
 21
-17.0885
 31
0.0
  0
LINE
  5
A5B
  8
0
 62
1
 10
-39.0
 20
-17.0885
 30
0.0
 11
-39.574
 21
-16.9743
 31
0.0
  0
LINE
  5
A5C
  8
0
 62
1
 10
38.426
 20
-16.9743
 30
0.0
 11
37.9393
 21
-16.6491
 31
0.0
  0
LINE
  5
A5D
  8
0
 62
1
 10
37.9393
 20
-16.6491
 30
0.0
 11
37.6142
 21
-16.1625
 31
0.0
  0
LINE
  5
A5E
  8
0
 62
1
 10
37.6142
 20
-16.1625
 30
0.0
 11
37.5
 21
-15.5885
 31
0.0
  0
LINE
  5
A5F
  8
0
 62
1
 10
37.5
 20
-15.5885
 30
0.0
 11
37.6142
 21
-15.0144
 31
0.0
  0
LINE
  5
A60
  8
0
 62
1
 10
37.6142
 20
-15.0144
 30
0.0
 11
37.9393
 21
-14.5278
 31
0.0
  0
LINE
  5
A61
  8
0
 62
1
 10
37.9393
 20
-14.5278
 30
0.0
 11
38.426
 21
-14.2026
 31
0.0
  0
LINE
  5
A62
  8
0
 62
1
 10
38.426
 20
-14.2026
 30
0.0
 11
39.0
 21
-14.0885
 31
0.0
  0
LINE
  5
A63
  8
0
 62
1
 10
39.0
 20
-14.0885
 30
0.0
 11
39.574
 21
-14.2026
 31
0.0
  0
LINE
  5
A64
  8
0
 62
1
 10
39.574
 20
-14.2026
 30
0.0
 11
40.0607
 21
-14.5278
 31
0.0
  0
LINE
  5
A65
  8
0
 62
1
 10
40.0607
 20
-14.5278
 30
0.0
 11
40.3858
 21
-15.0144
 31
0.0
  0
LINE
  5
A66
  8
0
 62
1
 10
40.3858
 20
-15.0144
 30
0.0
 11
40.5
 21
-15.5885
 31
0.0
  0
LINE
  5
A67
  8
0
 62
1
 10
40.5
 20
-15.5885
 30
0.0
 11
40.3858
 21
-16.1625
 31
0.0
  0
LINE
  5
A68
  8
0
 62
1
 10
40.3858
 20
-16.1625
 30
0.0
 11
40.0607
 21
-16.6491
 31
0.0
  0
LINE
  5
A69
  8
0
 62
1
 10
40.0607
 20
-16.6491
 30
0.0
 11
39.574
 21
-16.9743
 31
0.0
  0
LINE
  5
A6A
  8
0
 62
1
 10
39.574
 20
-16.9743
 30
0.0
 11
39.0
 21
-17.0885
 31
0.0
  0
LINE
  5
A6B
  8
0
 62
1
 10
39.0
 20
-17.0885
 30
0.0
 11
38.426
 21
-16.9743
 31
0.0
  0
LINE
  5
A6C
  8
0
 62
1
 10
-27.574
 20
-16.9743
 30
0.0
 11
-28.0607
 21
-16.6491
 31
0.0
  0
LINE
  5
A6D
  8
0
 62
1
 10
-28.0607
 20
-16.6491
 30
0.0
 11
-28.3858
 21
-16.1625
 31
0.0
  0
LINE
  5
A6E
  8
0
 62
1
 10
-28.3858
 20
-16.1625
 30
0.0
 11
-28.5
 21
-15.5885
 31
0.0
  0
LINE
  5
A6F
  8
0
 62
1
 10
-28.5
 20
-15.5885
 30
0.0
 11
-28.3858
 21
-15.0144
 31
0.0
  0
LINE
  5
A70
  8
0
 62
1
 10
-28.3858
 20
-15.0144
 30
0.0
 11
-28.0607
 21
-14.5278
 31
0.0
  0
LINE
  5
A71
  8
0
 62
1
 10
-28.0607
 20
-14.5278
 30
0.0
 11
-27.574
 21
-14.2026
 31
0.0
  0
LINE
  5
A72
  8
0
 62
1
 10
-27.574
 20
-14.2026
 30
0.0
 11
-27.0
 21
-14.0885
 31
0.0
  0
LINE
  5
A73
  8
0
 62
1
 10
-27.0
 20
-14.0885
 30
0.0
 11
-26.426
 21
-14.2026
 31
0.0
  0
LINE
  5
A74
  8
0
 62
1
 10
-26.426
 20
-14.2026
 30
0.0
 11
-25.9393
 21
-14.5278
 31
0.0
  0
LINE
  5
A75
  8
0
 62
1
 10
-25.9393
 20
-14.5278
 30
0.0
 11
-25.6142
 21
-15.0144
 31
0.0
  0
LINE
  5
A76
  8
0
 62
1
 10
-25.6142
 20
-15.0144
 30
0.0
 11
-25.5
 21
-15.5885
 31
0.0
  0
LINE
  5
A77
  8
0
 62
1
 10
-25.5
 20
-15.5885
 30
0.0
 11
-25.6142
 21
-16.1625
 31
0.0
  0
LINE
  5
A78
  8
0
 62
1
 10
-25.6142
 20
-16.1625
 30
0.0
 11
-25.9393
 21
-16.6491
 31
0.0
  0
LINE
  5
A79
  8
0
 62
1
 10
-25.9393
 20
-16.6491
 30
0.0
 11
-26.426
 21
-16.9743
 31
0.0
  0
LINE
  5
A7A
  8
0
 62
1
 10
-26.426
 20
-16.9743
 30
0.0
 11
-27.0
 21
-17.0885
 31
0.0
  0
LINE
  5
A7B
  8
0
 62
1
 10
-27.0
 20
-17.0885
 30
0.0
 11
-27.574
 21
-16.9743
 31
0.0
  0
LINE
  5
A7C
  8
0
 62
1
 10
-33.574
 20
-16.9743
 30
0.0
 11
-34.0607
 21
-16.6491
 31
0.0
  0
LINE
  5
A7D
  8
0
 62
1
 10
-34.0607
 20
-16.6491
 30
0.0
 11
-34.3858
 21
-16.1625
 31
0.0
  0
LINE
  5
A7E
  8
0
 62
1
 10
-34.3858
 20
-16.1625
 30
0.0
 11
-34.5
 21
-15.5885
 31
0.0
  0
LINE
  5
A7F
  8
0
 62
1
 10
-34.5
 20
-15.5885
 30
0.0
 11
-34.3858
 21
-15.0144
 31
0.0
  0
LINE
  5
A80
  8
0
 62
1
 10
-34.3858
 20
-15.0144
 30
0.0
 11
-34.0607
 21
-14.5278
 31
0.0
  0
LINE
  5
A81
  8
0
 62
1
 10
-34.0607
 20
-14.5278
 30
0.0
 11
-33.574
 21
-14.2026
 31
0.0
  0
LINE
  5
A82
  8
0
 62
1
 10
-33.574
 20
-14.2026
 30
0.0
 11
-33.0
 21
-14.0885
 31
0.0
  0
LINE
  5
A83
  8
0
 62
1
 10
-33.0
 20
-14.0885
 30
0.0
 11
-32.426
 21
-14.2026
 31
0.0
  0
LINE
  5
A84
  8
0
 62
1
 10
-32.426
 20
-14.2026
 30
0.0
 11
-31.9393
 21
-14.5278
 31
0.0
  0
LINE
  5
A85
  8
0
 62
1
 10
-31.9393
 20
-14.5278
 30
0.0
 11
-31.6142
 21
-15.0144
 31
0.0
  0
LINE
  5
A86
  8
0
 62
1
 10
-31.6142
 20
-15.0144
 30
0.0
 11
-31.5
 21
-15.5885
 31
0.0
  0
LINE
  5
A87
  8
0
 62
1
 10
-31.5
 20
-15.5885
 30
0.0
 11
-31.6142
 21
-16.1625
 31
0.0
  0
LINE
  5
A88
  8
0
 62
1
 10
-31.6142
 20
-16.1625
 30
0.0
 11
-31.9393
 21
-16.6491
 31
0.0
  0
LINE
  5
A89
  8
0
 62
1
 10
-31.9393
 20
-16.6491
 30
0.0
 11
-32.426
 21
-16.9743
 31
0.0
  0
LINE
  5
A8A
  8
0
 62
1
 10
-32.426
 20
-16.9743
 30
0.0
 11
-33.0
 21
-17.0885
 31
0.0
  0
LINE
  5
A8B
  8
0
 62
1
 10
-33.0
 20
-17.0885
 30
0.0
 11
-33.574
 21
-16.9743
 31
0.0
  0
LINE
  5
A8C
  8
0
 62
1
 10
-21.574
 20
-16.9743
 30
0.0
 11
-22.0607
 21
-16.6491
 31
0.0
  0
LINE
  5
A8D
  8
0
 62
1
 10
-22.0607
 20
-16.6491
 30
0.0
 11
-22.3858
 21
-16.1625
 31
0.0
  0
LINE
  5
A8E
  8
0
 62
1
 10
-22.3858
 20
-16.1625
 30
0.0
 11
-22.5
 21
-15.5885
 31
0.0
  0
LINE
  5
A8F
  8
0
 62
1
 10
-22.5
 20
-15.5885
 30
0.0
 11
-22.3858
 21
-15.0144
 31
0.0
  0
LINE
  5
A90
  8
0
 62
1
 10
-22.3858
 20
-15.0144
 30
0.0
 11
-22.0607
 21
-14.5278
 31
0.0
  0
LINE
  5
A91
  8
0
 62
1
 10
-22.0607
 20
-14.5278
 30
0.0
 11
-21.574
 21
-14.2026
 31
0.0
  0
LINE
  5
A92
  8
0
 62
1
 10
-21.574
 20
-14.2026
 30
0.0
 11
-21.0
 21
-14.0885
 31
0.0
  0
LINE
  5
A93
  8
0
 62
1
 10
-21.0
 20
-14.0885
 30
0.0
 11
-20.426
 21
-14.2026
 31
0.0
  0
LINE
  5
A94
  8
0
 62
1
 10
-20.426
 20
-14.2026
 30
0.0
 11
-19.9393
 21
-14.5278
 31
0.0
  0
LINE
  5
A95
  8
0
 62
1
 10
-19.9393
 20
-14.5278
 30
0.0
 11
-19.6142
 21
-15.0144
 31
0.0
  0
LINE
  5
A96
  8
0
 62
1
 10
-19.6142
 20
-15.0144
 30
0.0
 11
-19.5
 21
-15.5885
 31
0.0
  0
LINE
  5
A97
  8
0
 62
1
 10
-19.5
 20
-15.5885
 30
0.0
 11
-19.6142
 21
-16.1625
 31
0.0
  0
LINE
  5
A98
  8
0
 62
1
 10
-19.6142
 20
-16.1625
 30
0.0
 11
-19.9393
 21
-16.6491
 31
0.0
  0
LINE
  5
A99
  8
0
 62
1
 10
-19.9393
 20
-16.6491
 30
0.0
 11
-20.426
 21
-16.9743
 31
0.0
  0
LINE
  5
A9A
  8
0
 62
1
 10
-20.426
 20
-16.9743
 30
0.0
 11
-21.0
 21
-17.0885
 31
0.0
  0
LINE
  5
A9B
  8
0
 62
1
 10
-21.0
 20
-17.0885
 30
0.0
 11
-21.574
 21
-16.9743
 31
0.0
  0
LINE
  5
A9C
  8
0
 62
1
 10
-15.574
 20
-16.9743
 30
0.0
 11
-16.0607
 21
-16.6491
 31
0.0
  0
LINE
  5
A9D
  8
0
 62
1
 10
-16.0607
 20
-16.6491
 30
0.0
 11
-16.3858
 21
-16.1625
 31
0.0
  0
LINE
  5
A9E
  8
0
 62
1
 10
-16.3858
 20
-16.1625
 30
0.0
 11
-16.5
 21
-15.5885
 31
0.0
  0
LINE
  5
A9F
  8
0
 62
1
 10
-16.5
 20
-15.5885
 30
0.0
 11
-16.3858
 21
-15.0144
 31
0.0
  0
LINE
  5
AA0
  8
0
 62
1
 10
-16.3858
 20
-15.0144
 30
0.0
 11
-16.0607
 21
-14.5278
 31
0.0
  0
LINE
  5
AA1
  8
0
 62
1
 10
-16.0607
 20
-14.5278
 30
0.0
 11
-15.574
 21
-14.2026
 31
0.0
  0
LINE
  5
AA2
  8
0
 62
1
 10
-15.574
 20
-14.2026
 30
0.0
 11
-15.0
 21
-14.0885
 31
0.0
  0
LINE
  5
AA3
  8
0
 62
1
 10
-15.0
 20
-14.0885
 30
0.0
 11
-14.426
 21
-14.2026
 31
0.0
  0
LINE
  5
AA4
  8
0
 62
1
 10
-14.426
 20
-14.2026
 30
0.0
 11
-13.9393
 21
-14.5278
 31
0.0
  0
LINE
  5
AA5
  8
0
 62
1
 10
-13.9393
 20
-14.5278
 30
0.0
 11
-13.6142
 21
-15.0144
 31
0.0
  0
LINE
  5
AA6
  8
0
 62
1
 10
-13.6142
 20
-15.0144
 30
0.0
 11
-13.5
 21
-15.5885
 31
0.0
  0
LINE
  5
AA7
  8
0
 62
1
 10
-13.5
 20
-15.5885
 30
0.0
 11
-13.6142
 21
-16.1625
 31
0.0
  0
LINE
  5
AA8
  8
0
 62
1
 10
-13.6142
 20
-16.1625
 30
0.0
 11
-13.9393
 21
-16.6491
 31
0.0
  0
LINE
  5
AA9
  8
0
 62
1
 10
-13.9393
 20
-16.6491
 30
0.0
 11
-14.426
 21
-16.9743
 31
0.0
  0
LINE
  5
AAA
  8
0
 62
1
 10
-14.426
 20
-16.9743
 30
0.0
 11
-15.0
 21
-17.0885
 31
0.0
  0
LINE
  5
AAB
  8
0
 62
1
 10
-15.0
 20
-17.0885
 30
0.0
 11
-15.574
 21
-16.9743
 31
0.0
  0
LINE
  5
AAC
  8
0
 62
1
 10
-9.57402
 20
-16.9743
 30
0.0
 11
-10.0607
 21
-16.6491
 31
0.0
  0
LINE
  5
AAD
  8
0
 62
1
 10
-10.0607
 20
-16.6491
 30
0.0
 11
-10.3858
 21
-16.1625
 31
0.0
  0
LINE
  5
AAE
  8
0
 62
1
 10
-10.3858
 20
-16.1625
 30
0.0
 11
-10.5
 21
-15.5885
 31
0.0
  0
LINE
  5
AAF
  8
0
 62
1
 10
-10.5
 20
-15.5885
 30
0.0
 11
-10.3858
 21
-15.0144
 31
0.0
  0
LINE
  5
AB0
  8
0
 62
1
 10
-10.3858
 20
-15.0144
 30
0.0
 11
-10.0607
 21
-14.5278
 31
0.0
  0
LINE
  5
AB1
  8
0
 62
1
 10
-10.0607
 20
-14.5278
 30
0.0
 11
-9.57402
 21
-14.2026
 31
0.0
  0
LINE
  5
AB2
  8
0
 62
1
 10
-9.57402
 20
-14.2026
 30
0.0
 11
-9.0
 21
-14.0885
 31
0.0
  0
LINE
  5
AB3
  8
0
 62
1
 10
-9.0
 20
-14.0885
 30
0.0
 11
-8.42596
 21
-14.2026
 31
0.0
  0
LINE
  5
AB4
  8
0
 62
1
 10
-8.42596
 20
-14.2026
 30
0.0
 11
-7.93933
 21
-14.5278
 31
0.0
  0
LINE
  5
AB5
  8
0
 62
1
 10
-7.93933
 20
-14.5278
 30
0.0
 11
-7.61417
 21
-15.0144
 31
0.0
  0
LINE
  5
AB6
  8
0
 62
1
 10
-7.61417
 20
-15.0144
 30
0.0
 11
-7.5
 21
-15.5885
 31
0.0
  0
LINE
  5
AB7
  8
0
 62
1
 10
-7.5
 20
-15.5885
 30
0.0
 11
-7.61417
 21
-16.1625
 31
0.0
  0
LINE
  5
AB8
  8
0
 62
1
 10
-7.61417
 20
-16.1625
 30
0.0
 11
-7.93933
 21
-16.6491
 31
0.0
  0
LINE
  5
AB9
  8
0
 62
1
 10
-7.93933
 20
-16.6491
 30
0.0
 11
-8.42596
 21
-16.9743
 31
0.0
  0
LINE
  5
ABA
  8
0
 62
1
 10
-8.42596
 20
-16.9743
 30
0.0
 11
-9.0
 21
-17.0885
 31
0.0
  0
LINE
  5
ABB
  8
0
 62
1
 10
-9.0
 20
-17.0885
 30
0.0
 11
-9.57402
 21
-16.9743
 31
0.0
  0
LINE
  5
ABC
  8
0
 62
1
 10
-3.57402
 20
-16.9743
 30
0.0
 11
-4.06065
 21
-16.6491
 31
0.0
  0
LINE
  5
ABD
  8
0
 62
1
 10
-4.06065
 20
-16.6491
 30
0.0
 11
-4.38582
 21
-16.1625
 31
0.0
  0
LINE
  5
ABE
  8
0
 62
1
 10
-4.38582
 20
-16.1625
 30
0.0
 11
-4.5
 21
-15.5885
 31
0.0
  0
LINE
  5
ABF
  8
0
 62
1
 10
-4.5
 20
-15.5885
 30
0.0
 11
-4.38582
 21
-15.0144
 31
0.0
  0
LINE
  5
AC0
  8
0
 62
1
 10
-4.38582
 20
-15.0144
 30
0.0
 11
-4.06065
 21
-14.5278
 31
0.0
  0
LINE
  5
AC1
  8
0
 62
1
 10
-4.06065
 20
-14.5278
 30
0.0
 11
-3.57402
 21
-14.2026
 31
0.0
  0
LINE
  5
AC2
  8
0
 62
1
 10
-3.57402
 20
-14.2026
 30
0.0
 11
-3.0
 21
-14.0885
 31
0.0
  0
LINE
  5
AC3
  8
0
 62
1
 10
-3.0
 20
-14.0885
 30
0.0
 11
-2.42596
 21
-14.2026
 31
0.0
  0
LINE
  5
AC4
  8
0
 62
1
 10
-2.42596
 20
-14.2026
 30
0.0
 11
-1.93933
 21
-14.5278
 31
0.0
  0
LINE
  5
AC5
  8
0
 62
1
 10
-1.93933
 20
-14.5278
 30
0.0
 11
-1.61417
 21
-15.0144
 31
0.0
  0
LINE
  5
AC6
  8
0
 62
1
 10
-1.61417
 20
-15.0144
 30
0.0
 11
-1.5
 21
-15.5885
 31
0.0
  0
LINE
  5
AC7
  8
0
 62
1
 10
-1.5
 20
-15.5885
 30
0.0
 11
-1.61417
 21
-16.1625
 31
0.0
  0
LINE
  5
AC8
  8
0
 62
1
 10
-1.61417
 20
-16.1625
 30
0.0
 11
-1.93933
 21
-16.6491
 31
0.0
  0
LINE
  5
AC9
  8
0
 62
1
 10
-1.93933
 20
-16.6491
 30
0.0
 11
-2.42596
 21
-16.9743
 31
0.0
  0
LINE
  5
ACA
  8
0
 62
1
 10
-2.42596
 20
-16.9743
 30
0.0
 11
-3.0
 21
-17.0885
 31
0.0
  0
LINE
  5
ACB
  8
0
 62
1
 10
-3.0
 20
-17.0885
 30
0.0
 11
-3.57402
 21
-16.9743
 31
0.0
  0
LINE
  5
ACC
  8
0
 62
1
 10
14.426
 20
-16.9743
 30
0.0
 11
13.9393
 21
-16.6491
 31
0.0
  0
LINE
  5
ACD
  8
0
 62
1
 10
13.9393
 20
-16.6491
 30
0.0
 11
13.6142
 21
-16.1625
 31
0.0
  0
LINE
  5
ACE
  8
0
 62
1
 10
13.6142
 20
-16.1625
 30
0.0
 11
13.5
 21
-15.5885
 31
0.0
  0
LINE
  5
ACF
  8
0
 62
1
 10
13.5
 20
-15.5885
 30
0.0
 11
13.6142
 21
-15.0144
 31
0.0
  0
LINE
  5
AD0
  8
0
 62
1
 10
13.6142
 20
-15.0144
 30
0.0
 11
13.9393
 21
-14.5278
 31
0.0
  0
LINE
  5
AD1
  8
0
 62
1
 10
13.9393
 20
-14.5278
 30
0.0
 11
14.426
 21
-14.2026
 31
0.0
  0
LINE
  5
AD2
  8
0
 62
1
 10
14.426
 20
-14.2026
 30
0.0
 11
15.0
 21
-14.0885
 31
0.0
  0
LINE
  5
AD3
  8
0
 62
1
 10
15.0
 20
-14.0885
 30
0.0
 11
15.574
 21
-14.2026
 31
0.0
  0
LINE
  5
AD4
  8
0
 62
1
 10
15.574
 20
-14.2026
 30
0.0
 11
16.0607
 21
-14.5278
 31
0.0
  0
LINE
  5
AD5
  8
0
 62
1
 10
16.0607
 20
-14.5278
 30
0.0
 11
16.3858
 21
-15.0144
 31
0.0
  0
LINE
  5
AD6
  8
0
 62
1
 10
16.3858
 20
-15.0144
 30
0.0
 11
16.5
 21
-15.5885
 31
0.0
  0
LINE
  5
AD7
  8
0
 62
1
 10
16.5
 20
-15.5885
 30
0.0
 11
16.3858
 21
-16.1625
 31
0.0
  0
LINE
  5
AD8
  8
0
 62
1
 10
16.3858
 20
-16.1625
 30
0.0
 11
16.0607
 21
-16.6491
 31
0.0
  0
LINE
  5
AD9
  8
0
 62
1
 10
16.0607
 20
-16.6491
 30
0.0
 11
15.574
 21
-16.9743
 31
0.0
  0
LINE
  5
ADA
  8
0
 62
1
 10
15.574
 20
-16.9743
 30
0.0
 11
15.0
 21
-17.0885
 31
0.0
  0
LINE
  5
ADB
  8
0
 62
1
 10
15.0
 20
-17.0885
 30
0.0
 11
14.426
 21
-16.9743
 31
0.0
  0
LINE
  5
ADC
  8
0
 62
1
 10
20.426
 20
-16.9743
 30
0.0
 11
19.9393
 21
-16.6491
 31
0.0
  0
LINE
  5
ADD
  8
0
 62
1
 10
19.9393
 20
-16.6491
 30
0.0
 11
19.6142
 21
-16.1625
 31
0.0
  0
LINE
  5
ADE
  8
0
 62
1
 10
19.6142
 20
-16.1625
 30
0.0
 11
19.5
 21
-15.5885
 31
0.0
  0
LINE
  5
ADF
  8
0
 62
1
 10
19.5
 20
-15.5885
 30
0.0
 11
19.6142
 21
-15.0144
 31
0.0
  0
LINE
  5
AE0
  8
0
 62
1
 10
19.6142
 20
-15.0144
 30
0.0
 11
19.9393
 21
-14.5278
 31
0.0
  0
LINE
  5
AE1
  8
0
 62
1
 10
19.9393
 20
-14.5278
 30
0.0
 11
20.426
 21
-14.2026
 31
0.0
  0
LINE
  5
AE2
  8
0
 62
1
 10
20.426
 20
-14.2026
 30
0.0
 11
21.0
 21
-14.0885
 31
0.0
  0
LINE
  5
AE3
  8
0
 62
1
 10
21.0
 20
-14.0885
 30
0.0
 11
21.574
 21
-14.2026
 31
0.0
  0
LINE
  5
AE4
  8
0
 62
1
 10
21.574
 20
-14.2026
 30
0.0
 11
22.0607
 21
-14.5278
 31
0.0
  0
LINE
  5
AE5
  8
0
 62
1
 10
22.0607
 20
-14.5278
 30
0.0
 11
22.3858
 21
-15.0144
 31
0.0
  0
LINE
  5
AE6
  8
0
 62
1
 10
22.3858
 20
-15.0144
 30
0.0
 11
22.5
 21
-15.5885
 31
0.0
  0
LINE
  5
AE7
  8
0
 62
1
 10
22.5
 20
-15.5885
 30
0.0
 11
22.3858
 21
-16.1625
 31
0.0
  0
LINE
  5
AE8
  8
0
 62
1
 10
22.3858
 20
-16.1625
 30
0.0
 11
22.0607
 21
-16.6491
 31
0.0
  0
LINE
  5
AE9
  8
0
 62
1
 10
22.0607
 20
-16.6491
 30
0.0
 11
21.574
 21
-16.9743
 31
0.0
  0
LINE
  5
AEA
  8
0
 62
1
 10
21.574
 20
-16.9743
 30
0.0
 11
21.0
 21
-17.0885
 31
0.0
  0
LINE
  5
AEB
  8
0
 62
1
 10
21.0
 20
-17.0885
 30
0.0
 11
20.426
 21
-16.9743
 31
0.0
  0
LINE
  5
AEC
  8
0
 62
1
 10
26.426
 20
-16.9743
 30
0.0
 11
25.9393
 21
-16.6491
 31
0.0
  0
LINE
  5
AED
  8
0
 62
1
 10
25.9393
 20
-16.6491
 30
0.0
 11
25.6142
 21
-16.1625
 31
0.0
  0
LINE
  5
AEE
  8
0
 62
1
 10
25.6142
 20
-16.1625
 30
0.0
 11
25.5
 21
-15.5885
 31
0.0
  0
LINE
  5
AEF
  8
0
 62
1
 10
25.5
 20
-15.5885
 30
0.0
 11
25.6142
 21
-15.0144
 31
0.0
  0
LINE
  5
AF0
  8
0
 62
1
 10
25.6142
 20
-15.0144
 30
0.0
 11
25.9393
 21
-14.5278
 31
0.0
  0
LINE
  5
AF1
  8
0
 62
1
 10
25.9393
 20
-14.5278
 30
0.0
 11
26.426
 21
-14.2026
 31
0.0
  0
LINE
  5
AF2
  8
0
 62
1
 10
26.426
 20
-14.2026
 30
0.0
 11
27.0
 21
-14.0885
 31
0.0
  0
LINE
  5
AF3
  8
0
 62
1
 10
27.0
 20
-14.0885
 30
0.0
 11
27.574
 21
-14.2026
 31
0.0
  0
LINE
  5
AF4
  8
0
 62
1
 10
27.574
 20
-14.2026
 30
0.0
 11
28.0607
 21
-14.5278
 31
0.0
  0
LINE
  5
AF5
  8
0
 62
1
 10
28.0607
 20
-14.5278
 30
0.0
 11
28.3858
 21
-15.0144
 31
0.0
  0
LINE
  5
AF6
  8
0
 62
1
 10
28.3858
 20
-15.0144
 30
0.0
 11
28.5
 21
-15.5885
 31
0.0
  0
LINE
  5
AF7
  8
0
 62
1
 10
28.5
 20
-15.5885
 30
0.0
 11
28.3858
 21
-16.1625
 31
0.0
  0
LINE
  5
AF8
  8
0
 62
1
 10
28.3858
 20
-16.1625
 30
0.0
 11
28.0607
 21
-16.6491
 31
0.0
  0
LINE
  5
AF9
  8
0
 62
1
 10
28.0607
 20
-16.6491
 30
0.0
 11
27.574
 21
-16.9743
 31
0.0
  0
LINE
  5
AFA
  8
0
 62
1
 10
27.574
 20
-16.9743
 30
0.0
 11
27.0
 21
-17.0885
 31
0.0
  0
LINE
  5
AFB
  8
0
 62
1
 10
27.0
 20
-17.0885
 30
0.0
 11
26.426
 21
-16.9743
 31
0.0
  0
LINE
  5
AFC
  8
0
 62
1
 10
2.42596
 20
-16.9743
 30
0.0
 11
1.93933
 21
-16.6491
 31
0.0
  0
LINE
  5
AFD
  8
0
 62
1
 10
1.93933
 20
-16.6491
 30
0.0
 11
1.61417
 21
-16.1625
 31
0.0
  0
LINE
  5
AFE
  8
0
 62
1
 10
1.61417
 20
-16.1625
 30
0.0
 11
1.5
 21
-15.5885
 31
0.0
  0
LINE
  5
AFF
  8
0
 62
1
 10
1.5
 20
-15.5885
 30
0.0
 11
1.61417
 21
-15.0144
 31
0.0
  0
LINE
  5
B00
  8
0
 62
1
 10
1.61417
 20
-15.0144
 30
0.0
 11
1.93933
 21
-14.5278
 31
0.0
  0
LINE
  5
B01
  8
0
 62
1
 10
1.93933
 20
-14.5278
 30
0.0
 11
2.42596
 21
-14.2026
 31
0.0
  0
LINE
  5
B02
  8
0
 62
1
 10
2.42596
 20
-14.2026
 30
0.0
 11
3.0
 21
-14.0885
 31
0.0
  0
LINE
  5
B03
  8
0
 62
1
 10
3.0
 20
-14.0885
 30
0.0
 11
3.57402
 21
-14.2026
 31
0.0
  0
LINE
  5
B04
  8
0
 62
1
 10
3.57402
 20
-14.2026
 30
0.0
 11
4.06065
 21
-14.5278
 31
0.0
  0
LINE
  5
B05
  8
0
 62
1
 10
4.06065
 20
-14.5278
 30
0.0
 11
4.38582
 21
-15.0144
 31
0.0
  0
LINE
  5
B06
  8
0
 62
1
 10
4.38582
 20
-15.0144
 30
0.0
 11
4.5
 21
-15.5885
 31
0.0
  0
LINE
  5
B07
  8
0
 62
1
 10
4.5
 20
-15.5885
 30
0.0
 11
4.38582
 21
-16.1625
 31
0.0
  0
LINE
  5
B08
  8
0
 62
1
 10
4.38582
 20
-16.1625
 30
0.0
 11
4.06065
 21
-16.6491
 31
0.0
  0
LINE
  5
B09
  8
0
 62
1
 10
4.06065
 20
-16.6491
 30
0.0
 11
3.57402
 21
-16.9743
 31
0.0
  0
LINE
  5
B0A
  8
0
 62
1
 10
3.57402
 20
-16.9743
 30
0.0
 11
3.0
 21
-17.0885
 31
0.0
  0
LINE
  5
B0B
  8
0
 62
1
 10
3.0
 20
-17.0885
 30
0.0
 11
2.42596
 21
-16.9743
 31
0.0
  0
LINE
  5
B0C
  8
0
 62
1
 10
32.426
 20
-16.9743
 30
0.0
 11
31.9393
 21
-16.6491
 31
0.0
  0
LINE
  5
B0D
  8
0
 62
1
 10
31.9393
 20
-16.6491
 30
0.0
 11
31.6142
 21
-16.1625
 31
0.0
  0
LINE
  5
B0E
  8
0
 62
1
 10
31.6142
 20
-16.1625
 30
0.0
 11
31.5
 21
-15.5885
 31
0.0
  0
LINE
  5
B0F
  8
0
 62
1
 10
31.5
 20
-15.5885
 30
0.0
 11
31.6142
 21
-15.0144
 31
0.0
  0
LINE
  5
B10
  8
0
 62
1
 10
31.6142
 20
-15.0144
 30
0.0
 11
31.9393
 21
-14.5278
 31
0.0
  0
LINE
  5
B11
  8
0
 62
1
 10
31.9393
 20
-14.5278
 30
0.0
 11
32.426
 21
-14.2026
 31
0.0
  0
LINE
  5
B12
  8
0
 62
1
 10
32.426
 20
-14.2026
 30
0.0
 11
33.0
 21
-14.0885
 31
0.0
  0
LINE
  5
B13
  8
0
 62
1
 10
33.0
 20
-14.0885
 30
0.0
 11
33.574
 21
-14.2026
 31
0.0
  0
LINE
  5
B14
  8
0
 62
1
 10
33.574
 20
-14.2026
 30
0.0
 11
34.0607
 21
-14.5278
 31
0.0
  0
LINE
  5
B15
  8
0
 62
1
 10
34.0607
 20
-14.5278
 30
0.0
 11
34.3858
 21
-15.0144
 31
0.0
  0
LINE
  5
B16
  8
0
 62
1
 10
34.3858
 20
-15.0144
 30
0.0
 11
34.5
 21
-15.5885
 31
0.0
  0
LINE
  5
B17
  8
0
 62
1
 10
34.5
 20
-15.5885
 30
0.0
 11
34.3858
 21
-16.1625
 31
0.0
  0
LINE
  5
B18
  8
0
 62
1
 10
34.3858
 20
-16.1625
 30
0.0
 11
34.0607
 21
-16.6491
 31
0.0
  0
LINE
  5
B19
  8
0
 62
1
 10
34.0607
 20
-16.6491
 30
0.0
 11
33.574
 21
-16.9743
 31
0.0
  0
LINE
  5
B1A
  8
0
 62
1
 10
33.574
 20
-16.9743
 30
0.0
 11
33.0
 21
-17.0885
 31
0.0
  0
LINE
  5
B1B
  8
0
 62
1
 10
33.0
 20
-17.0885
 30
0.0
 11
32.426
 21
-16.9743
 31
0.0
  0
LINE
  5
B1C
  8
0
 62
1
 10
8.42596
 20
-16.9743
 30
0.0
 11
7.93933
 21
-16.6491
 31
0.0
  0
LINE
  5
B1D
  8
0
 62
1
 10
7.93933
 20
-16.6491
 30
0.0
 11
7.61417
 21
-16.1625
 31
0.0
  0
LINE
  5
B1E
  8
0
 62
1
 10
7.61417
 20
-16.1625
 30
0.0
 11
7.5
 21
-15.5885
 31
0.0
  0
LINE
  5
B1F
  8
0
 62
1
 10
7.5
 20
-15.5885
 30
0.0
 11
7.61417
 21
-15.0144
 31
0.0
  0
LINE
  5
B20
  8
0
 62
1
 10
7.61417
 20
-15.0144
 30
0.0
 11
7.93933
 21
-14.5278
 31
0.0
  0
LINE
  5
B21
  8
0
 62
1
 10
7.93933
 20
-14.5278
 30
0.0
 11
8.42596
 21
-14.2026
 31
0.0
  0
LINE
  5
B22
  8
0
 62
1
 10
8.42596
 20
-14.2026
 30
0.0
 11
9.0
 21
-14.0885
 31
0.0
  0
LINE
  5
B23
  8
0
 62
1
 10
9.0
 20
-14.0885
 30
0.0
 11
9.57402
 21
-14.2026
 31
0.0
  0
LINE
  5
B24
  8
0
 62
1
 10
9.57402
 20
-14.2026
 30
0.0
 11
10.0607
 21
-14.5278
 31
0.0
  0
LINE
  5
B25
  8
0
 62
1
 10
10.0607
 20
-14.5278
 30
0.0
 11
10.3858
 21
-15.0144
 31
0.0
  0
LINE
  5
B26
  8
0
 62
1
 10
10.3858
 20
-15.0144
 30
0.0
 11
10.5
 21
-15.5885
 31
0.0
  0
LINE
  5
B27
  8
0
 62
1
 10
10.5
 20
-15.5885
 30
0.0
 11
10.3858
 21
-16.1625
 31
0.0
  0
LINE
  5
B28
  8
0
 62
1
 10
10.3858
 20
-16.1625
 30
0.0
 11
10.0607
 21
-16.6491
 31
0.0
  0
LINE
  5
B29
  8
0
 62
1
 10
10.0607
 20
-16.6491
 30
0.0
 11
9.57402
 21
-16.9743
 31
0.0
  0
LINE
  5
B2A
  8
0
 62
1
 10
9.57402
 20
-16.9743
 30
0.0
 11
9.0
 21
-17.0885
 31
0.0
  0
LINE
  5
B2B
  8
0
 62
1
 10
9.0
 20
-17.0885
 30
0.0
 11
8.42596
 21
-16.9743
 31
0.0
  0
LINE
  5
B2C
  8
0
 62
1
 10
35.426
 20
-22.1704
 30
0.0
 11
34.9393
 21
-21.8453
 31
0.0
  0
LINE
  5
B2D
  8
0
 62
1
 10
34.9393
 20
-21.8453
 30
0.0
 11
34.6142
 21
-21.3586
 31
0.0
  0
LINE
  5
B2E
  8
0
 62
1
 10
34.6142
 20
-21.3586
 30
0.0
 11
34.5
 21
-20.7846
 31
0.0
  0
LINE
  5
B2F
  8
0
 62
1
 10
34.5
 20
-20.7846
 30
0.0
 11
34.6142
 21
-20.2106
 31
0.0
  0
LINE
  5
B30
  8
0
 62
1
 10
34.6142
 20
-20.2106
 30
0.0
 11
34.9393
 21
-19.7239
 31
0.0
  0
LINE
  5
B31
  8
0
 62
1
 10
34.9393
 20
-19.7239
 30
0.0
 11
35.426
 21
-19.3988
 31
0.0
  0
LINE
  5
B32
  8
0
 62
1
 10
35.426
 20
-19.3988
 30
0.0
 11
36.0
 21
-19.2846
 31
0.0
  0
LINE
  5
B33
  8
0
 62
1
 10
36.0
 20
-19.2846
 30
0.0
 11
36.574
 21
-19.3988
 31
0.0
  0
LINE
  5
B34
  8
0
 62
1
 10
36.574
 20
-19.3988
 30
0.0
 11
37.0607
 21
-19.7239
 31
0.0
  0
LINE
  5
B35
  8
0
 62
1
 10
37.0607
 20
-19.7239
 30
0.0
 11
37.3858
 21
-20.2106
 31
0.0
  0
LINE
  5
B36
  8
0
 62
1
 10
37.3858
 20
-20.2106
 30
0.0
 11
37.5
 21
-20.7846
 31
0.0
  0
LINE
  5
B37
  8
0
 62
1
 10
37.5
 20
-20.7846
 30
0.0
 11
37.3858
 21
-21.3586
 31
0.0
  0
LINE
  5
B38
  8
0
 62
1
 10
37.3858
 20
-21.3586
 30
0.0
 11
37.0607
 21
-21.8453
 31
0.0
  0
LINE
  5
B39
  8
0
 62
1
 10
37.0607
 20
-21.8453
 30
0.0
 11
36.574
 21
-22.1704
 31
0.0
  0
LINE
  5
B3A
  8
0
 62
1
 10
36.574
 20
-22.1704
 30
0.0
 11
36.0
 21
-22.2846
 31
0.0
  0
LINE
  5
B3B
  8
0
 62
1
 10
36.0
 20
-22.2846
 30
0.0
 11
35.426
 21
-22.1704
 31
0.0
  0
LINE
  5
B3C
  8
0
 62
1
 10
5.42596
 20
-22.1704
 30
0.0
 11
4.93933
 21
-21.8453
 31
0.0
  0
LINE
  5
B3D
  8
0
 62
1
 10
4.93933
 20
-21.8453
 30
0.0
 11
4.61417
 21
-21.3586
 31
0.0
  0
LINE
  5
B3E
  8
0
 62
1
 10
4.61417
 20
-21.3586
 30
0.0
 11
4.5
 21
-20.7846
 31
0.0
  0
LINE
  5
B3F
  8
0
 62
1
 10
4.5
 20
-20.7846
 30
0.0
 11
4.61417
 21
-20.2106
 31
0.0
  0
LINE
  5
B40
  8
0
 62
1
 10
4.61417
 20
-20.2106
 30
0.0
 11
4.93933
 21
-19.7239
 31
0.0
  0
LINE
  5
B41
  8
0
 62
1
 10
4.93933
 20
-19.7239
 30
0.0
 11
5.42596
 21
-19.3988
 31
0.0
  0
LINE
  5
B42
  8
0
 62
1
 10
5.42596
 20
-19.3988
 30
0.0
 11
6.0
 21
-19.2846
 31
0.0
  0
LINE
  5
B43
  8
0
 62
1
 10
6.0
 20
-19.2846
 30
0.0
 11
6.57402
 21
-19.3988
 31
0.0
  0
LINE
  5
B44
  8
0
 62
1
 10
6.57402
 20
-19.3988
 30
0.0
 11
7.06065
 21
-19.7239
 31
0.0
  0
LINE
  5
B45
  8
0
 62
1
 10
7.06065
 20
-19.7239
 30
0.0
 11
7.38582
 21
-20.2106
 31
0.0
  0
LINE
  5
B46
  8
0
 62
1
 10
7.38582
 20
-20.2106
 30
0.0
 11
7.5
 21
-20.7846
 31
0.0
  0
LINE
  5
B47
  8
0
 62
1
 10
7.5
 20
-20.7846
 30
0.0
 11
7.38582
 21
-21.3586
 31
0.0
  0
LINE
  5
B48
  8
0
 62
1
 10
7.38582
 20
-21.3586
 30
0.0
 11
7.06065
 21
-21.8453
 31
0.0
  0
LINE
  5
B49
  8
0
 62
1
 10
7.06065
 20
-21.8453
 30
0.0
 11
6.57402
 21
-22.1704
 31
0.0
  0
LINE
  5
B4A
  8
0
 62
1
 10
6.57402
 20
-22.1704
 30
0.0
 11
6.0
 21
-22.2846
 31
0.0
  0
LINE
  5
B4B
  8
0
 62
1
 10
6.0
 20
-22.2846
 30
0.0
 11
5.42596
 21
-22.1704
 31
0.0
  0
LINE
  5
B4C
  8
0
 62
1
 10
-36.574
 20
-22.1704
 30
0.0
 11
-37.0607
 21
-21.8453
 31
0.0
  0
LINE
  5
B4D
  8
0
 62
1
 10
-37.0607
 20
-21.8453
 30
0.0
 11
-37.3858
 21
-21.3586
 31
0.0
  0
LINE
  5
B4E
  8
0
 62
1
 10
-37.3858
 20
-21.3586
 30
0.0
 11
-37.5
 21
-20.7846
 31
0.0
  0
LINE
  5
B4F
  8
0
 62
1
 10
-37.5
 20
-20.7846
 30
0.0
 11
-37.3858
 21
-20.2106
 31
0.0
  0
LINE
  5
B50
  8
0
 62
1
 10
-37.3858
 20
-20.2106
 30
0.0
 11
-37.0607
 21
-19.7239
 31
0.0
  0
LINE
  5
B51
  8
0
 62
1
 10
-37.0607
 20
-19.7239
 30
0.0
 11
-36.574
 21
-19.3988
 31
0.0
  0
LINE
  5
B52
  8
0
 62
1
 10
-36.574
 20
-19.3988
 30
0.0
 11
-36.0
 21
-19.2846
 31
0.0
  0
LINE
  5
B53
  8
0
 62
1
 10
-36.0
 20
-19.2846
 30
0.0
 11
-35.426
 21
-19.3988
 31
0.0
  0
LINE
  5
B54
  8
0
 62
1
 10
-35.426
 20
-19.3988
 30
0.0
 11
-34.9393
 21
-19.7239
 31
0.0
  0
LINE
  5
B55
  8
0
 62
1
 10
-34.9393
 20
-19.7239
 30
0.0
 11
-34.6142
 21
-20.2106
 31
0.0
  0
LINE
  5
B56
  8
0
 62
1
 10
-34.6142
 20
-20.2106
 30
0.0
 11
-34.5
 21
-20.7846
 31
0.0
  0
LINE
  5
B57
  8
0
 62
1
 10
-34.5
 20
-20.7846
 30
0.0
 11
-34.6142
 21
-21.3586
 31
0.0
  0
LINE
  5
B58
  8
0
 62
1
 10
-34.6142
 20
-21.3586
 30
0.0
 11
-34.9393
 21
-21.8453
 31
0.0
  0
LINE
  5
B59
  8
0
 62
1
 10
-34.9393
 20
-21.8453
 30
0.0
 11
-35.426
 21
-22.1704
 31
0.0
  0
LINE
  5
B5A
  8
0
 62
1
 10
-35.426
 20
-22.1704
 30
0.0
 11
-36.0
 21
-22.2846
 31
0.0
  0
LINE
  5
B5B
  8
0
 62
1
 10
-36.0
 20
-22.2846
 30
0.0
 11
-36.574
 21
-22.1704
 31
0.0
  0
LINE
  5
B5C
  8
0
 62
1
 10
-30.574
 20
-22.1704
 30
0.0
 11
-31.0607
 21
-21.8453
 31
0.0
  0
LINE
  5
B5D
  8
0
 62
1
 10
-31.0607
 20
-21.8453
 30
0.0
 11
-31.3858
 21
-21.3586
 31
0.0
  0
LINE
  5
B5E
  8
0
 62
1
 10
-31.3858
 20
-21.3586
 30
0.0
 11
-31.5
 21
-20.7846
 31
0.0
  0
LINE
  5
B5F
  8
0
 62
1
 10
-31.5
 20
-20.7846
 30
0.0
 11
-31.3858
 21
-20.2106
 31
0.0
  0
LINE
  5
B60
  8
0
 62
1
 10
-31.3858
 20
-20.2106
 30
0.0
 11
-31.0607
 21
-19.7239
 31
0.0
  0
LINE
  5
B61
  8
0
 62
1
 10
-31.0607
 20
-19.7239
 30
0.0
 11
-30.574
 21
-19.3988
 31
0.0
  0
LINE
  5
B62
  8
0
 62
1
 10
-30.574
 20
-19.3988
 30
0.0
 11
-30.0
 21
-19.2846
 31
0.0
  0
LINE
  5
B63
  8
0
 62
1
 10
-30.0
 20
-19.2846
 30
0.0
 11
-29.426
 21
-19.3988
 31
0.0
  0
LINE
  5
B64
  8
0
 62
1
 10
-29.426
 20
-19.3988
 30
0.0
 11
-28.9393
 21
-19.7239
 31
0.0
  0
LINE
  5
B65
  8
0
 62
1
 10
-28.9393
 20
-19.7239
 30
0.0
 11
-28.6142
 21
-20.2106
 31
0.0
  0
LINE
  5
B66
  8
0
 62
1
 10
-28.6142
 20
-20.2106
 30
0.0
 11
-28.5
 21
-20.7846
 31
0.0
  0
LINE
  5
B67
  8
0
 62
1
 10
-28.5
 20
-20.7846
 30
0.0
 11
-28.6142
 21
-21.3586
 31
0.0
  0
LINE
  5
B68
  8
0
 62
1
 10
-28.6142
 20
-21.3586
 30
0.0
 11
-28.9393
 21
-21.8453
 31
0.0
  0
LINE
  5
B69
  8
0
 62
1
 10
-28.9393
 20
-21.8453
 30
0.0
 11
-29.426
 21
-22.1704
 31
0.0
  0
LINE
  5
B6A
  8
0
 62
1
 10
-29.426
 20
-22.1704
 30
0.0
 11
-30.0
 21
-22.2846
 31
0.0
  0
LINE
  5
B6B
  8
0
 62
1
 10
-30.0
 20
-22.2846
 30
0.0
 11
-30.574
 21
-22.1704
 31
0.0
  0
LINE
  5
B6C
  8
0
 62
1
 10
-18.574
 20
-22.1704
 30
0.0
 11
-19.0607
 21
-21.8453
 31
0.0
  0
LINE
  5
B6D
  8
0
 62
1
 10
-19.0607
 20
-21.8453
 30
0.0
 11
-19.3858
 21
-21.3586
 31
0.0
  0
LINE
  5
B6E
  8
0
 62
1
 10
-19.3858
 20
-21.3586
 30
0.0
 11
-19.5
 21
-20.7846
 31
0.0
  0
LINE
  5
B6F
  8
0
 62
1
 10
-19.5
 20
-20.7846
 30
0.0
 11
-19.3858
 21
-20.2106
 31
0.0
  0
LINE
  5
B70
  8
0
 62
1
 10
-19.3858
 20
-20.2106
 30
0.0
 11
-19.0607
 21
-19.7239
 31
0.0
  0
LINE
  5
B71
  8
0
 62
1
 10
-19.0607
 20
-19.7239
 30
0.0
 11
-18.574
 21
-19.3988
 31
0.0
  0
LINE
  5
B72
  8
0
 62
1
 10
-18.574
 20
-19.3988
 30
0.0
 11
-18.0
 21
-19.2846
 31
0.0
  0
LINE
  5
B73
  8
0
 62
1
 10
-18.0
 20
-19.2846
 30
0.0
 11
-17.426
 21
-19.3988
 31
0.0
  0
LINE
  5
B74
  8
0
 62
1
 10
-17.426
 20
-19.3988
 30
0.0
 11
-16.9393
 21
-19.7239
 31
0.0
  0
LINE
  5
B75
  8
0
 62
1
 10
-16.9393
 20
-19.7239
 30
0.0
 11
-16.6142
 21
-20.2106
 31
0.0
  0
LINE
  5
B76
  8
0
 62
1
 10
-16.6142
 20
-20.2106
 30
0.0
 11
-16.5
 21
-20.7846
 31
0.0
  0
LINE
  5
B77
  8
0
 62
1
 10
-16.5
 20
-20.7846
 30
0.0
 11
-16.6142
 21
-21.3586
 31
0.0
  0
LINE
  5
B78
  8
0
 62
1
 10
-16.6142
 20
-21.3586
 30
0.0
 11
-16.9393
 21
-21.8453
 31
0.0
  0
LINE
  5
B79
  8
0
 62
1
 10
-16.9393
 20
-21.8453
 30
0.0
 11
-17.426
 21
-22.1704
 31
0.0
  0
LINE
  5
B7A
  8
0
 62
1
 10
-17.426
 20
-22.1704
 30
0.0
 11
-18.0
 21
-22.2846
 31
0.0
  0
LINE
  5
B7B
  8
0
 62
1
 10
-18.0
 20
-22.2846
 30
0.0
 11
-18.574
 21
-22.1704
 31
0.0
  0
LINE
  5
B7C
  8
0
 62
1
 10
-12.574
 20
-22.1704
 30
0.0
 11
-13.0607
 21
-21.8453
 31
0.0
  0
LINE
  5
B7D
  8
0
 62
1
 10
-13.0607
 20
-21.8453
 30
0.0
 11
-13.3858
 21
-21.3586
 31
0.0
  0
LINE
  5
B7E
  8
0
 62
1
 10
-13.3858
 20
-21.3586
 30
0.0
 11
-13.5
 21
-20.7846
 31
0.0
  0
LINE
  5
B7F
  8
0
 62
1
 10
-13.5
 20
-20.7846
 30
0.0
 11
-13.3858
 21
-20.2106
 31
0.0
  0
LINE
  5
B80
  8
0
 62
1
 10
-13.3858
 20
-20.2106
 30
0.0
 11
-13.0607
 21
-19.7239
 31
0.0
  0
LINE
  5
B81
  8
0
 62
1
 10
-13.0607
 20
-19.7239
 30
0.0
 11
-12.574
 21
-19.3988
 31
0.0
  0
LINE
  5
B82
  8
0
 62
1
 10
-12.574
 20
-19.3988
 30
0.0
 11
-12.0
 21
-19.2846
 31
0.0
  0
LINE
  5
B83
  8
0
 62
1
 10
-12.0
 20
-19.2846
 30
0.0
 11
-11.426
 21
-19.3988
 31
0.0
  0
LINE
  5
B84
  8
0
 62
1
 10
-11.426
 20
-19.3988
 30
0.0
 11
-10.9393
 21
-19.7239
 31
0.0
  0
LINE
  5
B85
  8
0
 62
1
 10
-10.9393
 20
-19.7239
 30
0.0
 11
-10.6142
 21
-20.2106
 31
0.0
  0
LINE
  5
B86
  8
0
 62
1
 10
-10.6142
 20
-20.2106
 30
0.0
 11
-10.5
 21
-20.7846
 31
0.0
  0
LINE
  5
B87
  8
0
 62
1
 10
-10.5
 20
-20.7846
 30
0.0
 11
-10.6142
 21
-21.3586
 31
0.0
  0
LINE
  5
B88
  8
0
 62
1
 10
-10.6142
 20
-21.3586
 30
0.0
 11
-10.9393
 21
-21.8453
 31
0.0
  0
LINE
  5
B89
  8
0
 62
1
 10
-10.9393
 20
-21.8453
 30
0.0
 11
-11.426
 21
-22.1704
 31
0.0
  0
LINE
  5
B8A
  8
0
 62
1
 10
-11.426
 20
-22.1704
 30
0.0
 11
-12.0
 21
-22.2846
 31
0.0
  0
LINE
  5
B8B
  8
0
 62
1
 10
-12.0
 20
-22.2846
 30
0.0
 11
-12.574
 21
-22.1704
 31
0.0
  0
LINE
  5
B8C
  8
0
 62
1
 10
-24.574
 20
-22.1704
 30
0.0
 11
-25.0607
 21
-21.8453
 31
0.0
  0
LINE
  5
B8D
  8
0
 62
1
 10
-25.0607
 20
-21.8453
 30
0.0
 11
-25.3858
 21
-21.3586
 31
0.0
  0
LINE
  5
B8E
  8
0
 62
1
 10
-25.3858
 20
-21.3586
 30
0.0
 11
-25.5
 21
-20.7846
 31
0.0
  0
LINE
  5
B8F
  8
0
 62
1
 10
-25.5
 20
-20.7846
 30
0.0
 11
-25.3858
 21
-20.2106
 31
0.0
  0
LINE
  5
B90
  8
0
 62
1
 10
-25.3858
 20
-20.2106
 30
0.0
 11
-25.0607
 21
-19.7239
 31
0.0
  0
LINE
  5
B91
  8
0
 62
1
 10
-25.0607
 20
-19.7239
 30
0.0
 11
-24.574
 21
-19.3988
 31
0.0
  0
LINE
  5
B92
  8
0
 62
1
 10
-24.574
 20
-19.3988
 30
0.0
 11
-24.0
 21
-19.2846
 31
0.0
  0
LINE
  5
B93
  8
0
 62
1
 10
-24.0
 20
-19.2846
 30
0.0
 11
-23.426
 21
-19.3988
 31
0.0
  0
LINE
  5
B94
  8
0
 62
1
 10
-23.426
 20
-19.3988
 30
0.0
 11
-22.9393
 21
-19.7239
 31
0.0
  0
LINE
  5
B95
  8
0
 62
1
 10
-22.9393
 20
-19.7239
 30
0.0
 11
-22.6142
 21
-20.2106
 31
0.0
  0
LINE
  5
B96
  8
0
 62
1
 10
-22.6142
 20
-20.2106
 30
0.0
 11
-22.5
 21
-20.7846
 31
0.0
  0
LINE
  5
B97
  8
0
 62
1
 10
-22.5
 20
-20.7846
 30
0.0
 11
-22.6142
 21
-21.3586
 31
0.0
  0
LINE
  5
B98
  8
0
 62
1
 10
-22.6142
 20
-21.3586
 30
0.0
 11
-22.9393
 21
-21.8453
 31
0.0
  0
LINE
  5
B99
  8
0
 62
1
 10
-22.9393
 20
-21.8453
 30
0.0
 11
-23.426
 21
-22.1704
 31
0.0
  0
LINE
  5
B9A
  8
0
 62
1
 10
-23.426
 20
-22.1704
 30
0.0
 11
-24.0
 21
-22.2846
 31
0.0
  0
LINE
  5
B9B
  8
0
 62
1
 10
-24.0
 20
-22.2846
 30
0.0
 11
-24.574
 21
-22.1704
 31
0.0
  0
LINE
  5
B9C
  8
0
 62
1
 10
29.426
 20
-22.1704
 30
0.0
 11
28.9393
 21
-21.8453
 31
0.0
  0
LINE
  5
B9D
  8
0
 62
1
 10
28.9393
 20
-21.8453
 30
0.0
 11
28.6142
 21
-21.3586
 31
0.0
  0
LINE
  5
B9E
  8
0
 62
1
 10
28.6142
 20
-21.3586
 30
0.0
 11
28.5
 21
-20.7846
 31
0.0
  0
LINE
  5
B9F
  8
0
 62
1
 10
28.5
 20
-20.7846
 30
0.0
 11
28.6142
 21
-20.2106
 31
0.0
  0
LINE
  5
BA0
  8
0
 62
1
 10
28.6142
 20
-20.2106
 30
0.0
 11
28.9393
 21
-19.7239
 31
0.0
  0
LINE
  5
BA1
  8
0
 62
1
 10
28.9393
 20
-19.7239
 30
0.0
 11
29.426
 21
-19.3988
 31
0.0
  0
LINE
  5
BA2
  8
0
 62
1
 10
29.426
 20
-19.3988
 30
0.0
 11
30.0
 21
-19.2846
 31
0.0
  0
LINE
  5
BA3
  8
0
 62
1
 10
30.0
 20
-19.2846
 30
0.0
 11
30.574
 21
-19.3988
 31
0.0
  0
LINE
  5
BA4
  8
0
 62
1
 10
30.574
 20
-19.3988
 30
0.0
 11
31.0607
 21
-19.7239
 31
0.0
  0
LINE
  5
BA5
  8
0
 62
1
 10
31.0607
 20
-19.7239
 30
0.0
 11
31.3858
 21
-20.2106
 31
0.0
  0
LINE
  5
BA6
  8
0
 62
1
 10
31.3858
 20
-20.2106
 30
0.0
 11
31.5
 21
-20.7846
 31
0.0
  0
LINE
  5
BA7
  8
0
 62
1
 10
31.5
 20
-20.7846
 30
0.0
 11
31.3858
 21
-21.3586
 31
0.0
  0
LINE
  5
BA8
  8
0
 62
1
 10
31.3858
 20
-21.3586
 30
0.0
 11
31.0607
 21
-21.8453
 31
0.0
  0
LINE
  5
BA9
  8
0
 62
1
 10
31.0607
 20
-21.8453
 30
0.0
 11
30.574
 21
-22.1704
 31
0.0
  0
LINE
  5
BAA
  8
0
 62
1
 10
30.574
 20
-22.1704
 30
0.0
 11
30.0
 21
-22.2846
 31
0.0
  0
LINE
  5
BAB
  8
0
 62
1
 10
30.0
 20
-22.2846
 30
0.0
 11
29.426
 21
-22.1704
 31
0.0
  0
LINE
  5
BAC
  8
0
 62
1
 10
23.426
 20
-22.1704
 30
0.0
 11
22.9393
 21
-21.8453
 31
0.0
  0
LINE
  5
BAD
  8
0
 62
1
 10
22.9393
 20
-21.8453
 30
0.0
 11
22.6142
 21
-21.3586
 31
0.0
  0
LINE
  5
BAE
  8
0
 62
1
 10
22.6142
 20
-21.3586
 30
0.0
 11
22.5
 21
-20.7846
 31
0.0
  0
LINE
  5
BAF
  8
0
 62
1
 10
22.5
 20
-20.7846
 30
0.0
 11
22.6142
 21
-20.2106
 31
0.0
  0
LINE
  5
BB0
  8
0
 62
1
 10
22.6142
 20
-20.2106
 30
0.0
 11
22.9393
 21
-19.7239
 31
0.0
  0
LINE
  5
BB1
  8
0
 62
1
 10
22.9393
 20
-19.7239
 30
0.0
 11
23.426
 21
-19.3988
 31
0.0
  0
LINE
  5
BB2
  8
0
 62
1
 10
23.426
 20
-19.3988
 30
0.0
 11
24.0
 21
-19.2846
 31
0.0
  0
LINE
  5
BB3
  8
0
 62
1
 10
24.0
 20
-19.2846
 30
0.0
 11
24.574
 21
-19.3988
 31
0.0
  0
LINE
  5
BB4
  8
0
 62
1
 10
24.574
 20
-19.3988
 30
0.0
 11
25.0607
 21
-19.7239
 31
0.0
  0
LINE
  5
BB5
  8
0
 62
1
 10
25.0607
 20
-19.7239
 30
0.0
 11
25.3858
 21
-20.2106
 31
0.0
  0
LINE
  5
BB6
  8
0
 62
1
 10
25.3858
 20
-20.2106
 30
0.0
 11
25.5
 21
-20.7846
 31
0.0
  0
LINE
  5
BB7
  8
0
 62
1
 10
25.5
 20
-20.7846
 30
0.0
 11
25.3858
 21
-21.3586
 31
0.0
  0
LINE
  5
BB8
  8
0
 62
1
 10
25.3858
 20
-21.3586
 30
0.0
 11
25.0607
 21
-21.8453
 31
0.0
  0
LINE
  5
BB9
  8
0
 62
1
 10
25.0607
 20
-21.8453
 30
0.0
 11
24.574
 21
-22.1704
 31
0.0
  0
LINE
  5
BBA
  8
0
 62
1
 10
24.574
 20
-22.1704
 30
0.0
 11
24.0
 21
-22.2846
 31
0.0
  0
LINE
  5
BBB
  8
0
 62
1
 10
24.0
 20
-22.2846
 30
0.0
 11
23.426
 21
-22.1704
 31
0.0
  0
LINE
  5
BBC
  8
0
 62
1
 10
17.426
 20
-22.1704
 30
0.0
 11
16.9393
 21
-21.8453
 31
0.0
  0
LINE
  5
BBD
  8
0
 62
1
 10
16.9393
 20
-21.8453
 30
0.0
 11
16.6142
 21
-21.3586
 31
0.0
  0
LINE
  5
BBE
  8
0
 62
1
 10
16.6142
 20
-21.3586
 30
0.0
 11
16.5
 21
-20.7846
 31
0.0
  0
LINE
  5
BBF
  8
0
 62
1
 10
16.5
 20
-20.7846
 30
0.0
 11
16.6142
 21
-20.2106
 31
0.0
  0
LINE
  5
BC0
  8
0
 62
1
 10
16.6142
 20
-20.2106
 30
0.0
 11
16.9393
 21
-19.7239
 31
0.0
  0
LINE
  5
BC1
  8
0
 62
1
 10
16.9393
 20
-19.7239
 30
0.0
 11
17.426
 21
-19.3988
 31
0.0
  0
LINE
  5
BC2
  8
0
 62
1
 10
17.426
 20
-19.3988
 30
0.0
 11
18.0
 21
-19.2846
 31
0.0
  0
LINE
  5
BC3
  8
0
 62
1
 10
18.0
 20
-19.2846
 30
0.0
 11
18.574
 21
-19.3988
 31
0.0
  0
LINE
  5
BC4
  8
0
 62
1
 10
18.574
 20
-19.3988
 30
0.0
 11
19.0607
 21
-19.7239
 31
0.0
  0
LINE
  5
BC5
  8
0
 62
1
 10
19.0607
 20
-19.7239
 30
0.0
 11
19.3858
 21
-20.2106
 31
0.0
  0
LINE
  5
BC6
  8
0
 62
1
 10
19.3858
 20
-20.2106
 30
0.0
 11
19.5
 21
-20.7846
 31
0.0
  0
LINE
  5
BC7
  8
0
 62
1
 10
19.5
 20
-20.7846
 30
0.0
 11
19.3858
 21
-21.3586
 31
0.0
  0
LINE
  5
BC8
  8
0
 62
1
 10
19.3858
 20
-21.3586
 30
0.0
 11
19.0607
 21
-21.8453
 31
0.0
  0
LINE
  5
BC9
  8
0
 62
1
 10
19.0607
 20
-21.8453
 30
0.0
 11
18.574
 21
-22.1704
 31
0.0
  0
LINE
  5
BCA
  8
0
 62
1
 10
18.574
 20
-22.1704
 30
0.0
 11
18.0
 21
-22.2846
 31
0.0
  0
LINE
  5
BCB
  8
0
 62
1
 10
18.0
 20
-22.2846
 30
0.0
 11
17.426
 21
-22.1704
 31
0.0
  0
LINE
  5
BCC
  8
0
 62
1
 10
11.426
 20
-22.1704
 30
0.0
 11
10.9393
 21
-21.8453
 31
0.0
  0
LINE
  5
BCD
  8
0
 62
1
 10
10.9393
 20
-21.8453
 30
0.0
 11
10.6142
 21
-21.3586
 31
0.0
  0
LINE
  5
BCE
  8
0
 62
1
 10
10.6142
 20
-21.3586
 30
0.0
 11
10.5
 21
-20.7846
 31
0.0
  0
LINE
  5
BCF
  8
0
 62
1
 10
10.5
 20
-20.7846
 30
0.0
 11
10.6142
 21
-20.2106
 31
0.0
  0
LINE
  5
BD0
  8
0
 62
1
 10
10.6142
 20
-20.2106
 30
0.0
 11
10.9393
 21
-19.7239
 31
0.0
  0
LINE
  5
BD1
  8
0
 62
1
 10
10.9393
 20
-19.7239
 30
0.0
 11
11.426
 21
-19.3988
 31
0.0
  0
LINE
  5
BD2
  8
0
 62
1
 10
11.426
 20
-19.3988
 30
0.0
 11
12.0
 21
-19.2846
 31
0.0
  0
LINE
  5
BD3
  8
0
 62
1
 10
12.0
 20
-19.2846
 30
0.0
 11
12.574
 21
-19.3988
 31
0.0
  0
LINE
  5
BD4
  8
0
 62
1
 10
12.574
 20
-19.3988
 30
0.0
 11
13.0607
 21
-19.7239
 31
0.0
  0
LINE
  5
BD5
  8
0
 62
1
 10
13.0607
 20
-19.7239
 30
0.0
 11
13.3858
 21
-20.2106
 31
0.0
  0
LINE
  5
BD6
  8
0
 62
1
 10
13.3858
 20
-20.2106
 30
0.0
 11
13.5
 21
-20.7846
 31
0.0
  0
LINE
  5
BD7
  8
0
 62
1
 10
13.5
 20
-20.7846
 30
0.0
 11
13.3858
 21
-21.3586
 31
0.0
  0
LINE
  5
BD8
  8
0
 62
1
 10
13.3858
 20
-21.3586
 30
0.0
 11
13.0607
 21
-21.8453
 31
0.0
  0
LINE
  5
BD9
  8
0
 62
1
 10
13.0607
 20
-21.8453
 30
0.0
 11
12.574
 21
-22.1704
 31
0.0
  0
LINE
  5
BDA
  8
0
 62
1
 10
12.574
 20
-22.1704
 30
0.0
 11
12.0
 21
-22.2846
 31
0.0
  0
LINE
  5
BDB
  8
0
 62
1
 10
12.0
 20
-22.2846
 30
0.0
 11
11.426
 21
-22.1704
 31
0.0
  0
LINE
  5
BDC
  8
0
 62
1
 10
-0.57402
 20
-22.1704
 30
0.0
 11
-1.06065
 21
-21.8453
 31
0.0
  0
LINE
  5
BDD
  8
0
 62
1
 10
-1.06065
 20
-21.8453
 30
0.0
 11
-1.38582
 21
-21.3586
 31
0.0
  0
LINE
  5
BDE
  8
0
 62
1
 10
-1.38582
 20
-21.3586
 30
0.0
 11
-1.5
 21
-20.7846
 31
0.0
  0
LINE
  5
BDF
  8
0
 62
1
 10
-1.5
 20
-20.7846
 30
0.0
 11
-1.38582
 21
-20.2106
 31
0.0
  0
LINE
  5
BE0
  8
0
 62
1
 10
-1.38582
 20
-20.2106
 30
0.0
 11
-1.06065
 21
-19.7239
 31
0.0
  0
LINE
  5
BE1
  8
0
 62
1
 10
-1.06065
 20
-19.7239
 30
0.0
 11
-0.57402
 21
-19.3988
 31
0.0
  0
LINE
  5
BE2
  8
0
 62
1
 10
-0.57402
 20
-19.3988
 30
0.0
 11
0.0
 21
-19.2846
 31
0.0
  0
LINE
  5
BE3
  8
0
 62
1
 10
0.0
 20
-19.2846
 30
0.0
 11
0.57402
 21
-19.3988
 31
0.0
  0
LINE
  5
BE4
  8
0
 62
1
 10
0.57402
 20
-19.3988
 30
0.0
 11
1.06065
 21
-19.7239
 31
0.0
  0
LINE
  5
BE5
  8
0
 62
1
 10
1.06065
 20
-19.7239
 30
0.0
 11
1.38582
 21
-20.2106
 31
0.0
  0
LINE
  5
BE6
  8
0
 62
1
 10
1.38582
 20
-20.2106
 30
0.0
 11
1.5
 21
-20.7846
 31
0.0
  0
LINE
  5
BE7
  8
0
 62
1
 10
1.5
 20
-20.7846
 30
0.0
 11
1.38582
 21
-21.3586
 31
0.0
  0
LINE
  5
BE8
  8
0
 62
1
 10
1.38582
 20
-21.3586
 30
0.0
 11
1.06065
 21
-21.8453
 31
0.0
  0
LINE
  5
BE9
  8
0
 62
1
 10
1.06065
 20
-21.8453
 30
0.0
 11
0.57402
 21
-22.1704
 31
0.0
  0
LINE
  5
BEA
  8
0
 62
1
 10
0.57402
 20
-22.1704
 30
0.0
 11
0.0
 21
-22.2846
 31
0.0
  0
LINE
  5
BEB
  8
0
 62
1
 10
0.0
 20
-22.2846
 30
0.0
 11
-0.57402
 21
-22.1704
 31
0.0
  0
LINE
  5
BEC
  8
0
 62
1
 10
-6.57402
 20
-22.1704
 30
0.0
 11
-7.06065
 21
-21.8453
 31
0.0
  0
LINE
  5
BED
  8
0
 62
1
 10
-7.06065
 20
-21.8453
 30
0.0
 11
-7.38582
 21
-21.3586
 31
0.0
  0
LINE
  5
BEE
  8
0
 62
1
 10
-7.38582
 20
-21.3586
 30
0.0
 11
-7.5
 21
-20.7846
 31
0.0
  0
LINE
  5
BEF
  8
0
 62
1
 10
-7.5
 20
-20.7846
 30
0.0
 11
-7.38582
 21
-20.2106
 31
0.0
  0
LINE
  5
BF0
  8
0
 62
1
 10
-7.38582
 20
-20.2106
 30
0.0
 11
-7.06065
 21
-19.7239
 31
0.0
  0
LINE
  5
BF1
  8
0
 62
1
 10
-7.06065
 20
-19.7239
 30
0.0
 11
-6.57402
 21
-19.3988
 31
0.0
  0
LINE
  5
BF2
  8
0
 62
1
 10
-6.57402
 20
-19.3988
 30
0.0
 11
-6.0
 21
-19.2846
 31
0.0
  0
LINE
  5
BF3
  8
0
 62
1
 10
-6.0
 20
-19.2846
 30
0.0
 11
-5.42596
 21
-19.3988
 31
0.0
  0
LINE
  5
BF4
  8
0
 62
1
 10
-5.42596
 20
-19.3988
 30
0.0
 11
-4.93933
 21
-19.7239
 31
0.0
  0
LINE
  5
BF5
  8
0
 62
1
 10
-4.93933
 20
-19.7239
 30
0.0
 11
-4.61417
 21
-20.2106
 31
0.0
  0
LINE
  5
BF6
  8
0
 62
1
 10
-4.61417
 20
-20.2106
 30
0.0
 11
-4.5
 21
-20.7846
 31
0.0
  0
LINE
  5
BF7
  8
0
 62
1
 10
-4.5
 20
-20.7846
 30
0.0
 11
-4.61417
 21
-21.3586
 31
0.0
  0
LINE
  5
BF8
  8
0
 62
1
 10
-4.61417
 20
-21.3586
 30
0.0
 11
-4.93933
 21
-21.8453
 31
0.0
  0
LINE
  5
BF9
  8
0
 62
1
 10
-4.93933
 20
-21.8453
 30
0.0
 11
-5.42596
 21
-22.1704
 31
0.0
  0
LINE
  5
BFA
  8
0
 62
1
 10
-5.42596
 20
-22.1704
 30
0.0
 11
-6.0
 21
-22.2846
 31
0.0
  0
LINE
  5
BFB
  8
0
 62
1
 10
-6.0
 20
-22.2846
 30
0.0
 11
-6.57402
 21
-22.1704
 31
0.0
  0
LINE
  5
BFC
  8
0
 62
1
 10
20.426
 20
-27.3666
 30
0.0
 11
19.9393
 21
-27.0414
 31
0.0
  0
LINE
  5
BFD
  8
0
 62
1
 10
19.9393
 20
-27.0414
 30
0.0
 11
19.6142
 21
-26.5548
 31
0.0
  0
LINE
  5
BFE
  8
0
 62
1
 10
19.6142
 20
-26.5548
 30
0.0
 11
19.5
 21
-25.9808
 31
0.0
  0
LINE
  5
BFF
  8
0
 62
1
 10
19.5
 20
-25.9808
 30
0.0
 11
19.6142
 21
-25.4067
 31
0.0
  0
LINE
  5
C00
  8
0
 62
1
 10
19.6142
 20
-25.4067
 30
0.0
 11
19.9393
 21
-24.9201
 31
0.0
  0
LINE
  5
C01
  8
0
 62
1
 10
19.9393
 20
-24.9201
 30
0.0
 11
20.426
 21
-24.5949
 31
0.0
  0
LINE
  5
C02
  8
0
 62
1
 10
20.426
 20
-24.5949
 30
0.0
 11
21.0
 21
-24.4808
 31
0.0
  0
LINE
  5
C03
  8
0
 62
1
 10
21.0
 20
-24.4808
 30
0.0
 11
21.574
 21
-24.5949
 31
0.0
  0
LINE
  5
C04
  8
0
 62
1
 10
21.574
 20
-24.5949
 30
0.0
 11
22.0607
 21
-24.9201
 31
0.0
  0
LINE
  5
C05
  8
0
 62
1
 10
22.0607
 20
-24.9201
 30
0.0
 11
22.3858
 21
-25.4067
 31
0.0
  0
LINE
  5
C06
  8
0
 62
1
 10
22.3858
 20
-25.4067
 30
0.0
 11
22.5
 21
-25.9808
 31
0.0
  0
LINE
  5
C07
  8
0
 62
1
 10
22.5
 20
-25.9808
 30
0.0
 11
22.3858
 21
-26.5548
 31
0.0
  0
LINE
  5
C08
  8
0
 62
1
 10
22.3858
 20
-26.5548
 30
0.0
 11
22.0607
 21
-27.0414
 31
0.0
  0
LINE
  5
C09
  8
0
 62
1
 10
22.0607
 20
-27.0414
 30
0.0
 11
21.574
 21
-27.3666
 31
0.0
  0
LINE
  5
C0A
  8
0
 62
1
 10
21.574
 20
-27.3666
 30
0.0
 11
21.0
 21
-27.4808
 31
0.0
  0
LINE
  5
C0B
  8
0
 62
1
 10
21.0
 20
-27.4808
 30
0.0
 11
20.426
 21
-27.3666
 31
0.0
  0
LINE
  5
C0C
  8
0
 62
1
 10
-9.57402
 20
-27.3666
 30
0.0
 11
-10.0607
 21
-27.0414
 31
0.0
  0
LINE
  5
C0D
  8
0
 62
1
 10
-10.0607
 20
-27.0414
 30
0.0
 11
-10.3858
 21
-26.5548
 31
0.0
  0
LINE
  5
C0E
  8
0
 62
1
 10
-10.3858
 20
-26.5548
 30
0.0
 11
-10.5
 21
-25.9808
 31
0.0
  0
LINE
  5
C0F
  8
0
 62
1
 10
-10.5
 20
-25.9808
 30
0.0
 11
-10.3858
 21
-25.4067
 31
0.0
  0
LINE
  5
C10
  8
0
 62
1
 10
-10.3858
 20
-25.4067
 30
0.0
 11
-10.0607
 21
-24.9201
 31
0.0
  0
LINE
  5
C11
  8
0
 62
1
 10
-10.0607
 20
-24.9201
 30
0.0
 11
-9.57402
 21
-24.5949
 31
0.0
  0
LINE
  5
C12
  8
0
 62
1
 10
-9.57402
 20
-24.5949
 30
0.0
 11
-9.0
 21
-24.4808
 31
0.0
  0
LINE
  5
C13
  8
0
 62
1
 10
-9.0
 20
-24.4808
 30
0.0
 11
-8.42596
 21
-24.5949
 31
0.0
  0
LINE
  5
C14
  8
0
 62
1
 10
-8.42596
 20
-24.5949
 30
0.0
 11
-7.93933
 21
-24.9201
 31
0.0
  0
LINE
  5
C15
  8
0
 62
1
 10
-7.93933
 20
-24.9201
 30
0.0
 11
-7.61417
 21
-25.4067
 31
0.0
  0
LINE
  5
C16
  8
0
 62
1
 10
-7.61417
 20
-25.4067
 30
0.0
 11
-7.5
 21
-25.9808
 31
0.0
  0
LINE
  5
C17
  8
0
 62
1
 10
-7.5
 20
-25.9808
 30
0.0
 11
-7.61417
 21
-26.5548
 31
0.0
  0
LINE
  5
C18
  8
0
 62
1
 10
-7.61417
 20
-26.5548
 30
0.0
 11
-7.93933
 21
-27.0414
 31
0.0
  0
LINE
  5
C19
  8
0
 62
1
 10
-7.93933
 20
-27.0414
 30
0.0
 11
-8.42596
 21
-27.3666
 31
0.0
  0
LINE
  5
C1A
  8
0
 62
1
 10
-8.42596
 20
-27.3666
 30
0.0
 11
-9.0
 21
-27.4808
 31
0.0
  0
LINE
  5
C1B
  8
0
 62
1
 10
-9.0
 20
-27.4808
 30
0.0
 11
-9.57402
 21
-27.3666
 31
0.0
  0
LINE
  5
C1C
  8
0
 62
1
 10
26.426
 20
-27.3666
 30
0.0
 11
25.9393
 21
-27.0414
 31
0.0
  0
LINE
  5
C1D
  8
0
 62
1
 10
25.9393
 20
-27.0414
 30
0.0
 11
25.6142
 21
-26.5548
 31
0.0
  0
LINE
  5
C1E
  8
0
 62
1
 10
25.6142
 20
-26.5548
 30
0.0
 11
25.5
 21
-25.9808
 31
0.0
  0
LINE
  5
C1F
  8
0
 62
1
 10
25.5
 20
-25.9808
 30
0.0
 11
25.6142
 21
-25.4067
 31
0.0
  0
LINE
  5
C20
  8
0
 62
1
 10
25.6142
 20
-25.4067
 30
0.0
 11
25.9393
 21
-24.9201
 31
0.0
  0
LINE
  5
C21
  8
0
 62
1
 10
25.9393
 20
-24.9201
 30
0.0
 11
26.426
 21
-24.5949
 31
0.0
  0
LINE
  5
C22
  8
0
 62
1
 10
26.426
 20
-24.5949
 30
0.0
 11
27.0
 21
-24.4808
 31
0.0
  0
LINE
  5
C23
  8
0
 62
1
 10
27.0
 20
-24.4808
 30
0.0
 11
27.574
 21
-24.5949
 31
0.0
  0
LINE
  5
C24
  8
0
 62
1
 10
27.574
 20
-24.5949
 30
0.0
 11
28.0607
 21
-24.9201
 31
0.0
  0
LINE
  5
C25
  8
0
 62
1
 10
28.0607
 20
-24.9201
 30
0.0
 11
28.3858
 21
-25.4067
 31
0.0
  0
LINE
  5
C26
  8
0
 62
1
 10
28.3858
 20
-25.4067
 30
0.0
 11
28.5
 21
-25.9808
 31
0.0
  0
LINE
  5
C27
  8
0
 62
1
 10
28.5
 20
-25.9808
 30
0.0
 11
28.3858
 21
-26.5548
 31
0.0
  0
LINE
  5
C28
  8
0
 62
1
 10
28.3858
 20
-26.5548
 30
0.0
 11
28.0607
 21
-27.0414
 31
0.0
  0
LINE
  5
C29
  8
0
 62
1
 10
28.0607
 20
-27.0414
 30
0.0
 11
27.574
 21
-27.3666
 31
0.0
  0
LINE
  5
C2A
  8
0
 62
1
 10
27.574
 20
-27.3666
 30
0.0
 11
27.0
 21
-27.4808
 31
0.0
  0
LINE
  5
C2B
  8
0
 62
1
 10
27.0
 20
-27.4808
 30
0.0
 11
26.426
 21
-27.3666
 31
0.0
  0
LINE
  5
C2C
  8
0
 62
1
 10
32.426
 20
-27.3666
 30
0.0
 11
31.9393
 21
-27.0414
 31
0.0
  0
LINE
  5
C2D
  8
0
 62
1
 10
31.9393
 20
-27.0414
 30
0.0
 11
31.6142
 21
-26.5548
 31
0.0
  0
LINE
  5
C2E
  8
0
 62
1
 10
31.6142
 20
-26.5548
 30
0.0
 11
31.5
 21
-25.9808
 31
0.0
  0
LINE
  5
C2F
  8
0
 62
1
 10
31.5
 20
-25.9808
 30
0.0
 11
31.6142
 21
-25.4067
 31
0.0
  0
LINE
  5
C30
  8
0
 62
1
 10
31.6142
 20
-25.4067
 30
0.0
 11
31.9393
 21
-24.9201
 31
0.0
  0
LINE
  5
C31
  8
0
 62
1
 10
31.9393
 20
-24.9201
 30
0.0
 11
32.426
 21
-24.5949
 31
0.0
  0
LINE
  5
C32
  8
0
 62
1
 10
32.426
 20
-24.5949
 30
0.0
 11
33.0
 21
-24.4808
 31
0.0
  0
LINE
  5
C33
  8
0
 62
1
 10
33.0
 20
-24.4808
 30
0.0
 11
33.574
 21
-24.5949
 31
0.0
  0
LINE
  5
C34
  8
0
 62
1
 10
33.574
 20
-24.5949
 30
0.0
 11
34.0607
 21
-24.9201
 31
0.0
  0
LINE
  5
C35
  8
0
 62
1
 10
34.0607
 20
-24.9201
 30
0.0
 11
34.3858
 21
-25.4067
 31
0.0
  0
LINE
  5
C36
  8
0
 62
1
 10
34.3858
 20
-25.4067
 30
0.0
 11
34.5
 21
-25.9808
 31
0.0
  0
LINE
  5
C37
  8
0
 62
1
 10
34.5
 20
-25.9808
 30
0.0
 11
34.3858
 21
-26.5548
 31
0.0
  0
LINE
  5
C38
  8
0
 62
1
 10
34.3858
 20
-26.5548
 30
0.0
 11
34.0607
 21
-27.0414
 31
0.0
  0
LINE
  5
C39
  8
0
 62
1
 10
34.0607
 20
-27.0414
 30
0.0
 11
33.574
 21
-27.3666
 31
0.0
  0
LINE
  5
C3A
  8
0
 62
1
 10
33.574
 20
-27.3666
 30
0.0
 11
33.0
 21
-27.4808
 31
0.0
  0
LINE
  5
C3B
  8
0
 62
1
 10
33.0
 20
-27.4808
 30
0.0
 11
32.426
 21
-27.3666
 31
0.0
  0
LINE
  5
C3C
  8
0
 62
1
 10
2.42596
 20
-27.3666
 30
0.0
 11
1.93933
 21
-27.0414
 31
0.0
  0
LINE
  5
C3D
  8
0
 62
1
 10
1.93933
 20
-27.0414
 30
0.0
 11
1.61417
 21
-26.5548
 31
0.0
  0
LINE
  5
C3E
  8
0
 62
1
 10
1.61417
 20
-26.5548
 30
0.0
 11
1.5
 21
-25.9808
 31
0.0
  0
LINE
  5
C3F
  8
0
 62
1
 10
1.5
 20
-25.9808
 30
0.0
 11
1.61417
 21
-25.4067
 31
0.0
  0
LINE
  5
C40
  8
0
 62
1
 10
1.61417
 20
-25.4067
 30
0.0
 11
1.93933
 21
-24.9201
 31
0.0
  0
LINE
  5
C41
  8
0
 62
1
 10
1.93933
 20
-24.9201
 30
0.0
 11
2.42596
 21
-24.5949
 31
0.0
  0
LINE
  5
C42
  8
0
 62
1
 10
2.42596
 20
-24.5949
 30
0.0
 11
3.0
 21
-24.4808
 31
0.0
  0
LINE
  5
C43
  8
0
 62
1
 10
3.0
 20
-24.4808
 30
0.0
 11
3.57402
 21
-24.5949
 31
0.0
  0
LINE
  5
C44
  8
0
 62
1
 10
3.57402
 20
-24.5949
 30
0.0
 11
4.06065
 21
-24.9201
 31
0.0
  0
LINE
  5
C45
  8
0
 62
1
 10
4.06065
 20
-24.9201
 30
0.0
 11
4.38582
 21
-25.4067
 31
0.0
  0
LINE
  5
C46
  8
0
 62
1
 10
4.38582
 20
-25.4067
 30
0.0
 11
4.5
 21
-25.9808
 31
0.0
  0
LINE
  5
C47
  8
0
 62
1
 10
4.5
 20
-25.9808
 30
0.0
 11
4.38582
 21
-26.5548
 31
0.0
  0
LINE
  5
C48
  8
0
 62
1
 10
4.38582
 20
-26.5548
 30
0.0
 11
4.06065
 21
-27.0414
 31
0.0
  0
LINE
  5
C49
  8
0
 62
1
 10
4.06065
 20
-27.0414
 30
0.0
 11
3.57402
 21
-27.3666
 31
0.0
  0
LINE
  5
C4A
  8
0
 62
1
 10
3.57402
 20
-27.3666
 30
0.0
 11
3.0
 21
-27.4808
 31
0.0
  0
LINE
  5
C4B
  8
0
 62
1
 10
3.0
 20
-27.4808
 30
0.0
 11
2.42596
 21
-27.3666
 31
0.0
  0
LINE
  5
C4C
  8
0
 62
1
 10
-3.57402
 20
-27.3666
 30
0.0
 11
-4.06065
 21
-27.0414
 31
0.0
  0
LINE
  5
C4D
  8
0
 62
1
 10
-4.06065
 20
-27.0414
 30
0.0
 11
-4.38582
 21
-26.5548
 31
0.0
  0
LINE
  5
C4E
  8
0
 62
1
 10
-4.38582
 20
-26.5548
 30
0.0
 11
-4.5
 21
-25.9808
 31
0.0
  0
LINE
  5
C4F
  8
0
 62
1
 10
-4.5
 20
-25.9808
 30
0.0
 11
-4.38582
 21
-25.4067
 31
0.0
  0
LINE
  5
C50
  8
0
 62
1
 10
-4.38582
 20
-25.4067
 30
0.0
 11
-4.06065
 21
-24.9201
 31
0.0
  0
LINE
  5
C51
  8
0
 62
1
 10
-4.06065
 20
-24.9201
 30
0.0
 11
-3.57402
 21
-24.5949
 31
0.0
  0
LINE
  5
C52
  8
0
 62
1
 10
-3.57402
 20
-24.5949
 30
0.0
 11
-3.0
 21
-24.4808
 31
0.0
  0
LINE
  5
C53
  8
0
 62
1
 10
-3.0
 20
-24.4808
 30
0.0
 11
-2.42596
 21
-24.5949
 31
0.0
  0
LINE
  5
C54
  8
0
 62
1
 10
-2.42596
 20
-24.5949
 30
0.0
 11
-1.93933
 21
-24.9201
 31
0.0
  0
LINE
  5
C55
  8
0
 62
1
 10
-1.93933
 20
-24.9201
 30
0.0
 11
-1.61417
 21
-25.4067
 31
0.0
  0
LINE
  5
C56
  8
0
 62
1
 10
-1.61417
 20
-25.4067
 30
0.0
 11
-1.5
 21
-25.9808
 31
0.0
  0
LINE
  5
C57
  8
0
 62
1
 10
-1.5
 20
-25.9808
 30
0.0
 11
-1.61417
 21
-26.5548
 31
0.0
  0
LINE
  5
C58
  8
0
 62
1
 10
-1.61417
 20
-26.5548
 30
0.0
 11
-1.93933
 21
-27.0414
 31
0.0
  0
LINE
  5
C59
  8
0
 62
1
 10
-1.93933
 20
-27.0414
 30
0.0
 11
-2.42596
 21
-27.3666
 31
0.0
  0
LINE
  5
C5A
  8
0
 62
1
 10
-2.42596
 20
-27.3666
 30
0.0
 11
-3.0
 21
-27.4808
 31
0.0
  0
LINE
  5
C5B
  8
0
 62
1
 10
-3.0
 20
-27.4808
 30
0.0
 11
-3.57402
 21
-27.3666
 31
0.0
  0
LINE
  5
C5C
  8
0
 62
1
 10
-33.574
 20
-27.3666
 30
0.0
 11
-34.0607
 21
-27.0414
 31
0.0
  0
LINE
  5
C5D
  8
0
 62
1
 10
-34.0607
 20
-27.0414
 30
0.0
 11
-34.3858
 21
-26.5548
 31
0.0
  0
LINE
  5
C5E
  8
0
 62
1
 10
-34.3858
 20
-26.5548
 30
0.0
 11
-34.5
 21
-25.9808
 31
0.0
  0
LINE
  5
C5F
  8
0
 62
1
 10
-34.5
 20
-25.9808
 30
0.0
 11
-34.3858
 21
-25.4067
 31
0.0
  0
LINE
  5
C60
  8
0
 62
1
 10
-34.3858
 20
-25.4067
 30
0.0
 11
-34.0607
 21
-24.9201
 31
0.0
  0
LINE
  5
C61
  8
0
 62
1
 10
-34.0607
 20
-24.9201
 30
0.0
 11
-33.574
 21
-24.5949
 31
0.0
  0
LINE
  5
C62
  8
0
 62
1
 10
-33.574
 20
-24.5949
 30
0.0
 11
-33.0
 21
-24.4808
 31
0.0
  0
LINE
  5
C63
  8
0
 62
1
 10
-33.0
 20
-24.4808
 30
0.0
 11
-32.426
 21
-24.5949
 31
0.0
  0
LINE
  5
C64
  8
0
 62
1
 10
-32.426
 20
-24.5949
 30
0.0
 11
-31.9393
 21
-24.9201
 31
0.0
  0
LINE
  5
C65
  8
0
 62
1
 10
-31.9393
 20
-24.9201
 30
0.0
 11
-31.6142
 21
-25.4067
 31
0.0
  0
LINE
  5
C66
  8
0
 62
1
 10
-31.6142
 20
-25.4067
 30
0.0
 11
-31.5
 21
-25.9808
 31
0.0
  0
LINE
  5
C67
  8
0
 62
1
 10
-31.5
 20
-25.9808
 30
0.0
 11
-31.6142
 21
-26.5548
 31
0.0
  0
LINE
  5
C68
  8
0
 62
1
 10
-31.6142
 20
-26.5548
 30
0.0
 11
-31.9393
 21
-27.0414
 31
0.0
  0
LINE
  5
C69
  8
0
 62
1
 10
-31.9393
 20
-27.0414
 30
0.0
 11
-32.426
 21
-27.3666
 31
0.0
  0
LINE
  5
C6A
  8
0
 62
1
 10
-32.426
 20
-27.3666
 30
0.0
 11
-33.0
 21
-27.4808
 31
0.0
  0
LINE
  5
C6B
  8
0
 62
1
 10
-33.0
 20
-27.4808
 30
0.0
 11
-33.574
 21
-27.3666
 31
0.0
  0
LINE
  5
C6C
  8
0
 62
1
 10
-15.574
 20
-27.3666
 30
0.0
 11
-16.0607
 21
-27.0414
 31
0.0
  0
LINE
  5
C6D
  8
0
 62
1
 10
-16.0607
 20
-27.0414
 30
0.0
 11
-16.3858
 21
-26.5548
 31
0.0
  0
LINE
  5
C6E
  8
0
 62
1
 10
-16.3858
 20
-26.5548
 30
0.0
 11
-16.5
 21
-25.9808
 31
0.0
  0
LINE
  5
C6F
  8
0
 62
1
 10
-16.5
 20
-25.9808
 30
0.0
 11
-16.3858
 21
-25.4067
 31
0.0
  0
LINE
  5
C70
  8
0
 62
1
 10
-16.3858
 20
-25.4067
 30
0.0
 11
-16.0607
 21
-24.9201
 31
0.0
  0
LINE
  5
C71
  8
0
 62
1
 10
-16.0607
 20
-24.9201
 30
0.0
 11
-15.574
 21
-24.5949
 31
0.0
  0
LINE
  5
C72
  8
0
 62
1
 10
-15.574
 20
-24.5949
 30
0.0
 11
-15.0
 21
-24.4808
 31
0.0
  0
LINE
  5
C73
  8
0
 62
1
 10
-15.0
 20
-24.4808
 30
0.0
 11
-14.426
 21
-24.5949
 31
0.0
  0
LINE
  5
C74
  8
0
 62
1
 10
-14.426
 20
-24.5949
 30
0.0
 11
-13.9393
 21
-24.9201
 31
0.0
  0
LINE
  5
C75
  8
0
 62
1
 10
-13.9393
 20
-24.9201
 30
0.0
 11
-13.6142
 21
-25.4067
 31
0.0
  0
LINE
  5
C76
  8
0
 62
1
 10
-13.6142
 20
-25.4067
 30
0.0
 11
-13.5
 21
-25.9808
 31
0.0
  0
LINE
  5
C77
  8
0
 62
1
 10
-13.5
 20
-25.9808
 30
0.0
 11
-13.6142
 21
-26.5548
 31
0.0
  0
LINE
  5
C78
  8
0
 62
1
 10
-13.6142
 20
-26.5548
 30
0.0
 11
-13.9393
 21
-27.0414
 31
0.0
  0
LINE
  5
C79
  8
0
 62
1
 10
-13.9393
 20
-27.0414
 30
0.0
 11
-14.426
 21
-27.3666
 31
0.0
  0
LINE
  5
C7A
  8
0
 62
1
 10
-14.426
 20
-27.3666
 30
0.0
 11
-15.0
 21
-27.4808
 31
0.0
  0
LINE
  5
C7B
  8
0
 62
1
 10
-15.0
 20
-27.4808
 30
0.0
 11
-15.574
 21
-27.3666
 31
0.0
  0
LINE
  5
C7C
  8
0
 62
1
 10
-27.574
 20
-27.3666
 30
0.0
 11
-28.0607
 21
-27.0414
 31
0.0
  0
LINE
  5
C7D
  8
0
 62
1
 10
-28.0607
 20
-27.0414
 30
0.0
 11
-28.3858
 21
-26.5548
 31
0.0
  0
LINE
  5
C7E
  8
0
 62
1
 10
-28.3858
 20
-26.5548
 30
0.0
 11
-28.5
 21
-25.9808
 31
0.0
  0
LINE
  5
C7F
  8
0
 62
1
 10
-28.5
 20
-25.9808
 30
0.0
 11
-28.3858
 21
-25.4067
 31
0.0
  0
LINE
  5
C80
  8
0
 62
1
 10
-28.3858
 20
-25.4067
 30
0.0
 11
-28.0607
 21
-24.9201
 31
0.0
  0
LINE
  5
C81
  8
0
 62
1
 10
-28.0607
 20
-24.9201
 30
0.0
 11
-27.574
 21
-24.5949
 31
0.0
  0
LINE
  5
C82
  8
0
 62
1
 10
-27.574
 20
-24.5949
 30
0.0
 11
-27.0
 21
-24.4808
 31
0.0
  0
LINE
  5
C83
  8
0
 62
1
 10
-27.0
 20
-24.4808
 30
0.0
 11
-26.426
 21
-24.5949
 31
0.0
  0
LINE
  5
C84
  8
0
 62
1
 10
-26.426
 20
-24.5949
 30
0.0
 11
-25.9393
 21
-24.9201
 31
0.0
  0
LINE
  5
C85
  8
0
 62
1
 10
-25.9393
 20
-24.9201
 30
0.0
 11
-25.6142
 21
-25.4067
 31
0.0
  0
LINE
  5
C86
  8
0
 62
1
 10
-25.6142
 20
-25.4067
 30
0.0
 11
-25.5
 21
-25.9808
 31
0.0
  0
LINE
  5
C87
  8
0
 62
1
 10
-25.5
 20
-25.9808
 30
0.0
 11
-25.6142
 21
-26.5548
 31
0.0
  0
LINE
  5
C88
  8
0
 62
1
 10
-25.6142
 20
-26.5548
 30
0.0
 11
-25.9393
 21
-27.0414
 31
0.0
  0
LINE
  5
C89
  8
0
 62
1
 10
-25.9393
 20
-27.0414
 30
0.0
 11
-26.426
 21
-27.3666
 31
0.0
  0
LINE
  5
C8A
  8
0
 62
1
 10
-26.426
 20
-27.3666
 30
0.0
 11
-27.0
 21
-27.4808
 31
0.0
  0
LINE
  5
C8B
  8
0
 62
1
 10
-27.0
 20
-27.4808
 30
0.0
 11
-27.574
 21
-27.3666
 31
0.0
  0
LINE
  5
C8C
  8
0
 62
1
 10
-21.574
 20
-27.3666
 30
0.0
 11
-22.0607
 21
-27.0414
 31
0.0
  0
LINE
  5
C8D
  8
0
 62
1
 10
-22.0607
 20
-27.0414
 30
0.0
 11
-22.3858
 21
-26.5548
 31
0.0
  0
LINE
  5
C8E
  8
0
 62
1
 10
-22.3858
 20
-26.5548
 30
0.0
 11
-22.5
 21
-25.9808
 31
0.0
  0
LINE
  5
C8F
  8
0
 62
1
 10
-22.5
 20
-25.9808
 30
0.0
 11
-22.3858
 21
-25.4067
 31
0.0
  0
LINE
  5
C90
  8
0
 62
1
 10
-22.3858
 20
-25.4067
 30
0.0
 11
-22.0607
 21
-24.9201
 31
0.0
  0
LINE
  5
C91
  8
0
 62
1
 10
-22.0607
 20
-24.9201
 30
0.0
 11
-21.574
 21
-24.5949
 31
0.0
  0
LINE
  5
C92
  8
0
 62
1
 10
-21.574
 20
-24.5949
 30
0.0
 11
-21.0
 21
-24.4808
 31
0.0
  0
LINE
  5
C93
  8
0
 62
1
 10
-21.0
 20
-24.4808
 30
0.0
 11
-20.426
 21
-24.5949
 31
0.0
  0
LINE
  5
C94
  8
0
 62
1
 10
-20.426
 20
-24.5949
 30
0.0
 11
-19.9393
 21
-24.9201
 31
0.0
  0
LINE
  5
C95
  8
0
 62
1
 10
-19.9393
 20
-24.9201
 30
0.0
 11
-19.6142
 21
-25.4067
 31
0.0
  0
LINE
  5
C96
  8
0
 62
1
 10
-19.6142
 20
-25.4067
 30
0.0
 11
-19.5
 21
-25.9808
 31
0.0
  0
LINE
  5
C97
  8
0
 62
1
 10
-19.5
 20
-25.9808
 30
0.0
 11
-19.6142
 21
-26.5548
 31
0.0
  0
LINE
  5
C98
  8
0
 62
1
 10
-19.6142
 20
-26.5548
 30
0.0
 11
-19.9393
 21
-27.0414
 31
0.0
  0
LINE
  5
C99
  8
0
 62
1
 10
-19.9393
 20
-27.0414
 30
0.0
 11
-20.426
 21
-27.3666
 31
0.0
  0
LINE
  5
C9A
  8
0
 62
1
 10
-20.426
 20
-27.3666
 30
0.0
 11
-21.0
 21
-27.4808
 31
0.0
  0
LINE
  5
C9B
  8
0
 62
1
 10
-21.0
 20
-27.4808
 30
0.0
 11
-21.574
 21
-27.3666
 31
0.0
  0
LINE
  5
C9C
  8
0
 62
1
 10
14.426
 20
-27.3666
 30
0.0
 11
13.9393
 21
-27.0414
 31
0.0
  0
LINE
  5
C9D
  8
0
 62
1
 10
13.9393
 20
-27.0414
 30
0.0
 11
13.6142
 21
-26.5548
 31
0.0
  0
LINE
  5
C9E
  8
0
 62
1
 10
13.6142
 20
-26.5548
 30
0.0
 11
13.5
 21
-25.9808
 31
0.0
  0
LINE
  5
C9F
  8
0
 62
1
 10
13.5
 20
-25.9808
 30
0.0
 11
13.6142
 21
-25.4067
 31
0.0
  0
LINE
  5
CA0
  8
0
 62
1
 10
13.6142
 20
-25.4067
 30
0.0
 11
13.9393
 21
-24.9201
 31
0.0
  0
LINE
  5
CA1
  8
0
 62
1
 10
13.9393
 20
-24.9201
 30
0.0
 11
14.426
 21
-24.5949
 31
0.0
  0
LINE
  5
CA2
  8
0
 62
1
 10
14.426
 20
-24.5949
 30
0.0
 11
15.0
 21
-24.4808
 31
0.0
  0
LINE
  5
CA3
  8
0
 62
1
 10
15.0
 20
-24.4808
 30
0.0
 11
15.574
 21
-24.5949
 31
0.0
  0
LINE
  5
CA4
  8
0
 62
1
 10
15.574
 20
-24.5949
 30
0.0
 11
16.0607
 21
-24.9201
 31
0.0
  0
LINE
  5
CA5
  8
0
 62
1
 10
16.0607
 20
-24.9201
 30
0.0
 11
16.3858
 21
-25.4067
 31
0.0
  0
LINE
  5
CA6
  8
0
 62
1
 10
16.3858
 20
-25.4067
 30
0.0
 11
16.5
 21
-25.9808
 31
0.0
  0
LINE
  5
CA7
  8
0
 62
1
 10
16.5
 20
-25.9808
 30
0.0
 11
16.3858
 21
-26.5548
 31
0.0
  0
LINE
  5
CA8
  8
0
 62
1
 10
16.3858
 20
-26.5548
 30
0.0
 11
16.0607
 21
-27.0414
 31
0.0
  0
LINE
  5
CA9
  8
0
 62
1
 10
16.0607
 20
-27.0414
 30
0.0
 11
15.574
 21
-27.3666
 31
0.0
  0
LINE
  5
CAA
  8
0
 62
1
 10
15.574
 20
-27.3666
 30
0.0
 11
15.0
 21
-27.4808
 31
0.0
  0
LINE
  5
CAB
  8
0
 62
1
 10
15.0
 20
-27.4808
 30
0.0
 11
14.426
 21
-27.3666
 31
0.0
  0
LINE
  5
CAC
  8
0
 62
1
 10
8.42596
 20
-27.3666
 30
0.0
 11
7.93933
 21
-27.0414
 31
0.0
  0
LINE
  5
CAD
  8
0
 62
1
 10
7.93933
 20
-27.0414
 30
0.0
 11
7.61417
 21
-26.5548
 31
0.0
  0
LINE
  5
CAE
  8
0
 62
1
 10
7.61417
 20
-26.5548
 30
0.0
 11
7.5
 21
-25.9808
 31
0.0
  0
LINE
  5
CAF
  8
0
 62
1
 10
7.5
 20
-25.9808
 30
0.0
 11
7.61417
 21
-25.4067
 31
0.0
  0
LINE
  5
CB0
  8
0
 62
1
 10
7.61417
 20
-25.4067
 30
0.0
 11
7.93933
 21
-24.9201
 31
0.0
  0
LINE
  5
CB1
  8
0
 62
1
 10
7.93933
 20
-24.9201
 30
0.0
 11
8.42596
 21
-24.5949
 31
0.0
  0
LINE
  5
CB2
  8
0
 62
1
 10
8.42596
 20
-24.5949
 30
0.0
 11
9.0
 21
-24.4808
 31
0.0
  0
LINE
  5
CB3
  8
0
 62
1
 10
9.0
 20
-24.4808
 30
0.0
 11
9.57402
 21
-24.5949
 31
0.0
  0
LINE
  5
CB4
  8
0
 62
1
 10
9.57402
 20
-24.5949
 30
0.0
 11
10.0607
 21
-24.9201
 31
0.0
  0
LINE
  5
CB5
  8
0
 62
1
 10
10.0607
 20
-24.9201
 30
0.0
 11
10.3858
 21
-25.4067
 31
0.0
  0
LINE
  5
CB6
  8
0
 62
1
 10
10.3858
 20
-25.4067
 30
0.0
 11
10.5
 21
-25.9808
 31
0.0
  0
LINE
  5
CB7
  8
0
 62
1
 10
10.5
 20
-25.9808
 30
0.0
 11
10.3858
 21
-26.5548
 31
0.0
  0
LINE
  5
CB8
  8
0
 62
1
 10
10.3858
 20
-26.5548
 30
0.0
 11
10.0607
 21
-27.0414
 31
0.0
  0
LINE
  5
CB9
  8
0
 62
1
 10
10.0607
 20
-27.0414
 30
0.0
 11
9.57402
 21
-27.3666
 31
0.0
  0
LINE
  5
CBA
  8
0
 62
1
 10
9.57402
 20
-27.3666
 30
0.0
 11
9.0
 21
-27.4808
 31
0.0
  0
LINE
  5
CBB
  8
0
 62
1
 10
9.0
 20
-27.4808
 30
0.0
 11
8.42596
 21
-27.3666
 31
0.0
  0
LINE
  5
CBC
  8
0
 62
1
 10
-76.4056
 20
-32.6685
 30
0.0
 11
-76.6105
 21
-32.6492
 31
0.0
  0
LINE
  5
CBD
  8
0
 62
1
 10
-76.6105
 20
-32.6492
 30
0.0
 11
-76.8137
 21
-32.617
 31
0.0
  0
LINE
  5
CBE
  8
0
 62
1
 10
-76.8137
 20
-32.617
 30
0.0
 11
-77.0145
 21
-32.5721
 31
0.0
  0
LINE
  5
CBF
  8
0
 62
1
 10
-77.0145
 20
-32.5721
 30
0.0
 11
-77.212
 21
-32.5147
 31
0.0
  0
LINE
  5
CC0
  8
0
 62
1
 10
-77.212
 20
-32.5147
 30
0.0
 11
-77.4056
 21
-32.445
 31
0.0
  0
LINE
  5
CC1
  8
0
 62
1
 10
-77.4056
 20
-32.445
 30
0.0
 11
-77.5944
 21
-32.3633
 31
0.0
  0
LINE
  5
CC2
  8
0
 62
1
 10
-77.5944
 20
-32.3633
 30
0.0
 11
-77.7777
 21
-32.2699
 31
0.0
  0
LINE
  5
CC3
  8
0
 62
1
 10
-77.7777
 20
-32.2699
 30
0.0
 11
-77.9548
 21
-32.1652
 31
0.0
  0
LINE
  5
CC4
  8
0
 62
1
 10
-77.9548
 20
-32.1652
 30
0.0
 11
-78.125
 21
-32.0495
 31
0.0
  0
LINE
  5
CC5
  8
0
 62
1
 10
-78.125
 20
-32.0495
 30
0.0
 11
-78.2876
 21
-31.9234
 31
0.0
  0
LINE
  5
CC6
  8
0
 62
1
 10
-78.2876
 20
-31.9234
 30
0.0
 11
-78.4419
 21
-31.7874
 31
0.0
  0
LINE
  5
CC7
  8
0
 62
1
 10
-78.4419
 20
-31.7874
 30
0.0
 11
-78.5874
 21
-31.6419
 31
0.0
  0
LINE
  5
CC8
  8
0
 62
1
 10
-78.5874
 20
-31.6419
 30
0.0
 11
-78.7234
 21
-31.4875
 31
0.0
  0
LINE
  5
CC9
  8
0
 62
1
 10
-78.7234
 20
-31.4875
 30
0.0
 11
-78.8495
 21
-31.325
 31
0.0
  0
LINE
  5
CCA
  8
0
 62
1
 10
-78.8495
 20
-31.325
 30
0.0
 11
-78.9652
 21
-31.1548
 31
0.0
  0
LINE
  5
CCB
  8
0
 62
1
 10
-78.9652
 20
-31.1548
 30
0.0
 11
-79.0699
 21
-30.9777
 31
0.0
  0
LINE
  5
CCC
  8
0
 62
1
 10
-79.0699
 20
-30.9777
 30
0.0
 11
-79.1633
 21
-30.7944
 31
0.0
  0
LINE
  5
CCD
  8
0
 62
1
 10
-79.1633
 20
-30.7944
 30
0.0
 11
-79.245
 21
-30.6056
 31
0.0
  0
LINE
  5
CCE
  8
0
 62
1
 10
-79.245
 20
-30.6056
 30
0.0
 11
-79.3147
 21
-30.412
 31
0.0
  0
LINE
  5
CCF
  8
0
 62
1
 10
-79.3147
 20
-30.412
 30
0.0
 11
-79.3721
 21
-30.2144
 31
0.0
  0
LINE
  5
CD0
  8
0
 62
1
 10
-79.3721
 20
-30.2144
 30
0.0
 11
-79.417
 21
-30.0137
 31
0.0
  0
LINE
  5
CD1
  8
0
 62
1
 10
-79.417
 20
-30.0137
 30
0.0
 11
-79.4492
 21
-29.8105
 31
0.0
  0
LINE
  5
CD2
  8
0
 62
1
 10
-79.4492
 20
-29.8105
 30
0.0
 11
-79.4685
 21
-29.6056
 31
0.0
  0
LINE
  5
CD3
  8
0
 62
1
 10
-79.4685
 20
-29.6056
 30
0.0
 11
-79.475
 21
-29.4
 31
0.0
  0
LINE
  5
CD4
  8
0
 62
1
 10
-79.475
 20
-29.4
 30
0.0
 11
-79.4685
 21
-29.1944
 31
0.0
  0
LINE
  5
CD5
  8
0
 62
1
 10
-79.4685
 20
-29.1944
 30
0.0
 11
-79.4492
 21
-28.9895
 31
0.0
  0
LINE
  5
CD6
  8
0
 62
1
 10
-79.4492
 20
-28.9895
 30
0.0
 11
-79.417
 21
-28.7863
 31
0.0
  0
LINE
  5
CD7
  8
0
 62
1
 10
-79.417
 20
-28.7863
 30
0.0
 11
-79.3721
 21
-28.5855
 31
0.0
  0
LINE
  5
CD8
  8
0
 62
1
 10
-79.3721
 20
-28.5855
 30
0.0
 11
-79.3147
 21
-28.388
 31
0.0
  0
LINE
  5
CD9
  8
0
 62
1
 10
-79.3147
 20
-28.388
 30
0.0
 11
-79.245
 21
-28.1944
 31
0.0
  0
LINE
  5
CDA
  8
0
 62
1
 10
-79.245
 20
-28.1944
 30
0.0
 11
-79.1633
 21
-28.0056
 31
0.0
  0
LINE
  5
CDB
  8
0
 62
1
 10
-79.1633
 20
-28.0056
 30
0.0
 11
-79.0699
 21
-27.8223
 31
0.0
  0
LINE
  5
CDC
  8
0
 62
1
 10
-79.0699
 20
-27.8223
 30
0.0
 11
-78.9652
 21
-27.6452
 31
0.0
  0
LINE
  5
CDD
  8
0
 62
1
 10
-78.9652
 20
-27.6452
 30
0.0
 11
-78.8495
 21
-27.475
 31
0.0
  0
LINE
  5
CDE
  8
0
 62
1
 10
-78.8495
 20
-27.475
 30
0.0
 11
-78.7234
 21
-27.3124
 31
0.0
  0
LINE
  5
CDF
  8
0
 62
1
 10
-78.7234
 20
-27.3124
 30
0.0
 11
-78.5874
 21
-27.1581
 31
0.0
  0
LINE
  5
CE0
  8
0
 62
1
 10
-78.5874
 20
-27.1581
 30
0.0
 11
-78.4419
 21
-27.0126
 31
0.0
  0
LINE
  5
CE1
  8
0
 62
1
 10
-78.4419
 20
-27.0126
 30
0.0
 11
-78.2876
 21
-26.8766
 31
0.0
  0
LINE
  5
CE2
  8
0
 62
1
 10
-78.2876
 20
-26.8766
 30
0.0
 11
-78.125
 21
-26.7505
 31
0.0
  0
LINE
  5
CE3
  8
0
 62
1
 10
-78.125
 20
-26.7505
 30
0.0
 11
-77.9548
 21
-26.6348
 31
0.0
  0
LINE
  5
CE4
  8
0
 62
1
 10
-77.9548
 20
-26.6348
 30
0.0
 11
-77.7777
 21
-26.5301
 31
0.0
  0
LINE
  5
CE5
  8
0
 62
1
 10
-77.7777
 20
-26.5301
 30
0.0
 11
-77.5944
 21
-26.4367
 31
0.0
  0
LINE
  5
CE6
  8
0
 62
1
 10
-77.5944
 20
-26.4367
 30
0.0
 11
-77.4056
 21
-26.355
 31
0.0
  0
LINE
  5
CE7
  8
0
 62
1
 10
-77.4056
 20
-26.355
 30
0.0
 11
-77.212
 21
-26.2853
 31
0.0
  0
LINE
  5
CE8
  8
0
 62
1
 10
-77.212
 20
-26.2853
 30
0.0
 11
-77.0145
 21
-26.2279
 31
0.0
  0
LINE
  5
CE9
  8
0
 62
1
 10
-77.0145
 20
-26.2279
 30
0.0
 11
-76.8137
 21
-26.183
 31
0.0
  0
LINE
  5
CEA
  8
0
 62
1
 10
-76.8137
 20
-26.183
 30
0.0
 11
-76.6105
 21
-26.1508
 31
0.0
  0
LINE
  5
CEB
  8
0
 62
1
 10
-76.6105
 20
-26.1508
 30
0.0
 11
-76.4056
 21
-26.1315
 31
0.0
  0
LINE
  5
CEC
  8
0
 62
1
 10
-76.4056
 20
-26.1315
 30
0.0
 11
-76.2
 21
-26.125
 31
0.0
  0
LINE
  5
CED
  8
0
 62
1
 10
-76.2
 20
-26.125
 30
0.0
 11
-75.9944
 21
-26.1315
 31
0.0
  0
LINE
  5
CEE
  8
0
 62
1
 10
-75.9944
 20
-26.1315
 30
0.0
 11
-75.7895
 21
-26.1508
 31
0.0
  0
LINE
  5
CEF
  8
0
 62
1
 10
-75.7895
 20
-26.1508
 30
0.0
 11
-75.5863
 21
-26.183
 31
0.0
  0
LINE
  5
CF0
  8
0
 62
1
 10
-75.5863
 20
-26.183
 30
0.0
 11
-75.3855
 21
-26.2279
 31
0.0
  0
LINE
  5
CF1
  8
0
 62
1
 10
-75.3855
 20
-26.2279
 30
0.0
 11
-75.188
 21
-26.2853
 31
0.0
  0
LINE
  5
CF2
  8
0
 62
1
 10
-75.188
 20
-26.2853
 30
0.0
 11
-74.9944
 21
-26.355
 31
0.0
  0
LINE
  5
CF3
  8
0
 62
1
 10
-74.9944
 20
-26.355
 30
0.0
 11
-74.8056
 21
-26.4367
 31
0.0
  0
LINE
  5
CF4
  8
0
 62
1
 10
-74.8056
 20
-26.4367
 30
0.0
 11
-74.6223
 21
-26.5301
 31
0.0
  0
LINE
  5
CF5
  8
0
 62
1
 10
-74.6223
 20
-26.5301
 30
0.0
 11
-74.4452
 21
-26.6348
 31
0.0
  0
LINE
  5
CF6
  8
0
 62
1
 10
-74.4452
 20
-26.6348
 30
0.0
 11
-74.275
 21
-26.7505
 31
0.0
  0
LINE
  5
CF7
  8
0
 62
1
 10
-74.275
 20
-26.7505
 30
0.0
 11
-74.1124
 21
-26.8766
 31
0.0
  0
LINE
  5
CF8
  8
0
 62
1
 10
-74.1124
 20
-26.8766
 30
0.0
 11
-73.9581
 21
-27.0126
 31
0.0
  0
LINE
  5
CF9
  8
0
 62
1
 10
-73.9581
 20
-27.0126
 30
0.0
 11
-73.8126
 21
-27.1581
 31
0.0
  0
LINE
  5
CFA
  8
0
 62
1
 10
-73.8126
 20
-27.1581
 30
0.0
 11
-73.6766
 21
-27.3124
 31
0.0
  0
LINE
  5
CFB
  8
0
 62
1
 10
-73.6766
 20
-27.3124
 30
0.0
 11
-73.5505
 21
-27.475
 31
0.0
  0
LINE
  5
CFC
  8
0
 62
1
 10
-73.5505
 20
-27.475
 30
0.0
 11
-73.4348
 21
-27.6452
 31
0.0
  0
LINE
  5
CFD
  8
0
 62
1
 10
-73.4348
 20
-27.6452
 30
0.0
 11
-73.3301
 21
-27.8223
 31
0.0
  0
LINE
  5
CFE
  8
0
 62
1
 10
-73.3301
 20
-27.8223
 30
0.0
 11
-73.2367
 21
-28.0056
 31
0.0
  0
LINE
  5
CFF
  8
0
 62
1
 10
-73.2367
 20
-28.0056
 30
0.0
 11
-73.155
 21
-28.1944
 31
0.0
  0
LINE
  5
D00
  8
0
 62
1
 10
-73.155
 20
-28.1944
 30
0.0
 11
-73.0853
 21
-28.388
 31
0.0
  0
LINE
  5
D01
  8
0
 62
1
 10
-73.0853
 20
-28.388
 30
0.0
 11
-73.0279
 21
-28.5855
 31
0.0
  0
LINE
  5
D02
  8
0
 62
1
 10
-73.0279
 20
-28.5855
 30
0.0
 11
-72.983
 21
-28.7863
 31
0.0
  0
LINE
  5
D03
  8
0
 62
1
 10
-72.983
 20
-28.7863
 30
0.0
 11
-72.9508
 21
-28.9895
 31
0.0
  0
LINE
  5
D04
  8
0
 62
1
 10
-72.9508
 20
-28.9895
 30
0.0
 11
-72.9315
 21
-29.1944
 31
0.0
  0
LINE
  5
D05
  8
0
 62
1
 10
-72.9315
 20
-29.1944
 30
0.0
 11
-72.925
 21
-29.4
 31
0.0
  0
LINE
  5
D06
  8
0
 62
1
 10
-72.925
 20
-29.4
 30
0.0
 11
-72.9315
 21
-29.6056
 31
0.0
  0
LINE
  5
D07
  8
0
 62
1
 10
-72.9315
 20
-29.6056
 30
0.0
 11
-72.9508
 21
-29.8105
 31
0.0
  0
LINE
  5
D08
  8
0
 62
1
 10
-72.9508
 20
-29.8105
 30
0.0
 11
-72.983
 21
-30.0137
 31
0.0
  0
LINE
  5
D09
  8
0
 62
1
 10
-72.983
 20
-30.0137
 30
0.0
 11
-73.0279
 21
-30.2144
 31
0.0
  0
LINE
  5
D0A
  8
0
 62
1
 10
-73.0279
 20
-30.2144
 30
0.0
 11
-73.0853
 21
-30.412
 31
0.0
  0
LINE
  5
D0B
  8
0
 62
1
 10
-73.0853
 20
-30.412
 30
0.0
 11
-73.155
 21
-30.6056
 31
0.0
  0
LINE
  5
D0C
  8
0
 62
1
 10
-73.155
 20
-30.6056
 30
0.0
 11
-73.2367
 21
-30.7944
 31
0.0
  0
LINE
  5
D0D
  8
0
 62
1
 10
-73.2367
 20
-30.7944
 30
0.0
 11
-73.3301
 21
-30.9777
 31
0.0
  0
LINE
  5
D0E
  8
0
 62
1
 10
-73.3301
 20
-30.9777
 30
0.0
 11
-73.4348
 21
-31.1548
 31
0.0
  0
LINE
  5
D0F
  8
0
 62
1
 10
-73.4348
 20
-31.1548
 30
0.0
 11
-73.5505
 21
-31.325
 31
0.0
  0
LINE
  5
D10
  8
0
 62
1
 10
-73.5505
 20
-31.325
 30
0.0
 11
-73.6766
 21
-31.4875
 31
0.0
  0
LINE
  5
D11
  8
0
 62
1
 10
-73.6766
 20
-31.4875
 30
0.0
 11
-73.8126
 21
-31.6419
 31
0.0
  0
LINE
  5
D12
  8
0
 62
1
 10
-73.8126
 20
-31.6419
 30
0.0
 11
-73.9581
 21
-31.7874
 31
0.0
  0
LINE
  5
D13
  8
0
 62
1
 10
-73.9581
 20
-31.7874
 30
0.0
 11
-74.1124
 21
-31.9234
 31
0.0
  0
LINE
  5
D14
  8
0
 62
1
 10
-74.1124
 20
-31.9234
 30
0.0
 11
-74.275
 21
-32.0495
 31
0.0
  0
LINE
  5
D15
  8
0
 62
1
 10
-74.275
 20
-32.0495
 30
0.0
 11
-74.4452
 21
-32.1652
 31
0.0
  0
LINE
  5
D16
  8
0
 62
1
 10
-74.4452
 20
-32.1652
 30
0.0
 11
-74.6223
 21
-32.2699
 31
0.0
  0
LINE
  5
D17
  8
0
 62
1
 10
-74.6223
 20
-32.2699
 30
0.0
 11
-74.8056
 21
-32.3633
 31
0.0
  0
LINE
  5
D18
  8
0
 62
1
 10
-74.8056
 20
-32.3633
 30
0.0
 11
-74.9944
 21
-32.445
 31
0.0
  0
LINE
  5
D19
  8
0
 62
1
 10
-74.9944
 20
-32.445
 30
0.0
 11
-75.188
 21
-32.5147
 31
0.0
  0
LINE
  5
D1A
  8
0
 62
1
 10
-75.188
 20
-32.5147
 30
0.0
 11
-75.3855
 21
-32.5721
 31
0.0
  0
LINE
  5
D1B
  8
0
 62
1
 10
-75.3855
 20
-32.5721
 30
0.0
 11
-75.5863
 21
-32.617
 31
0.0
  0
LINE
  5
D1C
  8
0
 62
1
 10
-75.5863
 20
-32.617
 30
0.0
 11
-75.7895
 21
-32.6492
 31
0.0
  0
LINE
  5
D1D
  8
0
 62
1
 10
-75.7895
 20
-32.6492
 30
0.0
 11
-75.9944
 21
-32.6685
 31
0.0
  0
LINE
  5
D1E
  8
0
 62
1
 10
-75.9944
 20
-32.6685
 30
0.0
 11
-76.2
 21
-32.675
 31
0.0
  0
LINE
  5
D1F
  8
0
 62
1
 10
-76.2
 20
-32.675
 30
0.0
 11
-76.4056
 21
-32.6685
 31
0.0
  0
LINE
  5
D20
  8
0
 62
1
 10
75.9944
 20
-32.6685
 30
0.0
 11
75.7895
 21
-32.6492
 31
0.0
  0
LINE
  5
D21
  8
0
 62
1
 10
75.7895
 20
-32.6492
 30
0.0
 11
75.5863
 21
-32.617
 31
0.0
  0
LINE
  5
D22
  8
0
 62
1
 10
75.5863
 20
-32.617
 30
0.0
 11
75.3855
 21
-32.5721
 31
0.0
  0
LINE
  5
D23
  8
0
 62
1
 10
75.3855
 20
-32.5721
 30
0.0
 11
75.188
 21
-32.5147
 31
0.0
  0
LINE
  5
D24
  8
0
 62
1
 10
75.188
 20
-32.5147
 30
0.0
 11
74.9944
 21
-32.445
 31
0.0
  0
LINE
  5
D25
  8
0
 62
1
 10
74.9944
 20
-32.445
 30
0.0
 11
74.8056
 21
-32.3633
 31
0.0
  0
LINE
  5
D26
  8
0
 62
1
 10
74.8056
 20
-32.3633
 30
0.0
 11
74.6223
 21
-32.2699
 31
0.0
  0
LINE
  5
D27
  8
0
 62
1
 10
74.6223
 20
-32.2699
 30
0.0
 11
74.4452
 21
-32.1652
 31
0.0
  0
LINE
  5
D28
  8
0
 62
1
 10
74.4452
 20
-32.1652
 30
0.0
 11
74.275
 21
-32.0495
 31
0.0
  0
LINE
  5
D29
  8
0
 62
1
 10
74.275
 20
-32.0495
 30
0.0
 11
74.1124
 21
-31.9234
 31
0.0
  0
LINE
  5
D2A
  8
0
 62
1
 10
74.1124
 20
-31.9234
 30
0.0
 11
73.9581
 21
-31.7874
 31
0.0
  0
LINE
  5
D2B
  8
0
 62
1
 10
73.9581
 20
-31.7874
 30
0.0
 11
73.8126
 21
-31.6419
 31
0.0
  0
LINE
  5
D2C
  8
0
 62
1
 10
73.8126
 20
-31.6419
 30
0.0
 11
73.6766
 21
-31.4875
 31
0.0
  0
LINE
  5
D2D
  8
0
 62
1
 10
73.6766
 20
-31.4875
 30
0.0
 11
73.5505
 21
-31.325
 31
0.0
  0
LINE
  5
D2E
  8
0
 62
1
 10
73.5505
 20
-31.325
 30
0.0
 11
73.4348
 21
-31.1548
 31
0.0
  0
LINE
  5
D2F
  8
0
 62
1
 10
73.4348
 20
-31.1548
 30
0.0
 11
73.3301
 21
-30.9777
 31
0.0
  0
LINE
  5
D30
  8
0
 62
1
 10
73.3301
 20
-30.9777
 30
0.0
 11
73.2367
 21
-30.7944
 31
0.0
  0
LINE
  5
D31
  8
0
 62
1
 10
73.2367
 20
-30.7944
 30
0.0
 11
73.155
 21
-30.6056
 31
0.0
  0
LINE
  5
D32
  8
0
 62
1
 10
73.155
 20
-30.6056
 30
0.0
 11
73.0853
 21
-30.412
 31
0.0
  0
LINE
  5
D33
  8
0
 62
1
 10
73.0853
 20
-30.412
 30
0.0
 11
73.0279
 21
-30.2144
 31
0.0
  0
LINE
  5
D34
  8
0
 62
1
 10
73.0279
 20
-30.2144
 30
0.0
 11
72.983
 21
-30.0137
 31
0.0
  0
LINE
  5
D35
  8
0
 62
1
 10
72.983
 20
-30.0137
 30
0.0
 11
72.9508
 21
-29.8105
 31
0.0
  0
LINE
  5
D36
  8
0
 62
1
 10
72.9508
 20
-29.8105
 30
0.0
 11
72.9315
 21
-29.6056
 31
0.0
  0
LINE
  5
D37
  8
0
 62
1
 10
72.9315
 20
-29.6056
 30
0.0
 11
72.925
 21
-29.4
 31
0.0
  0
LINE
  5
D38
  8
0
 62
1
 10
72.925
 20
-29.4
 30
0.0
 11
72.9315
 21
-29.1944
 31
0.0
  0
LINE
  5
D39
  8
0
 62
1
 10
72.9315
 20
-29.1944
 30
0.0
 11
72.9508
 21
-28.9895
 31
0.0
  0
LINE
  5
D3A
  8
0
 62
1
 10
72.9508
 20
-28.9895
 30
0.0
 11
72.983
 21
-28.7863
 31
0.0
  0
LINE
  5
D3B
  8
0
 62
1
 10
72.983
 20
-28.7863
 30
0.0
 11
73.0279
 21
-28.5855
 31
0.0
  0
LINE
  5
D3C
  8
0
 62
1
 10
73.0279
 20
-28.5855
 30
0.0
 11
73.0853
 21
-28.388
 31
0.0
  0
LINE
  5
D3D
  8
0
 62
1
 10
73.0853
 20
-28.388
 30
0.0
 11
73.155
 21
-28.1944
 31
0.0
  0
LINE
  5
D3E
  8
0
 62
1
 10
73.155
 20
-28.1944
 30
0.0
 11
73.2367
 21
-28.0056
 31
0.0
  0
LINE
  5
D3F
  8
0
 62
1
 10
73.2367
 20
-28.0056
 30
0.0
 11
73.3301
 21
-27.8223
 31
0.0
  0
LINE
  5
D40
  8
0
 62
1
 10
73.3301
 20
-27.8223
 30
0.0
 11
73.4348
 21
-27.6452
 31
0.0
  0
LINE
  5
D41
  8
0
 62
1
 10
73.4348
 20
-27.6452
 30
0.0
 11
73.5505
 21
-27.475
 31
0.0
  0
LINE
  5
D42
  8
0
 62
1
 10
73.5505
 20
-27.475
 30
0.0
 11
73.6766
 21
-27.3124
 31
0.0
  0
LINE
  5
D43
  8
0
 62
1
 10
73.6766
 20
-27.3124
 30
0.0
 11
73.8126
 21
-27.1581
 31
0.0
  0
LINE
  5
D44
  8
0
 62
1
 10
73.8126
 20
-27.1581
 30
0.0
 11
73.9581
 21
-27.0126
 31
0.0
  0
LINE
  5
D45
  8
0
 62
1
 10
73.9581
 20
-27.0126
 30
0.0
 11
74.1124
 21
-26.8766
 31
0.0
  0
LINE
  5
D46
  8
0
 62
1
 10
74.1124
 20
-26.8766
 30
0.0
 11
74.275
 21
-26.7505
 31
0.0
  0
LINE
  5
D47
  8
0
 62
1
 10
74.275
 20
-26.7505
 30
0.0
 11
74.4452
 21
-26.6348
 31
0.0
  0
LINE
  5
D48
  8
0
 62
1
 10
74.4452
 20
-26.6348
 30
0.0
 11
74.6223
 21
-26.5301
 31
0.0
  0
LINE
  5
D49
  8
0
 62
1
 10
74.6223
 20
-26.5301
 30
0.0
 11
74.8056
 21
-26.4367
 31
0.0
  0
LINE
  5
D4A
  8
0
 62
1
 10
74.8056
 20
-26.4367
 30
0.0
 11
74.9944
 21
-26.355
 31
0.0
  0
LINE
  5
D4B
  8
0
 62
1
 10
74.9944
 20
-26.355
 30
0.0
 11
75.188
 21
-26.2853
 31
0.0
  0
LINE
  5
D4C
  8
0
 62
1
 10
75.188
 20
-26.2853
 30
0.0
 11
75.3855
 21
-26.2279
 31
0.0
  0
LINE
  5
D4D
  8
0
 62
1
 10
75.3855
 20
-26.2279
 30
0.0
 11
75.5863
 21
-26.183
 31
0.0
  0
LINE
  5
D4E
  8
0
 62
1
 10
75.5863
 20
-26.183
 30
0.0
 11
75.7895
 21
-26.1508
 31
0.0
  0
LINE
  5
D4F
  8
0
 62
1
 10
75.7895
 20
-26.1508
 30
0.0
 11
75.9944
 21
-26.1315
 31
0.0
  0
LINE
  5
D50
  8
0
 62
1
 10
75.9944
 20
-26.1315
 30
0.0
 11
76.2
 21
-26.125
 31
0.0
  0
LINE
  5
D51
  8
0
 62
1
 10
76.2
 20
-26.125
 30
0.0
 11
76.4056
 21
-26.1315
 31
0.0
  0
LINE
  5
D52
  8
0
 62
1
 10
76.4056
 20
-26.1315
 30
0.0
 11
76.6105
 21
-26.1508
 31
0.0
  0
LINE
  5
D53
  8
0
 62
1
 10
76.6105
 20
-26.1508
 30
0.0
 11
76.8137
 21
-26.183
 31
0.0
  0
LINE
  5
D54
  8
0
 62
1
 10
76.8137
 20
-26.183
 30
0.0
 11
77.0145
 21
-26.2279
 31
0.0
  0
LINE
  5
D55
  8
0
 62
1
 10
77.0145
 20
-26.2279
 30
0.0
 11
77.212
 21
-26.2853
 31
0.0
  0
LINE
  5
D56
  8
0
 62
1
 10
77.212
 20
-26.2853
 30
0.0
 11
77.4056
 21
-26.355
 31
0.0
  0
LINE
  5
D57
  8
0
 62
1
 10
77.4056
 20
-26.355
 30
0.0
 11
77.5944
 21
-26.4367
 31
0.0
  0
LINE
  5
D58
  8
0
 62
1
 10
77.5944
 20
-26.4367
 30
0.0
 11
77.7777
 21
-26.5301
 31
0.0
  0
LINE
  5
D59
  8
0
 62
1
 10
77.7777
 20
-26.5301
 30
0.0
 11
77.9548
 21
-26.6348
 31
0.0
  0
LINE
  5
D5A
  8
0
 62
1
 10
77.9548
 20
-26.6348
 30
0.0
 11
78.125
 21
-26.7505
 31
0.0
  0
LINE
  5
D5B
  8
0
 62
1
 10
78.125
 20
-26.7505
 30
0.0
 11
78.2876
 21
-26.8766
 31
0.0
  0
LINE
  5
D5C
  8
0
 62
1
 10
78.2876
 20
-26.8766
 30
0.0
 11
78.4419
 21
-27.0126
 31
0.0
  0
LINE
  5
D5D
  8
0
 62
1
 10
78.4419
 20
-27.0126
 30
0.0
 11
78.5874
 21
-27.1581
 31
0.0
  0
LINE
  5
D5E
  8
0
 62
1
 10
78.5874
 20
-27.1581
 30
0.0
 11
78.7234
 21
-27.3124
 31
0.0
  0
LINE
  5
D5F
  8
0
 62
1
 10
78.7234
 20
-27.3124
 30
0.0
 11
78.8495
 21
-27.475
 31
0.0
  0
LINE
  5
D60
  8
0
 62
1
 10
78.8495
 20
-27.475
 30
0.0
 11
78.9652
 21
-27.6452
 31
0.0
  0
LINE
  5
D61
  8
0
 62
1
 10
78.9652
 20
-27.6452
 30
0.0
 11
79.0699
 21
-27.8223
 31
0.0
  0
LINE
  5
D62
  8
0
 62
1
 10
79.0699
 20
-27.8223
 30
0.0
 11
79.1633
 21
-28.0056
 31
0.0
  0
LINE
  5
D63
  8
0
 62
1
 10
79.1633
 20
-28.0056
 30
0.0
 11
79.245
 21
-28.1944
 31
0.0
  0
LINE
  5
D64
  8
0
 62
1
 10
79.245
 20
-28.1944
 30
0.0
 11
79.3147
 21
-28.388
 31
0.0
  0
LINE
  5
D65
  8
0
 62
1
 10
79.3147
 20
-28.388
 30
0.0
 11
79.3721
 21
-28.5855
 31
0.0
  0
LINE
  5
D66
  8
0
 62
1
 10
79.3721
 20
-28.5855
 30
0.0
 11
79.417
 21
-28.7863
 31
0.0
  0
LINE
  5
D67
  8
0
 62
1
 10
79.417
 20
-28.7863
 30
0.0
 11
79.4492
 21
-28.9895
 31
0.0
  0
LINE
  5
D68
  8
0
 62
1
 10
79.4492
 20
-28.9895
 30
0.0
 11
79.4685
 21
-29.1944
 31
0.0
  0
LINE
  5
D69
  8
0
 62
1
 10
79.4685
 20
-29.1944
 30
0.0
 11
79.475
 21
-29.4
 31
0.0
  0
LINE
  5
D6A
  8
0
 62
1
 10
79.475
 20
-29.4
 30
0.0
 11
79.4685
 21
-29.6056
 31
0.0
  0
LINE
  5
D6B
  8
0
 62
1
 10
79.4685
 20
-29.6056
 30
0.0
 11
79.4492
 21
-29.8105
 31
0.0
  0
LINE
  5
D6C
  8
0
 62
1
 10
79.4492
 20
-29.8105
 30
0.0
 11
79.417
 21
-30.0137
 31
0.0
  0
LINE
  5
D6D
  8
0
 62
1
 10
79.417
 20
-30.0137
 30
0.0
 11
79.3721
 21
-30.2144
 31
0.0
  0
LINE
  5
D6E
  8
0
 62
1
 10
79.3721
 20
-30.2144
 30
0.0
 11
79.3147
 21
-30.412
 31
0.0
  0
LINE
  5
D6F
  8
0
 62
1
 10
79.3147
 20
-30.412
 30
0.0
 11
79.245
 21
-30.6056
 31
0.0
  0
LINE
  5
D70
  8
0
 62
1
 10
79.245
 20
-30.6056
 30
0.0
 11
79.1633
 21
-30.7944
 31
0.0
  0
LINE
  5
D71
  8
0
 62
1
 10
79.1633
 20
-30.7944
 30
0.0
 11
79.0699
 21
-30.9777
 31
0.0
  0
LINE
  5
D72
  8
0
 62
1
 10
79.0699
 20
-30.9777
 30
0.0
 11
78.9652
 21
-31.1548
 31
0.0
  0
LINE
  5
D73
  8
0
 62
1
 10
78.9652
 20
-31.1548
 30
0.0
 11
78.8495
 21
-31.325
 31
0.0
  0
LINE
  5
D74
  8
0
 62
1
 10
78.8495
 20
-31.325
 30
0.0
 11
78.7234
 21
-31.4875
 31
0.0
  0
LINE
  5
D75
  8
0
 62
1
 10
78.7234
 20
-31.4875
 30
0.0
 11
78.5874
 21
-31.6419
 31
0.0
  0
LINE
  5
D76
  8
0
 62
1
 10
78.5874
 20
-31.6419
 30
0.0
 11
78.4419
 21
-31.7874
 31
0.0
  0
LINE
  5
D77
  8
0
 62
1
 10
78.4419
 20
-31.7874
 30
0.0
 11
78.2876
 21
-31.9234
 31
0.0
  0
LINE
  5
D78
  8
0
 62
1
 10
78.2876
 20
-31.9234
 30
0.0
 11
78.125
 21
-32.0495
 31
0.0
  0
LINE
  5
D79
  8
0
 62
1
 10
78.125
 20
-32.0495
 30
0.0
 11
77.9548
 21
-32.1652
 31
0.0
  0
LINE
  5
D7A
  8
0
 62
1
 10
77.9548
 20
-32.1652
 30
0.0
 11
77.7777
 21
-32.2699
 31
0.0
  0
LINE
  5
D7B
  8
0
 62
1
 10
77.7777
 20
-32.2699
 30
0.0
 11
77.5944
 21
-32.3633
 31
0.0
  0
LINE
  5
D7C
  8
0
 62
1
 10
77.5944
 20
-32.3633
 30
0.0
 11
77.4056
 21
-32.445
 31
0.0
  0
LINE
  5
D7D
  8
0
 62
1
 10
77.4056
 20
-32.445
 30
0.0
 11
77.212
 21
-32.5147
 31
0.0
  0
LINE
  5
D7E
  8
0
 62
1
 10
77.212
 20
-32.5147
 30
0.0
 11
77.0145
 21
-32.5721
 31
0.0
  0
LINE
  5
D7F
  8
0
 62
1
 10
77.0145
 20
-32.5721
 30
0.0
 11
76.8137
 21
-32.617
 31
0.0
  0
LINE
  5
D80
  8
0
 62
1
 10
76.8137
 20
-32.617
 30
0.0
 11
76.6105
 21
-32.6492
 31
0.0
  0
LINE
  5
D81
  8
0
 62
1
 10
76.6105
 20
-32.6492
 30
0.0
 11
76.4056
 21
-32.6685
 31
0.0
  0
LINE
  5
D82
  8
0
 62
1
 10
76.4056
 20
-32.6685
 30
0.0
 11
76.2
 21
-32.675
 31
0.0
  0
LINE
  5
D83
  8
0
 62
1
 10
76.2
 20
-32.675
 30
0.0
 11
75.9944
 21
-32.6685
 31
0.0
  0
LINE
  5
D84
  8
0
 62
1
 10
11.426
 20
-32.5627
 30
0.0
 11
10.9393
 21
-32.2376
 31
0.0
  0
LINE
  5
D85
  8
0
 62
1
 10
10.9393
 20
-32.2376
 30
0.0
 11
10.6142
 21
-31.7509
 31
0.0
  0
LINE
  5
D86
  8
0
 62
1
 10
10.6142
 20
-31.7509
 30
0.0
 11
10.5
 21
-31.1769
 31
0.0
  0
LINE
  5
D87
  8
0
 62
1
 10
10.5
 20
-31.1769
 30
0.0
 11
10.6142
 21
-30.6029
 31
0.0
  0
LINE
  5
D88
  8
0
 62
1
 10
10.6142
 20
-30.6029
 30
0.0
 11
10.9393
 21
-30.1162
 31
0.0
  0
LINE
  5
D89
  8
0
 62
1
 10
10.9393
 20
-30.1162
 30
0.0
 11
11.426
 21
-29.7911
 31
0.0
  0
LINE
  5
D8A
  8
0
 62
1
 10
11.426
 20
-29.7911
 30
0.0
 11
12.0
 21
-29.6769
 31
0.0
  0
LINE
  5
D8B
  8
0
 62
1
 10
12.0
 20
-29.6769
 30
0.0
 11
12.574
 21
-29.7911
 31
0.0
  0
LINE
  5
D8C
  8
0
 62
1
 10
12.574
 20
-29.7911
 30
0.0
 11
13.0607
 21
-30.1162
 31
0.0
  0
LINE
  5
D8D
  8
0
 62
1
 10
13.0607
 20
-30.1162
 30
0.0
 11
13.3858
 21
-30.6029
 31
0.0
  0
LINE
  5
D8E
  8
0
 62
1
 10
13.3858
 20
-30.6029
 30
0.0
 11
13.5
 21
-31.1769
 31
0.0
  0
LINE
  5
D8F
  8
0
 62
1
 10
13.5
 20
-31.1769
 30
0.0
 11
13.3858
 21
-31.7509
 31
0.0
  0
LINE
  5
D90
  8
0
 62
1
 10
13.3858
 20
-31.7509
 30
0.0
 11
13.0607
 21
-32.2376
 31
0.0
  0
LINE
  5
D91
  8
0
 62
1
 10
13.0607
 20
-32.2376
 30
0.0
 11
12.574
 21
-32.5627
 31
0.0
  0
LINE
  5
D92
  8
0
 62
1
 10
12.574
 20
-32.5627
 30
0.0
 11
12.0
 21
-32.6769
 31
0.0
  0
LINE
  5
D93
  8
0
 62
1
 10
12.0
 20
-32.6769
 30
0.0
 11
11.426
 21
-32.5627
 31
0.0
  0
LINE
  5
D94
  8
0
 62
1
 10
17.426
 20
-32.5627
 30
0.0
 11
16.9393
 21
-32.2376
 31
0.0
  0
LINE
  5
D95
  8
0
 62
1
 10
16.9393
 20
-32.2376
 30
0.0
 11
16.6142
 21
-31.7509
 31
0.0
  0
LINE
  5
D96
  8
0
 62
1
 10
16.6142
 20
-31.7509
 30
0.0
 11
16.5
 21
-31.1769
 31
0.0
  0
LINE
  5
D97
  8
0
 62
1
 10
16.5
 20
-31.1769
 30
0.0
 11
16.6142
 21
-30.6029
 31
0.0
  0
LINE
  5
D98
  8
0
 62
1
 10
16.6142
 20
-30.6029
 30
0.0
 11
16.9393
 21
-30.1162
 31
0.0
  0
LINE
  5
D99
  8
0
 62
1
 10
16.9393
 20
-30.1162
 30
0.0
 11
17.426
 21
-29.7911
 31
0.0
  0
LINE
  5
D9A
  8
0
 62
1
 10
17.426
 20
-29.7911
 30
0.0
 11
18.0
 21
-29.6769
 31
0.0
  0
LINE
  5
D9B
  8
0
 62
1
 10
18.0
 20
-29.6769
 30
0.0
 11
18.574
 21
-29.7911
 31
0.0
  0
LINE
  5
D9C
  8
0
 62
1
 10
18.574
 20
-29.7911
 30
0.0
 11
19.0607
 21
-30.1162
 31
0.0
  0
LINE
  5
D9D
  8
0
 62
1
 10
19.0607
 20
-30.1162
 30
0.0
 11
19.3858
 21
-30.6029
 31
0.0
  0
LINE
  5
D9E
  8
0
 62
1
 10
19.3858
 20
-30.6029
 30
0.0
 11
19.5
 21
-31.1769
 31
0.0
  0
LINE
  5
D9F
  8
0
 62
1
 10
19.5
 20
-31.1769
 30
0.0
 11
19.3858
 21
-31.7509
 31
0.0
  0
LINE
  5
DA0
  8
0
 62
1
 10
19.3858
 20
-31.7509
 30
0.0
 11
19.0607
 21
-32.2376
 31
0.0
  0
LINE
  5
DA1
  8
0
 62
1
 10
19.0607
 20
-32.2376
 30
0.0
 11
18.574
 21
-32.5627
 31
0.0
  0
LINE
  5
DA2
  8
0
 62
1
 10
18.574
 20
-32.5627
 30
0.0
 11
18.0
 21
-32.6769
 31
0.0
  0
LINE
  5
DA3
  8
0
 62
1
 10
18.0
 20
-32.6769
 30
0.0
 11
17.426
 21
-32.5627
 31
0.0
  0
LINE
  5
DA4
  8
0
 62
1
 10
5.42596
 20
-32.5627
 30
0.0
 11
4.93933
 21
-32.2376
 31
0.0
  0
LINE
  5
DA5
  8
0
 62
1
 10
4.93933
 20
-32.2376
 30
0.0
 11
4.61417
 21
-31.7509
 31
0.0
  0
LINE
  5
DA6
  8
0
 62
1
 10
4.61417
 20
-31.7509
 30
0.0
 11
4.5
 21
-31.1769
 31
0.0
  0
LINE
  5
DA7
  8
0
 62
1
 10
4.5
 20
-31.1769
 30
0.0
 11
4.61417
 21
-30.6029
 31
0.0
  0
LINE
  5
DA8
  8
0
 62
1
 10
4.61417
 20
-30.6029
 30
0.0
 11
4.93933
 21
-30.1162
 31
0.0
  0
LINE
  5
DA9
  8
0
 62
1
 10
4.93933
 20
-30.1162
 30
0.0
 11
5.42596
 21
-29.7911
 31
0.0
  0
LINE
  5
DAA
  8
0
 62
1
 10
5.42596
 20
-29.7911
 30
0.0
 11
6.0
 21
-29.6769
 31
0.0
  0
LINE
  5
DAB
  8
0
 62
1
 10
6.0
 20
-29.6769
 30
0.0
 11
6.57402
 21
-29.7911
 31
0.0
  0
LINE
  5
DAC
  8
0
 62
1
 10
6.57402
 20
-29.7911
 30
0.0
 11
7.06065
 21
-30.1162
 31
0.0
  0
LINE
  5
DAD
  8
0
 62
1
 10
7.06065
 20
-30.1162
 30
0.0
 11
7.38582
 21
-30.6029
 31
0.0
  0
LINE
  5
DAE
  8
0
 62
1
 10
7.38582
 20
-30.6029
 30
0.0
 11
7.5
 21
-31.1769
 31
0.0
  0
LINE
  5
DAF
  8
0
 62
1
 10
7.5
 20
-31.1769
 30
0.0
 11
7.38582
 21
-31.7509
 31
0.0
  0
LINE
  5
DB0
  8
0
 62
1
 10
7.38582
 20
-31.7509
 30
0.0
 11
7.06065
 21
-32.2376
 31
0.0
  0
LINE
  5
DB1
  8
0
 62
1
 10
7.06065
 20
-32.2376
 30
0.0
 11
6.57402
 21
-32.5627
 31
0.0
  0
LINE
  5
DB2
  8
0
 62
1
 10
6.57402
 20
-32.5627
 30
0.0
 11
6.0
 21
-32.6769
 31
0.0
  0
LINE
  5
DB3
  8
0
 62
1
 10
6.0
 20
-32.6769
 30
0.0
 11
5.42596
 21
-32.5627
 31
0.0
  0
LINE
  5
DB4
  8
0
 62
1
 10
29.426
 20
-32.5627
 30
0.0
 11
28.9393
 21
-32.2376
 31
0.0
  0
LINE
  5
DB5
  8
0
 62
1
 10
28.9393
 20
-32.2376
 30
0.0
 11
28.6142
 21
-31.7509
 31
0.0
  0
LINE
  5
DB6
  8
0
 62
1
 10
28.6142
 20
-31.7509
 30
0.0
 11
28.5
 21
-31.1769
 31
0.0
  0
LINE
  5
DB7
  8
0
 62
1
 10
28.5
 20
-31.1769
 30
0.0
 11
28.6142
 21
-30.6029
 31
0.0
  0
LINE
  5
DB8
  8
0
 62
1
 10
28.6142
 20
-30.6029
 30
0.0
 11
28.9393
 21
-30.1162
 31
0.0
  0
LINE
  5
DB9
  8
0
 62
1
 10
28.9393
 20
-30.1162
 30
0.0
 11
29.426
 21
-29.7911
 31
0.0
  0
LINE
  5
DBA
  8
0
 62
1
 10
29.426
 20
-29.7911
 30
0.0
 11
30.0
 21
-29.6769
 31
0.0
  0
LINE
  5
DBB
  8
0
 62
1
 10
30.0
 20
-29.6769
 30
0.0
 11
30.574
 21
-29.7911
 31
0.0
  0
LINE
  5
DBC
  8
0
 62
1
 10
30.574
 20
-29.7911
 30
0.0
 11
31.0607
 21
-30.1162
 31
0.0
  0
LINE
  5
DBD
  8
0
 62
1
 10
31.0607
 20
-30.1162
 30
0.0
 11
31.3858
 21
-30.6029
 31
0.0
  0
LINE
  5
DBE
  8
0
 62
1
 10
31.3858
 20
-30.6029
 30
0.0
 11
31.5
 21
-31.1769
 31
0.0
  0
LINE
  5
DBF
  8
0
 62
1
 10
31.5
 20
-31.1769
 30
0.0
 11
31.3858
 21
-31.7509
 31
0.0
  0
LINE
  5
DC0
  8
0
 62
1
 10
31.3858
 20
-31.7509
 30
0.0
 11
31.0607
 21
-32.2376
 31
0.0
  0
LINE
  5
DC1
  8
0
 62
1
 10
31.0607
 20
-32.2376
 30
0.0
 11
30.574
 21
-32.5627
 31
0.0
  0
LINE
  5
DC2
  8
0
 62
1
 10
30.574
 20
-32.5627
 30
0.0
 11
30.0
 21
-32.6769
 31
0.0
  0
LINE
  5
DC3
  8
0
 62
1
 10
30.0
 20
-32.6769
 30
0.0
 11
29.426
 21
-32.5627
 31
0.0
  0
LINE
  5
DC4
  8
0
 62
1
 10
-12.574
 20
-32.5627
 30
0.0
 11
-13.0607
 21
-32.2376
 31
0.0
  0
LINE
  5
DC5
  8
0
 62
1
 10
-13.0607
 20
-32.2376
 30
0.0
 11
-13.3858
 21
-31.7509
 31
0.0
  0
LINE
  5
DC6
  8
0
 62
1
 10
-13.3858
 20
-31.7509
 30
0.0
 11
-13.5
 21
-31.1769
 31
0.0
  0
LINE
  5
DC7
  8
0
 62
1
 10
-13.5
 20
-31.1769
 30
0.0
 11
-13.3858
 21
-30.6029
 31
0.0
  0
LINE
  5
DC8
  8
0
 62
1
 10
-13.3858
 20
-30.6029
 30
0.0
 11
-13.0607
 21
-30.1162
 31
0.0
  0
LINE
  5
DC9
  8
0
 62
1
 10
-13.0607
 20
-30.1162
 30
0.0
 11
-12.574
 21
-29.7911
 31
0.0
  0
LINE
  5
DCA
  8
0
 62
1
 10
-12.574
 20
-29.7911
 30
0.0
 11
-12.0
 21
-29.6769
 31
0.0
  0
LINE
  5
DCB
  8
0
 62
1
 10
-12.0
 20
-29.6769
 30
0.0
 11
-11.426
 21
-29.7911
 31
0.0
  0
LINE
  5
DCC
  8
0
 62
1
 10
-11.426
 20
-29.7911
 30
0.0
 11
-10.9393
 21
-30.1162
 31
0.0
  0
LINE
  5
DCD
  8
0
 62
1
 10
-10.9393
 20
-30.1162
 30
0.0
 11
-10.6142
 21
-30.6029
 31
0.0
  0
LINE
  5
DCE
  8
0
 62
1
 10
-10.6142
 20
-30.6029
 30
0.0
 11
-10.5
 21
-31.1769
 31
0.0
  0
LINE
  5
DCF
  8
0
 62
1
 10
-10.5
 20
-31.1769
 30
0.0
 11
-10.6142
 21
-31.7509
 31
0.0
  0
LINE
  5
DD0
  8
0
 62
1
 10
-10.6142
 20
-31.7509
 30
0.0
 11
-10.9393
 21
-32.2376
 31
0.0
  0
LINE
  5
DD1
  8
0
 62
1
 10
-10.9393
 20
-32.2376
 30
0.0
 11
-11.426
 21
-32.5627
 31
0.0
  0
LINE
  5
DD2
  8
0
 62
1
 10
-11.426
 20
-32.5627
 30
0.0
 11
-12.0
 21
-32.6769
 31
0.0
  0
LINE
  5
DD3
  8
0
 62
1
 10
-12.0
 20
-32.6769
 30
0.0
 11
-12.574
 21
-32.5627
 31
0.0
  0
LINE
  5
DD4
  8
0
 62
1
 10
-18.574
 20
-32.5627
 30
0.0
 11
-19.0607
 21
-32.2376
 31
0.0
  0
LINE
  5
DD5
  8
0
 62
1
 10
-19.0607
 20
-32.2376
 30
0.0
 11
-19.3858
 21
-31.7509
 31
0.0
  0
LINE
  5
DD6
  8
0
 62
1
 10
-19.3858
 20
-31.7509
 30
0.0
 11
-19.5
 21
-31.1769
 31
0.0
  0
LINE
  5
DD7
  8
0
 62
1
 10
-19.5
 20
-31.1769
 30
0.0
 11
-19.3858
 21
-30.6029
 31
0.0
  0
LINE
  5
DD8
  8
0
 62
1
 10
-19.3858
 20
-30.6029
 30
0.0
 11
-19.0607
 21
-30.1162
 31
0.0
  0
LINE
  5
DD9
  8
0
 62
1
 10
-19.0607
 20
-30.1162
 30
0.0
 11
-18.574
 21
-29.7911
 31
0.0
  0
LINE
  5
DDA
  8
0
 62
1
 10
-18.574
 20
-29.7911
 30
0.0
 11
-18.0
 21
-29.6769
 31
0.0
  0
LINE
  5
DDB
  8
0
 62
1
 10
-18.0
 20
-29.6769
 30
0.0
 11
-17.426
 21
-29.7911
 31
0.0
  0
LINE
  5
DDC
  8
0
 62
1
 10
-17.426
 20
-29.7911
 30
0.0
 11
-16.9393
 21
-30.1162
 31
0.0
  0
LINE
  5
DDD
  8
0
 62
1
 10
-16.9393
 20
-30.1162
 30
0.0
 11
-16.6142
 21
-30.6029
 31
0.0
  0
LINE
  5
DDE
  8
0
 62
1
 10
-16.6142
 20
-30.6029
 30
0.0
 11
-16.5
 21
-31.1769
 31
0.0
  0
LINE
  5
DDF
  8
0
 62
1
 10
-16.5
 20
-31.1769
 30
0.0
 11
-16.6142
 21
-31.7509
 31
0.0
  0
LINE
  5
DE0
  8
0
 62
1
 10
-16.6142
 20
-31.7509
 30
0.0
 11
-16.9393
 21
-32.2376
 31
0.0
  0
LINE
  5
DE1
  8
0
 62
1
 10
-16.9393
 20
-32.2376
 30
0.0
 11
-17.426
 21
-32.5627
 31
0.0
  0
LINE
  5
DE2
  8
0
 62
1
 10
-17.426
 20
-32.5627
 30
0.0
 11
-18.0
 21
-32.6769
 31
0.0
  0
LINE
  5
DE3
  8
0
 62
1
 10
-18.0
 20
-32.6769
 30
0.0
 11
-18.574
 21
-32.5627
 31
0.0
  0
LINE
  5
DE4
  8
0
 62
1
 10
-30.574
 20
-32.5627
 30
0.0
 11
-31.0607
 21
-32.2376
 31
0.0
  0
LINE
  5
DE5
  8
0
 62
1
 10
-31.0607
 20
-32.2376
 30
0.0
 11
-31.3858
 21
-31.7509
 31
0.0
  0
LINE
  5
DE6
  8
0
 62
1
 10
-31.3858
 20
-31.7509
 30
0.0
 11
-31.5
 21
-31.1769
 31
0.0
  0
LINE
  5
DE7
  8
0
 62
1
 10
-31.5
 20
-31.1769
 30
0.0
 11
-31.3858
 21
-30.6029
 31
0.0
  0
LINE
  5
DE8
  8
0
 62
1
 10
-31.3858
 20
-30.6029
 30
0.0
 11
-31.0607
 21
-30.1162
 31
0.0
  0
LINE
  5
DE9
  8
0
 62
1
 10
-31.0607
 20
-30.1162
 30
0.0
 11
-30.574
 21
-29.7911
 31
0.0
  0
LINE
  5
DEA
  8
0
 62
1
 10
-30.574
 20
-29.7911
 30
0.0
 11
-30.0
 21
-29.6769
 31
0.0
  0
LINE
  5
DEB
  8
0
 62
1
 10
-30.0
 20
-29.6769
 30
0.0
 11
-29.426
 21
-29.7911
 31
0.0
  0
LINE
  5
DEC
  8
0
 62
1
 10
-29.426
 20
-29.7911
 30
0.0
 11
-28.9393
 21
-30.1162
 31
0.0
  0
LINE
  5
DED
  8
0
 62
1
 10
-28.9393
 20
-30.1162
 30
0.0
 11
-28.6142
 21
-30.6029
 31
0.0
  0
LINE
  5
DEE
  8
0
 62
1
 10
-28.6142
 20
-30.6029
 30
0.0
 11
-28.5
 21
-31.1769
 31
0.0
  0
LINE
  5
DEF
  8
0
 62
1
 10
-28.5
 20
-31.1769
 30
0.0
 11
-28.6142
 21
-31.7509
 31
0.0
  0
LINE
  5
DF0
  8
0
 62
1
 10
-28.6142
 20
-31.7509
 30
0.0
 11
-28.9393
 21
-32.2376
 31
0.0
  0
LINE
  5
DF1
  8
0
 62
1
 10
-28.9393
 20
-32.2376
 30
0.0
 11
-29.426
 21
-32.5627
 31
0.0
  0
LINE
  5
DF2
  8
0
 62
1
 10
-29.426
 20
-32.5627
 30
0.0
 11
-30.0
 21
-32.6769
 31
0.0
  0
LINE
  5
DF3
  8
0
 62
1
 10
-30.0
 20
-32.6769
 30
0.0
 11
-30.574
 21
-32.5627
 31
0.0
  0
LINE
  5
DF4
  8
0
 62
1
 10
-24.574
 20
-32.5627
 30
0.0
 11
-25.0607
 21
-32.2376
 31
0.0
  0
LINE
  5
DF5
  8
0
 62
1
 10
-25.0607
 20
-32.2376
 30
0.0
 11
-25.3858
 21
-31.7509
 31
0.0
  0
LINE
  5
DF6
  8
0
 62
1
 10
-25.3858
 20
-31.7509
 30
0.0
 11
-25.5
 21
-31.1769
 31
0.0
  0
LINE
  5
DF7
  8
0
 62
1
 10
-25.5
 20
-31.1769
 30
0.0
 11
-25.3858
 21
-30.6029
 31
0.0
  0
LINE
  5
DF8
  8
0
 62
1
 10
-25.3858
 20
-30.6029
 30
0.0
 11
-25.0607
 21
-30.1162
 31
0.0
  0
LINE
  5
DF9
  8
0
 62
1
 10
-25.0607
 20
-30.1162
 30
0.0
 11
-24.574
 21
-29.7911
 31
0.0
  0
LINE
  5
DFA
  8
0
 62
1
 10
-24.574
 20
-29.7911
 30
0.0
 11
-24.0
 21
-29.6769
 31
0.0
  0
LINE
  5
DFB
  8
0
 62
1
 10
-24.0
 20
-29.6769
 30
0.0
 11
-23.426
 21
-29.7911
 31
0.0
  0
LINE
  5
DFC
  8
0
 62
1
 10
-23.426
 20
-29.7911
 30
0.0
 11
-22.9393
 21
-30.1162
 31
0.0
  0
LINE
  5
DFD
  8
0
 62
1
 10
-22.9393
 20
-30.1162
 30
0.0
 11
-22.6142
 21
-30.6029
 31
0.0
  0
LINE
  5
DFE
  8
0
 62
1
 10
-22.6142
 20
-30.6029
 30
0.0
 11
-22.5
 21
-31.1769
 31
0.0
  0
LINE
  5
DFF
  8
0
 62
1
 10
-22.5
 20
-31.1769
 30
0.0
 11
-22.6142
 21
-31.7509
 31
0.0
  0
LINE
  5
E00
  8
0
 62
1
 10
-22.6142
 20
-31.7509
 30
0.0
 11
-22.9393
 21
-32.2376
 31
0.0
  0
LINE
  5
E01
  8
0
 62
1
 10
-22.9393
 20
-32.2376
 30
0.0
 11
-23.426
 21
-32.5627
 31
0.0
  0
LINE
  5
E02
  8
0
 62
1
 10
-23.426
 20
-32.5627
 30
0.0
 11
-24.0
 21
-32.6769
 31
0.0
  0
LINE
  5
E03
  8
0
 62
1
 10
-24.0
 20
-32.6769
 30
0.0
 11
-24.574
 21
-32.5627
 31
0.0
  0
LINE
  5
E04
  8
0
 62
1
 10
-6.57402
 20
-32.5627
 30
0.0
 11
-7.06065
 21
-32.2376
 31
0.0
  0
LINE
  5
E05
  8
0
 62
1
 10
-7.06065
 20
-32.2376
 30
0.0
 11
-7.38582
 21
-31.7509
 31
0.0
  0
LINE
  5
E06
  8
0
 62
1
 10
-7.38582
 20
-31.7509
 30
0.0
 11
-7.5
 21
-31.1769
 31
0.0
  0
LINE
  5
E07
  8
0
 62
1
 10
-7.5
 20
-31.1769
 30
0.0
 11
-7.38582
 21
-30.6029
 31
0.0
  0
LINE
  5
E08
  8
0
 62
1
 10
-7.38582
 20
-30.6029
 30
0.0
 11
-7.06065
 21
-30.1162
 31
0.0
  0
LINE
  5
E09
  8
0
 62
1
 10
-7.06065
 20
-30.1162
 30
0.0
 11
-6.57402
 21
-29.7911
 31
0.0
  0
LINE
  5
E0A
  8
0
 62
1
 10
-6.57402
 20
-29.7911
 30
0.0
 11
-6.0
 21
-29.6769
 31
0.0
  0
LINE
  5
E0B
  8
0
 62
1
 10
-6.0
 20
-29.6769
 30
0.0
 11
-5.42596
 21
-29.7911
 31
0.0
  0
LINE
  5
E0C
  8
0
 62
1
 10
-5.42596
 20
-29.7911
 30
0.0
 11
-4.93933
 21
-30.1162
 31
0.0
  0
LINE
  5
E0D
  8
0
 62
1
 10
-4.93933
 20
-30.1162
 30
0.0
 11
-4.61417
 21
-30.6029
 31
0.0
  0
LINE
  5
E0E
  8
0
 62
1
 10
-4.61417
 20
-30.6029
 30
0.0
 11
-4.5
 21
-31.1769
 31
0.0
  0
LINE
  5
E0F
  8
0
 62
1
 10
-4.5
 20
-31.1769
 30
0.0
 11
-4.61417
 21
-31.7509
 31
0.0
  0
LINE
  5
E10
  8
0
 62
1
 10
-4.61417
 20
-31.7509
 30
0.0
 11
-4.93933
 21
-32.2376
 31
0.0
  0
LINE
  5
E11
  8
0
 62
1
 10
-4.93933
 20
-32.2376
 30
0.0
 11
-5.42596
 21
-32.5627
 31
0.0
  0
LINE
  5
E12
  8
0
 62
1
 10
-5.42596
 20
-32.5627
 30
0.0
 11
-6.0
 21
-32.6769
 31
0.0
  0
LINE
  5
E13
  8
0
 62
1
 10
-6.0
 20
-32.6769
 30
0.0
 11
-6.57402
 21
-32.5627
 31
0.0
  0
LINE
  5
E14
  8
0
 62
1
 10
-0.57402
 20
-32.5627
 30
0.0
 11
-1.06065
 21
-32.2376
 31
0.0
  0
LINE
  5
E15
  8
0
 62
1
 10
-1.06065
 20
-32.2376
 30
0.0
 11
-1.38582
 21
-31.7509
 31
0.0
  0
LINE
  5
E16
  8
0
 62
1
 10
-1.38582
 20
-31.7509
 30
0.0
 11
-1.5
 21
-31.1769
 31
0.0
  0
LINE
  5
E17
  8
0
 62
1
 10
-1.5
 20
-31.1769
 30
0.0
 11
-1.38582
 21
-30.6029
 31
0.0
  0
LINE
  5
E18
  8
0
 62
1
 10
-1.38582
 20
-30.6029
 30
0.0
 11
-1.06065
 21
-30.1162
 31
0.0
  0
LINE
  5
E19
  8
0
 62
1
 10
-1.06065
 20
-30.1162
 30
0.0
 11
-0.57402
 21
-29.7911
 31
0.0
  0
LINE
  5
E1A
  8
0
 62
1
 10
-0.57402
 20
-29.7911
 30
0.0
 11
0.0
 21
-29.6769
 31
0.0
  0
LINE
  5
E1B
  8
0
 62
1
 10
0.0
 20
-29.6769
 30
0.0
 11
0.57402
 21
-29.7911
 31
0.0
  0
LINE
  5
E1C
  8
0
 62
1
 10
0.57402
 20
-29.7911
 30
0.0
 11
1.06065
 21
-30.1162
 31
0.0
  0
LINE
  5
E1D
  8
0
 62
1
 10
1.06065
 20
-30.1162
 30
0.0
 11
1.38582
 21
-30.6029
 31
0.0
  0
LINE
  5
E1E
  8
0
 62
1
 10
1.38582
 20
-30.6029
 30
0.0
 11
1.5
 21
-31.1769
 31
0.0
  0
LINE
  5
E1F
  8
0
 62
1
 10
1.5
 20
-31.1769
 30
0.0
 11
1.38582
 21
-31.7509
 31
0.0
  0
LINE
  5
E20
  8
0
 62
1
 10
1.38582
 20
-31.7509
 30
0.0
 11
1.06065
 21
-32.2376
 31
0.0
  0
LINE
  5
E21
  8
0
 62
1
 10
1.06065
 20
-32.2376
 30
0.0
 11
0.57402
 21
-32.5627
 31
0.0
  0
LINE
  5
E22
  8
0
 62
1
 10
0.57402
 20
-32.5627
 30
0.0
 11
0.0
 21
-32.6769
 31
0.0
  0
LINE
  5
E23
  8
0
 62
1
 10
0.0
 20
-32.6769
 30
0.0
 11
-0.57402
 21
-32.5627
 31
0.0
  0
LINE
  5
E24
  8
0
 62
1
 10
23.426
 20
-32.5627
 30
0.0
 11
22.9393
 21
-32.2376
 31
0.0
  0
LINE
  5
E25
  8
0
 62
1
 10
22.9393
 20
-32.2376
 30
0.0
 11
22.6142
 21
-31.7509
 31
0.0
  0
LINE
  5
E26
  8
0
 62
1
 10
22.6142
 20
-31.7509
 30
0.0
 11
22.5
 21
-31.1769
 31
0.0
  0
LINE
  5
E27
  8
0
 62
1
 10
22.5
 20
-31.1769
 30
0.0
 11
22.6142
 21
-30.6029
 31
0.0
  0
LINE
  5
E28
  8
0
 62
1
 10
22.6142
 20
-30.6029
 30
0.0
 11
22.9393
 21
-30.1162
 31
0.0
  0
LINE
  5
E29
  8
0
 62
1
 10
22.9393
 20
-30.1162
 30
0.0
 11
23.426
 21
-29.7911
 31
0.0
  0
LINE
  5
E2A
  8
0
 62
1
 10
23.426
 20
-29.7911
 30
0.0
 11
24.0
 21
-29.6769
 31
0.0
  0
LINE
  5
E2B
  8
0
 62
1
 10
24.0
 20
-29.6769
 30
0.0
 11
24.574
 21
-29.7911
 31
0.0
  0
LINE
  5
E2C
  8
0
 62
1
 10
24.574
 20
-29.7911
 30
0.0
 11
25.0607
 21
-30.1162
 31
0.0
  0
LINE
  5
E2D
  8
0
 62
1
 10
25.0607
 20
-30.1162
 30
0.0
 11
25.3858
 21
-30.6029
 31
0.0
  0
LINE
  5
E2E
  8
0
 62
1
 10
25.3858
 20
-30.6029
 30
0.0
 11
25.5
 21
-31.1769
 31
0.0
  0
LINE
  5
E2F
  8
0
 62
1
 10
25.5
 20
-31.1769
 30
0.0
 11
25.3858
 21
-31.7509
 31
0.0
  0
LINE
  5
E30
  8
0
 62
1
 10
25.3858
 20
-31.7509
 30
0.0
 11
25.0607
 21
-32.2376
 31
0.0
  0
LINE
  5
E31
  8
0
 62
1
 10
25.0607
 20
-32.2376
 30
0.0
 11
24.574
 21
-32.5627
 31
0.0
  0
LINE
  5
E32
  8
0
 62
1
 10
24.574
 20
-32.5627
 30
0.0
 11
24.0
 21
-32.6769
 31
0.0
  0
LINE
  5
E33
  8
0
 62
1
 10
24.0
 20
-32.6769
 30
0.0
 11
23.426
 21
-32.5627
 31
0.0
  0
LINE
  5
E34
  8
0
 62
1
 10
20.426
 20
-37.7589
 30
0.0
 11
19.9393
 21
-37.4337
 31
0.0
  0
LINE
  5
E35
  8
0
 62
1
 10
19.9393
 20
-37.4337
 30
0.0
 11
19.6142
 21
-36.9471
 31
0.0
  0
LINE
  5
E36
  8
0
 62
1
 10
19.6142
 20
-36.9471
 30
0.0
 11
19.5
 21
-36.3731
 31
0.0
  0
LINE
  5
E37
  8
0
 62
1
 10
19.5
 20
-36.3731
 30
0.0
 11
19.6142
 21
-35.799
 31
0.0
  0
LINE
  5
E38
  8
0
 62
1
 10
19.6142
 20
-35.799
 30
0.0
 11
19.9393
 21
-35.3124
 31
0.0
  0
LINE
  5
E39
  8
0
 62
1
 10
19.9393
 20
-35.3124
 30
0.0
 11
20.426
 21
-34.9872
 31
0.0
  0
LINE
  5
E3A
  8
0
 62
1
 10
20.426
 20
-34.9872
 30
0.0
 11
21.0
 21
-34.8731
 31
0.0
  0
LINE
  5
E3B
  8
0
 62
1
 10
21.0
 20
-34.8731
 30
0.0
 11
21.574
 21
-34.9872
 31
0.0
  0
LINE
  5
E3C
  8
0
 62
1
 10
21.574
 20
-34.9872
 30
0.0
 11
22.0607
 21
-35.3124
 31
0.0
  0
LINE
  5
E3D
  8
0
 62
1
 10
22.0607
 20
-35.3124
 30
0.0
 11
22.3858
 21
-35.799
 31
0.0
  0
LINE
  5
E3E
  8
0
 62
1
 10
22.3858
 20
-35.799
 30
0.0
 11
22.5
 21
-36.3731
 31
0.0
  0
LINE
  5
E3F
  8
0
 62
1
 10
22.5
 20
-36.3731
 30
0.0
 11
22.3858
 21
-36.9471
 31
0.0
  0
LINE
  5
E40
  8
0
 62
1
 10
22.3858
 20
-36.9471
 30
0.0
 11
22.0607
 21
-37.4337
 31
0.0
  0
LINE
  5
E41
  8
0
 62
1
 10
22.0607
 20
-37.4337
 30
0.0
 11
21.574
 21
-37.7589
 31
0.0
  0
LINE
  5
E42
  8
0
 62
1
 10
21.574
 20
-37.7589
 30
0.0
 11
21.0
 21
-37.8731
 31
0.0
  0
LINE
  5
E43
  8
0
 62
1
 10
21.0
 20
-37.8731
 30
0.0
 11
20.426
 21
-37.7589
 31
0.0
  0
LINE
  5
E44
  8
0
 62
1
 10
2.42596
 20
-37.7589
 30
0.0
 11
1.93933
 21
-37.4337
 31
0.0
  0
LINE
  5
E45
  8
0
 62
1
 10
1.93933
 20
-37.4337
 30
0.0
 11
1.61417
 21
-36.9471
 31
0.0
  0
LINE
  5
E46
  8
0
 62
1
 10
1.61417
 20
-36.9471
 30
0.0
 11
1.5
 21
-36.3731
 31
0.0
  0
LINE
  5
E47
  8
0
 62
1
 10
1.5
 20
-36.3731
 30
0.0
 11
1.61417
 21
-35.799
 31
0.0
  0
LINE
  5
E48
  8
0
 62
1
 10
1.61417
 20
-35.799
 30
0.0
 11
1.93933
 21
-35.3124
 31
0.0
  0
LINE
  5
E49
  8
0
 62
1
 10
1.93933
 20
-35.3124
 30
0.0
 11
2.42596
 21
-34.9872
 31
0.0
  0
LINE
  5
E4A
  8
0
 62
1
 10
2.42596
 20
-34.9872
 30
0.0
 11
3.0
 21
-34.8731
 31
0.0
  0
LINE
  5
E4B
  8
0
 62
1
 10
3.0
 20
-34.8731
 30
0.0
 11
3.57402
 21
-34.9872
 31
0.0
  0
LINE
  5
E4C
  8
0
 62
1
 10
3.57402
 20
-34.9872
 30
0.0
 11
4.06065
 21
-35.3124
 31
0.0
  0
LINE
  5
E4D
  8
0
 62
1
 10
4.06065
 20
-35.3124
 30
0.0
 11
4.38582
 21
-35.799
 31
0.0
  0
LINE
  5
E4E
  8
0
 62
1
 10
4.38582
 20
-35.799
 30
0.0
 11
4.5
 21
-36.3731
 31
0.0
  0
LINE
  5
E4F
  8
0
 62
1
 10
4.5
 20
-36.3731
 30
0.0
 11
4.38582
 21
-36.9471
 31
0.0
  0
LINE
  5
E50
  8
0
 62
1
 10
4.38582
 20
-36.9471
 30
0.0
 11
4.06065
 21
-37.4337
 31
0.0
  0
LINE
  5
E51
  8
0
 62
1
 10
4.06065
 20
-37.4337
 30
0.0
 11
3.57402
 21
-37.7589
 31
0.0
  0
LINE
  5
E52
  8
0
 62
1
 10
3.57402
 20
-37.7589
 30
0.0
 11
3.0
 21
-37.8731
 31
0.0
  0
LINE
  5
E53
  8
0
 62
1
 10
3.0
 20
-37.8731
 30
0.0
 11
2.42596
 21
-37.7589
 31
0.0
  0
LINE
  5
E54
  8
0
 62
1
 10
-21.574
 20
-37.7589
 30
0.0
 11
-22.0607
 21
-37.4337
 31
0.0
  0
LINE
  5
E55
  8
0
 62
1
 10
-22.0607
 20
-37.4337
 30
0.0
 11
-22.3858
 21
-36.9471
 31
0.0
  0
LINE
  5
E56
  8
0
 62
1
 10
-22.3858
 20
-36.9471
 30
0.0
 11
-22.5
 21
-36.3731
 31
0.0
  0
LINE
  5
E57
  8
0
 62
1
 10
-22.5
 20
-36.3731
 30
0.0
 11
-22.3858
 21
-35.799
 31
0.0
  0
LINE
  5
E58
  8
0
 62
1
 10
-22.3858
 20
-35.799
 30
0.0
 11
-22.0607
 21
-35.3124
 31
0.0
  0
LINE
  5
E59
  8
0
 62
1
 10
-22.0607
 20
-35.3124
 30
0.0
 11
-21.574
 21
-34.9872
 31
0.0
  0
LINE
  5
E5A
  8
0
 62
1
 10
-21.574
 20
-34.9872
 30
0.0
 11
-21.0
 21
-34.8731
 31
0.0
  0
LINE
  5
E5B
  8
0
 62
1
 10
-21.0
 20
-34.8731
 30
0.0
 11
-20.426
 21
-34.9872
 31
0.0
  0
LINE
  5
E5C
  8
0
 62
1
 10
-20.426
 20
-34.9872
 30
0.0
 11
-19.9393
 21
-35.3124
 31
0.0
  0
LINE
  5
E5D
  8
0
 62
1
 10
-19.9393
 20
-35.3124
 30
0.0
 11
-19.6142
 21
-35.799
 31
0.0
  0
LINE
  5
E5E
  8
0
 62
1
 10
-19.6142
 20
-35.799
 30
0.0
 11
-19.5
 21
-36.3731
 31
0.0
  0
LINE
  5
E5F
  8
0
 62
1
 10
-19.5
 20
-36.3731
 30
0.0
 11
-19.6142
 21
-36.9471
 31
0.0
  0
LINE
  5
E60
  8
0
 62
1
 10
-19.6142
 20
-36.9471
 30
0.0
 11
-19.9393
 21
-37.4337
 31
0.0
  0
LINE
  5
E61
  8
0
 62
1
 10
-19.9393
 20
-37.4337
 30
0.0
 11
-20.426
 21
-37.7589
 31
0.0
  0
LINE
  5
E62
  8
0
 62
1
 10
-20.426
 20
-37.7589
 30
0.0
 11
-21.0
 21
-37.8731
 31
0.0
  0
LINE
  5
E63
  8
0
 62
1
 10
-21.0
 20
-37.8731
 30
0.0
 11
-21.574
 21
-37.7589
 31
0.0
  0
LINE
  5
E64
  8
0
 62
1
 10
-9.57402
 20
-37.7589
 30
0.0
 11
-10.0607
 21
-37.4337
 31
0.0
  0
LINE
  5
E65
  8
0
 62
1
 10
-10.0607
 20
-37.4337
 30
0.0
 11
-10.3858
 21
-36.9471
 31
0.0
  0
LINE
  5
E66
  8
0
 62
1
 10
-10.3858
 20
-36.9471
 30
0.0
 11
-10.5
 21
-36.3731
 31
0.0
  0
LINE
  5
E67
  8
0
 62
1
 10
-10.5
 20
-36.3731
 30
0.0
 11
-10.3858
 21
-35.799
 31
0.0
  0
LINE
  5
E68
  8
0
 62
1
 10
-10.3858
 20
-35.799
 30
0.0
 11
-10.0607
 21
-35.3124
 31
0.0
  0
LINE
  5
E69
  8
0
 62
1
 10
-10.0607
 20
-35.3124
 30
0.0
 11
-9.57402
 21
-34.9872
 31
0.0
  0
LINE
  5
E6A
  8
0
 62
1
 10
-9.57402
 20
-34.9872
 30
0.0
 11
-9.0
 21
-34.8731
 31
0.0
  0
LINE
  5
E6B
  8
0
 62
1
 10
-9.0
 20
-34.8731
 30
0.0
 11
-8.42596
 21
-34.9872
 31
0.0
  0
LINE
  5
E6C
  8
0
 62
1
 10
-8.42596
 20
-34.9872
 30
0.0
 11
-7.93933
 21
-35.3124
 31
0.0
  0
LINE
  5
E6D
  8
0
 62
1
 10
-7.93933
 20
-35.3124
 30
0.0
 11
-7.61417
 21
-35.799
 31
0.0
  0
LINE
  5
E6E
  8
0
 62
1
 10
-7.61417
 20
-35.799
 30
0.0
 11
-7.5
 21
-36.3731
 31
0.0
  0
LINE
  5
E6F
  8
0
 62
1
 10
-7.5
 20
-36.3731
 30
0.0
 11
-7.61417
 21
-36.9471
 31
0.0
  0
LINE
  5
E70
  8
0
 62
1
 10
-7.61417
 20
-36.9471
 30
0.0
 11
-7.93933
 21
-37.4337
 31
0.0
  0
LINE
  5
E71
  8
0
 62
1
 10
-7.93933
 20
-37.4337
 30
0.0
 11
-8.42596
 21
-37.7589
 31
0.0
  0
LINE
  5
E72
  8
0
 62
1
 10
-8.42596
 20
-37.7589
 30
0.0
 11
-9.0
 21
-37.8731
 31
0.0
  0
LINE
  5
E73
  8
0
 62
1
 10
-9.0
 20
-37.8731
 30
0.0
 11
-9.57402
 21
-37.7589
 31
0.0
  0
LINE
  5
E74
  8
0
 62
1
 10
-3.57402
 20
-37.7589
 30
0.0
 11
-4.06065
 21
-37.4337
 31
0.0
  0
LINE
  5
E75
  8
0
 62
1
 10
-4.06065
 20
-37.4337
 30
0.0
 11
-4.38582
 21
-36.9471
 31
0.0
  0
LINE
  5
E76
  8
0
 62
1
 10
-4.38582
 20
-36.9471
 30
0.0
 11
-4.5
 21
-36.3731
 31
0.0
  0
LINE
  5
E77
  8
0
 62
1
 10
-4.5
 20
-36.3731
 30
0.0
 11
-4.38582
 21
-35.799
 31
0.0
  0
LINE
  5
E78
  8
0
 62
1
 10
-4.38582
 20
-35.799
 30
0.0
 11
-4.06065
 21
-35.3124
 31
0.0
  0
LINE
  5
E79
  8
0
 62
1
 10
-4.06065
 20
-35.3124
 30
0.0
 11
-3.57402
 21
-34.9872
 31
0.0
  0
LINE
  5
E7A
  8
0
 62
1
 10
-3.57402
 20
-34.9872
 30
0.0
 11
-3.0
 21
-34.8731
 31
0.0
  0
LINE
  5
E7B
  8
0
 62
1
 10
-3.0
 20
-34.8731
 30
0.0
 11
-2.42596
 21
-34.9872
 31
0.0
  0
LINE
  5
E7C
  8
0
 62
1
 10
-2.42596
 20
-34.9872
 30
0.0
 11
-1.93933
 21
-35.3124
 31
0.0
  0
LINE
  5
E7D
  8
0
 62
1
 10
-1.93933
 20
-35.3124
 30
0.0
 11
-1.61417
 21
-35.799
 31
0.0
  0
LINE
  5
E7E
  8
0
 62
1
 10
-1.61417
 20
-35.799
 30
0.0
 11
-1.5
 21
-36.3731
 31
0.0
  0
LINE
  5
E7F
  8
0
 62
1
 10
-1.5
 20
-36.3731
 30
0.0
 11
-1.61417
 21
-36.9471
 31
0.0
  0
LINE
  5
E80
  8
0
 62
1
 10
-1.61417
 20
-36.9471
 30
0.0
 11
-1.93933
 21
-37.4337
 31
0.0
  0
LINE
  5
E81
  8
0
 62
1
 10
-1.93933
 20
-37.4337
 30
0.0
 11
-2.42596
 21
-37.7589
 31
0.0
  0
LINE
  5
E82
  8
0
 62
1
 10
-2.42596
 20
-37.7589
 30
0.0
 11
-3.0
 21
-37.8731
 31
0.0
  0
LINE
  5
E83
  8
0
 62
1
 10
-3.0
 20
-37.8731
 30
0.0
 11
-3.57402
 21
-37.7589
 31
0.0
  0
LINE
  5
E84
  8
0
 62
1
 10
8.42596
 20
-37.7589
 30
0.0
 11
7.93933
 21
-37.4337
 31
0.0
  0
LINE
  5
E85
  8
0
 62
1
 10
7.93933
 20
-37.4337
 30
0.0
 11
7.61417
 21
-36.9471
 31
0.0
  0
LINE
  5
E86
  8
0
 62
1
 10
7.61417
 20
-36.9471
 30
0.0
 11
7.5
 21
-36.3731
 31
0.0
  0
LINE
  5
E87
  8
0
 62
1
 10
7.5
 20
-36.3731
 30
0.0
 11
7.61417
 21
-35.799
 31
0.0
  0
LINE
  5
E88
  8
0
 62
1
 10
7.61417
 20
-35.799
 30
0.0
 11
7.93933
 21
-35.3124
 31
0.0
  0
LINE
  5
E89
  8
0
 62
1
 10
7.93933
 20
-35.3124
 30
0.0
 11
8.42596
 21
-34.9872
 31
0.0
  0
LINE
  5
E8A
  8
0
 62
1
 10
8.42596
 20
-34.9872
 30
0.0
 11
9.0
 21
-34.8731
 31
0.0
  0
LINE
  5
E8B
  8
0
 62
1
 10
9.0
 20
-34.8731
 30
0.0
 11
9.57402
 21
-34.9872
 31
0.0
  0
LINE
  5
E8C
  8
0
 62
1
 10
9.57402
 20
-34.9872
 30
0.0
 11
10.0607
 21
-35.3124
 31
0.0
  0
LINE
  5
E8D
  8
0
 62
1
 10
10.0607
 20
-35.3124
 30
0.0
 11
10.3858
 21
-35.799
 31
0.0
  0
LINE
  5
E8E
  8
0
 62
1
 10
10.3858
 20
-35.799
 30
0.0
 11
10.5
 21
-36.3731
 31
0.0
  0
LINE
  5
E8F
  8
0
 62
1
 10
10.5
 20
-36.3731
 30
0.0
 11
10.3858
 21
-36.9471
 31
0.0
  0
LINE
  5
E90
  8
0
 62
1
 10
10.3858
 20
-36.9471
 30
0.0
 11
10.0607
 21
-37.4337
 31
0.0
  0
LINE
  5
E91
  8
0
 62
1
 10
10.0607
 20
-37.4337
 30
0.0
 11
9.57402
 21
-37.7589
 31
0.0
  0
LINE
  5
E92
  8
0
 62
1
 10
9.57402
 20
-37.7589
 30
0.0
 11
9.0
 21
-37.8731
 31
0.0
  0
LINE
  5
E93
  8
0
 62
1
 10
9.0
 20
-37.8731
 30
0.0
 11
8.42596
 21
-37.7589
 31
0.0
  0
LINE
  5
E94
  8
0
 62
1
 10
14.426
 20
-37.7589
 30
0.0
 11
13.9393
 21
-37.4337
 31
0.0
  0
LINE
  5
E95
  8
0
 62
1
 10
13.9393
 20
-37.4337
 30
0.0
 11
13.6142
 21
-36.9471
 31
0.0
  0
LINE
  5
E96
  8
0
 62
1
 10
13.6142
 20
-36.9471
 30
0.0
 11
13.5
 21
-36.3731
 31
0.0
  0
LINE
  5
E97
  8
0
 62
1
 10
13.5
 20
-36.3731
 30
0.0
 11
13.6142
 21
-35.799
 31
0.0
  0
LINE
  5
E98
  8
0
 62
1
 10
13.6142
 20
-35.799
 30
0.0
 11
13.9393
 21
-35.3124
 31
0.0
  0
LINE
  5
E99
  8
0
 62
1
 10
13.9393
 20
-35.3124
 30
0.0
 11
14.426
 21
-34.9872
 31
0.0
  0
LINE
  5
E9A
  8
0
 62
1
 10
14.426
 20
-34.9872
 30
0.0
 11
15.0
 21
-34.8731
 31
0.0
  0
LINE
  5
E9B
  8
0
 62
1
 10
15.0
 20
-34.8731
 30
0.0
 11
15.574
 21
-34.9872
 31
0.0
  0
LINE
  5
E9C
  8
0
 62
1
 10
15.574
 20
-34.9872
 30
0.0
 11
16.0607
 21
-35.3124
 31
0.0
  0
LINE
  5
E9D
  8
0
 62
1
 10
16.0607
 20
-35.3124
 30
0.0
 11
16.3858
 21
-35.799
 31
0.0
  0
LINE
  5
E9E
  8
0
 62
1
 10
16.3858
 20
-35.799
 30
0.0
 11
16.5
 21
-36.3731
 31
0.0
  0
LINE
  5
E9F
  8
0
 62
1
 10
16.5
 20
-36.3731
 30
0.0
 11
16.3858
 21
-36.9471
 31
0.0
  0
LINE
  5
EA0
  8
0
 62
1
 10
16.3858
 20
-36.9471
 30
0.0
 11
16.0607
 21
-37.4337
 31
0.0
  0
LINE
  5
EA1
  8
0
 62
1
 10
16.0607
 20
-37.4337
 30
0.0
 11
15.574
 21
-37.7589
 31
0.0
  0
LINE
  5
EA2
  8
0
 62
1
 10
15.574
 20
-37.7589
 30
0.0
 11
15.0
 21
-37.8731
 31
0.0
  0
LINE
  5
EA3
  8
0
 62
1
 10
15.0
 20
-37.8731
 30
0.0
 11
14.426
 21
-37.7589
 31
0.0
  0
LINE
  5
EA4
  8
0
 62
1
 10
-15.574
 20
-37.7589
 30
0.0
 11
-16.0607
 21
-37.4337
 31
0.0
  0
LINE
  5
EA5
  8
0
 62
1
 10
-16.0607
 20
-37.4337
 30
0.0
 11
-16.3858
 21
-36.9471
 31
0.0
  0
LINE
  5
EA6
  8
0
 62
1
 10
-16.3858
 20
-36.9471
 30
0.0
 11
-16.5
 21
-36.3731
 31
0.0
  0
LINE
  5
EA7
  8
0
 62
1
 10
-16.5
 20
-36.3731
 30
0.0
 11
-16.3858
 21
-35.799
 31
0.0
  0
LINE
  5
EA8
  8
0
 62
1
 10
-16.3858
 20
-35.799
 30
0.0
 11
-16.0607
 21
-35.3124
 31
0.0
  0
LINE
  5
EA9
  8
0
 62
1
 10
-16.0607
 20
-35.3124
 30
0.0
 11
-15.574
 21
-34.9872
 31
0.0
  0
LINE
  5
EAA
  8
0
 62
1
 10
-15.574
 20
-34.9872
 30
0.0
 11
-15.0
 21
-34.8731
 31
0.0
  0
LINE
  5
EAB
  8
0
 62
1
 10
-15.0
 20
-34.8731
 30
0.0
 11
-14.426
 21
-34.9872
 31
0.0
  0
LINE
  5
EAC
  8
0
 62
1
 10
-14.426
 20
-34.9872
 30
0.0
 11
-13.9393
 21
-35.3124
 31
0.0
  0
LINE
  5
EAD
  8
0
 62
1
 10
-13.9393
 20
-35.3124
 30
0.0
 11
-13.6142
 21
-35.799
 31
0.0
  0
LINE
  5
EAE
  8
0
 62
1
 10
-13.6142
 20
-35.799
 30
0.0
 11
-13.5
 21
-36.3731
 31
0.0
  0
LINE
  5
EAF
  8
0
 62
1
 10
-13.5
 20
-36.3731
 30
0.0
 11
-13.6142
 21
-36.9471
 31
0.0
  0
LINE
  5
EB0
  8
0
 62
1
 10
-13.6142
 20
-36.9471
 30
0.0
 11
-13.9393
 21
-37.4337
 31
0.0
  0
LINE
  5
EB1
  8
0
 62
1
 10
-13.9393
 20
-37.4337
 30
0.0
 11
-14.426
 21
-37.7589
 31
0.0
  0
LINE
  5
EB2
  8
0
 62
1
 10
-14.426
 20
-37.7589
 30
0.0
 11
-15.0
 21
-37.8731
 31
0.0
  0
LINE
  5
EB3
  8
0
 62
1
 10
-15.0
 20
-37.8731
 30
0.0
 11
-15.574
 21
-37.7589
 31
0.0
  0
LINE
  5
EB4
  8
0
 62
1
 10
-41.3991
 20
-43.6203
 30
0.0
 11
-41.5477
 21
-43.6063
 31
0.0
  0
LINE
  5
EB5
  8
0
 62
1
 10
-41.5477
 20
-43.6063
 30
0.0
 11
-41.695
 21
-43.5829
 31
0.0
  0
LINE
  5
EB6
  8
0
 62
1
 10
-41.695
 20
-43.5829
 30
0.0
 11
-41.8406
 21
-43.5504
 31
0.0
  0
LINE
  5
EB7
  8
0
 62
1
 10
-41.8406
 20
-43.5504
 30
0.0
 11
-41.9839
 21
-43.5088
 31
0.0
  0
LINE
  5
EB8
  8
0
 62
1
 10
-41.9839
 20
-43.5088
 30
0.0
 11
-42.1243
 21
-43.4582
 31
0.0
  0
LINE
  5
EB9
  8
0
 62
1
 10
-42.1243
 20
-43.4582
 30
0.0
 11
-42.2612
 21
-43.399
 31
0.0
  0
LINE
  5
EBA
  8
0
 62
1
 10
-42.2612
 20
-43.399
 30
0.0
 11
-42.3941
 21
-43.3312
 31
0.0
  0
LINE
  5
EBB
  8
0
 62
1
 10
-42.3941
 20
-43.3312
 30
0.0
 11
-42.5226
 21
-43.2553
 31
0.0
  0
LINE
  5
EBC
  8
0
 62
1
 10
-42.5226
 20
-43.2553
 30
0.0
 11
-42.646
 21
-43.1714
 31
0.0
  0
LINE
  5
EBD
  8
0
 62
1
 10
-42.646
 20
-43.1714
 30
0.0
 11
-42.7639
 21
-43.08
 31
0.0
  0
LINE
  5
EBE
  8
0
 62
1
 10
-42.7639
 20
-43.08
 30
0.0
 11
-42.8758
 21
-42.9813
 31
0.0
  0
LINE
  5
EBF
  8
0
 62
1
 10
-42.8758
 20
-42.9813
 30
0.0
 11
-42.9813
 21
-42.8758
 31
0.0
  0
LINE
  5
EC0
  8
0
 62
1
 10
-42.9813
 20
-42.8758
 30
0.0
 11
-43.08
 21
-42.7639
 31
0.0
  0
LINE
  5
EC1
  8
0
 62
1
 10
-43.08
 20
-42.7639
 30
0.0
 11
-43.1714
 21
-42.646
 31
0.0
  0
LINE
  5
EC2
  8
0
 62
1
 10
-43.1714
 20
-42.646
 30
0.0
 11
-43.2553
 21
-42.5226
 31
0.0
  0
LINE
  5
EC3
  8
0
 62
1
 10
-43.2553
 20
-42.5226
 30
0.0
 11
-43.3312
 21
-42.3941
 31
0.0
  0
LINE
  5
EC4
  8
0
 62
1
 10
-43.3312
 20
-42.3941
 30
0.0
 11
-43.399
 21
-42.2612
 31
0.0
  0
LINE
  5
EC5
  8
0
 62
1
 10
-43.399
 20
-42.2612
 30
0.0
 11
-43.4582
 21
-42.1243
 31
0.0
  0
LINE
  5
EC6
  8
0
 62
1
 10
-43.4582
 20
-42.1243
 30
0.0
 11
-43.5088
 21
-41.9839
 31
0.0
  0
LINE
  5
EC7
  8
0
 62
1
 10
-43.5088
 20
-41.9839
 30
0.0
 11
-43.5504
 21
-41.8406
 31
0.0
  0
LINE
  5
EC8
  8
0
 62
1
 10
-43.5504
 20
-41.8406
 30
0.0
 11
-43.5829
 21
-41.695
 31
0.0
  0
LINE
  5
EC9
  8
0
 62
1
 10
-43.5829
 20
-41.695
 30
0.0
 11
-43.6063
 21
-41.5477
 31
0.0
  0
LINE
  5
ECA
  8
0
 62
1
 10
-43.6063
 20
-41.5477
 30
0.0
 11
-43.6203
 21
-41.3991
 31
0.0
  0
LINE
  5
ECB
  8
0
 62
1
 10
-43.6203
 20
-41.3991
 30
0.0
 11
-43.625
 21
-41.25
 31
0.0
  0
LINE
  5
ECC
  8
0
 62
1
 10
-43.625
 20
-41.25
 30
0.0
 11
-43.6203
 21
-41.1009
 31
0.0
  0
LINE
  5
ECD
  8
0
 62
1
 10
-43.6203
 20
-41.1009
 30
0.0
 11
-43.6063
 21
-40.9523
 31
0.0
  0
LINE
  5
ECE
  8
0
 62
1
 10
-43.6063
 20
-40.9523
 30
0.0
 11
-43.5829
 21
-40.805
 31
0.0
  0
LINE
  5
ECF
  8
0
 62
1
 10
-43.5829
 20
-40.805
 30
0.0
 11
-43.5504
 21
-40.6593
 31
0.0
  0
LINE
  5
ED0
  8
0
 62
1
 10
-43.5504
 20
-40.6593
 30
0.0
 11
-43.5088
 21
-40.5161
 31
0.0
  0
LINE
  5
ED1
  8
0
 62
1
 10
-43.5088
 20
-40.5161
 30
0.0
 11
-43.4582
 21
-40.3757
 31
0.0
  0
LINE
  5
ED2
  8
0
 62
1
 10
-43.4582
 20
-40.3757
 30
0.0
 11
-43.399
 21
-40.2388
 31
0.0
  0
LINE
  5
ED3
  8
0
 62
1
 10
-43.399
 20
-40.2388
 30
0.0
 11
-43.3312
 21
-40.1058
 31
0.0
  0
LINE
  5
ED4
  8
0
 62
1
 10
-43.3312
 20
-40.1058
 30
0.0
 11
-43.2553
 21
-39.9774
 31
0.0
  0
LINE
  5
ED5
  8
0
 62
1
 10
-43.2553
 20
-39.9774
 30
0.0
 11
-43.1714
 21
-39.854
 31
0.0
  0
LINE
  5
ED6
  8
0
 62
1
 10
-43.1714
 20
-39.854
 30
0.0
 11
-43.08
 21
-39.7361
 31
0.0
  0
LINE
  5
ED7
  8
0
 62
1
 10
-43.08
 20
-39.7361
 30
0.0
 11
-42.9813
 21
-39.6242
 31
0.0
  0
LINE
  5
ED8
  8
0
 62
1
 10
-42.9813
 20
-39.6242
 30
0.0
 11
-42.8758
 21
-39.5187
 31
0.0
  0
LINE
  5
ED9
  8
0
 62
1
 10
-42.8758
 20
-39.5187
 30
0.0
 11
-42.7639
 21
-39.42
 31
0.0
  0
LINE
  5
EDA
  8
0
 62
1
 10
-42.7639
 20
-39.42
 30
0.0
 11
-42.646
 21
-39.3286
 31
0.0
  0
LINE
  5
EDB
  8
0
 62
1
 10
-42.646
 20
-39.3286
 30
0.0
 11
-42.5226
 21
-39.2447
 31
0.0
  0
LINE
  5
EDC
  8
0
 62
1
 10
-42.5226
 20
-39.2447
 30
0.0
 11
-42.3941
 21
-39.1688
 31
0.0
  0
LINE
  5
EDD
  8
0
 62
1
 10
-42.3941
 20
-39.1688
 30
0.0
 11
-42.2612
 21
-39.101
 31
0.0
  0
LINE
  5
EDE
  8
0
 62
1
 10
-42.2612
 20
-39.101
 30
0.0
 11
-42.1243
 21
-39.0418
 31
0.0
  0
LINE
  5
EDF
  8
0
 62
1
 10
-42.1243
 20
-39.0418
 30
0.0
 11
-41.9839
 21
-38.9912
 31
0.0
  0
LINE
  5
EE0
  8
0
 62
1
 10
-41.9839
 20
-38.9912
 30
0.0
 11
-41.8406
 21
-38.9496
 31
0.0
  0
LINE
  5
EE1
  8
0
 62
1
 10
-41.8406
 20
-38.9496
 30
0.0
 11
-41.695
 21
-38.9171
 31
0.0
  0
LINE
  5
EE2
  8
0
 62
1
 10
-41.695
 20
-38.9171
 30
0.0
 11
-41.5477
 21
-38.8937
 31
0.0
  0
LINE
  5
EE3
  8
0
 62
1
 10
-41.5477
 20
-38.8937
 30
0.0
 11
-41.3991
 21
-38.8797
 31
0.0
  0
LINE
  5
EE4
  8
0
 62
1
 10
-41.3991
 20
-38.8797
 30
0.0
 11
-41.25
 21
-38.875
 31
0.0
  0
LINE
  5
EE5
  8
0
 62
1
 10
-41.25
 20
-38.875
 30
0.0
 11
-41.1009
 21
-38.8797
 31
0.0
  0
LINE
  5
EE6
  8
0
 62
1
 10
-41.1009
 20
-38.8797
 30
0.0
 11
-40.9523
 21
-38.8937
 31
0.0
  0
LINE
  5
EE7
  8
0
 62
1
 10
-40.9523
 20
-38.8937
 30
0.0
 11
-40.805
 21
-38.9171
 31
0.0
  0
LINE
  5
EE8
  8
0
 62
1
 10
-40.805
 20
-38.9171
 30
0.0
 11
-40.6593
 21
-38.9496
 31
0.0
  0
LINE
  5
EE9
  8
0
 62
1
 10
-40.6593
 20
-38.9496
 30
0.0
 11
-40.5161
 21
-38.9912
 31
0.0
  0
LINE
  5
EEA
  8
0
 62
1
 10
-40.5161
 20
-38.9912
 30
0.0
 11
-40.3757
 21
-39.0418
 31
0.0
  0
LINE
  5
EEB
  8
0
 62
1
 10
-40.3757
 20
-39.0418
 30
0.0
 11
-40.2388
 21
-39.101
 31
0.0
  0
LINE
  5
EEC
  8
0
 62
1
 10
-40.2388
 20
-39.101
 30
0.0
 11
-40.1058
 21
-39.1688
 31
0.0
  0
LINE
  5
EED
  8
0
 62
1
 10
-40.1058
 20
-39.1688
 30
0.0
 11
-39.9774
 21
-39.2447
 31
0.0
  0
LINE
  5
EEE
  8
0
 62
1
 10
-39.9774
 20
-39.2447
 30
0.0
 11
-39.854
 21
-39.3286
 31
0.0
  0
LINE
  5
EEF
  8
0
 62
1
 10
-39.854
 20
-39.3286
 30
0.0
 11
-39.7361
 21
-39.42
 31
0.0
  0
LINE
  5
EF0
  8
0
 62
1
 10
-39.7361
 20
-39.42
 30
0.0
 11
-39.6242
 21
-39.5187
 31
0.0
  0
LINE
  5
EF1
  8
0
 62
1
 10
-39.6242
 20
-39.5187
 30
0.0
 11
-39.5187
 21
-39.6242
 31
0.0
  0
LINE
  5
EF2
  8
0
 62
1
 10
-39.5187
 20
-39.6242
 30
0.0
 11
-39.42
 21
-39.7361
 31
0.0
  0
LINE
  5
EF3
  8
0
 62
1
 10
-39.42
 20
-39.7361
 30
0.0
 11
-39.3286
 21
-39.854
 31
0.0
  0
LINE
  5
EF4
  8
0
 62
1
 10
-39.3286
 20
-39.854
 30
0.0
 11
-39.2447
 21
-39.9774
 31
0.0
  0
LINE
  5
EF5
  8
0
 62
1
 10
-39.2447
 20
-39.9774
 30
0.0
 11
-39.1688
 21
-40.1058
 31
0.0
  0
LINE
  5
EF6
  8
0
 62
1
 10
-39.1688
 20
-40.1058
 30
0.0
 11
-39.101
 21
-40.2388
 31
0.0
  0
LINE
  5
EF7
  8
0
 62
1
 10
-39.101
 20
-40.2388
 30
0.0
 11
-39.0418
 21
-40.3757
 31
0.0
  0
LINE
  5
EF8
  8
0
 62
1
 10
-39.0418
 20
-40.3757
 30
0.0
 11
-38.9912
 21
-40.5161
 31
0.0
  0
LINE
  5
EF9
  8
0
 62
1
 10
-38.9912
 20
-40.5161
 30
0.0
 11
-38.9496
 21
-40.6593
 31
0.0
  0
LINE
  5
EFA
  8
0
 62
1
 10
-38.9496
 20
-40.6593
 30
0.0
 11
-38.9171
 21
-40.805
 31
0.0
  0
LINE
  5
EFB
  8
0
 62
1
 10
-38.9171
 20
-40.805
 30
0.0
 11
-38.8937
 21
-40.9523
 31
0.0
  0
LINE
  5
EFC
  8
0
 62
1
 10
-38.8937
 20
-40.9523
 30
0.0
 11
-38.8797
 21
-41.1009
 31
0.0
  0
LINE
  5
EFD
  8
0
 62
1
 10
-38.8797
 20
-41.1009
 30
0.0
 11
-38.875
 21
-41.25
 31
0.0
  0
LINE
  5
EFE
  8
0
 62
1
 10
-38.875
 20
-41.25
 30
0.0
 11
-38.8797
 21
-41.3991
 31
0.0
  0
LINE
  5
EFF
  8
0
 62
1
 10
-38.8797
 20
-41.3991
 30
0.0
 11
-38.8937
 21
-41.5477
 31
0.0
  0
LINE
  5
F00
  8
0
 62
1
 10
-38.8937
 20
-41.5477
 30
0.0
 11
-38.9171
 21
-41.695
 31
0.0
  0
LINE
  5
F01
  8
0
 62
1
 10
-38.9171
 20
-41.695
 30
0.0
 11
-38.9496
 21
-41.8406
 31
0.0
  0
LINE
  5
F02
  8
0
 62
1
 10
-38.9496
 20
-41.8406
 30
0.0
 11
-38.9912
 21
-41.9839
 31
0.0
  0
LINE
  5
F03
  8
0
 62
1
 10
-38.9912
 20
-41.9839
 30
0.0
 11
-39.0418
 21
-42.1243
 31
0.0
  0
LINE
  5
F04
  8
0
 62
1
 10
-39.0418
 20
-42.1243
 30
0.0
 11
-39.101
 21
-42.2612
 31
0.0
  0
LINE
  5
F05
  8
0
 62
1
 10
-39.101
 20
-42.2612
 30
0.0
 11
-39.1688
 21
-42.3941
 31
0.0
  0
LINE
  5
F06
  8
0
 62
1
 10
-39.1688
 20
-42.3941
 30
0.0
 11
-39.2447
 21
-42.5226
 31
0.0
  0
LINE
  5
F07
  8
0
 62
1
 10
-39.2447
 20
-42.5226
 30
0.0
 11
-39.3286
 21
-42.646
 31
0.0
  0
LINE
  5
F08
  8
0
 62
1
 10
-39.3286
 20
-42.646
 30
0.0
 11
-39.42
 21
-42.7639
 31
0.0
  0
LINE
  5
F09
  8
0
 62
1
 10
-39.42
 20
-42.7639
 30
0.0
 11
-39.5187
 21
-42.8758
 31
0.0
  0
LINE
  5
F0A
  8
0
 62
1
 10
-39.5187
 20
-42.8758
 30
0.0
 11
-39.6242
 21
-42.9813
 31
0.0
  0
LINE
  5
F0B
  8
0
 62
1
 10
-39.6242
 20
-42.9813
 30
0.0
 11
-39.7361
 21
-43.08
 31
0.0
  0
LINE
  5
F0C
  8
0
 62
1
 10
-39.7361
 20
-43.08
 30
0.0
 11
-39.854
 21
-43.1714
 31
0.0
  0
LINE
  5
F0D
  8
0
 62
1
 10
-39.854
 20
-43.1714
 30
0.0
 11
-39.9774
 21
-43.2553
 31
0.0
  0
LINE
  5
F0E
  8
0
 62
1
 10
-39.9774
 20
-43.2553
 30
0.0
 11
-40.1058
 21
-43.3312
 31
0.0
  0
LINE
  5
F0F
  8
0
 62
1
 10
-40.1058
 20
-43.3312
 30
0.0
 11
-40.2388
 21
-43.399
 31
0.0
  0
LINE
  5
F10
  8
0
 62
1
 10
-40.2388
 20
-43.399
 30
0.0
 11
-40.3757
 21
-43.4582
 31
0.0
  0
LINE
  5
F11
  8
0
 62
1
 10
-40.3757
 20
-43.4582
 30
0.0
 11
-40.5161
 21
-43.5088
 31
0.0
  0
LINE
  5
F12
  8
0
 62
1
 10
-40.5161
 20
-43.5088
 30
0.0
 11
-40.6593
 21
-43.5504
 31
0.0
  0
LINE
  5
F13
  8
0
 62
1
 10
-40.6593
 20
-43.5504
 30
0.0
 11
-40.805
 21
-43.5829
 31
0.0
  0
LINE
  5
F14
  8
0
 62
1
 10
-40.805
 20
-43.5829
 30
0.0
 11
-40.9523
 21
-43.6063
 31
0.0
  0
LINE
  5
F15
  8
0
 62
1
 10
-40.9523
 20
-43.6063
 30
0.0
 11
-41.1009
 21
-43.6203
 31
0.0
  0
LINE
  5
F16
  8
0
 62
1
 10
-41.1009
 20
-43.6203
 30
0.0
 11
-41.25
 21
-43.625
 31
0.0
  0
LINE
  5
F17
  8
0
 62
1
 10
-41.25
 20
-43.625
 30
0.0
 11
-41.3991
 21
-43.6203
 31
0.0
  0
LINE
  5
F18
  8
0
 62
1
 10
41.1009
 20
-43.6203
 30
0.0
 11
40.9523
 21
-43.6063
 31
0.0
  0
LINE
  5
F19
  8
0
 62
1
 10
40.9523
 20
-43.6063
 30
0.0
 11
40.805
 21
-43.5829
 31
0.0
  0
LINE
  5
F1A
  8
0
 62
1
 10
40.805
 20
-43.5829
 30
0.0
 11
40.6593
 21
-43.5504
 31
0.0
  0
LINE
  5
F1B
  8
0
 62
1
 10
40.6593
 20
-43.5504
 30
0.0
 11
40.5161
 21
-43.5088
 31
0.0
  0
LINE
  5
F1C
  8
0
 62
1
 10
40.5161
 20
-43.5088
 30
0.0
 11
40.3757
 21
-43.4582
 31
0.0
  0
LINE
  5
F1D
  8
0
 62
1
 10
40.3757
 20
-43.4582
 30
0.0
 11
40.2388
 21
-43.399
 31
0.0
  0
LINE
  5
F1E
  8
0
 62
1
 10
40.2388
 20
-43.399
 30
0.0
 11
40.1058
 21
-43.3312
 31
0.0
  0
LINE
  5
F1F
  8
0
 62
1
 10
40.1058
 20
-43.3312
 30
0.0
 11
39.9774
 21
-43.2553
 31
0.0
  0
LINE
  5
F20
  8
0
 62
1
 10
39.9774
 20
-43.2553
 30
0.0
 11
39.854
 21
-43.1714
 31
0.0
  0
LINE
  5
F21
  8
0
 62
1
 10
39.854
 20
-43.1714
 30
0.0
 11
39.7361
 21
-43.08
 31
0.0
  0
LINE
  5
F22
  8
0
 62
1
 10
39.7361
 20
-43.08
 30
0.0
 11
39.6242
 21
-42.9813
 31
0.0
  0
LINE
  5
F23
  8
0
 62
1
 10
39.6242
 20
-42.9813
 30
0.0
 11
39.5187
 21
-42.8758
 31
0.0
  0
LINE
  5
F24
  8
0
 62
1
 10
39.5187
 20
-42.8758
 30
0.0
 11
39.42
 21
-42.7639
 31
0.0
  0
LINE
  5
F25
  8
0
 62
1
 10
39.42
 20
-42.7639
 30
0.0
 11
39.3286
 21
-42.646
 31
0.0
  0
LINE
  5
F26
  8
0
 62
1
 10
39.3286
 20
-42.646
 30
0.0
 11
39.2447
 21
-42.5226
 31
0.0
  0
LINE
  5
F27
  8
0
 62
1
 10
39.2447
 20
-42.5226
 30
0.0
 11
39.1688
 21
-42.3941
 31
0.0
  0
LINE
  5
F28
  8
0
 62
1
 10
39.1688
 20
-42.3941
 30
0.0
 11
39.101
 21
-42.2612
 31
0.0
  0
LINE
  5
F29
  8
0
 62
1
 10
39.101
 20
-42.2612
 30
0.0
 11
39.0418
 21
-42.1243
 31
0.0
  0
LINE
  5
F2A
  8
0
 62
1
 10
39.0418
 20
-42.1243
 30
0.0
 11
38.9912
 21
-41.9839
 31
0.0
  0
LINE
  5
F2B
  8
0
 62
1
 10
38.9912
 20
-41.9839
 30
0.0
 11
38.9496
 21
-41.8406
 31
0.0
  0
LINE
  5
F2C
  8
0
 62
1
 10
38.9496
 20
-41.8406
 30
0.0
 11
38.9171
 21
-41.695
 31
0.0
  0
LINE
  5
F2D
  8
0
 62
1
 10
38.9171
 20
-41.695
 30
0.0
 11
38.8937
 21
-41.5477
 31
0.0
  0
LINE
  5
F2E
  8
0
 62
1
 10
38.8937
 20
-41.5477
 30
0.0
 11
38.8797
 21
-41.3991
 31
0.0
  0
LINE
  5
F2F
  8
0
 62
1
 10
38.8797
 20
-41.3991
 30
0.0
 11
38.875
 21
-41.25
 31
0.0
  0
LINE
  5
F30
  8
0
 62
1
 10
38.875
 20
-41.25
 30
0.0
 11
38.8797
 21
-41.1009
 31
0.0
  0
LINE
  5
F31
  8
0
 62
1
 10
38.8797
 20
-41.1009
 30
0.0
 11
38.8937
 21
-40.9523
 31
0.0
  0
LINE
  5
F32
  8
0
 62
1
 10
38.8937
 20
-40.9523
 30
0.0
 11
38.9171
 21
-40.805
 31
0.0
  0
LINE
  5
F33
  8
0
 62
1
 10
38.9171
 20
-40.805
 30
0.0
 11
38.9496
 21
-40.6593
 31
0.0
  0
LINE
  5
F34
  8
0
 62
1
 10
38.9496
 20
-40.6593
 30
0.0
 11
38.9912
 21
-40.5161
 31
0.0
  0
LINE
  5
F35
  8
0
 62
1
 10
38.9912
 20
-40.5161
 30
0.0
 11
39.0418
 21
-40.3757
 31
0.0
  0
LINE
  5
F36
  8
0
 62
1
 10
39.0418
 20
-40.3757
 30
0.0
 11
39.101
 21
-40.2388
 31
0.0
  0
LINE
  5
F37
  8
0
 62
1
 10
39.101
 20
-40.2388
 30
0.0
 11
39.1688
 21
-40.1058
 31
0.0
  0
LINE
  5
F38
  8
0
 62
1
 10
39.1688
 20
-40.1058
 30
0.0
 11
39.2447
 21
-39.9774
 31
0.0
  0
LINE
  5
F39
  8
0
 62
1
 10
39.2447
 20
-39.9774
 30
0.0
 11
39.3286
 21
-39.854
 31
0.0
  0
LINE
  5
F3A
  8
0
 62
1
 10
39.3286
 20
-39.854
 30
0.0
 11
39.42
 21
-39.7361
 31
0.0
  0
LINE
  5
F3B
  8
0
 62
1
 10
39.42
 20
-39.7361
 30
0.0
 11
39.5187
 21
-39.6242
 31
0.0
  0
LINE
  5
F3C
  8
0
 62
1
 10
39.5187
 20
-39.6242
 30
0.0
 11
39.6242
 21
-39.5187
 31
0.0
  0
LINE
  5
F3D
  8
0
 62
1
 10
39.6242
 20
-39.5187
 30
0.0
 11
39.7361
 21
-39.42
 31
0.0
  0
LINE
  5
F3E
  8
0
 62
1
 10
39.7361
 20
-39.42
 30
0.0
 11
39.854
 21
-39.3286
 31
0.0
  0
LINE
  5
F3F
  8
0
 62
1
 10
39.854
 20
-39.3286
 30
0.0
 11
39.9774
 21
-39.2447
 31
0.0
  0
LINE
  5
F40
  8
0
 62
1
 10
39.9774
 20
-39.2447
 30
0.0
 11
40.1058
 21
-39.1688
 31
0.0
  0
LINE
  5
F41
  8
0
 62
1
 10
40.1058
 20
-39.1688
 30
0.0
 11
40.2388
 21
-39.101
 31
0.0
  0
LINE
  5
F42
  8
0
 62
1
 10
40.2388
 20
-39.101
 30
0.0
 11
40.3757
 21
-39.0418
 31
0.0
  0
LINE
  5
F43
  8
0
 62
1
 10
40.3757
 20
-39.0418
 30
0.0
 11
40.5161
 21
-38.9912
 31
0.0
  0
LINE
  5
F44
  8
0
 62
1
 10
40.5161
 20
-38.9912
 30
0.0
 11
40.6593
 21
-38.9496
 31
0.0
  0
LINE
  5
F45
  8
0
 62
1
 10
40.6593
 20
-38.9496
 30
0.0
 11
40.805
 21
-38.9171
 31
0.0
  0
LINE
  5
F46
  8
0
 62
1
 10
40.805
 20
-38.9171
 30
0.0
 11
40.9523
 21
-38.8937
 31
0.0
  0
LINE
  5
F47
  8
0
 62
1
 10
40.9523
 20
-38.8937
 30
0.0
 11
41.1009
 21
-38.8797
 31
0.0
  0
LINE
  5
F48
  8
0
 62
1
 10
41.1009
 20
-38.8797
 30
0.0
 11
41.25
 21
-38.875
 31
0.0
  0
LINE
  5
F49
  8
0
 62
1
 10
41.25
 20
-38.875
 30
0.0
 11
41.3991
 21
-38.8797
 31
0.0
  0
LINE
  5
F4A
  8
0
 62
1
 10
41.3991
 20
-38.8797
 30
0.0
 11
41.5477
 21
-38.8937
 31
0.0
  0
LINE
  5
F4B
  8
0
 62
1
 10
41.5477
 20
-38.8937
 30
0.0
 11
41.695
 21
-38.9171
 31
0.0
  0
LINE
  5
F4C
  8
0
 62
1
 10
41.695
 20
-38.9171
 30
0.0
 11
41.8406
 21
-38.9496
 31
0.0
  0
LINE
  5
F4D
  8
0
 62
1
 10
41.8406
 20
-38.9496
 30
0.0
 11
41.9839
 21
-38.9912
 31
0.0
  0
LINE
  5
F4E
  8
0
 62
1
 10
41.9839
 20
-38.9912
 30
0.0
 11
42.1243
 21
-39.0418
 31
0.0
  0
LINE
  5
F4F
  8
0
 62
1
 10
42.1243
 20
-39.0418
 30
0.0
 11
42.2612
 21
-39.101
 31
0.0
  0
LINE
  5
F50
  8
0
 62
1
 10
42.2612
 20
-39.101
 30
0.0
 11
42.3941
 21
-39.1688
 31
0.0
  0
LINE
  5
F51
  8
0
 62
1
 10
42.3941
 20
-39.1688
 30
0.0
 11
42.5226
 21
-39.2447
 31
0.0
  0
LINE
  5
F52
  8
0
 62
1
 10
42.5226
 20
-39.2447
 30
0.0
 11
42.646
 21
-39.3286
 31
0.0
  0
LINE
  5
F53
  8
0
 62
1
 10
42.646
 20
-39.3286
 30
0.0
 11
42.7639
 21
-39.42
 31
0.0
  0
LINE
  5
F54
  8
0
 62
1
 10
42.7639
 20
-39.42
 30
0.0
 11
42.8758
 21
-39.5187
 31
0.0
  0
LINE
  5
F55
  8
0
 62
1
 10
42.8758
 20
-39.5187
 30
0.0
 11
42.9813
 21
-39.6242
 31
0.0
  0
LINE
  5
F56
  8
0
 62
1
 10
42.9813
 20
-39.6242
 30
0.0
 11
43.08
 21
-39.7361
 31
0.0
  0
LINE
  5
F57
  8
0
 62
1
 10
43.08
 20
-39.7361
 30
0.0
 11
43.1714
 21
-39.854
 31
0.0
  0
LINE
  5
F58
  8
0
 62
1
 10
43.1714
 20
-39.854
 30
0.0
 11
43.2553
 21
-39.9774
 31
0.0
  0
LINE
  5
F59
  8
0
 62
1
 10
43.2553
 20
-39.9774
 30
0.0
 11
43.3312
 21
-40.1058
 31
0.0
  0
LINE
  5
F5A
  8
0
 62
1
 10
43.3312
 20
-40.1058
 30
0.0
 11
43.399
 21
-40.2388
 31
0.0
  0
LINE
  5
F5B
  8
0
 62
1
 10
43.399
 20
-40.2388
 30
0.0
 11
43.4582
 21
-40.3757
 31
0.0
  0
LINE
  5
F5C
  8
0
 62
1
 10
43.4582
 20
-40.3757
 30
0.0
 11
43.5088
 21
-40.5161
 31
0.0
  0
LINE
  5
F5D
  8
0
 62
1
 10
43.5088
 20
-40.5161
 30
0.0
 11
43.5504
 21
-40.6593
 31
0.0
  0
LINE
  5
F5E
  8
0
 62
1
 10
43.5504
 20
-40.6593
 30
0.0
 11
43.5829
 21
-40.805
 31
0.0
  0
LINE
  5
F5F
  8
0
 62
1
 10
43.5829
 20
-40.805
 30
0.0
 11
43.6063
 21
-40.9523
 31
0.0
  0
LINE
  5
F60
  8
0
 62
1
 10
43.6063
 20
-40.9523
 30
0.0
 11
43.6203
 21
-41.1009
 31
0.0
  0
LINE
  5
F61
  8
0
 62
1
 10
43.6203
 20
-41.1009
 30
0.0
 11
43.625
 21
-41.25
 31
0.0
  0
LINE
  5
F62
  8
0
 62
1
 10
43.625
 20
-41.25
 30
0.0
 11
43.6203
 21
-41.3991
 31
0.0
  0
LINE
  5
F63
  8
0
 62
1
 10
43.6203
 20
-41.3991
 30
0.0
 11
43.6063
 21
-41.5477
 31
0.0
  0
LINE
  5
F64
  8
0
 62
1
 10
43.6063
 20
-41.5477
 30
0.0
 11
43.5829
 21
-41.695
 31
0.0
  0
LINE
  5
F65
  8
0
 62
1
 10
43.5829
 20
-41.695
 30
0.0
 11
43.5504
 21
-41.8406
 31
0.0
  0
LINE
  5
F66
  8
0
 62
1
 10
43.5504
 20
-41.8406
 30
0.0
 11
43.5088
 21
-41.9839
 31
0.0
  0
LINE
  5
F67
  8
0
 62
1
 10
43.5088
 20
-41.9839
 30
0.0
 11
43.4582
 21
-42.1243
 31
0.0
  0
LINE
  5
F68
  8
0
 62
1
 10
43.4582
 20
-42.1243
 30
0.0
 11
43.399
 21
-42.2612
 31
0.0
  0
LINE
  5
F69
  8
0
 62
1
 10
43.399
 20
-42.2612
 30
0.0
 11
43.3312
 21
-42.3941
 31
0.0
  0
LINE
  5
F6A
  8
0
 62
1
 10
43.3312
 20
-42.3941
 30
0.0
 11
43.2553
 21
-42.5226
 31
0.0
  0
LINE
  5
F6B
  8
0
 62
1
 10
43.2553
 20
-42.5226
 30
0.0
 11
43.1714
 21
-42.646
 31
0.0
  0
LINE
  5
F6C
  8
0
 62
1
 10
43.1714
 20
-42.646
 30
0.0
 11
43.08
 21
-42.7639
 31
0.0
  0
LINE
  5
F6D
  8
0
 62
1
 10
43.08
 20
-42.7639
 30
0.0
 11
42.9813
 21
-42.8758
 31
0.0
  0
LINE
  5
F6E
  8
0
 62
1
 10
42.9813
 20
-42.8758
 30
0.0
 11
42.8758
 21
-42.9813
 31
0.0
  0
LINE
  5
F6F
  8
0
 62
1
 10
42.8758
 20
-42.9813
 30
0.0
 11
42.7639
 21
-43.08
 31
0.0
  0
LINE
  5
F70
  8
0
 62
1
 10
42.7639
 20
-43.08
 30
0.0
 11
42.646
 21
-43.1714
 31
0.0
  0
LINE
  5
F71
  8
0
 62
1
 10
42.646
 20
-43.1714
 30
0.0
 11
42.5226
 21
-43.2553
 31
0.0
  0
LINE
  5
F72
  8
0
 62
1
 10
42.5226
 20
-43.2553
 30
0.0
 11
42.3941
 21
-43.3312
 31
0.0
  0
LINE
  5
F73
  8
0
 62
1
 10
42.3941
 20
-43.3312
 30
0.0
 11
42.2612
 21
-43.399
 31
0.0
  0
LINE
  5
F74
  8
0
 62
1
 10
42.2612
 20
-43.399
 30
0.0
 11
42.1243
 21
-43.4582
 31
0.0
  0
LINE
  5
F75
  8
0
 62
1
 10
42.1243
 20
-43.4582
 30
0.0
 11
41.9839
 21
-43.5088
 31
0.0
  0
LINE
  5
F76
  8
0
 62
1
 10
41.9839
 20
-43.5088
 30
0.0
 11
41.8406
 21
-43.5504
 31
0.0
  0
LINE
  5
F77
  8
0
 62
1
 10
41.8406
 20
-43.5504
 30
0.0
 11
41.695
 21
-43.5829
 31
0.0
  0
LINE
  5
F78
  8
0
 62
1
 10
41.695
 20
-43.5829
 30
0.0
 11
41.5477
 21
-43.6063
 31
0.0
  0
LINE
  5
F79
  8
0
 62
1
 10
41.5477
 20
-43.6063
 30
0.0
 11
41.3991
 21
-43.6203
 31
0.0
  0
LINE
  5
F7A
  8
0
 62
1
 10
41.3991
 20
-43.6203
 30
0.0
 11
41.25
 21
-43.625
 31
0.0
  0
LINE
  5
F7B
  8
0
 62
1
 10
41.25
 20
-43.625
 30
0.0
 11
41.1009
 21
-43.6203
 31
0.0
  0
LINE
  5
F7C
  8
0
 62
1
 10
-12.574
 20
-42.955
 30
0.0
 11
-13.0607
 21
-42.6299
 31
0.0
  0
LINE
  5
F7D
  8
0
 62
1
 10
-13.0607
 20
-42.6299
 30
0.0
 11
-13.3858
 21
-42.1432
 31
0.0
  0
LINE
  5
F7E
  8
0
 62
1
 10
-13.3858
 20
-42.1432
 30
0.0
 11
-13.5
 21
-41.5692
 31
0.0
  0
LINE
  5
F7F
  8
0
 62
1
 10
-13.5
 20
-41.5692
 30
0.0
 11
-13.3858
 21
-40.9952
 31
0.0
  0
LINE
  5
F80
  8
0
 62
1
 10
-13.3858
 20
-40.9952
 30
0.0
 11
-13.0607
 21
-40.5085
 31
0.0
  0
LINE
  5
F81
  8
0
 62
1
 10
-13.0607
 20
-40.5085
 30
0.0
 11
-12.574
 21
-40.1834
 31
0.0
  0
LINE
  5
F82
  8
0
 62
1
 10
-12.574
 20
-40.1834
 30
0.0
 11
-12.0
 21
-40.0692
 31
0.0
  0
LINE
  5
F83
  8
0
 62
1
 10
-12.0
 20
-40.0692
 30
0.0
 11
-11.426
 21
-40.1834
 31
0.0
  0
LINE
  5
F84
  8
0
 62
1
 10
-11.426
 20
-40.1834
 30
0.0
 11
-10.9393
 21
-40.5085
 31
0.0
  0
LINE
  5
F85
  8
0
 62
1
 10
-10.9393
 20
-40.5085
 30
0.0
 11
-10.6142
 21
-40.9952
 31
0.0
  0
LINE
  5
F86
  8
0
 62
1
 10
-10.6142
 20
-40.9952
 30
0.0
 11
-10.5
 21
-41.5692
 31
0.0
  0
LINE
  5
F87
  8
0
 62
1
 10
-10.5
 20
-41.5692
 30
0.0
 11
-10.6142
 21
-42.1432
 31
0.0
  0
LINE
  5
F88
  8
0
 62
1
 10
-10.6142
 20
-42.1432
 30
0.0
 11
-10.9393
 21
-42.6299
 31
0.0
  0
LINE
  5
F89
  8
0
 62
1
 10
-10.9393
 20
-42.6299
 30
0.0
 11
-11.426
 21
-42.955
 31
0.0
  0
LINE
  5
F8A
  8
0
 62
1
 10
-11.426
 20
-42.955
 30
0.0
 11
-12.0
 21
-43.0692
 31
0.0
  0
LINE
  5
F8B
  8
0
 62
1
 10
-12.0
 20
-43.0692
 30
0.0
 11
-12.574
 21
-42.955
 31
0.0
  0
LINE
  5
F8C
  8
0
 62
1
 10
11.426
 20
-42.955
 30
0.0
 11
10.9393
 21
-42.6299
 31
0.0
  0
LINE
  5
F8D
  8
0
 62
1
 10
10.9393
 20
-42.6299
 30
0.0
 11
10.6142
 21
-42.1432
 31
0.0
  0
LINE
  5
F8E
  8
0
 62
1
 10
10.6142
 20
-42.1432
 30
0.0
 11
10.5
 21
-41.5692
 31
0.0
  0
LINE
  5
F8F
  8
0
 62
1
 10
10.5
 20
-41.5692
 30
0.0
 11
10.6142
 21
-40.9952
 31
0.0
  0
LINE
  5
F90
  8
0
 62
1
 10
10.6142
 20
-40.9952
 30
0.0
 11
10.9393
 21
-40.5085
 31
0.0
  0
LINE
  5
F91
  8
0
 62
1
 10
10.9393
 20
-40.5085
 30
0.0
 11
11.426
 21
-40.1834
 31
0.0
  0
LINE
  5
F92
  8
0
 62
1
 10
11.426
 20
-40.1834
 30
0.0
 11
12.0
 21
-40.0692
 31
0.0
  0
LINE
  5
F93
  8
0
 62
1
 10
12.0
 20
-40.0692
 30
0.0
 11
12.574
 21
-40.1834
 31
0.0
  0
LINE
  5
F94
  8
0
 62
1
 10
12.574
 20
-40.1834
 30
0.0
 11
13.0607
 21
-40.5085
 31
0.0
  0
LINE
  5
F95
  8
0
 62
1
 10
13.0607
 20
-40.5085
 30
0.0
 11
13.3858
 21
-40.9952
 31
0.0
  0
LINE
  5
F96
  8
0
 62
1
 10
13.3858
 20
-40.9952
 30
0.0
 11
13.5
 21
-41.5692
 31
0.0
  0
LINE
  5
F97
  8
0
 62
1
 10
13.5
 20
-41.5692
 30
0.0
 11
13.3858
 21
-42.1432
 31
0.0
  0
LINE
  5
F98
  8
0
 62
1
 10
13.3858
 20
-42.1432
 30
0.0
 11
13.0607
 21
-42.6299
 31
0.0
  0
LINE
  5
F99
  8
0
 62
1
 10
13.0607
 20
-42.6299
 30
0.0
 11
12.574
 21
-42.955
 31
0.0
  0
LINE
  5
F9A
  8
0
 62
1
 10
12.574
 20
-42.955
 30
0.0
 11
12.0
 21
-43.0692
 31
0.0
  0
LINE
  5
F9B
  8
0
 62
1
 10
12.0
 20
-43.0692
 30
0.0
 11
11.426
 21
-42.955
 31
0.0
  0
LINE
  5
F9C
  8
0
 62
1
 10
5.42596
 20
-42.955
 30
0.0
 11
4.93933
 21
-42.6299
 31
0.0
  0
LINE
  5
F9D
  8
0
 62
1
 10
4.93933
 20
-42.6299
 30
0.0
 11
4.61417
 21
-42.1432
 31
0.0
  0
LINE
  5
F9E
  8
0
 62
1
 10
4.61417
 20
-42.1432
 30
0.0
 11
4.5
 21
-41.5692
 31
0.0
  0
LINE
  5
F9F
  8
0
 62
1
 10
4.5
 20
-41.5692
 30
0.0
 11
4.61417
 21
-40.9952
 31
0.0
  0
LINE
  5
FA0
  8
0
 62
1
 10
4.61417
 20
-40.9952
 30
0.0
 11
4.93933
 21
-40.5085
 31
0.0
  0
LINE
  5
FA1
  8
0
 62
1
 10
4.93933
 20
-40.5085
 30
0.0
 11
5.42596
 21
-40.1834
 31
0.0
  0
LINE
  5
FA2
  8
0
 62
1
 10
5.42596
 20
-40.1834
 30
0.0
 11
6.0
 21
-40.0692
 31
0.0
  0
LINE
  5
FA3
  8
0
 62
1
 10
6.0
 20
-40.0692
 30
0.0
 11
6.57402
 21
-40.1834
 31
0.0
  0
LINE
  5
FA4
  8
0
 62
1
 10
6.57402
 20
-40.1834
 30
0.0
 11
7.06065
 21
-40.5085
 31
0.0
  0
LINE
  5
FA5
  8
0
 62
1
 10
7.06065
 20
-40.5085
 30
0.0
 11
7.38582
 21
-40.9952
 31
0.0
  0
LINE
  5
FA6
  8
0
 62
1
 10
7.38582
 20
-40.9952
 30
0.0
 11
7.5
 21
-41.5692
 31
0.0
  0
LINE
  5
FA7
  8
0
 62
1
 10
7.5
 20
-41.5692
 30
0.0
 11
7.38582
 21
-42.1432
 31
0.0
  0
LINE
  5
FA8
  8
0
 62
1
 10
7.38582
 20
-42.1432
 30
0.0
 11
7.06065
 21
-42.6299
 31
0.0
  0
LINE
  5
FA9
  8
0
 62
1
 10
7.06065
 20
-42.6299
 30
0.0
 11
6.57402
 21
-42.955
 31
0.0
  0
LINE
  5
FAA
  8
0
 62
1
 10
6.57402
 20
-42.955
 30
0.0
 11
6.0
 21
-43.0692
 31
0.0
  0
LINE
  5
FAB
  8
0
 62
1
 10
6.0
 20
-43.0692
 30
0.0
 11
5.42596
 21
-42.955
 31
0.0
  0
LINE
  5
FAC
  8
0
 62
1
 10
-0.57402
 20
-42.955
 30
0.0
 11
-1.06065
 21
-42.6299
 31
0.0
  0
LINE
  5
FAD
  8
0
 62
1
 10
-1.06065
 20
-42.6299
 30
0.0
 11
-1.38582
 21
-42.1432
 31
0.0
  0
LINE
  5
FAE
  8
0
 62
1
 10
-1.38582
 20
-42.1432
 30
0.0
 11
-1.5
 21
-41.5692
 31
0.0
  0
LINE
  5
FAF
  8
0
 62
1
 10
-1.5
 20
-41.5692
 30
0.0
 11
-1.38582
 21
-40.9952
 31
0.0
  0
LINE
  5
FB0
  8
0
 62
1
 10
-1.38582
 20
-40.9952
 30
0.0
 11
-1.06065
 21
-40.5085
 31
0.0
  0
LINE
  5
FB1
  8
0
 62
1
 10
-1.06065
 20
-40.5085
 30
0.0
 11
-0.57402
 21
-40.1834
 31
0.0
  0
LINE
  5
FB2
  8
0
 62
1
 10
-0.57402
 20
-40.1834
 30
0.0
 11
0.0
 21
-40.0692
 31
0.0
  0
LINE
  5
FB3
  8
0
 62
1
 10
0.0
 20
-40.0692
 30
0.0
 11
0.57402
 21
-40.1834
 31
0.0
  0
LINE
  5
FB4
  8
0
 62
1
 10
0.57402
 20
-40.1834
 30
0.0
 11
1.06065
 21
-40.5085
 31
0.0
  0
LINE
  5
FB5
  8
0
 62
1
 10
1.06065
 20
-40.5085
 30
0.0
 11
1.38582
 21
-40.9952
 31
0.0
  0
LINE
  5
FB6
  8
0
 62
1
 10
1.38582
 20
-40.9952
 30
0.0
 11
1.5
 21
-41.5692
 31
0.0
  0
LINE
  5
FB7
  8
0
 62
1
 10
1.5
 20
-41.5692
 30
0.0
 11
1.38582
 21
-42.1432
 31
0.0
  0
LINE
  5
FB8
  8
0
 62
1
 10
1.38582
 20
-42.1432
 30
0.0
 11
1.06065
 21
-42.6299
 31
0.0
  0
LINE
  5
FB9
  8
0
 62
1
 10
1.06065
 20
-42.6299
 30
0.0
 11
0.57402
 21
-42.955
 31
0.0
  0
LINE
  5
FBA
  8
0
 62
1
 10
0.57402
 20
-42.955
 30
0.0
 11
0.0
 21
-43.0692
 31
0.0
  0
LINE
  5
FBB
  8
0
 62
1
 10
0.0
 20
-43.0692
 30
0.0
 11
-0.57402
 21
-42.955
 31
0.0
  0
LINE
  5
FBC
  8
0
 62
1
 10
-6.57402
 20
-42.955
 30
0.0
 11
-7.06065
 21
-42.6299
 31
0.0
  0
LINE
  5
FBD
  8
0
 62
1
 10
-7.06065
 20
-42.6299
 30
0.0
 11
-7.38582
 21
-42.1432
 31
0.0
  0
LINE
  5
FBE
  8
0
 62
1
 10
-7.38582
 20
-42.1432
 30
0.0
 11
-7.5
 21
-41.5692
 31
0.0
  0
LINE
  5
FBF
  8
0
 62
1
 10
-7.5
 20
-41.5692
 30
0.0
 11
-7.38582
 21
-40.9952
 31
0.0
  0
LINE
  5
FC0
  8
0
 62
1
 10
-7.38582
 20
-40.9952
 30
0.0
 11
-7.06065
 21
-40.5085
 31
0.0
  0
LINE
  5
FC1
  8
0
 62
1
 10
-7.06065
 20
-40.5085
 30
0.0
 11
-6.57402
 21
-40.1834
 31
0.0
  0
LINE
  5
FC2
  8
0
 62
1
 10
-6.57402
 20
-40.1834
 30
0.0
 11
-6.0
 21
-40.0692
 31
0.0
  0
LINE
  5
FC3
  8
0
 62
1
 10
-6.0
 20
-40.0692
 30
0.0
 11
-5.42596
 21
-40.1834
 31
0.0
  0
LINE
  5
FC4
  8
0
 62
1
 10
-5.42596
 20
-40.1834
 30
0.0
 11
-4.93933
 21
-40.5085
 31
0.0
  0
LINE
  5
FC5
  8
0
 62
1
 10
-4.93933
 20
-40.5085
 30
0.0
 11
-4.61417
 21
-40.9952
 31
0.0
  0
LINE
  5
FC6
  8
0
 62
1
 10
-4.61417
 20
-40.9952
 30
0.0
 11
-4.5
 21
-41.5692
 31
0.0
  0
LINE
  5
FC7
  8
0
 62
1
 10
-4.5
 20
-41.5692
 30
0.0
 11
-4.61417
 21
-42.1432
 31
0.0
  0
LINE
  5
FC8
  8
0
 62
1
 10
-4.61417
 20
-42.1432
 30
0.0
 11
-4.93933
 21
-42.6299
 31
0.0
  0
LINE
  5
FC9
  8
0
 62
1
 10
-4.93933
 20
-42.6299
 30
0.0
 11
-5.42596
 21
-42.955
 31
0.0
  0
LINE
  5
FCA
  8
0
 62
1
 10
-5.42596
 20
-42.955
 30
0.0
 11
-6.0
 21
-43.0692
 31
0.0
  0
LINE
  5
FCB
  8
0
 62
1
 10
-6.0
 20
-43.0692
 30
0.0
 11
-6.57402
 21
-42.955
 31
0.0
  0
LINE
  5
FCC
  8
0
 62
1
 10
-76.4056
 20
-58.0685
 30
0.0
 11
-76.6105
 21
-58.0492
 31
0.0
  0
LINE
  5
FCD
  8
0
 62
1
 10
-76.6105
 20
-58.0492
 30
0.0
 11
-76.8137
 21
-58.017
 31
0.0
  0
LINE
  5
FCE
  8
0
 62
1
 10
-76.8137
 20
-58.017
 30
0.0
 11
-77.0145
 21
-57.9721
 31
0.0
  0
LINE
  5
FCF
  8
0
 62
1
 10
-77.0145
 20
-57.9721
 30
0.0
 11
-77.212
 21
-57.9147
 31
0.0
  0
LINE
  5
FD0
  8
0
 62
1
 10
-77.212
 20
-57.9147
 30
0.0
 11
-77.4056
 21
-57.845
 31
0.0
  0
LINE
  5
FD1
  8
0
 62
1
 10
-77.4056
 20
-57.845
 30
0.0
 11
-77.5944
 21
-57.7633
 31
0.0
  0
LINE
  5
FD2
  8
0
 62
1
 10
-77.5944
 20
-57.7633
 30
0.0
 11
-77.7777
 21
-57.6699
 31
0.0
  0
LINE
  5
FD3
  8
0
 62
1
 10
-77.7777
 20
-57.6699
 30
0.0
 11
-77.9548
 21
-57.5652
 31
0.0
  0
LINE
  5
FD4
  8
0
 62
1
 10
-77.9548
 20
-57.5652
 30
0.0
 11
-78.125
 21
-57.4495
 31
0.0
  0
LINE
  5
FD5
  8
0
 62
1
 10
-78.125
 20
-57.4495
 30
0.0
 11
-78.2876
 21
-57.3234
 31
0.0
  0
LINE
  5
FD6
  8
0
 62
1
 10
-78.2876
 20
-57.3234
 30
0.0
 11
-78.4419
 21
-57.1874
 31
0.0
  0
LINE
  5
FD7
  8
0
 62
1
 10
-78.4419
 20
-57.1874
 30
0.0
 11
-78.5874
 21
-57.0419
 31
0.0
  0
LINE
  5
FD8
  8
0
 62
1
 10
-78.5874
 20
-57.0419
 30
0.0
 11
-78.7234
 21
-56.8876
 31
0.0
  0
LINE
  5
FD9
  8
0
 62
1
 10
-78.7234
 20
-56.8876
 30
0.0
 11
-78.8495
 21
-56.725
 31
0.0
  0
LINE
  5
FDA
  8
0
 62
1
 10
-78.8495
 20
-56.725
 30
0.0
 11
-78.9652
 21
-56.5548
 31
0.0
  0
LINE
  5
FDB
  8
0
 62
1
 10
-78.9652
 20
-56.5548
 30
0.0
 11
-79.0699
 21
-56.3777
 31
0.0
  0
LINE
  5
FDC
  8
0
 62
1
 10
-79.0699
 20
-56.3777
 30
0.0
 11
-79.1633
 21
-56.1944
 31
0.0
  0
LINE
  5
FDD
  8
0
 62
1
 10
-79.1633
 20
-56.1944
 30
0.0
 11
-79.245
 21
-56.0056
 31
0.0
  0
LINE
  5
FDE
  8
0
 62
1
 10
-79.245
 20
-56.0056
 30
0.0
 11
-79.3147
 21
-55.812
 31
0.0
  0
LINE
  5
FDF
  8
0
 62
1
 10
-79.3147
 20
-55.812
 30
0.0
 11
-79.3721
 21
-55.6145
 31
0.0
  0
LINE
  5
FE0
  8
0
 62
1
 10
-79.3721
 20
-55.6145
 30
0.0
 11
-79.417
 21
-55.4137
 31
0.0
  0
LINE
  5
FE1
  8
0
 62
1
 10
-79.417
 20
-55.4137
 30
0.0
 11
-79.4492
 21
-55.2105
 31
0.0
  0
LINE
  5
FE2
  8
0
 62
1
 10
-79.4492
 20
-55.2105
 30
0.0
 11
-79.4685
 21
-55.0056
 31
0.0
  0
LINE
  5
FE3
  8
0
 62
1
 10
-79.4685
 20
-55.0056
 30
0.0
 11
-79.475
 21
-54.8
 31
0.0
  0
LINE
  5
FE4
  8
0
 62
1
 10
-79.475
 20
-54.8
 30
0.0
 11
-79.4685
 21
-54.5944
 31
0.0
  0
LINE
  5
FE5
  8
0
 62
1
 10
-79.4685
 20
-54.5944
 30
0.0
 11
-79.4492
 21
-54.3895
 31
0.0
  0
LINE
  5
FE6
  8
0
 62
1
 10
-79.4492
 20
-54.3895
 30
0.0
 11
-79.417
 21
-54.1863
 31
0.0
  0
LINE
  5
FE7
  8
0
 62
1
 10
-79.417
 20
-54.1863
 30
0.0
 11
-79.3721
 21
-53.9855
 31
0.0
  0
LINE
  5
FE8
  8
0
 62
1
 10
-79.3721
 20
-53.9855
 30
0.0
 11
-79.3147
 21
-53.788
 31
0.0
  0
LINE
  5
FE9
  8
0
 62
1
 10
-79.3147
 20
-53.788
 30
0.0
 11
-79.245
 21
-53.5944
 31
0.0
  0
LINE
  5
FEA
  8
0
 62
1
 10
-79.245
 20
-53.5944
 30
0.0
 11
-79.1633
 21
-53.4056
 31
0.0
  0
LINE
  5
FEB
  8
0
 62
1
 10
-79.1633
 20
-53.4056
 30
0.0
 11
-79.0699
 21
-53.2222
 31
0.0
  0
LINE
  5
FEC
  8
0
 62
1
 10
-79.0699
 20
-53.2222
 30
0.0
 11
-78.9652
 21
-53.0452
 31
0.0
  0
LINE
  5
FED
  8
0
 62
1
 10
-78.9652
 20
-53.0452
 30
0.0
 11
-78.8495
 21
-52.875
 31
0.0
  0
LINE
  5
FEE
  8
0
 62
1
 10
-78.8495
 20
-52.875
 30
0.0
 11
-78.7234
 21
-52.7124
 31
0.0
  0
LINE
  5
FEF
  8
0
 62
1
 10
-78.7234
 20
-52.7124
 30
0.0
 11
-78.5874
 21
-52.5581
 31
0.0
  0
LINE
  5
FF0
  8
0
 62
1
 10
-78.5874
 20
-52.5581
 30
0.0
 11
-78.4419
 21
-52.4126
 31
0.0
  0
LINE
  5
FF1
  8
0
 62
1
 10
-78.4419
 20
-52.4126
 30
0.0
 11
-78.2876
 21
-52.2766
 31
0.0
  0
LINE
  5
FF2
  8
0
 62
1
 10
-78.2876
 20
-52.2766
 30
0.0
 11
-78.125
 21
-52.1505
 31
0.0
  0
LINE
  5
FF3
  8
0
 62
1
 10
-78.125
 20
-52.1505
 30
0.0
 11
-77.9548
 21
-52.0348
 31
0.0
  0
LINE
  5
FF4
  8
0
 62
1
 10
-77.9548
 20
-52.0348
 30
0.0
 11
-77.7777
 21
-51.9301
 31
0.0
  0
LINE
  5
FF5
  8
0
 62
1
 10
-77.7777
 20
-51.9301
 30
0.0
 11
-77.5944
 21
-51.8367
 31
0.0
  0
LINE
  5
FF6
  8
0
 62
1
 10
-77.5944
 20
-51.8367
 30
0.0
 11
-77.4056
 21
-51.755
 31
0.0
  0
LINE
  5
FF7
  8
0
 62
1
 10
-77.4056
 20
-51.755
 30
0.0
 11
-77.212
 21
-51.6853
 31
0.0
  0
LINE
  5
FF8
  8
0
 62
1
 10
-77.212
 20
-51.6853
 30
0.0
 11
-77.0145
 21
-51.6279
 31
0.0
  0
LINE
  5
FF9
  8
0
 62
1
 10
-77.0145
 20
-51.6279
 30
0.0
 11
-76.8137
 21
-51.583
 31
0.0
  0
LINE
  5
FFA
  8
0
 62
1
 10
-76.8137
 20
-51.583
 30
0.0
 11
-76.6105
 21
-51.5508
 31
0.0
  0
LINE
  5
FFB
  8
0
 62
1
 10
-76.6105
 20
-51.5508
 30
0.0
 11
-76.4056
 21
-51.5314
 31
0.0
  0
LINE
  5
FFC
  8
0
 62
1
 10
-76.4056
 20
-51.5314
 30
0.0
 11
-76.2
 21
-51.525
 31
0.0
  0
LINE
  5
FFD
  8
0
 62
1
 10
-76.2
 20
-51.525
 30
0.0
 11
-75.9944
 21
-51.5314
 31
0.0
  0
LINE
  5
FFE
  8
0
 62
1
 10
-75.9944
 20
-51.5314
 30
0.0
 11
-75.7895
 21
-51.5508
 31
0.0
  0
LINE
  5
FFF
  8
0
 62
1
 10
-75.7895
 20
-51.5508
 30
0.0
 11
-75.5863
 21
-51.583
 31
0.0
  0
LINE
  5
1000
  8
0
 62
1
 10
-75.5863
 20
-51.583
 30
0.0
 11
-75.3855
 21
-51.6279
 31
0.0
  0
LINE
  5
1001
  8
0
 62
1
 10
-75.3855
 20
-51.6279
 30
0.0
 11
-75.188
 21
-51.6853
 31
0.0
  0
LINE
  5
1002
  8
0
 62
1
 10
-75.188
 20
-51.6853
 30
0.0
 11
-74.9944
 21
-51.755
 31
0.0
  0
LINE
  5
1003
  8
0
 62
1
 10
-74.9944
 20
-51.755
 30
0.0
 11
-74.8056
 21
-51.8367
 31
0.0
  0
LINE
  5
1004
  8
0
 62
1
 10
-74.8056
 20
-51.8367
 30
0.0
 11
-74.6223
 21
-51.9301
 31
0.0
  0
LINE
  5
1005
  8
0
 62
1
 10
-74.6223
 20
-51.9301
 30
0.0
 11
-74.4452
 21
-52.0348
 31
0.0
  0
LINE
  5
1006
  8
0
 62
1
 10
-74.4452
 20
-52.0348
 30
0.0
 11
-74.275
 21
-52.1505
 31
0.0
  0
LINE
  5
1007
  8
0
 62
1
 10
-74.275
 20
-52.1505
 30
0.0
 11
-74.1124
 21
-52.2766
 31
0.0
  0
LINE
  5
1008
  8
0
 62
1
 10
-74.1124
 20
-52.2766
 30
0.0
 11
-73.9581
 21
-52.4126
 31
0.0
  0
LINE
  5
1009
  8
0
 62
1
 10
-73.9581
 20
-52.4126
 30
0.0
 11
-73.8126
 21
-52.5581
 31
0.0
  0
LINE
  5
100A
  8
0
 62
1
 10
-73.8126
 20
-52.5581
 30
0.0
 11
-73.6766
 21
-52.7124
 31
0.0
  0
LINE
  5
100B
  8
0
 62
1
 10
-73.6766
 20
-52.7124
 30
0.0
 11
-73.5505
 21
-52.875
 31
0.0
  0
LINE
  5
100C
  8
0
 62
1
 10
-73.5505
 20
-52.875
 30
0.0
 11
-73.4348
 21
-53.0452
 31
0.0
  0
LINE
  5
100D
  8
0
 62
1
 10
-73.4348
 20
-53.0452
 30
0.0
 11
-73.3301
 21
-53.2222
 31
0.0
  0
LINE
  5
100E
  8
0
 62
1
 10
-73.3301
 20
-53.2222
 30
0.0
 11
-73.2367
 21
-53.4056
 31
0.0
  0
LINE
  5
100F
  8
0
 62
1
 10
-73.2367
 20
-53.4056
 30
0.0
 11
-73.155
 21
-53.5944
 31
0.0
  0
LINE
  5
1010
  8
0
 62
1
 10
-73.155
 20
-53.5944
 30
0.0
 11
-73.0853
 21
-53.788
 31
0.0
  0
LINE
  5
1011
  8
0
 62
1
 10
-73.0853
 20
-53.788
 30
0.0
 11
-73.0279
 21
-53.9855
 31
0.0
  0
LINE
  5
1012
  8
0
 62
1
 10
-73.0279
 20
-53.9855
 30
0.0
 11
-72.983
 21
-54.1863
 31
0.0
  0
LINE
  5
1013
  8
0
 62
1
 10
-72.983
 20
-54.1863
 30
0.0
 11
-72.9508
 21
-54.3895
 31
0.0
  0
LINE
  5
1014
  8
0
 62
1
 10
-72.9508
 20
-54.3895
 30
0.0
 11
-72.9315
 21
-54.5944
 31
0.0
  0
LINE
  5
1015
  8
0
 62
1
 10
-72.9315
 20
-54.5944
 30
0.0
 11
-72.925
 21
-54.8
 31
0.0
  0
LINE
  5
1016
  8
0
 62
1
 10
-72.925
 20
-54.8
 30
0.0
 11
-72.9315
 21
-55.0056
 31
0.0
  0
LINE
  5
1017
  8
0
 62
1
 10
-72.9315
 20
-55.0056
 30
0.0
 11
-72.9508
 21
-55.2105
 31
0.0
  0
LINE
  5
1018
  8
0
 62
1
 10
-72.9508
 20
-55.2105
 30
0.0
 11
-72.983
 21
-55.4137
 31
0.0
  0
LINE
  5
1019
  8
0
 62
1
 10
-72.983
 20
-55.4137
 30
0.0
 11
-73.0279
 21
-55.6145
 31
0.0
  0
LINE
  5
101A
  8
0
 62
1
 10
-73.0279
 20
-55.6145
 30
0.0
 11
-73.0853
 21
-55.812
 31
0.0
  0
LINE
  5
101B
  8
0
 62
1
 10
-73.0853
 20
-55.812
 30
0.0
 11
-73.155
 21
-56.0056
 31
0.0
  0
LINE
  5
101C
  8
0
 62
1
 10
-73.155
 20
-56.0056
 30
0.0
 11
-73.2367
 21
-56.1944
 31
0.0
  0
LINE
  5
101D
  8
0
 62
1
 10
-73.2367
 20
-56.1944
 30
0.0
 11
-73.3301
 21
-56.3777
 31
0.0
  0
LINE
  5
101E
  8
0
 62
1
 10
-73.3301
 20
-56.3777
 30
0.0
 11
-73.4348
 21
-56.5548
 31
0.0
  0
LINE
  5
101F
  8
0
 62
1
 10
-73.4348
 20
-56.5548
 30
0.0
 11
-73.5505
 21
-56.725
 31
0.0
  0
LINE
  5
1020
  8
0
 62
1
 10
-73.5505
 20
-56.725
 30
0.0
 11
-73.6766
 21
-56.8876
 31
0.0
  0
LINE
  5
1021
  8
0
 62
1
 10
-73.6766
 20
-56.8876
 30
0.0
 11
-73.8126
 21
-57.0419
 31
0.0
  0
LINE
  5
1022
  8
0
 62
1
 10
-73.8126
 20
-57.0419
 30
0.0
 11
-73.9581
 21
-57.1874
 31
0.0
  0
LINE
  5
1023
  8
0
 62
1
 10
-73.9581
 20
-57.1874
 30
0.0
 11
-74.1124
 21
-57.3234
 31
0.0
  0
LINE
  5
1024
  8
0
 62
1
 10
-74.1124
 20
-57.3234
 30
0.0
 11
-74.275
 21
-57.4495
 31
0.0
  0
LINE
  5
1025
  8
0
 62
1
 10
-74.275
 20
-57.4495
 30
0.0
 11
-74.4452
 21
-57.5652
 31
0.0
  0
LINE
  5
1026
  8
0
 62
1
 10
-74.4452
 20
-57.5652
 30
0.0
 11
-74.6223
 21
-57.6699
 31
0.0
  0
LINE
  5
1027
  8
0
 62
1
 10
-74.6223
 20
-57.6699
 30
0.0
 11
-74.8056
 21
-57.7633
 31
0.0
  0
LINE
  5
1028
  8
0
 62
1
 10
-74.8056
 20
-57.7633
 30
0.0
 11
-74.9944
 21
-57.845
 31
0.0
  0
LINE
  5
1029
  8
0
 62
1
 10
-74.9944
 20
-57.845
 30
0.0
 11
-75.188
 21
-57.9147
 31
0.0
  0
LINE
  5
102A
  8
0
 62
1
 10
-75.188
 20
-57.9147
 30
0.0
 11
-75.3855
 21
-57.9721
 31
0.0
  0
LINE
  5
102B
  8
0
 62
1
 10
-75.3855
 20
-57.9721
 30
0.0
 11
-75.5863
 21
-58.017
 31
0.0
  0
LINE
  5
102C
  8
0
 62
1
 10
-75.5863
 20
-58.017
 30
0.0
 11
-75.7895
 21
-58.0492
 31
0.0
  0
LINE
  5
102D
  8
0
 62
1
 10
-75.7895
 20
-58.0492
 30
0.0
 11
-75.9944
 21
-58.0685
 31
0.0
  0
LINE
  5
102E
  8
0
 62
1
 10
-75.9944
 20
-58.0685
 30
0.0
 11
-76.2
 21
-58.075
 31
0.0
  0
LINE
  5
102F
  8
0
 62
1
 10
-76.2
 20
-58.075
 30
0.0
 11
-76.4056
 21
-58.0685
 31
0.0
  0
LINE
  5
1030
  8
0
 62
1
 10
75.9944
 20
-58.0685
 30
0.0
 11
75.7895
 21
-58.0492
 31
0.0
  0
LINE
  5
1031
  8
0
 62
1
 10
75.7895
 20
-58.0492
 30
0.0
 11
75.5863
 21
-58.017
 31
0.0
  0
LINE
  5
1032
  8
0
 62
1
 10
75.5863
 20
-58.017
 30
0.0
 11
75.3855
 21
-57.9721
 31
0.0
  0
LINE
  5
1033
  8
0
 62
1
 10
75.3855
 20
-57.9721
 30
0.0
 11
75.188
 21
-57.9147
 31
0.0
  0
LINE
  5
1034
  8
0
 62
1
 10
75.188
 20
-57.9147
 30
0.0
 11
74.9944
 21
-57.845
 31
0.0
  0
LINE
  5
1035
  8
0
 62
1
 10
74.9944
 20
-57.845
 30
0.0
 11
74.8056
 21
-57.7633
 31
0.0
  0
LINE
  5
1036
  8
0
 62
1
 10
74.8056
 20
-57.7633
 30
0.0
 11
74.6223
 21
-57.6699
 31
0.0
  0
LINE
  5
1037
  8
0
 62
1
 10
74.6223
 20
-57.6699
 30
0.0
 11
74.4452
 21
-57.5652
 31
0.0
  0
LINE
  5
1038
  8
0
 62
1
 10
74.4452
 20
-57.5652
 30
0.0
 11
74.275
 21
-57.4495
 31
0.0
  0
LINE
  5
1039
  8
0
 62
1
 10
74.275
 20
-57.4495
 30
0.0
 11
74.1124
 21
-57.3234
 31
0.0
  0
LINE
  5
103A
  8
0
 62
1
 10
74.1124
 20
-57.3234
 30
0.0
 11
73.9581
 21
-57.1874
 31
0.0
  0
LINE
  5
103B
  8
0
 62
1
 10
73.9581
 20
-57.1874
 30
0.0
 11
73.8126
 21
-57.0419
 31
0.0
  0
LINE
  5
103C
  8
0
 62
1
 10
73.8126
 20
-57.0419
 30
0.0
 11
73.6766
 21
-56.8876
 31
0.0
  0
LINE
  5
103D
  8
0
 62
1
 10
73.6766
 20
-56.8876
 30
0.0
 11
73.5505
 21
-56.725
 31
0.0
  0
LINE
  5
103E
  8
0
 62
1
 10
73.5505
 20
-56.725
 30
0.0
 11
73.4348
 21
-56.5548
 31
0.0
  0
LINE
  5
103F
  8
0
 62
1
 10
73.4348
 20
-56.5548
 30
0.0
 11
73.3301
 21
-56.3777
 31
0.0
  0
LINE
  5
1040
  8
0
 62
1
 10
73.3301
 20
-56.3777
 30
0.0
 11
73.2367
 21
-56.1944
 31
0.0
  0
LINE
  5
1041
  8
0
 62
1
 10
73.2367
 20
-56.1944
 30
0.0
 11
73.155
 21
-56.0056
 31
0.0
  0
LINE
  5
1042
  8
0
 62
1
 10
73.155
 20
-56.0056
 30
0.0
 11
73.0853
 21
-55.812
 31
0.0
  0
LINE
  5
1043
  8
0
 62
1
 10
73.0853
 20
-55.812
 30
0.0
 11
73.0279
 21
-55.6145
 31
0.0
  0
LINE
  5
1044
  8
0
 62
1
 10
73.0279
 20
-55.6145
 30
0.0
 11
72.983
 21
-55.4137
 31
0.0
  0
LINE
  5
1045
  8
0
 62
1
 10
72.983
 20
-55.4137
 30
0.0
 11
72.9508
 21
-55.2105
 31
0.0
  0
LINE
  5
1046
  8
0
 62
1
 10
72.9508
 20
-55.2105
 30
0.0
 11
72.9315
 21
-55.0056
 31
0.0
  0
LINE
  5
1047
  8
0
 62
1
 10
72.9315
 20
-55.0056
 30
0.0
 11
72.925
 21
-54.8
 31
0.0
  0
LINE
  5
1048
  8
0
 62
1
 10
72.925
 20
-54.8
 30
0.0
 11
72.9315
 21
-54.5944
 31
0.0
  0
LINE
  5
1049
  8
0
 62
1
 10
72.9315
 20
-54.5944
 30
0.0
 11
72.9508
 21
-54.3895
 31
0.0
  0
LINE
  5
104A
  8
0
 62
1
 10
72.9508
 20
-54.3895
 30
0.0
 11
72.983
 21
-54.1863
 31
0.0
  0
LINE
  5
104B
  8
0
 62
1
 10
72.983
 20
-54.1863
 30
0.0
 11
73.0279
 21
-53.9855
 31
0.0
  0
LINE
  5
104C
  8
0
 62
1
 10
73.0279
 20
-53.9855
 30
0.0
 11
73.0853
 21
-53.788
 31
0.0
  0
LINE
  5
104D
  8
0
 62
1
 10
73.0853
 20
-53.788
 30
0.0
 11
73.155
 21
-53.5944
 31
0.0
  0
LINE
  5
104E
  8
0
 62
1
 10
73.155
 20
-53.5944
 30
0.0
 11
73.2367
 21
-53.4056
 31
0.0
  0
LINE
  5
104F
  8
0
 62
1
 10
73.2367
 20
-53.4056
 30
0.0
 11
73.3301
 21
-53.2222
 31
0.0
  0
LINE
  5
1050
  8
0
 62
1
 10
73.3301
 20
-53.2222
 30
0.0
 11
73.4348
 21
-53.0452
 31
0.0
  0
LINE
  5
1051
  8
0
 62
1
 10
73.4348
 20
-53.0452
 30
0.0
 11
73.5505
 21
-52.875
 31
0.0
  0
LINE
  5
1052
  8
0
 62
1
 10
73.5505
 20
-52.875
 30
0.0
 11
73.6766
 21
-52.7124
 31
0.0
  0
LINE
  5
1053
  8
0
 62
1
 10
73.6766
 20
-52.7124
 30
0.0
 11
73.8126
 21
-52.5581
 31
0.0
  0
LINE
  5
1054
  8
0
 62
1
 10
73.8126
 20
-52.5581
 30
0.0
 11
73.9581
 21
-52.4126
 31
0.0
  0
LINE
  5
1055
  8
0
 62
1
 10
73.9581
 20
-52.4126
 30
0.0
 11
74.1124
 21
-52.2766
 31
0.0
  0
LINE
  5
1056
  8
0
 62
1
 10
74.1124
 20
-52.2766
 30
0.0
 11
74.275
 21
-52.1505
 31
0.0
  0
LINE
  5
1057
  8
0
 62
1
 10
74.275
 20
-52.1505
 30
0.0
 11
74.4452
 21
-52.0348
 31
0.0
  0
LINE
  5
1058
  8
0
 62
1
 10
74.4452
 20
-52.0348
 30
0.0
 11
74.6223
 21
-51.9301
 31
0.0
  0
LINE
  5
1059
  8
0
 62
1
 10
74.6223
 20
-51.9301
 30
0.0
 11
74.8056
 21
-51.8367
 31
0.0
  0
LINE
  5
105A
  8
0
 62
1
 10
74.8056
 20
-51.8367
 30
0.0
 11
74.9944
 21
-51.755
 31
0.0
  0
LINE
  5
105B
  8
0
 62
1
 10
74.9944
 20
-51.755
 30
0.0
 11
75.188
 21
-51.6853
 31
0.0
  0
LINE
  5
105C
  8
0
 62
1
 10
75.188
 20
-51.6853
 30
0.0
 11
75.3855
 21
-51.6279
 31
0.0
  0
LINE
  5
105D
  8
0
 62
1
 10
75.3855
 20
-51.6279
 30
0.0
 11
75.5863
 21
-51.583
 31
0.0
  0
LINE
  5
105E
  8
0
 62
1
 10
75.5863
 20
-51.583
 30
0.0
 11
75.7895
 21
-51.5508
 31
0.0
  0
LINE
  5
105F
  8
0
 62
1
 10
75.7895
 20
-51.5508
 30
0.0
 11
75.9944
 21
-51.5314
 31
0.0
  0
LINE
  5
1060
  8
0
 62
1
 10
75.9944
 20
-51.5314
 30
0.0
 11
76.2
 21
-51.525
 31
0.0
  0
LINE
  5
1061
  8
0
 62
1
 10
76.2
 20
-51.525
 30
0.0
 11
76.4056
 21
-51.5314
 31
0.0
  0
LINE
  5
1062
  8
0
 62
1
 10
76.4056
 20
-51.5314
 30
0.0
 11
76.6105
 21
-51.5508
 31
0.0
  0
LINE
  5
1063
  8
0
 62
1
 10
76.6105
 20
-51.5508
 30
0.0
 11
76.8137
 21
-51.583
 31
0.0
  0
LINE
  5
1064
  8
0
 62
1
 10
76.8137
 20
-51.583
 30
0.0
 11
77.0145
 21
-51.6279
 31
0.0
  0
LINE
  5
1065
  8
0
 62
1
 10
77.0145
 20
-51.6279
 30
0.0
 11
77.212
 21
-51.6853
 31
0.0
  0
LINE
  5
1066
  8
0
 62
1
 10
77.212
 20
-51.6853
 30
0.0
 11
77.4056
 21
-51.755
 31
0.0
  0
LINE
  5
1067
  8
0
 62
1
 10
77.4056
 20
-51.755
 30
0.0
 11
77.5944
 21
-51.8367
 31
0.0
  0
LINE
  5
1068
  8
0
 62
1
 10
77.5944
 20
-51.8367
 30
0.0
 11
77.7777
 21
-51.9301
 31
0.0
  0
LINE
  5
1069
  8
0
 62
1
 10
77.7777
 20
-51.9301
 30
0.0
 11
77.9548
 21
-52.0348
 31
0.0
  0
LINE
  5
106A
  8
0
 62
1
 10
77.9548
 20
-52.0348
 30
0.0
 11
78.125
 21
-52.1505
 31
0.0
  0
LINE
  5
106B
  8
0
 62
1
 10
78.125
 20
-52.1505
 30
0.0
 11
78.2876
 21
-52.2766
 31
0.0
  0
LINE
  5
106C
  8
0
 62
1
 10
78.2876
 20
-52.2766
 30
0.0
 11
78.4419
 21
-52.4126
 31
0.0
  0
LINE
  5
106D
  8
0
 62
1
 10
78.4419
 20
-52.4126
 30
0.0
 11
78.5874
 21
-52.5581
 31
0.0
  0
LINE
  5
106E
  8
0
 62
1
 10
78.5874
 20
-52.5581
 30
0.0
 11
78.7234
 21
-52.7124
 31
0.0
  0
LINE
  5
106F
  8
0
 62
1
 10
78.7234
 20
-52.7124
 30
0.0
 11
78.8495
 21
-52.875
 31
0.0
  0
LINE
  5
1070
  8
0
 62
1
 10
78.8495
 20
-52.875
 30
0.0
 11
78.9652
 21
-53.0452
 31
0.0
  0
LINE
  5
1071
  8
0
 62
1
 10
78.9652
 20
-53.0452
 30
0.0
 11
79.0699
 21
-53.2222
 31
0.0
  0
LINE
  5
1072
  8
0
 62
1
 10
79.0699
 20
-53.2222
 30
0.0
 11
79.1633
 21
-53.4056
 31
0.0
  0
LINE
  5
1073
  8
0
 62
1
 10
79.1633
 20
-53.4056
 30
0.0
 11
79.245
 21
-53.5944
 31
0.0
  0
LINE
  5
1074
  8
0
 62
1
 10
79.245
 20
-53.5944
 30
0.0
 11
79.3147
 21
-53.788
 31
0.0
  0
LINE
  5
1075
  8
0
 62
1
 10
79.3147
 20
-53.788
 30
0.0
 11
79.3721
 21
-53.9855
 31
0.0
  0
LINE
  5
1076
  8
0
 62
1
 10
79.3721
 20
-53.9855
 30
0.0
 11
79.417
 21
-54.1863
 31
0.0
  0
LINE
  5
1077
  8
0
 62
1
 10
79.417
 20
-54.1863
 30
0.0
 11
79.4492
 21
-54.3895
 31
0.0
  0
LINE
  5
1078
  8
0
 62
1
 10
79.4492
 20
-54.3895
 30
0.0
 11
79.4685
 21
-54.5944
 31
0.0
  0
LINE
  5
1079
  8
0
 62
1
 10
79.4685
 20
-54.5944
 30
0.0
 11
79.475
 21
-54.8
 31
0.0
  0
LINE
  5
107A
  8
0
 62
1
 10
79.475
 20
-54.8
 30
0.0
 11
79.4685
 21
-55.0056
 31
0.0
  0
LINE
  5
107B
  8
0
 62
1
 10
79.4685
 20
-55.0056
 30
0.0
 11
79.4492
 21
-55.2105
 31
0.0
  0
LINE
  5
107C
  8
0
 62
1
 10
79.4492
 20
-55.2105
 30
0.0
 11
79.417
 21
-55.4137
 31
0.0
  0
LINE
  5
107D
  8
0
 62
1
 10
79.417
 20
-55.4137
 30
0.0
 11
79.3721
 21
-55.6145
 31
0.0
  0
LINE
  5
107E
  8
0
 62
1
 10
79.3721
 20
-55.6145
 30
0.0
 11
79.3147
 21
-55.812
 31
0.0
  0
LINE
  5
107F
  8
0
 62
1
 10
79.3147
 20
-55.812
 30
0.0
 11
79.245
 21
-56.0056
 31
0.0
  0
LINE
  5
1080
  8
0
 62
1
 10
79.245
 20
-56.0056
 30
0.0
 11
79.1633
 21
-56.1944
 31
0.0
  0
LINE
  5
1081
  8
0
 62
1
 10
79.1633
 20
-56.1944
 30
0.0
 11
79.0699
 21
-56.3777
 31
0.0
  0
LINE
  5
1082
  8
0
 62
1
 10
79.0699
 20
-56.3777
 30
0.0
 11
78.9652
 21
-56.5548
 31
0.0
  0
LINE
  5
1083
  8
0
 62
1
 10
78.9652
 20
-56.5548
 30
0.0
 11
78.8495
 21
-56.725
 31
0.0
  0
LINE
  5
1084
  8
0
 62
1
 10
78.8495
 20
-56.725
 30
0.0
 11
78.7234
 21
-56.8876
 31
0.0
  0
LINE
  5
1085
  8
0
 62
1
 10
78.7234
 20
-56.8876
 30
0.0
 11
78.5874
 21
-57.0419
 31
0.0
  0
LINE
  5
1086
  8
0
 62
1
 10
78.5874
 20
-57.0419
 30
0.0
 11
78.4419
 21
-57.1874
 31
0.0
  0
LINE
  5
1087
  8
0
 62
1
 10
78.4419
 20
-57.1874
 30
0.0
 11
78.2876
 21
-57.3234
 31
0.0
  0
LINE
  5
1088
  8
0
 62
1
 10
78.2876
 20
-57.3234
 30
0.0
 11
78.125
 21
-57.4495
 31
0.0
  0
LINE
  5
1089
  8
0
 62
1
 10
78.125
 20
-57.4495
 30
0.0
 11
77.9548
 21
-57.5652
 31
0.0
  0
LINE
  5
108A
  8
0
 62
1
 10
77.9548
 20
-57.5652
 30
0.0
 11
77.7777
 21
-57.6699
 31
0.0
  0
LINE
  5
108B
  8
0
 62
1
 10
77.7777
 20
-57.6699
 30
0.0
 11
77.5944
 21
-57.7633
 31
0.0
  0
LINE
  5
108C
  8
0
 62
1
 10
77.5944
 20
-57.7633
 30
0.0
 11
77.4056
 21
-57.845
 31
0.0
  0
LINE
  5
108D
  8
0
 62
1
 10
77.4056
 20
-57.845
 30
0.0
 11
77.212
 21
-57.9147
 31
0.0
  0
LINE
  5
108E
  8
0
 62
1
 10
77.212
 20
-57.9147
 30
0.0
 11
77.0145
 21
-57.9721
 31
0.0
  0
LINE
  5
108F
  8
0
 62
1
 10
77.0145
 20
-57.9721
 30
0.0
 11
76.8137
 21
-58.017
 31
0.0
  0
LINE
  5
1090
  8
0
 62
1
 10
76.8137
 20
-58.017
 30
0.0
 11
76.6105
 21
-58.0492
 31
0.0
  0
LINE
  5
1091
  8
0
 62
1
 10
76.6105
 20
-58.0492
 30
0.0
 11
76.4056
 21
-58.0685
 31
0.0
  0
LINE
  5
1092
  8
0
 62
1
 10
76.4056
 20
-58.0685
 30
0.0
 11
76.2
 21
-58.075
 31
0.0
  0
LINE
  5
1093
  8
0
 62
1
 10
76.2
 20
-58.075
 30
0.0
 11
75.9944
 21
-58.0685
 31
0.0
  0
LINE
  5
1094
  8
0
 62
1
 10
271.7
 20
67.5
 30
0.0
 11
93.9
 21
67.5
 31
0.0
  0
LINE
  5
1095
  8
0
 62
1
 10
93.9
 20
67.5
 30
0.0
 11
93.9
 21
-67.5
 31
0.0
  0
LINE
  5
1096
  8
0
 62
1
 10
93.9
 20
-67.5
 30
0.0
 11
271.7
 21
-67.5
 31
0.0
  0
LINE
  5
1097
  8
0
 62
1
 10
271.7
 20
-67.5
 30
0.0
 11
271.7
 21
67.5
 31
0.0
  0
LINE
  5
1098
  8
0
 62
1
 10
141.401
 20
38.8797
 30
0.0
 11
141.252
 21
38.8937
 31
0.0
  0
LINE
  5
1099
  8
0
 62
1
 10
141.252
 20
38.8937
 30
0.0
 11
141.105
 21
38.9171
 31
0.0
  0
LINE
  5
109A
  8
0
 62
1
 10
141.105
 20
38.9171
 30
0.0
 11
140.959
 21
38.9496
 31
0.0
  0
LINE
  5
109B
  8
0
 62
1
 10
140.959
 20
38.9496
 30
0.0
 11
140.816
 21
38.9912
 31
0.0
  0
LINE
  5
109C
  8
0
 62
1
 10
140.816
 20
38.9912
 30
0.0
 11
140.676
 21
39.0418
 31
0.0
  0
LINE
  5
109D
  8
0
 62
1
 10
140.676
 20
39.0418
 30
0.0
 11
140.539
 21
39.101
 31
0.0
  0
LINE
  5
109E
  8
0
 62
1
 10
140.539
 20
39.101
 30
0.0
 11
140.406
 21
39.1688
 31
0.0
  0
LINE
  5
109F
  8
0
 62
1
 10
140.406
 20
39.1688
 30
0.0
 11
140.277
 21
39.2447
 31
0.0
  0
LINE
  5
10A0
  8
0
 62
1
 10
140.277
 20
39.2447
 30
0.0
 11
140.154
 21
39.3286
 31
0.0
  0
LINE
  5
10A1
  8
0
 62
1
 10
140.154
 20
39.3286
 30
0.0
 11
140.036
 21
39.42
 31
0.0
  0
LINE
  5
10A2
  8
0
 62
1
 10
140.036
 20
39.42
 30
0.0
 11
139.924
 21
39.5187
 31
0.0
  0
LINE
  5
10A3
  8
0
 62
1
 10
139.924
 20
39.5187
 30
0.0
 11
139.819
 21
39.6242
 31
0.0
  0
LINE
  5
10A4
  8
0
 62
1
 10
139.819
 20
39.6242
 30
0.0
 11
139.72
 21
39.7361
 31
0.0
  0
LINE
  5
10A5
  8
0
 62
1
 10
139.72
 20
39.7361
 30
0.0
 11
139.629
 21
39.854
 31
0.0
  0
LINE
  5
10A6
  8
0
 62
1
 10
139.629
 20
39.854
 30
0.0
 11
139.545
 21
39.9774
 31
0.0
  0
LINE
  5
10A7
  8
0
 62
1
 10
139.545
 20
39.9774
 30
0.0
 11
139.469
 21
40.1058
 31
0.0
  0
LINE
  5
10A8
  8
0
 62
1
 10
139.469
 20
40.1058
 30
0.0
 11
139.401
 21
40.2388
 31
0.0
  0
LINE
  5
10A9
  8
0
 62
1
 10
139.401
 20
40.2388
 30
0.0
 11
139.342
 21
40.3757
 31
0.0
  0
LINE
  5
10AA
  8
0
 62
1
 10
139.342
 20
40.3757
 30
0.0
 11
139.291
 21
40.5161
 31
0.0
  0
LINE
  5
10AB
  8
0
 62
1
 10
139.291
 20
40.5161
 30
0.0
 11
139.25
 21
40.6593
 31
0.0
  0
LINE
  5
10AC
  8
0
 62
1
 10
139.25
 20
40.6593
 30
0.0
 11
139.217
 21
40.805
 31
0.0
  0
LINE
  5
10AD
  8
0
 62
1
 10
139.217
 20
40.805
 30
0.0
 11
139.194
 21
40.9523
 31
0.0
  0
LINE
  5
10AE
  8
0
 62
1
 10
139.194
 20
40.9523
 30
0.0
 11
139.18
 21
41.1009
 31
0.0
  0
LINE
  5
10AF
  8
0
 62
1
 10
139.18
 20
41.1009
 30
0.0
 11
139.175
 21
41.25
 31
0.0
  0
LINE
  5
10B0
  8
0
 62
1
 10
139.175
 20
41.25
 30
0.0
 11
139.18
 21
41.3991
 31
0.0
  0
LINE
  5
10B1
  8
0
 62
1
 10
139.18
 20
41.3991
 30
0.0
 11
139.194
 21
41.5477
 31
0.0
  0
LINE
  5
10B2
  8
0
 62
1
 10
139.194
 20
41.5477
 30
0.0
 11
139.217
 21
41.695
 31
0.0
  0
LINE
  5
10B3
  8
0
 62
1
 10
139.217
 20
41.695
 30
0.0
 11
139.25
 21
41.8406
 31
0.0
  0
LINE
  5
10B4
  8
0
 62
1
 10
139.25
 20
41.8406
 30
0.0
 11
139.291
 21
41.9839
 31
0.0
  0
LINE
  5
10B5
  8
0
 62
1
 10
139.291
 20
41.9839
 30
0.0
 11
139.342
 21
42.1243
 31
0.0
  0
LINE
  5
10B6
  8
0
 62
1
 10
139.342
 20
42.1243
 30
0.0
 11
139.401
 21
42.2612
 31
0.0
  0
LINE
  5
10B7
  8
0
 62
1
 10
139.401
 20
42.2612
 30
0.0
 11
139.469
 21
42.3941
 31
0.0
  0
LINE
  5
10B8
  8
0
 62
1
 10
139.469
 20
42.3941
 30
0.0
 11
139.545
 21
42.5226
 31
0.0
  0
LINE
  5
10B9
  8
0
 62
1
 10
139.545
 20
42.5226
 30
0.0
 11
139.629
 21
42.646
 31
0.0
  0
LINE
  5
10BA
  8
0
 62
1
 10
139.629
 20
42.646
 30
0.0
 11
139.72
 21
42.7639
 31
0.0
  0
LINE
  5
10BB
  8
0
 62
1
 10
139.72
 20
42.7639
 30
0.0
 11
139.819
 21
42.8758
 31
0.0
  0
LINE
  5
10BC
  8
0
 62
1
 10
139.819
 20
42.8758
 30
0.0
 11
139.924
 21
42.9813
 31
0.0
  0
LINE
  5
10BD
  8
0
 62
1
 10
139.924
 20
42.9813
 30
0.0
 11
140.036
 21
43.08
 31
0.0
  0
LINE
  5
10BE
  8
0
 62
1
 10
140.036
 20
43.08
 30
0.0
 11
140.154
 21
43.1714
 31
0.0
  0
LINE
  5
10BF
  8
0
 62
1
 10
140.154
 20
43.1714
 30
0.0
 11
140.277
 21
43.2553
 31
0.0
  0
LINE
  5
10C0
  8
0
 62
1
 10
140.277
 20
43.2553
 30
0.0
 11
140.406
 21
43.3312
 31
0.0
  0
LINE
  5
10C1
  8
0
 62
1
 10
140.406
 20
43.3312
 30
0.0
 11
140.539
 21
43.399
 31
0.0
  0
LINE
  5
10C2
  8
0
 62
1
 10
140.539
 20
43.399
 30
0.0
 11
140.676
 21
43.4582
 31
0.0
  0
LINE
  5
10C3
  8
0
 62
1
 10
140.676
 20
43.4582
 30
0.0
 11
140.816
 21
43.5088
 31
0.0
  0
LINE
  5
10C4
  8
0
 62
1
 10
140.816
 20
43.5088
 30
0.0
 11
140.959
 21
43.5504
 31
0.0
  0
LINE
  5
10C5
  8
0
 62
1
 10
140.959
 20
43.5504
 30
0.0
 11
141.105
 21
43.5829
 31
0.0
  0
LINE
  5
10C6
  8
0
 62
1
 10
141.105
 20
43.5829
 30
0.0
 11
141.252
 21
43.6063
 31
0.0
  0
LINE
  5
10C7
  8
0
 62
1
 10
141.252
 20
43.6063
 30
0.0
 11
141.401
 21
43.6203
 31
0.0
  0
LINE
  5
10C8
  8
0
 62
1
 10
141.401
 20
43.6203
 30
0.0
 11
141.55
 21
43.625
 31
0.0
  0
LINE
  5
10C9
  8
0
 62
1
 10
141.55
 20
43.625
 30
0.0
 11
141.699
 21
43.6203
 31
0.0
  0
LINE
  5
10CA
  8
0
 62
1
 10
141.699
 20
43.6203
 30
0.0
 11
141.848
 21
43.6063
 31
0.0
  0
LINE
  5
10CB
  8
0
 62
1
 10
141.848
 20
43.6063
 30
0.0
 11
141.995
 21
43.5829
 31
0.0
  0
LINE
  5
10CC
  8
0
 62
1
 10
141.995
 20
43.5829
 30
0.0
 11
142.141
 21
43.5504
 31
0.0
  0
LINE
  5
10CD
  8
0
 62
1
 10
142.141
 20
43.5504
 30
0.0
 11
142.284
 21
43.5088
 31
0.0
  0
LINE
  5
10CE
  8
0
 62
1
 10
142.284
 20
43.5088
 30
0.0
 11
142.424
 21
43.4582
 31
0.0
  0
LINE
  5
10CF
  8
0
 62
1
 10
142.424
 20
43.4582
 30
0.0
 11
142.561
 21
43.399
 31
0.0
  0
LINE
  5
10D0
  8
0
 62
1
 10
142.561
 20
43.399
 30
0.0
 11
142.694
 21
43.3312
 31
0.0
  0
LINE
  5
10D1
  8
0
 62
1
 10
142.694
 20
43.3312
 30
0.0
 11
142.823
 21
43.2553
 31
0.0
  0
LINE
  5
10D2
  8
0
 62
1
 10
142.823
 20
43.2553
 30
0.0
 11
142.946
 21
43.1714
 31
0.0
  0
LINE
  5
10D3
  8
0
 62
1
 10
142.946
 20
43.1714
 30
0.0
 11
143.064
 21
43.08
 31
0.0
  0
LINE
  5
10D4
  8
0
 62
1
 10
143.064
 20
43.08
 30
0.0
 11
143.176
 21
42.9813
 31
0.0
  0
LINE
  5
10D5
  8
0
 62
1
 10
143.176
 20
42.9813
 30
0.0
 11
143.281
 21
42.8758
 31
0.0
  0
LINE
  5
10D6
  8
0
 62
1
 10
143.281
 20
42.8758
 30
0.0
 11
143.38
 21
42.7639
 31
0.0
  0
LINE
  5
10D7
  8
0
 62
1
 10
143.38
 20
42.7639
 30
0.0
 11
143.471
 21
42.646
 31
0.0
  0
LINE
  5
10D8
  8
0
 62
1
 10
143.471
 20
42.646
 30
0.0
 11
143.555
 21
42.5226
 31
0.0
  0
LINE
  5
10D9
  8
0
 62
1
 10
143.555
 20
42.5226
 30
0.0
 11
143.631
 21
42.3941
 31
0.0
  0
LINE
  5
10DA
  8
0
 62
1
 10
143.631
 20
42.3941
 30
0.0
 11
143.699
 21
42.2612
 31
0.0
  0
LINE
  5
10DB
  8
0
 62
1
 10
143.699
 20
42.2612
 30
0.0
 11
143.758
 21
42.1243
 31
0.0
  0
LINE
  5
10DC
  8
0
 62
1
 10
143.758
 20
42.1243
 30
0.0
 11
143.809
 21
41.9839
 31
0.0
  0
LINE
  5
10DD
  8
0
 62
1
 10
143.809
 20
41.9839
 30
0.0
 11
143.85
 21
41.8406
 31
0.0
  0
LINE
  5
10DE
  8
0
 62
1
 10
143.85
 20
41.8406
 30
0.0
 11
143.883
 21
41.695
 31
0.0
  0
LINE
  5
10DF
  8
0
 62
1
 10
143.883
 20
41.695
 30
0.0
 11
143.906
 21
41.5477
 31
0.0
  0
LINE
  5
10E0
  8
0
 62
1
 10
143.906
 20
41.5477
 30
0.0
 11
143.92
 21
41.3991
 31
0.0
  0
LINE
  5
10E1
  8
0
 62
1
 10
143.92
 20
41.3991
 30
0.0
 11
143.925
 21
41.25
 31
0.0
  0
LINE
  5
10E2
  8
0
 62
1
 10
143.925
 20
41.25
 30
0.0
 11
143.92
 21
41.1009
 31
0.0
  0
LINE
  5
10E3
  8
0
 62
1
 10
143.92
 20
41.1009
 30
0.0
 11
143.906
 21
40.9523
 31
0.0
  0
LINE
  5
10E4
  8
0
 62
1
 10
143.906
 20
40.9523
 30
0.0
 11
143.883
 21
40.805
 31
0.0
  0
LINE
  5
10E5
  8
0
 62
1
 10
143.883
 20
40.805
 30
0.0
 11
143.85
 21
40.6593
 31
0.0
  0
LINE
  5
10E6
  8
0
 62
1
 10
143.85
 20
40.6593
 30
0.0
 11
143.809
 21
40.5161
 31
0.0
  0
LINE
  5
10E7
  8
0
 62
1
 10
143.809
 20
40.5161
 30
0.0
 11
143.758
 21
40.3757
 31
0.0
  0
LINE
  5
10E8
  8
0
 62
1
 10
143.758
 20
40.3757
 30
0.0
 11
143.699
 21
40.2388
 31
0.0
  0
LINE
  5
10E9
  8
0
 62
1
 10
143.699
 20
40.2388
 30
0.0
 11
143.631
 21
40.1058
 31
0.0
  0
LINE
  5
10EA
  8
0
 62
1
 10
143.631
 20
40.1058
 30
0.0
 11
143.555
 21
39.9774
 31
0.0
  0
LINE
  5
10EB
  8
0
 62
1
 10
143.555
 20
39.9774
 30
0.0
 11
143.471
 21
39.854
 31
0.0
  0
LINE
  5
10EC
  8
0
 62
1
 10
143.471
 20
39.854
 30
0.0
 11
143.38
 21
39.7361
 31
0.0
  0
LINE
  5
10ED
  8
0
 62
1
 10
143.38
 20
39.7361
 30
0.0
 11
143.281
 21
39.6242
 31
0.0
  0
LINE
  5
10EE
  8
0
 62
1
 10
143.281
 20
39.6242
 30
0.0
 11
143.176
 21
39.5187
 31
0.0
  0
LINE
  5
10EF
  8
0
 62
1
 10
143.176
 20
39.5187
 30
0.0
 11
143.064
 21
39.42
 31
0.0
  0
LINE
  5
10F0
  8
0
 62
1
 10
143.064
 20
39.42
 30
0.0
 11
142.946
 21
39.3286
 31
0.0
  0
LINE
  5
10F1
  8
0
 62
1
 10
142.946
 20
39.3286
 30
0.0
 11
142.823
 21
39.2447
 31
0.0
  0
LINE
  5
10F2
  8
0
 62
1
 10
142.823
 20
39.2447
 30
0.0
 11
142.694
 21
39.1688
 31
0.0
  0
LINE
  5
10F3
  8
0
 62
1
 10
142.694
 20
39.1688
 30
0.0
 11
142.561
 21
39.101
 31
0.0
  0
LINE
  5
10F4
  8
0
 62
1
 10
142.561
 20
39.101
 30
0.0
 11
142.424
 21
39.0418
 31
0.0
  0
LINE
  5
10F5
  8
0
 62
1
 10
142.424
 20
39.0418
 30
0.0
 11
142.284
 21
38.9912
 31
0.0
  0
LINE
  5
10F6
  8
0
 62
1
 10
142.284
 20
38.9912
 30
0.0
 11
142.141
 21
38.9496
 31
0.0
  0
LINE
  5
10F7
  8
0
 62
1
 10
142.141
 20
38.9496
 30
0.0
 11
141.995
 21
38.9171
 31
0.0
  0
LINE
  5
10F8
  8
0
 62
1
 10
141.995
 20
38.9171
 30
0.0
 11
141.848
 21
38.8937
 31
0.0
  0
LINE
  5
10F9
  8
0
 62
1
 10
141.848
 20
38.8937
 30
0.0
 11
141.699
 21
38.8797
 31
0.0
  0
LINE
  5
10FA
  8
0
 62
1
 10
141.699
 20
38.8797
 30
0.0
 11
141.55
 21
38.875
 31
0.0
  0
LINE
  5
10FB
  8
0
 62
1
 10
141.55
 20
38.875
 30
0.0
 11
141.401
 21
38.8797
 31
0.0
  0
LINE
  5
10FC
  8
0
 62
1
 10
223.901
 20
38.8797
 30
0.0
 11
223.752
 21
38.8937
 31
0.0
  0
LINE
  5
10FD
  8
0
 62
1
 10
223.752
 20
38.8937
 30
0.0
 11
223.605
 21
38.9171
 31
0.0
  0
LINE
  5
10FE
  8
0
 62
1
 10
223.605
 20
38.9171
 30
0.0
 11
223.459
 21
38.9496
 31
0.0
  0
LINE
  5
10FF
  8
0
 62
1
 10
223.459
 20
38.9496
 30
0.0
 11
223.316
 21
38.9912
 31
0.0
  0
LINE
  5
1100
  8
0
 62
1
 10
223.316
 20
38.9912
 30
0.0
 11
223.176
 21
39.0418
 31
0.0
  0
LINE
  5
1101
  8
0
 62
1
 10
223.176
 20
39.0418
 30
0.0
 11
223.039
 21
39.101
 31
0.0
  0
LINE
  5
1102
  8
0
 62
1
 10
223.039
 20
39.101
 30
0.0
 11
222.906
 21
39.1688
 31
0.0
  0
LINE
  5
1103
  8
0
 62
1
 10
222.906
 20
39.1688
 30
0.0
 11
222.777
 21
39.2447
 31
0.0
  0
LINE
  5
1104
  8
0
 62
1
 10
222.777
 20
39.2447
 30
0.0
 11
222.654
 21
39.3286
 31
0.0
  0
LINE
  5
1105
  8
0
 62
1
 10
222.654
 20
39.3286
 30
0.0
 11
222.536
 21
39.42
 31
0.0
  0
LINE
  5
1106
  8
0
 62
1
 10
222.536
 20
39.42
 30
0.0
 11
222.424
 21
39.5187
 31
0.0
  0
LINE
  5
1107
  8
0
 62
1
 10
222.424
 20
39.5187
 30
0.0
 11
222.319
 21
39.6242
 31
0.0
  0
LINE
  5
1108
  8
0
 62
1
 10
222.319
 20
39.6242
 30
0.0
 11
222.22
 21
39.7361
 31
0.0
  0
LINE
  5
1109
  8
0
 62
1
 10
222.22
 20
39.7361
 30
0.0
 11
222.129
 21
39.854
 31
0.0
  0
LINE
  5
110A
  8
0
 62
1
 10
222.129
 20
39.854
 30
0.0
 11
222.045
 21
39.9774
 31
0.0
  0
LINE
  5
110B
  8
0
 62
1
 10
222.045
 20
39.9774
 30
0.0
 11
221.969
 21
40.1058
 31
0.0
  0
LINE
  5
110C
  8
0
 62
1
 10
221.969
 20
40.1058
 30
0.0
 11
221.901
 21
40.2388
 31
0.0
  0
LINE
  5
110D
  8
0
 62
1
 10
221.901
 20
40.2388
 30
0.0
 11
221.842
 21
40.3757
 31
0.0
  0
LINE
  5
110E
  8
0
 62
1
 10
221.842
 20
40.3757
 30
0.0
 11
221.791
 21
40.5161
 31
0.0
  0
LINE
  5
110F
  8
0
 62
1
 10
221.791
 20
40.5161
 30
0.0
 11
221.75
 21
40.6593
 31
0.0
  0
LINE
  5
1110
  8
0
 62
1
 10
221.75
 20
40.6593
 30
0.0
 11
221.717
 21
40.805
 31
0.0
  0
LINE
  5
1111
  8
0
 62
1
 10
221.717
 20
40.805
 30
0.0
 11
221.694
 21
40.9523
 31
0.0
  0
LINE
  5
1112
  8
0
 62
1
 10
221.694
 20
40.9523
 30
0.0
 11
221.68
 21
41.1009
 31
0.0
  0
LINE
  5
1113
  8
0
 62
1
 10
221.68
 20
41.1009
 30
0.0
 11
221.675
 21
41.25
 31
0.0
  0
LINE
  5
1114
  8
0
 62
1
 10
221.675
 20
41.25
 30
0.0
 11
221.68
 21
41.3991
 31
0.0
  0
LINE
  5
1115
  8
0
 62
1
 10
221.68
 20
41.3991
 30
0.0
 11
221.694
 21
41.5477
 31
0.0
  0
LINE
  5
1116
  8
0
 62
1
 10
221.694
 20
41.5477
 30
0.0
 11
221.717
 21
41.695
 31
0.0
  0
LINE
  5
1117
  8
0
 62
1
 10
221.717
 20
41.695
 30
0.0
 11
221.75
 21
41.8406
 31
0.0
  0
LINE
  5
1118
  8
0
 62
1
 10
221.75
 20
41.8406
 30
0.0
 11
221.791
 21
41.9839
 31
0.0
  0
LINE
  5
1119
  8
0
 62
1
 10
221.791
 20
41.9839
 30
0.0
 11
221.842
 21
42.1243
 31
0.0
  0
LINE
  5
111A
  8
0
 62
1
 10
221.842
 20
42.1243
 30
0.0
 11
221.901
 21
42.2612
 31
0.0
  0
LINE
  5
111B
  8
0
 62
1
 10
221.901
 20
42.2612
 30
0.0
 11
221.969
 21
42.3941
 31
0.0
  0
LINE
  5
111C
  8
0
 62
1
 10
221.969
 20
42.3941
 30
0.0
 11
222.045
 21
42.5226
 31
0.0
  0
LINE
  5
111D
  8
0
 62
1
 10
222.045
 20
42.5226
 30
0.0
 11
222.129
 21
42.646
 31
0.0
  0
LINE
  5
111E
  8
0
 62
1
 10
222.129
 20
42.646
 30
0.0
 11
222.22
 21
42.7639
 31
0.0
  0
LINE
  5
111F
  8
0
 62
1
 10
222.22
 20
42.7639
 30
0.0
 11
222.319
 21
42.8758
 31
0.0
  0
LINE
  5
1120
  8
0
 62
1
 10
222.319
 20
42.8758
 30
0.0
 11
222.424
 21
42.9813
 31
0.0
  0
LINE
  5
1121
  8
0
 62
1
 10
222.424
 20
42.9813
 30
0.0
 11
222.536
 21
43.08
 31
0.0
  0
LINE
  5
1122
  8
0
 62
1
 10
222.536
 20
43.08
 30
0.0
 11
222.654
 21
43.1714
 31
0.0
  0
LINE
  5
1123
  8
0
 62
1
 10
222.654
 20
43.1714
 30
0.0
 11
222.777
 21
43.2553
 31
0.0
  0
LINE
  5
1124
  8
0
 62
1
 10
222.777
 20
43.2553
 30
0.0
 11
222.906
 21
43.3312
 31
0.0
  0
LINE
  5
1125
  8
0
 62
1
 10
222.906
 20
43.3312
 30
0.0
 11
223.039
 21
43.399
 31
0.0
  0
LINE
  5
1126
  8
0
 62
1
 10
223.039
 20
43.399
 30
0.0
 11
223.176
 21
43.4582
 31
0.0
  0
LINE
  5
1127
  8
0
 62
1
 10
223.176
 20
43.4582
 30
0.0
 11
223.316
 21
43.5088
 31
0.0
  0
LINE
  5
1128
  8
0
 62
1
 10
223.316
 20
43.5088
 30
0.0
 11
223.459
 21
43.5504
 31
0.0
  0
LINE
  5
1129
  8
0
 62
1
 10
223.459
 20
43.5504
 30
0.0
 11
223.605
 21
43.5829
 31
0.0
  0
LINE
  5
112A
  8
0
 62
1
 10
223.605
 20
43.5829
 30
0.0
 11
223.752
 21
43.6063
 31
0.0
  0
LINE
  5
112B
  8
0
 62
1
 10
223.752
 20
43.6063
 30
0.0
 11
223.901
 21
43.6203
 31
0.0
  0
LINE
  5
112C
  8
0
 62
1
 10
223.901
 20
43.6203
 30
0.0
 11
224.05
 21
43.625
 31
0.0
  0
LINE
  5
112D
  8
0
 62
1
 10
224.05
 20
43.625
 30
0.0
 11
224.199
 21
43.6203
 31
0.0
  0
LINE
  5
112E
  8
0
 62
1
 10
224.199
 20
43.6203
 30
0.0
 11
224.348
 21
43.6063
 31
0.0
  0
LINE
  5
112F
  8
0
 62
1
 10
224.348
 20
43.6063
 30
0.0
 11
224.495
 21
43.5829
 31
0.0
  0
LINE
  5
1130
  8
0
 62
1
 10
224.495
 20
43.5829
 30
0.0
 11
224.641
 21
43.5504
 31
0.0
  0
LINE
  5
1131
  8
0
 62
1
 10
224.641
 20
43.5504
 30
0.0
 11
224.784
 21
43.5088
 31
0.0
  0
LINE
  5
1132
  8
0
 62
1
 10
224.784
 20
43.5088
 30
0.0
 11
224.924
 21
43.4582
 31
0.0
  0
LINE
  5
1133
  8
0
 62
1
 10
224.924
 20
43.4582
 30
0.0
 11
225.061
 21
43.399
 31
0.0
  0
LINE
  5
1134
  8
0
 62
1
 10
225.061
 20
43.399
 30
0.0
 11
225.194
 21
43.3312
 31
0.0
  0
LINE
  5
1135
  8
0
 62
1
 10
225.194
 20
43.3312
 30
0.0
 11
225.323
 21
43.2553
 31
0.0
  0
LINE
  5
1136
  8
0
 62
1
 10
225.323
 20
43.2553
 30
0.0
 11
225.446
 21
43.1714
 31
0.0
  0
LINE
  5
1137
  8
0
 62
1
 10
225.446
 20
43.1714
 30
0.0
 11
225.564
 21
43.08
 31
0.0
  0
LINE
  5
1138
  8
0
 62
1
 10
225.564
 20
43.08
 30
0.0
 11
225.676
 21
42.9813
 31
0.0
  0
LINE
  5
1139
  8
0
 62
1
 10
225.676
 20
42.9813
 30
0.0
 11
225.781
 21
42.8758
 31
0.0
  0
LINE
  5
113A
  8
0
 62
1
 10
225.781
 20
42.8758
 30
0.0
 11
225.88
 21
42.7639
 31
0.0
  0
LINE
  5
113B
  8
0
 62
1
 10
225.88
 20
42.7639
 30
0.0
 11
225.971
 21
42.646
 31
0.0
  0
LINE
  5
113C
  8
0
 62
1
 10
225.971
 20
42.646
 30
0.0
 11
226.055
 21
42.5226
 31
0.0
  0
LINE
  5
113D
  8
0
 62
1
 10
226.055
 20
42.5226
 30
0.0
 11
226.131
 21
42.3941
 31
0.0
  0
LINE
  5
113E
  8
0
 62
1
 10
226.131
 20
42.3941
 30
0.0
 11
226.199
 21
42.2612
 31
0.0
  0
LINE
  5
113F
  8
0
 62
1
 10
226.199
 20
42.2612
 30
0.0
 11
226.258
 21
42.1243
 31
0.0
  0
LINE
  5
1140
  8
0
 62
1
 10
226.258
 20
42.1243
 30
0.0
 11
226.309
 21
41.9839
 31
0.0
  0
LINE
  5
1141
  8
0
 62
1
 10
226.309
 20
41.9839
 30
0.0
 11
226.35
 21
41.8406
 31
0.0
  0
LINE
  5
1142
  8
0
 62
1
 10
226.35
 20
41.8406
 30
0.0
 11
226.383
 21
41.695
 31
0.0
  0
LINE
  5
1143
  8
0
 62
1
 10
226.383
 20
41.695
 30
0.0
 11
226.406
 21
41.5477
 31
0.0
  0
LINE
  5
1144
  8
0
 62
1
 10
226.406
 20
41.5477
 30
0.0
 11
226.42
 21
41.3991
 31
0.0
  0
LINE
  5
1145
  8
0
 62
1
 10
226.42
 20
41.3991
 30
0.0
 11
226.425
 21
41.25
 31
0.0
  0
LINE
  5
1146
  8
0
 62
1
 10
226.425
 20
41.25
 30
0.0
 11
226.42
 21
41.1009
 31
0.0
  0
LINE
  5
1147
  8
0
 62
1
 10
226.42
 20
41.1009
 30
0.0
 11
226.406
 21
40.9523
 31
0.0
  0
LINE
  5
1148
  8
0
 62
1
 10
226.406
 20
40.9523
 30
0.0
 11
226.383
 21
40.805
 31
0.0
  0
LINE
  5
1149
  8
0
 62
1
 10
226.383
 20
40.805
 30
0.0
 11
226.35
 21
40.6593
 31
0.0
  0
LINE
  5
114A
  8
0
 62
1
 10
226.35
 20
40.6593
 30
0.0
 11
226.309
 21
40.5161
 31
0.0
  0
LINE
  5
114B
  8
0
 62
1
 10
226.309
 20
40.5161
 30
0.0
 11
226.258
 21
40.3757
 31
0.0
  0
LINE
  5
114C
  8
0
 62
1
 10
226.258
 20
40.3757
 30
0.0
 11
226.199
 21
40.2388
 31
0.0
  0
LINE
  5
114D
  8
0
 62
1
 10
226.199
 20
40.2388
 30
0.0
 11
226.131
 21
40.1058
 31
0.0
  0
LINE
  5
114E
  8
0
 62
1
 10
226.131
 20
40.1058
 30
0.0
 11
226.055
 21
39.9774
 31
0.0
  0
LINE
  5
114F
  8
0
 62
1
 10
226.055
 20
39.9774
 30
0.0
 11
225.971
 21
39.854
 31
0.0
  0
LINE
  5
1150
  8
0
 62
1
 10
225.971
 20
39.854
 30
0.0
 11
225.88
 21
39.7361
 31
0.0
  0
LINE
  5
1151
  8
0
 62
1
 10
225.88
 20
39.7361
 30
0.0
 11
225.781
 21
39.6242
 31
0.0
  0
LINE
  5
1152
  8
0
 62
1
 10
225.781
 20
39.6242
 30
0.0
 11
225.676
 21
39.5187
 31
0.0
  0
LINE
  5
1153
  8
0
 62
1
 10
225.676
 20
39.5187
 30
0.0
 11
225.564
 21
39.42
 31
0.0
  0
LINE
  5
1154
  8
0
 62
1
 10
225.564
 20
39.42
 30
0.0
 11
225.446
 21
39.3286
 31
0.0
  0
LINE
  5
1155
  8
0
 62
1
 10
225.446
 20
39.3286
 30
0.0
 11
225.323
 21
39.2447
 31
0.0
  0
LINE
  5
1156
  8
0
 62
1
 10
225.323
 20
39.2447
 30
0.0
 11
225.194
 21
39.1688
 31
0.0
  0
LINE
  5
1157
  8
0
 62
1
 10
225.194
 20
39.1688
 30
0.0
 11
225.061
 21
39.101
 31
0.0
  0
LINE
  5
1158
  8
0
 62
1
 10
225.061
 20
39.101
 30
0.0
 11
224.924
 21
39.0418
 31
0.0
  0
LINE
  5
1159
  8
0
 62
1
 10
224.924
 20
39.0418
 30
0.0
 11
224.784
 21
38.9912
 31
0.0
  0
LINE
  5
115A
  8
0
 62
1
 10
224.784
 20
38.9912
 30
0.0
 11
224.641
 21
38.9496
 31
0.0
  0
LINE
  5
115B
  8
0
 62
1
 10
224.641
 20
38.9496
 30
0.0
 11
224.495
 21
38.9171
 31
0.0
  0
LINE
  5
115C
  8
0
 62
1
 10
224.495
 20
38.9171
 30
0.0
 11
224.348
 21
38.8937
 31
0.0
  0
LINE
  5
115D
  8
0
 62
1
 10
224.348
 20
38.8937
 30
0.0
 11
224.199
 21
38.8797
 31
0.0
  0
LINE
  5
115E
  8
0
 62
1
 10
224.199
 20
38.8797
 30
0.0
 11
224.05
 21
38.875
 31
0.0
  0
LINE
  5
115F
  8
0
 62
1
 10
224.05
 20
38.875
 30
0.0
 11
223.901
 21
38.8797
 31
0.0
  0
LINE
  5
1160
  8
0
 62
1
 10
194.226
 20
40.1834
 30
0.0
 11
193.739
 21
40.5085
 31
0.0
  0
LINE
  5
1161
  8
0
 62
1
 10
193.739
 20
40.5085
 30
0.0
 11
193.414
 21
40.9952
 31
0.0
  0
LINE
  5
1162
  8
0
 62
1
 10
193.414
 20
40.9952
 30
0.0
 11
193.3
 21
41.5692
 31
0.0
  0
LINE
  5
1163
  8
0
 62
1
 10
193.3
 20
41.5692
 30
0.0
 11
193.414
 21
42.1432
 31
0.0
  0
LINE
  5
1164
  8
0
 62
1
 10
193.414
 20
42.1432
 30
0.0
 11
193.739
 21
42.6299
 31
0.0
  0
LINE
  5
1165
  8
0
 62
1
 10
193.739
 20
42.6299
 30
0.0
 11
194.226
 21
42.955
 31
0.0
  0
LINE
  5
1166
  8
0
 62
1
 10
194.226
 20
42.955
 30
0.0
 11
194.8
 21
43.0692
 31
0.0
  0
LINE
  5
1167
  8
0
 62
1
 10
194.8
 20
43.0692
 30
0.0
 11
195.374
 21
42.955
 31
0.0
  0
LINE
  5
1168
  8
0
 62
1
 10
195.374
 20
42.955
 30
0.0
 11
195.861
 21
42.6299
 31
0.0
  0
LINE
  5
1169
  8
0
 62
1
 10
195.861
 20
42.6299
 30
0.0
 11
196.186
 21
42.1432
 31
0.0
  0
LINE
  5
116A
  8
0
 62
1
 10
196.186
 20
42.1432
 30
0.0
 11
196.3
 21
41.5692
 31
0.0
  0
LINE
  5
116B
  8
0
 62
1
 10
196.3
 20
41.5692
 30
0.0
 11
196.186
 21
40.9952
 31
0.0
  0
LINE
  5
116C
  8
0
 62
1
 10
196.186
 20
40.9952
 30
0.0
 11
195.861
 21
40.5085
 31
0.0
  0
LINE
  5
116D
  8
0
 62
1
 10
195.861
 20
40.5085
 30
0.0
 11
195.374
 21
40.1834
 31
0.0
  0
LINE
  5
116E
  8
0
 62
1
 10
195.374
 20
40.1834
 30
0.0
 11
194.8
 21
40.0692
 31
0.0
  0
LINE
  5
116F
  8
0
 62
1
 10
194.8
 20
40.0692
 30
0.0
 11
194.226
 21
40.1834
 31
0.0
  0
LINE
  5
1170
  8
0
 62
1
 10
188.226
 20
40.1834
 30
0.0
 11
187.739
 21
40.5085
 31
0.0
  0
LINE
  5
1171
  8
0
 62
1
 10
187.739
 20
40.5085
 30
0.0
 11
187.414
 21
40.9952
 31
0.0
  0
LINE
  5
1172
  8
0
 62
1
 10
187.414
 20
40.9952
 30
0.0
 11
187.3
 21
41.5692
 31
0.0
  0
LINE
  5
1173
  8
0
 62
1
 10
187.3
 20
41.5692
 30
0.0
 11
187.414
 21
42.1432
 31
0.0
  0
LINE
  5
1174
  8
0
 62
1
 10
187.414
 20
42.1432
 30
0.0
 11
187.739
 21
42.6299
 31
0.0
  0
LINE
  5
1175
  8
0
 62
1
 10
187.739
 20
42.6299
 30
0.0
 11
188.226
 21
42.955
 31
0.0
  0
LINE
  5
1176
  8
0
 62
1
 10
188.226
 20
42.955
 30
0.0
 11
188.8
 21
43.0692
 31
0.0
  0
LINE
  5
1177
  8
0
 62
1
 10
188.8
 20
43.0692
 30
0.0
 11
189.374
 21
42.955
 31
0.0
  0
LINE
  5
1178
  8
0
 62
1
 10
189.374
 20
42.955
 30
0.0
 11
189.861
 21
42.6299
 31
0.0
  0
LINE
  5
1179
  8
0
 62
1
 10
189.861
 20
42.6299
 30
0.0
 11
190.186
 21
42.1432
 31
0.0
  0
LINE
  5
117A
  8
0
 62
1
 10
190.186
 20
42.1432
 30
0.0
 11
190.3
 21
41.5692
 31
0.0
  0
LINE
  5
117B
  8
0
 62
1
 10
190.3
 20
41.5692
 30
0.0
 11
190.186
 21
40.9952
 31
0.0
  0
LINE
  5
117C
  8
0
 62
1
 10
190.186
 20
40.9952
 30
0.0
 11
189.861
 21
40.5085
 31
0.0
  0
LINE
  5
117D
  8
0
 62
1
 10
189.861
 20
40.5085
 30
0.0
 11
189.374
 21
40.1834
 31
0.0
  0
LINE
  5
117E
  8
0
 62
1
 10
189.374
 20
40.1834
 30
0.0
 11
188.8
 21
40.0692
 31
0.0
  0
LINE
  5
117F
  8
0
 62
1
 10
188.8
 20
40.0692
 30
0.0
 11
188.226
 21
40.1834
 31
0.0
  0
LINE
  5
1180
  8
0
 62
1
 10
182.226
 20
40.1834
 30
0.0
 11
181.739
 21
40.5085
 31
0.0
  0
LINE
  5
1181
  8
0
 62
1
 10
181.739
 20
40.5085
 30
0.0
 11
181.414
 21
40.9952
 31
0.0
  0
LINE
  5
1182
  8
0
 62
1
 10
181.414
 20
40.9952
 30
0.0
 11
181.3
 21
41.5692
 31
0.0
  0
LINE
  5
1183
  8
0
 62
1
 10
181.3
 20
41.5692
 30
0.0
 11
181.414
 21
42.1432
 31
0.0
  0
LINE
  5
1184
  8
0
 62
1
 10
181.414
 20
42.1432
 30
0.0
 11
181.739
 21
42.6299
 31
0.0
  0
LINE
  5
1185
  8
0
 62
1
 10
181.739
 20
42.6299
 30
0.0
 11
182.226
 21
42.955
 31
0.0
  0
LINE
  5
1186
  8
0
 62
1
 10
182.226
 20
42.955
 30
0.0
 11
182.8
 21
43.0692
 31
0.0
  0
LINE
  5
1187
  8
0
 62
1
 10
182.8
 20
43.0692
 30
0.0
 11
183.374
 21
42.955
 31
0.0
  0
LINE
  5
1188
  8
0
 62
1
 10
183.374
 20
42.955
 30
0.0
 11
183.861
 21
42.6299
 31
0.0
  0
LINE
  5
1189
  8
0
 62
1
 10
183.861
 20
42.6299
 30
0.0
 11
184.186
 21
42.1432
 31
0.0
  0
LINE
  5
118A
  8
0
 62
1
 10
184.186
 20
42.1432
 30
0.0
 11
184.3
 21
41.5692
 31
0.0
  0
LINE
  5
118B
  8
0
 62
1
 10
184.3
 20
41.5692
 30
0.0
 11
184.186
 21
40.9952
 31
0.0
  0
LINE
  5
118C
  8
0
 62
1
 10
184.186
 20
40.9952
 30
0.0
 11
183.861
 21
40.5085
 31
0.0
  0
LINE
  5
118D
  8
0
 62
1
 10
183.861
 20
40.5085
 30
0.0
 11
183.374
 21
40.1834
 31
0.0
  0
LINE
  5
118E
  8
0
 62
1
 10
183.374
 20
40.1834
 30
0.0
 11
182.8
 21
40.0692
 31
0.0
  0
LINE
  5
118F
  8
0
 62
1
 10
182.8
 20
40.0692
 30
0.0
 11
182.226
 21
40.1834
 31
0.0
  0
LINE
  5
1190
  8
0
 62
1
 10
170.226
 20
40.1834
 30
0.0
 11
169.739
 21
40.5085
 31
0.0
  0
LINE
  5
1191
  8
0
 62
1
 10
169.739
 20
40.5085
 30
0.0
 11
169.414
 21
40.9952
 31
0.0
  0
LINE
  5
1192
  8
0
 62
1
 10
169.414
 20
40.9952
 30
0.0
 11
169.3
 21
41.5692
 31
0.0
  0
LINE
  5
1193
  8
0
 62
1
 10
169.3
 20
41.5692
 30
0.0
 11
169.414
 21
42.1432
 31
0.0
  0
LINE
  5
1194
  8
0
 62
1
 10
169.414
 20
42.1432
 30
0.0
 11
169.739
 21
42.6299
 31
0.0
  0
LINE
  5
1195
  8
0
 62
1
 10
169.739
 20
42.6299
 30
0.0
 11
170.226
 21
42.955
 31
0.0
  0
LINE
  5
1196
  8
0
 62
1
 10
170.226
 20
42.955
 30
0.0
 11
170.8
 21
43.0692
 31
0.0
  0
LINE
  5
1197
  8
0
 62
1
 10
170.8
 20
43.0692
 30
0.0
 11
171.374
 21
42.955
 31
0.0
  0
LINE
  5
1198
  8
0
 62
1
 10
171.374
 20
42.955
 30
0.0
 11
171.861
 21
42.6299
 31
0.0
  0
LINE
  5
1199
  8
0
 62
1
 10
171.861
 20
42.6299
 30
0.0
 11
172.186
 21
42.1432
 31
0.0
  0
LINE
  5
119A
  8
0
 62
1
 10
172.186
 20
42.1432
 30
0.0
 11
172.3
 21
41.5692
 31
0.0
  0
LINE
  5
119B
  8
0
 62
1
 10
172.3
 20
41.5692
 30
0.0
 11
172.186
 21
40.9952
 31
0.0
  0
LINE
  5
119C
  8
0
 62
1
 10
172.186
 20
40.9952
 30
0.0
 11
171.861
 21
40.5085
 31
0.0
  0
LINE
  5
119D
  8
0
 62
1
 10
171.861
 20
40.5085
 30
0.0
 11
171.374
 21
40.1834
 31
0.0
  0
LINE
  5
119E
  8
0
 62
1
 10
171.374
 20
40.1834
 30
0.0
 11
170.8
 21
40.0692
 31
0.0
  0
LINE
  5
119F
  8
0
 62
1
 10
170.8
 20
40.0692
 30
0.0
 11
170.226
 21
40.1834
 31
0.0
  0
LINE
  5
11A0
  8
0
 62
1
 10
176.226
 20
40.1834
 30
0.0
 11
175.739
 21
40.5085
 31
0.0
  0
LINE
  5
11A1
  8
0
 62
1
 10
175.739
 20
40.5085
 30
0.0
 11
175.414
 21
40.9952
 31
0.0
  0
LINE
  5
11A2
  8
0
 62
1
 10
175.414
 20
40.9952
 30
0.0
 11
175.3
 21
41.5692
 31
0.0
  0
LINE
  5
11A3
  8
0
 62
1
 10
175.3
 20
41.5692
 30
0.0
 11
175.414
 21
42.1432
 31
0.0
  0
LINE
  5
11A4
  8
0
 62
1
 10
175.414
 20
42.1432
 30
0.0
 11
175.739
 21
42.6299
 31
0.0
  0
LINE
  5
11A5
  8
0
 62
1
 10
175.739
 20
42.6299
 30
0.0
 11
176.226
 21
42.955
 31
0.0
  0
LINE
  5
11A6
  8
0
 62
1
 10
176.226
 20
42.955
 30
0.0
 11
176.8
 21
43.0692
 31
0.0
  0
LINE
  5
11A7
  8
0
 62
1
 10
176.8
 20
43.0692
 30
0.0
 11
177.374
 21
42.955
 31
0.0
  0
LINE
  5
11A8
  8
0
 62
1
 10
177.374
 20
42.955
 30
0.0
 11
177.861
 21
42.6299
 31
0.0
  0
LINE
  5
11A9
  8
0
 62
1
 10
177.861
 20
42.6299
 30
0.0
 11
178.186
 21
42.1432
 31
0.0
  0
LINE
  5
11AA
  8
0
 62
1
 10
178.186
 20
42.1432
 30
0.0
 11
178.3
 21
41.5692
 31
0.0
  0
LINE
  5
11AB
  8
0
 62
1
 10
178.3
 20
41.5692
 30
0.0
 11
178.186
 21
40.9952
 31
0.0
  0
LINE
  5
11AC
  8
0
 62
1
 10
178.186
 20
40.9952
 30
0.0
 11
177.861
 21
40.5085
 31
0.0
  0
LINE
  5
11AD
  8
0
 62
1
 10
177.861
 20
40.5085
 30
0.0
 11
177.374
 21
40.1834
 31
0.0
  0
LINE
  5
11AE
  8
0
 62
1
 10
177.374
 20
40.1834
 30
0.0
 11
176.8
 21
40.0692
 31
0.0
  0
LINE
  5
11AF
  8
0
 62
1
 10
176.8
 20
40.0692
 30
0.0
 11
176.226
 21
40.1834
 31
0.0
  0
LINE
  5
11B0
  8
0
 62
1
 10
203.226
 20
34.9872
 30
0.0
 11
202.739
 21
35.3124
 31
0.0
  0
LINE
  5
11B1
  8
0
 62
1
 10
202.739
 20
35.3124
 30
0.0
 11
202.414
 21
35.799
 31
0.0
  0
LINE
  5
11B2
  8
0
 62
1
 10
202.414
 20
35.799
 30
0.0
 11
202.3
 21
36.3731
 31
0.0
  0
LINE
  5
11B3
  8
0
 62
1
 10
202.3
 20
36.3731
 30
0.0
 11
202.414
 21
36.9471
 31
0.0
  0
LINE
  5
11B4
  8
0
 62
1
 10
202.414
 20
36.9471
 30
0.0
 11
202.739
 21
37.4337
 31
0.0
  0
LINE
  5
11B5
  8
0
 62
1
 10
202.739
 20
37.4337
 30
0.0
 11
203.226
 21
37.7589
 31
0.0
  0
LINE
  5
11B6
  8
0
 62
1
 10
203.226
 20
37.7589
 30
0.0
 11
203.8
 21
37.8731
 31
0.0
  0
LINE
  5
11B7
  8
0
 62
1
 10
203.8
 20
37.8731
 30
0.0
 11
204.374
 21
37.7589
 31
0.0
  0
LINE
  5
11B8
  8
0
 62
1
 10
204.374
 20
37.7589
 30
0.0
 11
204.861
 21
37.4337
 31
0.0
  0
LINE
  5
11B9
  8
0
 62
1
 10
204.861
 20
37.4337
 30
0.0
 11
205.186
 21
36.9471
 31
0.0
  0
LINE
  5
11BA
  8
0
 62
1
 10
205.186
 20
36.9471
 30
0.0
 11
205.3
 21
36.3731
 31
0.0
  0
LINE
  5
11BB
  8
0
 62
1
 10
205.3
 20
36.3731
 30
0.0
 11
205.186
 21
35.799
 31
0.0
  0
LINE
  5
11BC
  8
0
 62
1
 10
205.186
 20
35.799
 30
0.0
 11
204.861
 21
35.3124
 31
0.0
  0
LINE
  5
11BD
  8
0
 62
1
 10
204.861
 20
35.3124
 30
0.0
 11
204.374
 21
34.9872
 31
0.0
  0
LINE
  5
11BE
  8
0
 62
1
 10
204.374
 20
34.9872
 30
0.0
 11
203.8
 21
34.8731
 31
0.0
  0
LINE
  5
11BF
  8
0
 62
1
 10
203.8
 20
34.8731
 30
0.0
 11
203.226
 21
34.9872
 31
0.0
  0
LINE
  5
11C0
  8
0
 62
1
 10
197.226
 20
34.9872
 30
0.0
 11
196.739
 21
35.3124
 31
0.0
  0
LINE
  5
11C1
  8
0
 62
1
 10
196.739
 20
35.3124
 30
0.0
 11
196.414
 21
35.799
 31
0.0
  0
LINE
  5
11C2
  8
0
 62
1
 10
196.414
 20
35.799
 30
0.0
 11
196.3
 21
36.3731
 31
0.0
  0
LINE
  5
11C3
  8
0
 62
1
 10
196.3
 20
36.3731
 30
0.0
 11
196.414
 21
36.9471
 31
0.0
  0
LINE
  5
11C4
  8
0
 62
1
 10
196.414
 20
36.9471
 30
0.0
 11
196.739
 21
37.4337
 31
0.0
  0
LINE
  5
11C5
  8
0
 62
1
 10
196.739
 20
37.4337
 30
0.0
 11
197.226
 21
37.7589
 31
0.0
  0
LINE
  5
11C6
  8
0
 62
1
 10
197.226
 20
37.7589
 30
0.0
 11
197.8
 21
37.8731
 31
0.0
  0
LINE
  5
11C7
  8
0
 62
1
 10
197.8
 20
37.8731
 30
0.0
 11
198.374
 21
37.7589
 31
0.0
  0
LINE
  5
11C8
  8
0
 62
1
 10
198.374
 20
37.7589
 30
0.0
 11
198.861
 21
37.4337
 31
0.0
  0
LINE
  5
11C9
  8
0
 62
1
 10
198.861
 20
37.4337
 30
0.0
 11
199.186
 21
36.9471
 31
0.0
  0
LINE
  5
11CA
  8
0
 62
1
 10
199.186
 20
36.9471
 30
0.0
 11
199.3
 21
36.3731
 31
0.0
  0
LINE
  5
11CB
  8
0
 62
1
 10
199.3
 20
36.3731
 30
0.0
 11
199.186
 21
35.799
 31
0.0
  0
LINE
  5
11CC
  8
0
 62
1
 10
199.186
 20
35.799
 30
0.0
 11
198.861
 21
35.3124
 31
0.0
  0
LINE
  5
11CD
  8
0
 62
1
 10
198.861
 20
35.3124
 30
0.0
 11
198.374
 21
34.9872
 31
0.0
  0
LINE
  5
11CE
  8
0
 62
1
 10
198.374
 20
34.9872
 30
0.0
 11
197.8
 21
34.8731
 31
0.0
  0
LINE
  5
11CF
  8
0
 62
1
 10
197.8
 20
34.8731
 30
0.0
 11
197.226
 21
34.9872
 31
0.0
  0
LINE
  5
11D0
  8
0
 62
1
 10
185.226
 20
34.9872
 30
0.0
 11
184.739
 21
35.3124
 31
0.0
  0
LINE
  5
11D1
  8
0
 62
1
 10
184.739
 20
35.3124
 30
0.0
 11
184.414
 21
35.799
 31
0.0
  0
LINE
  5
11D2
  8
0
 62
1
 10
184.414
 20
35.799
 30
0.0
 11
184.3
 21
36.3731
 31
0.0
  0
LINE
  5
11D3
  8
0
 62
1
 10
184.3
 20
36.3731
 30
0.0
 11
184.414
 21
36.9471
 31
0.0
  0
LINE
  5
11D4
  8
0
 62
1
 10
184.414
 20
36.9471
 30
0.0
 11
184.739
 21
37.4337
 31
0.0
  0
LINE
  5
11D5
  8
0
 62
1
 10
184.739
 20
37.4337
 30
0.0
 11
185.226
 21
37.7589
 31
0.0
  0
LINE
  5
11D6
  8
0
 62
1
 10
185.226
 20
37.7589
 30
0.0
 11
185.8
 21
37.8731
 31
0.0
  0
LINE
  5
11D7
  8
0
 62
1
 10
185.8
 20
37.8731
 30
0.0
 11
186.374
 21
37.7589
 31
0.0
  0
LINE
  5
11D8
  8
0
 62
1
 10
186.374
 20
37.7589
 30
0.0
 11
186.861
 21
37.4337
 31
0.0
  0
LINE
  5
11D9
  8
0
 62
1
 10
186.861
 20
37.4337
 30
0.0
 11
187.186
 21
36.9471
 31
0.0
  0
LINE
  5
11DA
  8
0
 62
1
 10
187.186
 20
36.9471
 30
0.0
 11
187.3
 21
36.3731
 31
0.0
  0
LINE
  5
11DB
  8
0
 62
1
 10
187.3
 20
36.3731
 30
0.0
 11
187.186
 21
35.799
 31
0.0
  0
LINE
  5
11DC
  8
0
 62
1
 10
187.186
 20
35.799
 30
0.0
 11
186.861
 21
35.3124
 31
0.0
  0
LINE
  5
11DD
  8
0
 62
1
 10
186.861
 20
35.3124
 30
0.0
 11
186.374
 21
34.9872
 31
0.0
  0
LINE
  5
11DE
  8
0
 62
1
 10
186.374
 20
34.9872
 30
0.0
 11
185.8
 21
34.8731
 31
0.0
  0
LINE
  5
11DF
  8
0
 62
1
 10
185.8
 20
34.8731
 30
0.0
 11
185.226
 21
34.9872
 31
0.0
  0
LINE
  5
11E0
  8
0
 62
1
 10
161.226
 20
34.9872
 30
0.0
 11
160.739
 21
35.3124
 31
0.0
  0
LINE
  5
11E1
  8
0
 62
1
 10
160.739
 20
35.3124
 30
0.0
 11
160.414
 21
35.799
 31
0.0
  0
LINE
  5
11E2
  8
0
 62
1
 10
160.414
 20
35.799
 30
0.0
 11
160.3
 21
36.3731
 31
0.0
  0
LINE
  5
11E3
  8
0
 62
1
 10
160.3
 20
36.3731
 30
0.0
 11
160.414
 21
36.9471
 31
0.0
  0
LINE
  5
11E4
  8
0
 62
1
 10
160.414
 20
36.9471
 30
0.0
 11
160.739
 21
37.4337
 31
0.0
  0
LINE
  5
11E5
  8
0
 62
1
 10
160.739
 20
37.4337
 30
0.0
 11
161.226
 21
37.7589
 31
0.0
  0
LINE
  5
11E6
  8
0
 62
1
 10
161.226
 20
37.7589
 30
0.0
 11
161.8
 21
37.8731
 31
0.0
  0
LINE
  5
11E7
  8
0
 62
1
 10
161.8
 20
37.8731
 30
0.0
 11
162.374
 21
37.7589
 31
0.0
  0
LINE
  5
11E8
  8
0
 62
1
 10
162.374
 20
37.7589
 30
0.0
 11
162.861
 21
37.4337
 31
0.0
  0
LINE
  5
11E9
  8
0
 62
1
 10
162.861
 20
37.4337
 30
0.0
 11
163.186
 21
36.9471
 31
0.0
  0
LINE
  5
11EA
  8
0
 62
1
 10
163.186
 20
36.9471
 30
0.0
 11
163.3
 21
36.3731
 31
0.0
  0
LINE
  5
11EB
  8
0
 62
1
 10
163.3
 20
36.3731
 30
0.0
 11
163.186
 21
35.799
 31
0.0
  0
LINE
  5
11EC
  8
0
 62
1
 10
163.186
 20
35.799
 30
0.0
 11
162.861
 21
35.3124
 31
0.0
  0
LINE
  5
11ED
  8
0
 62
1
 10
162.861
 20
35.3124
 30
0.0
 11
162.374
 21
34.9872
 31
0.0
  0
LINE
  5
11EE
  8
0
 62
1
 10
162.374
 20
34.9872
 30
0.0
 11
161.8
 21
34.8731
 31
0.0
  0
LINE
  5
11EF
  8
0
 62
1
 10
161.8
 20
34.8731
 30
0.0
 11
161.226
 21
34.9872
 31
0.0
  0
LINE
  5
11F0
  8
0
 62
1
 10
167.226
 20
34.9872
 30
0.0
 11
166.739
 21
35.3124
 31
0.0
  0
LINE
  5
11F1
  8
0
 62
1
 10
166.739
 20
35.3124
 30
0.0
 11
166.414
 21
35.799
 31
0.0
  0
LINE
  5
11F2
  8
0
 62
1
 10
166.414
 20
35.799
 30
0.0
 11
166.3
 21
36.3731
 31
0.0
  0
LINE
  5
11F3
  8
0
 62
1
 10
166.3
 20
36.3731
 30
0.0
 11
166.414
 21
36.9471
 31
0.0
  0
LINE
  5
11F4
  8
0
 62
1
 10
166.414
 20
36.9471
 30
0.0
 11
166.739
 21
37.4337
 31
0.0
  0
LINE
  5
11F5
  8
0
 62
1
 10
166.739
 20
37.4337
 30
0.0
 11
167.226
 21
37.7589
 31
0.0
  0
LINE
  5
11F6
  8
0
 62
1
 10
167.226
 20
37.7589
 30
0.0
 11
167.8
 21
37.8731
 31
0.0
  0
LINE
  5
11F7
  8
0
 62
1
 10
167.8
 20
37.8731
 30
0.0
 11
168.374
 21
37.7589
 31
0.0
  0
LINE
  5
11F8
  8
0
 62
1
 10
168.374
 20
37.7589
 30
0.0
 11
168.861
 21
37.4337
 31
0.0
  0
LINE
  5
11F9
  8
0
 62
1
 10
168.861
 20
37.4337
 30
0.0
 11
169.186
 21
36.9471
 31
0.0
  0
LINE
  5
11FA
  8
0
 62
1
 10
169.186
 20
36.9471
 30
0.0
 11
169.3
 21
36.3731
 31
0.0
  0
LINE
  5
11FB
  8
0
 62
1
 10
169.3
 20
36.3731
 30
0.0
 11
169.186
 21
35.799
 31
0.0
  0
LINE
  5
11FC
  8
0
 62
1
 10
169.186
 20
35.799
 30
0.0
 11
168.861
 21
35.3124
 31
0.0
  0
LINE
  5
11FD
  8
0
 62
1
 10
168.861
 20
35.3124
 30
0.0
 11
168.374
 21
34.9872
 31
0.0
  0
LINE
  5
11FE
  8
0
 62
1
 10
168.374
 20
34.9872
 30
0.0
 11
167.8
 21
34.8731
 31
0.0
  0
LINE
  5
11FF
  8
0
 62
1
 10
167.8
 20
34.8731
 30
0.0
 11
167.226
 21
34.9872
 31
0.0
  0
LINE
  5
1200
  8
0
 62
1
 10
173.226
 20
34.9872
 30
0.0
 11
172.739
 21
35.3124
 31
0.0
  0
LINE
  5
1201
  8
0
 62
1
 10
172.739
 20
35.3124
 30
0.0
 11
172.414
 21
35.799
 31
0.0
  0
LINE
  5
1202
  8
0
 62
1
 10
172.414
 20
35.799
 30
0.0
 11
172.3
 21
36.3731
 31
0.0
  0
LINE
  5
1203
  8
0
 62
1
 10
172.3
 20
36.3731
 30
0.0
 11
172.414
 21
36.9471
 31
0.0
  0
LINE
  5
1204
  8
0
 62
1
 10
172.414
 20
36.9471
 30
0.0
 11
172.739
 21
37.4337
 31
0.0
  0
LINE
  5
1205
  8
0
 62
1
 10
172.739
 20
37.4337
 30
0.0
 11
173.226
 21
37.7589
 31
0.0
  0
LINE
  5
1206
  8
0
 62
1
 10
173.226
 20
37.7589
 30
0.0
 11
173.8
 21
37.8731
 31
0.0
  0
LINE
  5
1207
  8
0
 62
1
 10
173.8
 20
37.8731
 30
0.0
 11
174.374
 21
37.7589
 31
0.0
  0
LINE
  5
1208
  8
0
 62
1
 10
174.374
 20
37.7589
 30
0.0
 11
174.861
 21
37.4337
 31
0.0
  0
LINE
  5
1209
  8
0
 62
1
 10
174.861
 20
37.4337
 30
0.0
 11
175.186
 21
36.9471
 31
0.0
  0
LINE
  5
120A
  8
0
 62
1
 10
175.186
 20
36.9471
 30
0.0
 11
175.3
 21
36.3731
 31
0.0
  0
LINE
  5
120B
  8
0
 62
1
 10
175.3
 20
36.3731
 30
0.0
 11
175.186
 21
35.799
 31
0.0
  0
LINE
  5
120C
  8
0
 62
1
 10
175.186
 20
35.799
 30
0.0
 11
174.861
 21
35.3124
 31
0.0
  0
LINE
  5
120D
  8
0
 62
1
 10
174.861
 20
35.3124
 30
0.0
 11
174.374
 21
34.9872
 31
0.0
  0
LINE
  5
120E
  8
0
 62
1
 10
174.374
 20
34.9872
 30
0.0
 11
173.8
 21
34.8731
 31
0.0
  0
LINE
  5
120F
  8
0
 62
1
 10
173.8
 20
34.8731
 30
0.0
 11
173.226
 21
34.9872
 31
0.0
  0
LINE
  5
1210
  8
0
 62
1
 10
179.226
 20
34.9872
 30
0.0
 11
178.739
 21
35.3124
 31
0.0
  0
LINE
  5
1211
  8
0
 62
1
 10
178.739
 20
35.3124
 30
0.0
 11
178.414
 21
35.799
 31
0.0
  0
LINE
  5
1212
  8
0
 62
1
 10
178.414
 20
35.799
 30
0.0
 11
178.3
 21
36.3731
 31
0.0
  0
LINE
  5
1213
  8
0
 62
1
 10
178.3
 20
36.3731
 30
0.0
 11
178.414
 21
36.9471
 31
0.0
  0
LINE
  5
1214
  8
0
 62
1
 10
178.414
 20
36.9471
 30
0.0
 11
178.739
 21
37.4337
 31
0.0
  0
LINE
  5
1215
  8
0
 62
1
 10
178.739
 20
37.4337
 30
0.0
 11
179.226
 21
37.7589
 31
0.0
  0
LINE
  5
1216
  8
0
 62
1
 10
179.226
 20
37.7589
 30
0.0
 11
179.8
 21
37.8731
 31
0.0
  0
LINE
  5
1217
  8
0
 62
1
 10
179.8
 20
37.8731
 30
0.0
 11
180.374
 21
37.7589
 31
0.0
  0
LINE
  5
1218
  8
0
 62
1
 10
180.374
 20
37.7589
 30
0.0
 11
180.861
 21
37.4337
 31
0.0
  0
LINE
  5
1219
  8
0
 62
1
 10
180.861
 20
37.4337
 30
0.0
 11
181.186
 21
36.9471
 31
0.0
  0
LINE
  5
121A
  8
0
 62
1
 10
181.186
 20
36.9471
 30
0.0
 11
181.3
 21
36.3731
 31
0.0
  0
LINE
  5
121B
  8
0
 62
1
 10
181.3
 20
36.3731
 30
0.0
 11
181.186
 21
35.799
 31
0.0
  0
LINE
  5
121C
  8
0
 62
1
 10
181.186
 20
35.799
 30
0.0
 11
180.861
 21
35.3124
 31
0.0
  0
LINE
  5
121D
  8
0
 62
1
 10
180.861
 20
35.3124
 30
0.0
 11
180.374
 21
34.9872
 31
0.0
  0
LINE
  5
121E
  8
0
 62
1
 10
180.374
 20
34.9872
 30
0.0
 11
179.8
 21
34.8731
 31
0.0
  0
LINE
  5
121F
  8
0
 62
1
 10
179.8
 20
34.8731
 30
0.0
 11
179.226
 21
34.9872
 31
0.0
  0
LINE
  5
1220
  8
0
 62
1
 10
191.226
 20
34.9872
 30
0.0
 11
190.739
 21
35.3124
 31
0.0
  0
LINE
  5
1221
  8
0
 62
1
 10
190.739
 20
35.3124
 30
0.0
 11
190.414
 21
35.799
 31
0.0
  0
LINE
  5
1222
  8
0
 62
1
 10
190.414
 20
35.799
 30
0.0
 11
190.3
 21
36.3731
 31
0.0
  0
LINE
  5
1223
  8
0
 62
1
 10
190.3
 20
36.3731
 30
0.0
 11
190.414
 21
36.9471
 31
0.0
  0
LINE
  5
1224
  8
0
 62
1
 10
190.414
 20
36.9471
 30
0.0
 11
190.739
 21
37.4337
 31
0.0
  0
LINE
  5
1225
  8
0
 62
1
 10
190.739
 20
37.4337
 30
0.0
 11
191.226
 21
37.7589
 31
0.0
  0
LINE
  5
1226
  8
0
 62
1
 10
191.226
 20
37.7589
 30
0.0
 11
191.8
 21
37.8731
 31
0.0
  0
LINE
  5
1227
  8
0
 62
1
 10
191.8
 20
37.8731
 30
0.0
 11
192.374
 21
37.7589
 31
0.0
  0
LINE
  5
1228
  8
0
 62
1
 10
192.374
 20
37.7589
 30
0.0
 11
192.861
 21
37.4337
 31
0.0
  0
LINE
  5
1229
  8
0
 62
1
 10
192.861
 20
37.4337
 30
0.0
 11
193.186
 21
36.9471
 31
0.0
  0
LINE
  5
122A
  8
0
 62
1
 10
193.186
 20
36.9471
 30
0.0
 11
193.3
 21
36.3731
 31
0.0
  0
LINE
  5
122B
  8
0
 62
1
 10
193.3
 20
36.3731
 30
0.0
 11
193.186
 21
35.799
 31
0.0
  0
LINE
  5
122C
  8
0
 62
1
 10
193.186
 20
35.799
 30
0.0
 11
192.861
 21
35.3124
 31
0.0
  0
LINE
  5
122D
  8
0
 62
1
 10
192.861
 20
35.3124
 30
0.0
 11
192.374
 21
34.9872
 31
0.0
  0
LINE
  5
122E
  8
0
 62
1
 10
192.374
 20
34.9872
 30
0.0
 11
191.8
 21
34.8731
 31
0.0
  0
LINE
  5
122F
  8
0
 62
1
 10
191.8
 20
34.8731
 30
0.0
 11
191.226
 21
34.9872
 31
0.0
  0
LINE
  5
1230
  8
0
 62
1
 10
152.226
 20
29.7911
 30
0.0
 11
151.739
 21
30.1162
 31
0.0
  0
LINE
  5
1231
  8
0
 62
1
 10
151.739
 20
30.1162
 30
0.0
 11
151.414
 21
30.6029
 31
0.0
  0
LINE
  5
1232
  8
0
 62
1
 10
151.414
 20
30.6029
 30
0.0
 11
151.3
 21
31.1769
 31
0.0
  0
LINE
  5
1233
  8
0
 62
1
 10
151.3
 20
31.1769
 30
0.0
 11
151.414
 21
31.7509
 31
0.0
  0
LINE
  5
1234
  8
0
 62
1
 10
151.414
 20
31.7509
 30
0.0
 11
151.739
 21
32.2376
 31
0.0
  0
LINE
  5
1235
  8
0
 62
1
 10
151.739
 20
32.2376
 30
0.0
 11
152.226
 21
32.5627
 31
0.0
  0
LINE
  5
1236
  8
0
 62
1
 10
152.226
 20
32.5627
 30
0.0
 11
152.8
 21
32.6769
 31
0.0
  0
LINE
  5
1237
  8
0
 62
1
 10
152.8
 20
32.6769
 30
0.0
 11
153.374
 21
32.5627
 31
0.0
  0
LINE
  5
1238
  8
0
 62
1
 10
153.374
 20
32.5627
 30
0.0
 11
153.861
 21
32.2376
 31
0.0
  0
LINE
  5
1239
  8
0
 62
1
 10
153.861
 20
32.2376
 30
0.0
 11
154.186
 21
31.7509
 31
0.0
  0
LINE
  5
123A
  8
0
 62
1
 10
154.186
 20
31.7509
 30
0.0
 11
154.3
 21
31.1769
 31
0.0
  0
LINE
  5
123B
  8
0
 62
1
 10
154.3
 20
31.1769
 30
0.0
 11
154.186
 21
30.6029
 31
0.0
  0
LINE
  5
123C
  8
0
 62
1
 10
154.186
 20
30.6029
 30
0.0
 11
153.861
 21
30.1162
 31
0.0
  0
LINE
  5
123D
  8
0
 62
1
 10
153.861
 20
30.1162
 30
0.0
 11
153.374
 21
29.7911
 31
0.0
  0
LINE
  5
123E
  8
0
 62
1
 10
153.374
 20
29.7911
 30
0.0
 11
152.8
 21
29.6769
 31
0.0
  0
LINE
  5
123F
  8
0
 62
1
 10
152.8
 20
29.6769
 30
0.0
 11
152.226
 21
29.7911
 31
0.0
  0
LINE
  5
1240
  8
0
 62
1
 10
164.226
 20
29.7911
 30
0.0
 11
163.739
 21
30.1162
 31
0.0
  0
LINE
  5
1241
  8
0
 62
1
 10
163.739
 20
30.1162
 30
0.0
 11
163.414
 21
30.6029
 31
0.0
  0
LINE
  5
1242
  8
0
 62
1
 10
163.414
 20
30.6029
 30
0.0
 11
163.3
 21
31.1769
 31
0.0
  0
LINE
  5
1243
  8
0
 62
1
 10
163.3
 20
31.1769
 30
0.0
 11
163.414
 21
31.7509
 31
0.0
  0
LINE
  5
1244
  8
0
 62
1
 10
163.414
 20
31.7509
 30
0.0
 11
163.739
 21
32.2376
 31
0.0
  0
LINE
  5
1245
  8
0
 62
1
 10
163.739
 20
32.2376
 30
0.0
 11
164.226
 21
32.5627
 31
0.0
  0
LINE
  5
1246
  8
0
 62
1
 10
164.226
 20
32.5627
 30
0.0
 11
164.8
 21
32.6769
 31
0.0
  0
LINE
  5
1247
  8
0
 62
1
 10
164.8
 20
32.6769
 30
0.0
 11
165.374
 21
32.5627
 31
0.0
  0
LINE
  5
1248
  8
0
 62
1
 10
165.374
 20
32.5627
 30
0.0
 11
165.861
 21
32.2376
 31
0.0
  0
LINE
  5
1249
  8
0
 62
1
 10
165.861
 20
32.2376
 30
0.0
 11
166.186
 21
31.7509
 31
0.0
  0
LINE
  5
124A
  8
0
 62
1
 10
166.186
 20
31.7509
 30
0.0
 11
166.3
 21
31.1769
 31
0.0
  0
LINE
  5
124B
  8
0
 62
1
 10
166.3
 20
31.1769
 30
0.0
 11
166.186
 21
30.6029
 31
0.0
  0
LINE
  5
124C
  8
0
 62
1
 10
166.186
 20
30.6029
 30
0.0
 11
165.861
 21
30.1162
 31
0.0
  0
LINE
  5
124D
  8
0
 62
1
 10
165.861
 20
30.1162
 30
0.0
 11
165.374
 21
29.7911
 31
0.0
  0
LINE
  5
124E
  8
0
 62
1
 10
165.374
 20
29.7911
 30
0.0
 11
164.8
 21
29.6769
 31
0.0
  0
LINE
  5
124F
  8
0
 62
1
 10
164.8
 20
29.6769
 30
0.0
 11
164.226
 21
29.7911
 31
0.0
  0
LINE
  5
1250
  8
0
 62
1
 10
182.226
 20
29.7911
 30
0.0
 11
181.739
 21
30.1162
 31
0.0
  0
LINE
  5
1251
  8
0
 62
1
 10
181.739
 20
30.1162
 30
0.0
 11
181.414
 21
30.6029
 31
0.0
  0
LINE
  5
1252
  8
0
 62
1
 10
181.414
 20
30.6029
 30
0.0
 11
181.3
 21
31.1769
 31
0.0
  0
LINE
  5
1253
  8
0
 62
1
 10
181.3
 20
31.1769
 30
0.0
 11
181.414
 21
31.7509
 31
0.0
  0
LINE
  5
1254
  8
0
 62
1
 10
181.414
 20
31.7509
 30
0.0
 11
181.739
 21
32.2376
 31
0.0
  0
LINE
  5
1255
  8
0
 62
1
 10
181.739
 20
32.2376
 30
0.0
 11
182.226
 21
32.5627
 31
0.0
  0
LINE
  5
1256
  8
0
 62
1
 10
182.226
 20
32.5627
 30
0.0
 11
182.8
 21
32.6769
 31
0.0
  0
LINE
  5
1257
  8
0
 62
1
 10
182.8
 20
32.6769
 30
0.0
 11
183.374
 21
32.5627
 31
0.0
  0
LINE
  5
1258
  8
0
 62
1
 10
183.374
 20
32.5627
 30
0.0
 11
183.861
 21
32.2376
 31
0.0
  0
LINE
  5
1259
  8
0
 62
1
 10
183.861
 20
32.2376
 30
0.0
 11
184.186
 21
31.7509
 31
0.0
  0
LINE
  5
125A
  8
0
 62
1
 10
184.186
 20
31.7509
 30
0.0
 11
184.3
 21
31.1769
 31
0.0
  0
LINE
  5
125B
  8
0
 62
1
 10
184.3
 20
31.1769
 30
0.0
 11
184.186
 21
30.6029
 31
0.0
  0
LINE
  5
125C
  8
0
 62
1
 10
184.186
 20
30.6029
 30
0.0
 11
183.861
 21
30.1162
 31
0.0
  0
LINE
  5
125D
  8
0
 62
1
 10
183.861
 20
30.1162
 30
0.0
 11
183.374
 21
29.7911
 31
0.0
  0
LINE
  5
125E
  8
0
 62
1
 10
183.374
 20
29.7911
 30
0.0
 11
182.8
 21
29.6769
 31
0.0
  0
LINE
  5
125F
  8
0
 62
1
 10
182.8
 20
29.6769
 30
0.0
 11
182.226
 21
29.7911
 31
0.0
  0
LINE
  5
1260
  8
0
 62
1
 10
170.226
 20
29.7911
 30
0.0
 11
169.739
 21
30.1162
 31
0.0
  0
LINE
  5
1261
  8
0
 62
1
 10
169.739
 20
30.1162
 30
0.0
 11
169.414
 21
30.6029
 31
0.0
  0
LINE
  5
1262
  8
0
 62
1
 10
169.414
 20
30.6029
 30
0.0
 11
169.3
 21
31.1769
 31
0.0
  0
LINE
  5
1263
  8
0
 62
1
 10
169.3
 20
31.1769
 30
0.0
 11
169.414
 21
31.7509
 31
0.0
  0
LINE
  5
1264
  8
0
 62
1
 10
169.414
 20
31.7509
 30
0.0
 11
169.739
 21
32.2376
 31
0.0
  0
LINE
  5
1265
  8
0
 62
1
 10
169.739
 20
32.2376
 30
0.0
 11
170.226
 21
32.5627
 31
0.0
  0
LINE
  5
1266
  8
0
 62
1
 10
170.226
 20
32.5627
 30
0.0
 11
170.8
 21
32.6769
 31
0.0
  0
LINE
  5
1267
  8
0
 62
1
 10
170.8
 20
32.6769
 30
0.0
 11
171.374
 21
32.5627
 31
0.0
  0
LINE
  5
1268
  8
0
 62
1
 10
171.374
 20
32.5627
 30
0.0
 11
171.861
 21
32.2376
 31
0.0
  0
LINE
  5
1269
  8
0
 62
1
 10
171.861
 20
32.2376
 30
0.0
 11
172.186
 21
31.7509
 31
0.0
  0
LINE
  5
126A
  8
0
 62
1
 10
172.186
 20
31.7509
 30
0.0
 11
172.3
 21
31.1769
 31
0.0
  0
LINE
  5
126B
  8
0
 62
1
 10
172.3
 20
31.1769
 30
0.0
 11
172.186
 21
30.6029
 31
0.0
  0
LINE
  5
126C
  8
0
 62
1
 10
172.186
 20
30.6029
 30
0.0
 11
171.861
 21
30.1162
 31
0.0
  0
LINE
  5
126D
  8
0
 62
1
 10
171.861
 20
30.1162
 30
0.0
 11
171.374
 21
29.7911
 31
0.0
  0
LINE
  5
126E
  8
0
 62
1
 10
171.374
 20
29.7911
 30
0.0
 11
170.8
 21
29.6769
 31
0.0
  0
LINE
  5
126F
  8
0
 62
1
 10
170.8
 20
29.6769
 30
0.0
 11
170.226
 21
29.7911
 31
0.0
  0
LINE
  5
1270
  8
0
 62
1
 10
176.226
 20
29.7911
 30
0.0
 11
175.739
 21
30.1162
 31
0.0
  0
LINE
  5
1271
  8
0
 62
1
 10
175.739
 20
30.1162
 30
0.0
 11
175.414
 21
30.6029
 31
0.0
  0
LINE
  5
1272
  8
0
 62
1
 10
175.414
 20
30.6029
 30
0.0
 11
175.3
 21
31.1769
 31
0.0
  0
LINE
  5
1273
  8
0
 62
1
 10
175.3
 20
31.1769
 30
0.0
 11
175.414
 21
31.7509
 31
0.0
  0
LINE
  5
1274
  8
0
 62
1
 10
175.414
 20
31.7509
 30
0.0
 11
175.739
 21
32.2376
 31
0.0
  0
LINE
  5
1275
  8
0
 62
1
 10
175.739
 20
32.2376
 30
0.0
 11
176.226
 21
32.5627
 31
0.0
  0
LINE
  5
1276
  8
0
 62
1
 10
176.226
 20
32.5627
 30
0.0
 11
176.8
 21
32.6769
 31
0.0
  0
LINE
  5
1277
  8
0
 62
1
 10
176.8
 20
32.6769
 30
0.0
 11
177.374
 21
32.5627
 31
0.0
  0
LINE
  5
1278
  8
0
 62
1
 10
177.374
 20
32.5627
 30
0.0
 11
177.861
 21
32.2376
 31
0.0
  0
LINE
  5
1279
  8
0
 62
1
 10
177.861
 20
32.2376
 30
0.0
 11
178.186
 21
31.7509
 31
0.0
  0
LINE
  5
127A
  8
0
 62
1
 10
178.186
 20
31.7509
 30
0.0
 11
178.3
 21
31.1769
 31
0.0
  0
LINE
  5
127B
  8
0
 62
1
 10
178.3
 20
31.1769
 30
0.0
 11
178.186
 21
30.6029
 31
0.0
  0
LINE
  5
127C
  8
0
 62
1
 10
178.186
 20
30.6029
 30
0.0
 11
177.861
 21
30.1162
 31
0.0
  0
LINE
  5
127D
  8
0
 62
1
 10
177.861
 20
30.1162
 30
0.0
 11
177.374
 21
29.7911
 31
0.0
  0
LINE
  5
127E
  8
0
 62
1
 10
177.374
 20
29.7911
 30
0.0
 11
176.8
 21
29.6769
 31
0.0
  0
LINE
  5
127F
  8
0
 62
1
 10
176.8
 20
29.6769
 30
0.0
 11
176.226
 21
29.7911
 31
0.0
  0
LINE
  5
1280
  8
0
 62
1
 10
212.226
 20
29.7911
 30
0.0
 11
211.739
 21
30.1162
 31
0.0
  0
LINE
  5
1281
  8
0
 62
1
 10
211.739
 20
30.1162
 30
0.0
 11
211.414
 21
30.6029
 31
0.0
  0
LINE
  5
1282
  8
0
 62
1
 10
211.414
 20
30.6029
 30
0.0
 11
211.3
 21
31.1769
 31
0.0
  0
LINE
  5
1283
  8
0
 62
1
 10
211.3
 20
31.1769
 30
0.0
 11
211.414
 21
31.7509
 31
0.0
  0
LINE
  5
1284
  8
0
 62
1
 10
211.414
 20
31.7509
 30
0.0
 11
211.739
 21
32.2376
 31
0.0
  0
LINE
  5
1285
  8
0
 62
1
 10
211.739
 20
32.2376
 30
0.0
 11
212.226
 21
32.5627
 31
0.0
  0
LINE
  5
1286
  8
0
 62
1
 10
212.226
 20
32.5627
 30
0.0
 11
212.8
 21
32.6769
 31
0.0
  0
LINE
  5
1287
  8
0
 62
1
 10
212.8
 20
32.6769
 30
0.0
 11
213.374
 21
32.5627
 31
0.0
  0
LINE
  5
1288
  8
0
 62
1
 10
213.374
 20
32.5627
 30
0.0
 11
213.861
 21
32.2376
 31
0.0
  0
LINE
  5
1289
  8
0
 62
1
 10
213.861
 20
32.2376
 30
0.0
 11
214.186
 21
31.7509
 31
0.0
  0
LINE
  5
128A
  8
0
 62
1
 10
214.186
 20
31.7509
 30
0.0
 11
214.3
 21
31.1769
 31
0.0
  0
LINE
  5
128B
  8
0
 62
1
 10
214.3
 20
31.1769
 30
0.0
 11
214.186
 21
30.6029
 31
0.0
  0
LINE
  5
128C
  8
0
 62
1
 10
214.186
 20
30.6029
 30
0.0
 11
213.861
 21
30.1162
 31
0.0
  0
LINE
  5
128D
  8
0
 62
1
 10
213.861
 20
30.1162
 30
0.0
 11
213.374
 21
29.7911
 31
0.0
  0
LINE
  5
128E
  8
0
 62
1
 10
213.374
 20
29.7911
 30
0.0
 11
212.8
 21
29.6769
 31
0.0
  0
LINE
  5
128F
  8
0
 62
1
 10
212.8
 20
29.6769
 30
0.0
 11
212.226
 21
29.7911
 31
0.0
  0
LINE
  5
1290
  8
0
 62
1
 10
158.226
 20
29.7911
 30
0.0
 11
157.739
 21
30.1162
 31
0.0
  0
LINE
  5
1291
  8
0
 62
1
 10
157.739
 20
30.1162
 30
0.0
 11
157.414
 21
30.6029
 31
0.0
  0
LINE
  5
1292
  8
0
 62
1
 10
157.414
 20
30.6029
 30
0.0
 11
157.3
 21
31.1769
 31
0.0
  0
LINE
  5
1293
  8
0
 62
1
 10
157.3
 20
31.1769
 30
0.0
 11
157.414
 21
31.7509
 31
0.0
  0
LINE
  5
1294
  8
0
 62
1
 10
157.414
 20
31.7509
 30
0.0
 11
157.739
 21
32.2376
 31
0.0
  0
LINE
  5
1295
  8
0
 62
1
 10
157.739
 20
32.2376
 30
0.0
 11
158.226
 21
32.5627
 31
0.0
  0
LINE
  5
1296
  8
0
 62
1
 10
158.226
 20
32.5627
 30
0.0
 11
158.8
 21
32.6769
 31
0.0
  0
LINE
  5
1297
  8
0
 62
1
 10
158.8
 20
32.6769
 30
0.0
 11
159.374
 21
32.5627
 31
0.0
  0
LINE
  5
1298
  8
0
 62
1
 10
159.374
 20
32.5627
 30
0.0
 11
159.861
 21
32.2376
 31
0.0
  0
LINE
  5
1299
  8
0
 62
1
 10
159.861
 20
32.2376
 30
0.0
 11
160.186
 21
31.7509
 31
0.0
  0
LINE
  5
129A
  8
0
 62
1
 10
160.186
 20
31.7509
 30
0.0
 11
160.3
 21
31.1769
 31
0.0
  0
LINE
  5
129B
  8
0
 62
1
 10
160.3
 20
31.1769
 30
0.0
 11
160.186
 21
30.6029
 31
0.0
  0
LINE
  5
129C
  8
0
 62
1
 10
160.186
 20
30.6029
 30
0.0
 11
159.861
 21
30.1162
 31
0.0
  0
LINE
  5
129D
  8
0
 62
1
 10
159.861
 20
30.1162
 30
0.0
 11
159.374
 21
29.7911
 31
0.0
  0
LINE
  5
129E
  8
0
 62
1
 10
159.374
 20
29.7911
 30
0.0
 11
158.8
 21
29.6769
 31
0.0
  0
LINE
  5
129F
  8
0
 62
1
 10
158.8
 20
29.6769
 30
0.0
 11
158.226
 21
29.7911
 31
0.0
  0
LINE
  5
12A0
  8
0
 62
1
 10
200.226
 20
29.7911
 30
0.0
 11
199.739
 21
30.1162
 31
0.0
  0
LINE
  5
12A1
  8
0
 62
1
 10
199.739
 20
30.1162
 30
0.0
 11
199.414
 21
30.6029
 31
0.0
  0
LINE
  5
12A2
  8
0
 62
1
 10
199.414
 20
30.6029
 30
0.0
 11
199.3
 21
31.1769
 31
0.0
  0
LINE
  5
12A3
  8
0
 62
1
 10
199.3
 20
31.1769
 30
0.0
 11
199.414
 21
31.7509
 31
0.0
  0
LINE
  5
12A4
  8
0
 62
1
 10
199.414
 20
31.7509
 30
0.0
 11
199.739
 21
32.2376
 31
0.0
  0
LINE
  5
12A5
  8
0
 62
1
 10
199.739
 20
32.2376
 30
0.0
 11
200.226
 21
32.5627
 31
0.0
  0
LINE
  5
12A6
  8
0
 62
1
 10
200.226
 20
32.5627
 30
0.0
 11
200.8
 21
32.6769
 31
0.0
  0
LINE
  5
12A7
  8
0
 62
1
 10
200.8
 20
32.6769
 30
0.0
 11
201.374
 21
32.5627
 31
0.0
  0
LINE
  5
12A8
  8
0
 62
1
 10
201.374
 20
32.5627
 30
0.0
 11
201.861
 21
32.2376
 31
0.0
  0
LINE
  5
12A9
  8
0
 62
1
 10
201.861
 20
32.2376
 30
0.0
 11
202.186
 21
31.7509
 31
0.0
  0
LINE
  5
12AA
  8
0
 62
1
 10
202.186
 20
31.7509
 30
0.0
 11
202.3
 21
31.1769
 31
0.0
  0
LINE
  5
12AB
  8
0
 62
1
 10
202.3
 20
31.1769
 30
0.0
 11
202.186
 21
30.6029
 31
0.0
  0
LINE
  5
12AC
  8
0
 62
1
 10
202.186
 20
30.6029
 30
0.0
 11
201.861
 21
30.1162
 31
0.0
  0
LINE
  5
12AD
  8
0
 62
1
 10
201.861
 20
30.1162
 30
0.0
 11
201.374
 21
29.7911
 31
0.0
  0
LINE
  5
12AE
  8
0
 62
1
 10
201.374
 20
29.7911
 30
0.0
 11
200.8
 21
29.6769
 31
0.0
  0
LINE
  5
12AF
  8
0
 62
1
 10
200.8
 20
29.6769
 30
0.0
 11
200.226
 21
29.7911
 31
0.0
  0
LINE
  5
12B0
  8
0
 62
1
 10
194.226
 20
29.7911
 30
0.0
 11
193.739
 21
30.1162
 31
0.0
  0
LINE
  5
12B1
  8
0
 62
1
 10
193.739
 20
30.1162
 30
0.0
 11
193.414
 21
30.6029
 31
0.0
  0
LINE
  5
12B2
  8
0
 62
1
 10
193.414
 20
30.6029
 30
0.0
 11
193.3
 21
31.1769
 31
0.0
  0
LINE
  5
12B3
  8
0
 62
1
 10
193.3
 20
31.1769
 30
0.0
 11
193.414
 21
31.7509
 31
0.0
  0
LINE
  5
12B4
  8
0
 62
1
 10
193.414
 20
31.7509
 30
0.0
 11
193.739
 21
32.2376
 31
0.0
  0
LINE
  5
12B5
  8
0
 62
1
 10
193.739
 20
32.2376
 30
0.0
 11
194.226
 21
32.5627
 31
0.0
  0
LINE
  5
12B6
  8
0
 62
1
 10
194.226
 20
32.5627
 30
0.0
 11
194.8
 21
32.6769
 31
0.0
  0
LINE
  5
12B7
  8
0
 62
1
 10
194.8
 20
32.6769
 30
0.0
 11
195.374
 21
32.5627
 31
0.0
  0
LINE
  5
12B8
  8
0
 62
1
 10
195.374
 20
32.5627
 30
0.0
 11
195.861
 21
32.2376
 31
0.0
  0
LINE
  5
12B9
  8
0
 62
1
 10
195.861
 20
32.2376
 30
0.0
 11
196.186
 21
31.7509
 31
0.0
  0
LINE
  5
12BA
  8
0
 62
1
 10
196.186
 20
31.7509
 30
0.0
 11
196.3
 21
31.1769
 31
0.0
  0
LINE
  5
12BB
  8
0
 62
1
 10
196.3
 20
31.1769
 30
0.0
 11
196.186
 21
30.6029
 31
0.0
  0
LINE
  5
12BC
  8
0
 62
1
 10
196.186
 20
30.6029
 30
0.0
 11
195.861
 21
30.1162
 31
0.0
  0
LINE
  5
12BD
  8
0
 62
1
 10
195.861
 20
30.1162
 30
0.0
 11
195.374
 21
29.7911
 31
0.0
  0
LINE
  5
12BE
  8
0
 62
1
 10
195.374
 20
29.7911
 30
0.0
 11
194.8
 21
29.6769
 31
0.0
  0
LINE
  5
12BF
  8
0
 62
1
 10
194.8
 20
29.6769
 30
0.0
 11
194.226
 21
29.7911
 31
0.0
  0
LINE
  5
12C0
  8
0
 62
1
 10
188.226
 20
29.7911
 30
0.0
 11
187.739
 21
30.1162
 31
0.0
  0
LINE
  5
12C1
  8
0
 62
1
 10
187.739
 20
30.1162
 30
0.0
 11
187.414
 21
30.6029
 31
0.0
  0
LINE
  5
12C2
  8
0
 62
1
 10
187.414
 20
30.6029
 30
0.0
 11
187.3
 21
31.1769
 31
0.0
  0
LINE
  5
12C3
  8
0
 62
1
 10
187.3
 20
31.1769
 30
0.0
 11
187.414
 21
31.7509
 31
0.0
  0
LINE
  5
12C4
  8
0
 62
1
 10
187.414
 20
31.7509
 30
0.0
 11
187.739
 21
32.2376
 31
0.0
  0
LINE
  5
12C5
  8
0
 62
1
 10
187.739
 20
32.2376
 30
0.0
 11
188.226
 21
32.5627
 31
0.0
  0
LINE
  5
12C6
  8
0
 62
1
 10
188.226
 20
32.5627
 30
0.0
 11
188.8
 21
32.6769
 31
0.0
  0
LINE
  5
12C7
  8
0
 62
1
 10
188.8
 20
32.6769
 30
0.0
 11
189.374
 21
32.5627
 31
0.0
  0
LINE
  5
12C8
  8
0
 62
1
 10
189.374
 20
32.5627
 30
0.0
 11
189.861
 21
32.2376
 31
0.0
  0
LINE
  5
12C9
  8
0
 62
1
 10
189.861
 20
32.2376
 30
0.0
 11
190.186
 21
31.7509
 31
0.0
  0
LINE
  5
12CA
  8
0
 62
1
 10
190.186
 20
31.7509
 30
0.0
 11
190.3
 21
31.1769
 31
0.0
  0
LINE
  5
12CB
  8
0
 62
1
 10
190.3
 20
31.1769
 30
0.0
 11
190.186
 21
30.6029
 31
0.0
  0
LINE
  5
12CC
  8
0
 62
1
 10
190.186
 20
30.6029
 30
0.0
 11
189.861
 21
30.1162
 31
0.0
  0
LINE
  5
12CD
  8
0
 62
1
 10
189.861
 20
30.1162
 30
0.0
 11
189.374
 21
29.7911
 31
0.0
  0
LINE
  5
12CE
  8
0
 62
1
 10
189.374
 20
29.7911
 30
0.0
 11
188.8
 21
29.6769
 31
0.0
  0
LINE
  5
12CF
  8
0
 62
1
 10
188.8
 20
29.6769
 30
0.0
 11
188.226
 21
29.7911
 31
0.0
  0
LINE
  5
12D0
  8
0
 62
1
 10
206.226
 20
29.7911
 30
0.0
 11
205.739
 21
30.1162
 31
0.0
  0
LINE
  5
12D1
  8
0
 62
1
 10
205.739
 20
30.1162
 30
0.0
 11
205.414
 21
30.6029
 31
0.0
  0
LINE
  5
12D2
  8
0
 62
1
 10
205.414
 20
30.6029
 30
0.0
 11
205.3
 21
31.1769
 31
0.0
  0
LINE
  5
12D3
  8
0
 62
1
 10
205.3
 20
31.1769
 30
0.0
 11
205.414
 21
31.7509
 31
0.0
  0
LINE
  5
12D4
  8
0
 62
1
 10
205.414
 20
31.7509
 30
0.0
 11
205.739
 21
32.2376
 31
0.0
  0
LINE
  5
12D5
  8
0
 62
1
 10
205.739
 20
32.2376
 30
0.0
 11
206.226
 21
32.5627
 31
0.0
  0
LINE
  5
12D6
  8
0
 62
1
 10
206.226
 20
32.5627
 30
0.0
 11
206.8
 21
32.6769
 31
0.0
  0
LINE
  5
12D7
  8
0
 62
1
 10
206.8
 20
32.6769
 30
0.0
 11
207.374
 21
32.5627
 31
0.0
  0
LINE
  5
12D8
  8
0
 62
1
 10
207.374
 20
32.5627
 30
0.0
 11
207.861
 21
32.2376
 31
0.0
  0
LINE
  5
12D9
  8
0
 62
1
 10
207.861
 20
32.2376
 30
0.0
 11
208.186
 21
31.7509
 31
0.0
  0
LINE
  5
12DA
  8
0
 62
1
 10
208.186
 20
31.7509
 30
0.0
 11
208.3
 21
31.1769
 31
0.0
  0
LINE
  5
12DB
  8
0
 62
1
 10
208.3
 20
31.1769
 30
0.0
 11
208.186
 21
30.6029
 31
0.0
  0
LINE
  5
12DC
  8
0
 62
1
 10
208.186
 20
30.6029
 30
0.0
 11
207.861
 21
30.1162
 31
0.0
  0
LINE
  5
12DD
  8
0
 62
1
 10
207.861
 20
30.1162
 30
0.0
 11
207.374
 21
29.7911
 31
0.0
  0
LINE
  5
12DE
  8
0
 62
1
 10
207.374
 20
29.7911
 30
0.0
 11
206.8
 21
29.6769
 31
0.0
  0
LINE
  5
12DF
  8
0
 62
1
 10
206.8
 20
29.6769
 30
0.0
 11
206.226
 21
29.7911
 31
0.0
  0
LINE
  5
12E0
  8
0
 62
1
 10
161.226
 20
24.5949
 30
0.0
 11
160.739
 21
24.9201
 31
0.0
  0
LINE
  5
12E1
  8
0
 62
1
 10
160.739
 20
24.9201
 30
0.0
 11
160.414
 21
25.4067
 31
0.0
  0
LINE
  5
12E2
  8
0
 62
1
 10
160.414
 20
25.4067
 30
0.0
 11
160.3
 21
25.9808
 31
0.0
  0
LINE
  5
12E3
  8
0
 62
1
 10
160.3
 20
25.9808
 30
0.0
 11
160.414
 21
26.5548
 31
0.0
  0
LINE
  5
12E4
  8
0
 62
1
 10
160.414
 20
26.5548
 30
0.0
 11
160.739
 21
27.0414
 31
0.0
  0
LINE
  5
12E5
  8
0
 62
1
 10
160.739
 20
27.0414
 30
0.0
 11
161.226
 21
27.3666
 31
0.0
  0
LINE
  5
12E6
  8
0
 62
1
 10
161.226
 20
27.3666
 30
0.0
 11
161.8
 21
27.4808
 31
0.0
  0
LINE
  5
12E7
  8
0
 62
1
 10
161.8
 20
27.4808
 30
0.0
 11
162.374
 21
27.3666
 31
0.0
  0
LINE
  5
12E8
  8
0
 62
1
 10
162.374
 20
27.3666
 30
0.0
 11
162.861
 21
27.0414
 31
0.0
  0
LINE
  5
12E9
  8
0
 62
1
 10
162.861
 20
27.0414
 30
0.0
 11
163.186
 21
26.5548
 31
0.0
  0
LINE
  5
12EA
  8
0
 62
1
 10
163.186
 20
26.5548
 30
0.0
 11
163.3
 21
25.9808
 31
0.0
  0
LINE
  5
12EB
  8
0
 62
1
 10
163.3
 20
25.9808
 30
0.0
 11
163.186
 21
25.4067
 31
0.0
  0
LINE
  5
12EC
  8
0
 62
1
 10
163.186
 20
25.4067
 30
0.0
 11
162.861
 21
24.9201
 31
0.0
  0
LINE
  5
12ED
  8
0
 62
1
 10
162.861
 20
24.9201
 30
0.0
 11
162.374
 21
24.5949
 31
0.0
  0
LINE
  5
12EE
  8
0
 62
1
 10
162.374
 20
24.5949
 30
0.0
 11
161.8
 21
24.4808
 31
0.0
  0
LINE
  5
12EF
  8
0
 62
1
 10
161.8
 20
24.4808
 30
0.0
 11
161.226
 21
24.5949
 31
0.0
  0
LINE
  5
12F0
  8
0
 62
1
 10
185.226
 20
24.5949
 30
0.0
 11
184.739
 21
24.9201
 31
0.0
  0
LINE
  5
12F1
  8
0
 62
1
 10
184.739
 20
24.9201
 30
0.0
 11
184.414
 21
25.4067
 31
0.0
  0
LINE
  5
12F2
  8
0
 62
1
 10
184.414
 20
25.4067
 30
0.0
 11
184.3
 21
25.9808
 31
0.0
  0
LINE
  5
12F3
  8
0
 62
1
 10
184.3
 20
25.9808
 30
0.0
 11
184.414
 21
26.5548
 31
0.0
  0
LINE
  5
12F4
  8
0
 62
1
 10
184.414
 20
26.5548
 30
0.0
 11
184.739
 21
27.0414
 31
0.0
  0
LINE
  5
12F5
  8
0
 62
1
 10
184.739
 20
27.0414
 30
0.0
 11
185.226
 21
27.3666
 31
0.0
  0
LINE
  5
12F6
  8
0
 62
1
 10
185.226
 20
27.3666
 30
0.0
 11
185.8
 21
27.4808
 31
0.0
  0
LINE
  5
12F7
  8
0
 62
1
 10
185.8
 20
27.4808
 30
0.0
 11
186.374
 21
27.3666
 31
0.0
  0
LINE
  5
12F8
  8
0
 62
1
 10
186.374
 20
27.3666
 30
0.0
 11
186.861
 21
27.0414
 31
0.0
  0
LINE
  5
12F9
  8
0
 62
1
 10
186.861
 20
27.0414
 30
0.0
 11
187.186
 21
26.5548
 31
0.0
  0
LINE
  5
12FA
  8
0
 62
1
 10
187.186
 20
26.5548
 30
0.0
 11
187.3
 21
25.9808
 31
0.0
  0
LINE
  5
12FB
  8
0
 62
1
 10
187.3
 20
25.9808
 30
0.0
 11
187.186
 21
25.4067
 31
0.0
  0
LINE
  5
12FC
  8
0
 62
1
 10
187.186
 20
25.4067
 30
0.0
 11
186.861
 21
24.9201
 31
0.0
  0
LINE
  5
12FD
  8
0
 62
1
 10
186.861
 20
24.9201
 30
0.0
 11
186.374
 21
24.5949
 31
0.0
  0
LINE
  5
12FE
  8
0
 62
1
 10
186.374
 20
24.5949
 30
0.0
 11
185.8
 21
24.4808
 31
0.0
  0
LINE
  5
12FF
  8
0
 62
1
 10
185.8
 20
24.4808
 30
0.0
 11
185.226
 21
24.5949
 31
0.0
  0
LINE
  5
1300
  8
0
 62
1
 10
215.226
 20
24.5949
 30
0.0
 11
214.739
 21
24.9201
 31
0.0
  0
LINE
  5
1301
  8
0
 62
1
 10
214.739
 20
24.9201
 30
0.0
 11
214.414
 21
25.4067
 31
0.0
  0
LINE
  5
1302
  8
0
 62
1
 10
214.414
 20
25.4067
 30
0.0
 11
214.3
 21
25.9808
 31
0.0
  0
LINE
  5
1303
  8
0
 62
1
 10
214.3
 20
25.9808
 30
0.0
 11
214.414
 21
26.5548
 31
0.0
  0
LINE
  5
1304
  8
0
 62
1
 10
214.414
 20
26.5548
 30
0.0
 11
214.739
 21
27.0414
 31
0.0
  0
LINE
  5
1305
  8
0
 62
1
 10
214.739
 20
27.0414
 30
0.0
 11
215.226
 21
27.3666
 31
0.0
  0
LINE
  5
1306
  8
0
 62
1
 10
215.226
 20
27.3666
 30
0.0
 11
215.8
 21
27.4808
 31
0.0
  0
LINE
  5
1307
  8
0
 62
1
 10
215.8
 20
27.4808
 30
0.0
 11
216.374
 21
27.3666
 31
0.0
  0
LINE
  5
1308
  8
0
 62
1
 10
216.374
 20
27.3666
 30
0.0
 11
216.861
 21
27.0414
 31
0.0
  0
LINE
  5
1309
  8
0
 62
1
 10
216.861
 20
27.0414
 30
0.0
 11
217.186
 21
26.5548
 31
0.0
  0
LINE
  5
130A
  8
0
 62
1
 10
217.186
 20
26.5548
 30
0.0
 11
217.3
 21
25.9808
 31
0.0
  0
LINE
  5
130B
  8
0
 62
1
 10
217.3
 20
25.9808
 30
0.0
 11
217.186
 21
25.4067
 31
0.0
  0
LINE
  5
130C
  8
0
 62
1
 10
217.186
 20
25.4067
 30
0.0
 11
216.861
 21
24.9201
 31
0.0
  0
LINE
  5
130D
  8
0
 62
1
 10
216.861
 20
24.9201
 30
0.0
 11
216.374
 21
24.5949
 31
0.0
  0
LINE
  5
130E
  8
0
 62
1
 10
216.374
 20
24.5949
 30
0.0
 11
215.8
 21
24.4808
 31
0.0
  0
LINE
  5
130F
  8
0
 62
1
 10
215.8
 20
24.4808
 30
0.0
 11
215.226
 21
24.5949
 31
0.0
  0
LINE
  5
1310
  8
0
 62
1
 10
209.226
 20
24.5949
 30
0.0
 11
208.739
 21
24.9201
 31
0.0
  0
LINE
  5
1311
  8
0
 62
1
 10
208.739
 20
24.9201
 30
0.0
 11
208.414
 21
25.4067
 31
0.0
  0
LINE
  5
1312
  8
0
 62
1
 10
208.414
 20
25.4067
 30
0.0
 11
208.3
 21
25.9808
 31
0.0
  0
LINE
  5
1313
  8
0
 62
1
 10
208.3
 20
25.9808
 30
0.0
 11
208.414
 21
26.5548
 31
0.0
  0
LINE
  5
1314
  8
0
 62
1
 10
208.414
 20
26.5548
 30
0.0
 11
208.739
 21
27.0414
 31
0.0
  0
LINE
  5
1315
  8
0
 62
1
 10
208.739
 20
27.0414
 30
0.0
 11
209.226
 21
27.3666
 31
0.0
  0
LINE
  5
1316
  8
0
 62
1
 10
209.226
 20
27.3666
 30
0.0
 11
209.8
 21
27.4808
 31
0.0
  0
LINE
  5
1317
  8
0
 62
1
 10
209.8
 20
27.4808
 30
0.0
 11
210.374
 21
27.3666
 31
0.0
  0
LINE
  5
1318
  8
0
 62
1
 10
210.374
 20
27.3666
 30
0.0
 11
210.861
 21
27.0414
 31
0.0
  0
LINE
  5
1319
  8
0
 62
1
 10
210.861
 20
27.0414
 30
0.0
 11
211.186
 21
26.5548
 31
0.0
  0
LINE
  5
131A
  8
0
 62
1
 10
211.186
 20
26.5548
 30
0.0
 11
211.3
 21
25.9808
 31
0.0
  0
LINE
  5
131B
  8
0
 62
1
 10
211.3
 20
25.9808
 30
0.0
 11
211.186
 21
25.4067
 31
0.0
  0
LINE
  5
131C
  8
0
 62
1
 10
211.186
 20
25.4067
 30
0.0
 11
210.861
 21
24.9201
 31
0.0
  0
LINE
  5
131D
  8
0
 62
1
 10
210.861
 20
24.9201
 30
0.0
 11
210.374
 21
24.5949
 31
0.0
  0
LINE
  5
131E
  8
0
 62
1
 10
210.374
 20
24.5949
 30
0.0
 11
209.8
 21
24.4808
 31
0.0
  0
LINE
  5
131F
  8
0
 62
1
 10
209.8
 20
24.4808
 30
0.0
 11
209.226
 21
24.5949
 31
0.0
  0
LINE
  5
1320
  8
0
 62
1
 10
203.226
 20
24.5949
 30
0.0
 11
202.739
 21
24.9201
 31
0.0
  0
LINE
  5
1321
  8
0
 62
1
 10
202.739
 20
24.9201
 30
0.0
 11
202.414
 21
25.4067
 31
0.0
  0
LINE
  5
1322
  8
0
 62
1
 10
202.414
 20
25.4067
 30
0.0
 11
202.3
 21
25.9808
 31
0.0
  0
LINE
  5
1323
  8
0
 62
1
 10
202.3
 20
25.9808
 30
0.0
 11
202.414
 21
26.5548
 31
0.0
  0
LINE
  5
1324
  8
0
 62
1
 10
202.414
 20
26.5548
 30
0.0
 11
202.739
 21
27.0414
 31
0.0
  0
LINE
  5
1325
  8
0
 62
1
 10
202.739
 20
27.0414
 30
0.0
 11
203.226
 21
27.3666
 31
0.0
  0
LINE
  5
1326
  8
0
 62
1
 10
203.226
 20
27.3666
 30
0.0
 11
203.8
 21
27.4808
 31
0.0
  0
LINE
  5
1327
  8
0
 62
1
 10
203.8
 20
27.4808
 30
0.0
 11
204.374
 21
27.3666
 31
0.0
  0
LINE
  5
1328
  8
0
 62
1
 10
204.374
 20
27.3666
 30
0.0
 11
204.861
 21
27.0414
 31
0.0
  0
LINE
  5
1329
  8
0
 62
1
 10
204.861
 20
27.0414
 30
0.0
 11
205.186
 21
26.5548
 31
0.0
  0
LINE
  5
132A
  8
0
 62
1
 10
205.186
 20
26.5548
 30
0.0
 11
205.3
 21
25.9808
 31
0.0
  0
LINE
  5
132B
  8
0
 62
1
 10
205.3
 20
25.9808
 30
0.0
 11
205.186
 21
25.4067
 31
0.0
  0
LINE
  5
132C
  8
0
 62
1
 10
205.186
 20
25.4067
 30
0.0
 11
204.861
 21
24.9201
 31
0.0
  0
LINE
  5
132D
  8
0
 62
1
 10
204.861
 20
24.9201
 30
0.0
 11
204.374
 21
24.5949
 31
0.0
  0
LINE
  5
132E
  8
0
 62
1
 10
204.374
 20
24.5949
 30
0.0
 11
203.8
 21
24.4808
 31
0.0
  0
LINE
  5
132F
  8
0
 62
1
 10
203.8
 20
24.4808
 30
0.0
 11
203.226
 21
24.5949
 31
0.0
  0
LINE
  5
1330
  8
0
 62
1
 10
191.226
 20
24.5949
 30
0.0
 11
190.739
 21
24.9201
 31
0.0
  0
LINE
  5
1331
  8
0
 62
1
 10
190.739
 20
24.9201
 30
0.0
 11
190.414
 21
25.4067
 31
0.0
  0
LINE
  5
1332
  8
0
 62
1
 10
190.414
 20
25.4067
 30
0.0
 11
190.3
 21
25.9808
 31
0.0
  0
LINE
  5
1333
  8
0
 62
1
 10
190.3
 20
25.9808
 30
0.0
 11
190.414
 21
26.5548
 31
0.0
  0
LINE
  5
1334
  8
0
 62
1
 10
190.414
 20
26.5548
 30
0.0
 11
190.739
 21
27.0414
 31
0.0
  0
LINE
  5
1335
  8
0
 62
1
 10
190.739
 20
27.0414
 30
0.0
 11
191.226
 21
27.3666
 31
0.0
  0
LINE
  5
1336
  8
0
 62
1
 10
191.226
 20
27.3666
 30
0.0
 11
191.8
 21
27.4808
 31
0.0
  0
LINE
  5
1337
  8
0
 62
1
 10
191.8
 20
27.4808
 30
0.0
 11
192.374
 21
27.3666
 31
0.0
  0
LINE
  5
1338
  8
0
 62
1
 10
192.374
 20
27.3666
 30
0.0
 11
192.861
 21
27.0414
 31
0.0
  0
LINE
  5
1339
  8
0
 62
1
 10
192.861
 20
27.0414
 30
0.0
 11
193.186
 21
26.5548
 31
0.0
  0
LINE
  5
133A
  8
0
 62
1
 10
193.186
 20
26.5548
 30
0.0
 11
193.3
 21
25.9808
 31
0.0
  0
LINE
  5
133B
  8
0
 62
1
 10
193.3
 20
25.9808
 30
0.0
 11
193.186
 21
25.4067
 31
0.0
  0
LINE
  5
133C
  8
0
 62
1
 10
193.186
 20
25.4067
 30
0.0
 11
192.861
 21
24.9201
 31
0.0
  0
LINE
  5
133D
  8
0
 62
1
 10
192.861
 20
24.9201
 30
0.0
 11
192.374
 21
24.5949
 31
0.0
  0
LINE
  5
133E
  8
0
 62
1
 10
192.374
 20
24.5949
 30
0.0
 11
191.8
 21
24.4808
 31
0.0
  0
LINE
  5
133F
  8
0
 62
1
 10
191.8
 20
24.4808
 30
0.0
 11
191.226
 21
24.5949
 31
0.0
  0
LINE
  5
1340
  8
0
 62
1
 10
179.226
 20
24.5949
 30
0.0
 11
178.739
 21
24.9201
 31
0.0
  0
LINE
  5
1341
  8
0
 62
1
 10
178.739
 20
24.9201
 30
0.0
 11
178.414
 21
25.4067
 31
0.0
  0
LINE
  5
1342
  8
0
 62
1
 10
178.414
 20
25.4067
 30
0.0
 11
178.3
 21
25.9808
 31
0.0
  0
LINE
  5
1343
  8
0
 62
1
 10
178.3
 20
25.9808
 30
0.0
 11
178.414
 21
26.5548
 31
0.0
  0
LINE
  5
1344
  8
0
 62
1
 10
178.414
 20
26.5548
 30
0.0
 11
178.739
 21
27.0414
 31
0.0
  0
LINE
  5
1345
  8
0
 62
1
 10
178.739
 20
27.0414
 30
0.0
 11
179.226
 21
27.3666
 31
0.0
  0
LINE
  5
1346
  8
0
 62
1
 10
179.226
 20
27.3666
 30
0.0
 11
179.8
 21
27.4808
 31
0.0
  0
LINE
  5
1347
  8
0
 62
1
 10
179.8
 20
27.4808
 30
0.0
 11
180.374
 21
27.3666
 31
0.0
  0
LINE
  5
1348
  8
0
 62
1
 10
180.374
 20
27.3666
 30
0.0
 11
180.861
 21
27.0414
 31
0.0
  0
LINE
  5
1349
  8
0
 62
1
 10
180.861
 20
27.0414
 30
0.0
 11
181.186
 21
26.5548
 31
0.0
  0
LINE
  5
134A
  8
0
 62
1
 10
181.186
 20
26.5548
 30
0.0
 11
181.3
 21
25.9808
 31
0.0
  0
LINE
  5
134B
  8
0
 62
1
 10
181.3
 20
25.9808
 30
0.0
 11
181.186
 21
25.4067
 31
0.0
  0
LINE
  5
134C
  8
0
 62
1
 10
181.186
 20
25.4067
 30
0.0
 11
180.861
 21
24.9201
 31
0.0
  0
LINE
  5
134D
  8
0
 62
1
 10
180.861
 20
24.9201
 30
0.0
 11
180.374
 21
24.5949
 31
0.0
  0
LINE
  5
134E
  8
0
 62
1
 10
180.374
 20
24.5949
 30
0.0
 11
179.8
 21
24.4808
 31
0.0
  0
LINE
  5
134F
  8
0
 62
1
 10
179.8
 20
24.4808
 30
0.0
 11
179.226
 21
24.5949
 31
0.0
  0
LINE
  5
1350
  8
0
 62
1
 10
173.226
 20
24.5949
 30
0.0
 11
172.739
 21
24.9201
 31
0.0
  0
LINE
  5
1351
  8
0
 62
1
 10
172.739
 20
24.9201
 30
0.0
 11
172.414
 21
25.4067
 31
0.0
  0
LINE
  5
1352
  8
0
 62
1
 10
172.414
 20
25.4067
 30
0.0
 11
172.3
 21
25.9808
 31
0.0
  0
LINE
  5
1353
  8
0
 62
1
 10
172.3
 20
25.9808
 30
0.0
 11
172.414
 21
26.5548
 31
0.0
  0
LINE
  5
1354
  8
0
 62
1
 10
172.414
 20
26.5548
 30
0.0
 11
172.739
 21
27.0414
 31
0.0
  0
LINE
  5
1355
  8
0
 62
1
 10
172.739
 20
27.0414
 30
0.0
 11
173.226
 21
27.3666
 31
0.0
  0
LINE
  5
1356
  8
0
 62
1
 10
173.226
 20
27.3666
 30
0.0
 11
173.8
 21
27.4808
 31
0.0
  0
LINE
  5
1357
  8
0
 62
1
 10
173.8
 20
27.4808
 30
0.0
 11
174.374
 21
27.3666
 31
0.0
  0
LINE
  5
1358
  8
0
 62
1
 10
174.374
 20
27.3666
 30
0.0
 11
174.861
 21
27.0414
 31
0.0
  0
LINE
  5
1359
  8
0
 62
1
 10
174.861
 20
27.0414
 30
0.0
 11
175.186
 21
26.5548
 31
0.0
  0
LINE
  5
135A
  8
0
 62
1
 10
175.186
 20
26.5548
 30
0.0
 11
175.3
 21
25.9808
 31
0.0
  0
LINE
  5
135B
  8
0
 62
1
 10
175.3
 20
25.9808
 30
0.0
 11
175.186
 21
25.4067
 31
0.0
  0
LINE
  5
135C
  8
0
 62
1
 10
175.186
 20
25.4067
 30
0.0
 11
174.861
 21
24.9201
 31
0.0
  0
LINE
  5
135D
  8
0
 62
1
 10
174.861
 20
24.9201
 30
0.0
 11
174.374
 21
24.5949
 31
0.0
  0
LINE
  5
135E
  8
0
 62
1
 10
174.374
 20
24.5949
 30
0.0
 11
173.8
 21
24.4808
 31
0.0
  0
LINE
  5
135F
  8
0
 62
1
 10
173.8
 20
24.4808
 30
0.0
 11
173.226
 21
24.5949
 31
0.0
  0
LINE
  5
1360
  8
0
 62
1
 10
167.226
 20
24.5949
 30
0.0
 11
166.739
 21
24.9201
 31
0.0
  0
LINE
  5
1361
  8
0
 62
1
 10
166.739
 20
24.9201
 30
0.0
 11
166.414
 21
25.4067
 31
0.0
  0
LINE
  5
1362
  8
0
 62
1
 10
166.414
 20
25.4067
 30
0.0
 11
166.3
 21
25.9808
 31
0.0
  0
LINE
  5
1363
  8
0
 62
1
 10
166.3
 20
25.9808
 30
0.0
 11
166.414
 21
26.5548
 31
0.0
  0
LINE
  5
1364
  8
0
 62
1
 10
166.414
 20
26.5548
 30
0.0
 11
166.739
 21
27.0414
 31
0.0
  0
LINE
  5
1365
  8
0
 62
1
 10
166.739
 20
27.0414
 30
0.0
 11
167.226
 21
27.3666
 31
0.0
  0
LINE
  5
1366
  8
0
 62
1
 10
167.226
 20
27.3666
 30
0.0
 11
167.8
 21
27.4808
 31
0.0
  0
LINE
  5
1367
  8
0
 62
1
 10
167.8
 20
27.4808
 30
0.0
 11
168.374
 21
27.3666
 31
0.0
  0
LINE
  5
1368
  8
0
 62
1
 10
168.374
 20
27.3666
 30
0.0
 11
168.861
 21
27.0414
 31
0.0
  0
LINE
  5
1369
  8
0
 62
1
 10
168.861
 20
27.0414
 30
0.0
 11
169.186
 21
26.5548
 31
0.0
  0
LINE
  5
136A
  8
0
 62
1
 10
169.186
 20
26.5548
 30
0.0
 11
169.3
 21
25.9808
 31
0.0
  0
LINE
  5
136B
  8
0
 62
1
 10
169.3
 20
25.9808
 30
0.0
 11
169.186
 21
25.4067
 31
0.0
  0
LINE
  5
136C
  8
0
 62
1
 10
169.186
 20
25.4067
 30
0.0
 11
168.861
 21
24.9201
 31
0.0
  0
LINE
  5
136D
  8
0
 62
1
 10
168.861
 20
24.9201
 30
0.0
 11
168.374
 21
24.5949
 31
0.0
  0
LINE
  5
136E
  8
0
 62
1
 10
168.374
 20
24.5949
 30
0.0
 11
167.8
 21
24.4808
 31
0.0
  0
LINE
  5
136F
  8
0
 62
1
 10
167.8
 20
24.4808
 30
0.0
 11
167.226
 21
24.5949
 31
0.0
  0
LINE
  5
1370
  8
0
 62
1
 10
155.226
 20
24.5949
 30
0.0
 11
154.739
 21
24.9201
 31
0.0
  0
LINE
  5
1371
  8
0
 62
1
 10
154.739
 20
24.9201
 30
0.0
 11
154.414
 21
25.4067
 31
0.0
  0
LINE
  5
1372
  8
0
 62
1
 10
154.414
 20
25.4067
 30
0.0
 11
154.3
 21
25.9808
 31
0.0
  0
LINE
  5
1373
  8
0
 62
1
 10
154.3
 20
25.9808
 30
0.0
 11
154.414
 21
26.5548
 31
0.0
  0
LINE
  5
1374
  8
0
 62
1
 10
154.414
 20
26.5548
 30
0.0
 11
154.739
 21
27.0414
 31
0.0
  0
LINE
  5
1375
  8
0
 62
1
 10
154.739
 20
27.0414
 30
0.0
 11
155.226
 21
27.3666
 31
0.0
  0
LINE
  5
1376
  8
0
 62
1
 10
155.226
 20
27.3666
 30
0.0
 11
155.8
 21
27.4808
 31
0.0
  0
LINE
  5
1377
  8
0
 62
1
 10
155.8
 20
27.4808
 30
0.0
 11
156.374
 21
27.3666
 31
0.0
  0
LINE
  5
1378
  8
0
 62
1
 10
156.374
 20
27.3666
 30
0.0
 11
156.861
 21
27.0414
 31
0.0
  0
LINE
  5
1379
  8
0
 62
1
 10
156.861
 20
27.0414
 30
0.0
 11
157.186
 21
26.5548
 31
0.0
  0
LINE
  5
137A
  8
0
 62
1
 10
157.186
 20
26.5548
 30
0.0
 11
157.3
 21
25.9808
 31
0.0
  0
LINE
  5
137B
  8
0
 62
1
 10
157.3
 20
25.9808
 30
0.0
 11
157.186
 21
25.4067
 31
0.0
  0
LINE
  5
137C
  8
0
 62
1
 10
157.186
 20
25.4067
 30
0.0
 11
156.861
 21
24.9201
 31
0.0
  0
LINE
  5
137D
  8
0
 62
1
 10
156.861
 20
24.9201
 30
0.0
 11
156.374
 21
24.5949
 31
0.0
  0
LINE
  5
137E
  8
0
 62
1
 10
156.374
 20
24.5949
 30
0.0
 11
155.8
 21
24.4808
 31
0.0
  0
LINE
  5
137F
  8
0
 62
1
 10
155.8
 20
24.4808
 30
0.0
 11
155.226
 21
24.5949
 31
0.0
  0
LINE
  5
1380
  8
0
 62
1
 10
149.226
 20
24.5949
 30
0.0
 11
148.739
 21
24.9201
 31
0.0
  0
LINE
  5
1381
  8
0
 62
1
 10
148.739
 20
24.9201
 30
0.0
 11
148.414
 21
25.4067
 31
0.0
  0
LINE
  5
1382
  8
0
 62
1
 10
148.414
 20
25.4067
 30
0.0
 11
148.3
 21
25.9808
 31
0.0
  0
LINE
  5
1383
  8
0
 62
1
 10
148.3
 20
25.9808
 30
0.0
 11
148.414
 21
26.5548
 31
0.0
  0
LINE
  5
1384
  8
0
 62
1
 10
148.414
 20
26.5548
 30
0.0
 11
148.739
 21
27.0414
 31
0.0
  0
LINE
  5
1385
  8
0
 62
1
 10
148.739
 20
27.0414
 30
0.0
 11
149.226
 21
27.3666
 31
0.0
  0
LINE
  5
1386
  8
0
 62
1
 10
149.226
 20
27.3666
 30
0.0
 11
149.8
 21
27.4808
 31
0.0
  0
LINE
  5
1387
  8
0
 62
1
 10
149.8
 20
27.4808
 30
0.0
 11
150.374
 21
27.3666
 31
0.0
  0
LINE
  5
1388
  8
0
 62
1
 10
150.374
 20
27.3666
 30
0.0
 11
150.861
 21
27.0414
 31
0.0
  0
LINE
  5
1389
  8
0
 62
1
 10
150.861
 20
27.0414
 30
0.0
 11
151.186
 21
26.5548
 31
0.0
  0
LINE
  5
138A
  8
0
 62
1
 10
151.186
 20
26.5548
 30
0.0
 11
151.3
 21
25.9808
 31
0.0
  0
LINE
  5
138B
  8
0
 62
1
 10
151.3
 20
25.9808
 30
0.0
 11
151.186
 21
25.4067
 31
0.0
  0
LINE
  5
138C
  8
0
 62
1
 10
151.186
 20
25.4067
 30
0.0
 11
150.861
 21
24.9201
 31
0.0
  0
LINE
  5
138D
  8
0
 62
1
 10
150.861
 20
24.9201
 30
0.0
 11
150.374
 21
24.5949
 31
0.0
  0
LINE
  5
138E
  8
0
 62
1
 10
150.374
 20
24.5949
 30
0.0
 11
149.8
 21
24.4808
 31
0.0
  0
LINE
  5
138F
  8
0
 62
1
 10
149.8
 20
24.4808
 30
0.0
 11
149.226
 21
24.5949
 31
0.0
  0
LINE
  5
1390
  8
0
 62
1
 10
197.226
 20
24.5949
 30
0.0
 11
196.739
 21
24.9201
 31
0.0
  0
LINE
  5
1391
  8
0
 62
1
 10
196.739
 20
24.9201
 30
0.0
 11
196.414
 21
25.4067
 31
0.0
  0
LINE
  5
1392
  8
0
 62
1
 10
196.414
 20
25.4067
 30
0.0
 11
196.3
 21
25.9808
 31
0.0
  0
LINE
  5
1393
  8
0
 62
1
 10
196.3
 20
25.9808
 30
0.0
 11
196.414
 21
26.5548
 31
0.0
  0
LINE
  5
1394
  8
0
 62
1
 10
196.414
 20
26.5548
 30
0.0
 11
196.739
 21
27.0414
 31
0.0
  0
LINE
  5
1395
  8
0
 62
1
 10
196.739
 20
27.0414
 30
0.0
 11
197.226
 21
27.3666
 31
0.0
  0
LINE
  5
1396
  8
0
 62
1
 10
197.226
 20
27.3666
 30
0.0
 11
197.8
 21
27.4808
 31
0.0
  0
LINE
  5
1397
  8
0
 62
1
 10
197.8
 20
27.4808
 30
0.0
 11
198.374
 21
27.3666
 31
0.0
  0
LINE
  5
1398
  8
0
 62
1
 10
198.374
 20
27.3666
 30
0.0
 11
198.861
 21
27.0414
 31
0.0
  0
LINE
  5
1399
  8
0
 62
1
 10
198.861
 20
27.0414
 30
0.0
 11
199.186
 21
26.5548
 31
0.0
  0
LINE
  5
139A
  8
0
 62
1
 10
199.186
 20
26.5548
 30
0.0
 11
199.3
 21
25.9808
 31
0.0
  0
LINE
  5
139B
  8
0
 62
1
 10
199.3
 20
25.9808
 30
0.0
 11
199.186
 21
25.4067
 31
0.0
  0
LINE
  5
139C
  8
0
 62
1
 10
199.186
 20
25.4067
 30
0.0
 11
198.861
 21
24.9201
 31
0.0
  0
LINE
  5
139D
  8
0
 62
1
 10
198.861
 20
24.9201
 30
0.0
 11
198.374
 21
24.5949
 31
0.0
  0
LINE
  5
139E
  8
0
 62
1
 10
198.374
 20
24.5949
 30
0.0
 11
197.8
 21
24.4808
 31
0.0
  0
LINE
  5
139F
  8
0
 62
1
 10
197.8
 20
24.4808
 30
0.0
 11
197.226
 21
24.5949
 31
0.0
  0
LINE
  5
13A0
  8
0
 62
1
 10
212.226
 20
19.3988
 30
0.0
 11
211.739
 21
19.7239
 31
0.0
  0
LINE
  5
13A1
  8
0
 62
1
 10
211.739
 20
19.7239
 30
0.0
 11
211.414
 21
20.2106
 31
0.0
  0
LINE
  5
13A2
  8
0
 62
1
 10
211.414
 20
20.2106
 30
0.0
 11
211.3
 21
20.7846
 31
0.0
  0
LINE
  5
13A3
  8
0
 62
1
 10
211.3
 20
20.7846
 30
0.0
 11
211.414
 21
21.3586
 31
0.0
  0
LINE
  5
13A4
  8
0
 62
1
 10
211.414
 20
21.3586
 30
0.0
 11
211.739
 21
21.8453
 31
0.0
  0
LINE
  5
13A5
  8
0
 62
1
 10
211.739
 20
21.8453
 30
0.0
 11
212.226
 21
22.1704
 31
0.0
  0
LINE
  5
13A6
  8
0
 62
1
 10
212.226
 20
22.1704
 30
0.0
 11
212.8
 21
22.2846
 31
0.0
  0
LINE
  5
13A7
  8
0
 62
1
 10
212.8
 20
22.2846
 30
0.0
 11
213.374
 21
22.1704
 31
0.0
  0
LINE
  5
13A8
  8
0
 62
1
 10
213.374
 20
22.1704
 30
0.0
 11
213.861
 21
21.8453
 31
0.0
  0
LINE
  5
13A9
  8
0
 62
1
 10
213.861
 20
21.8453
 30
0.0
 11
214.186
 21
21.3586
 31
0.0
  0
LINE
  5
13AA
  8
0
 62
1
 10
214.186
 20
21.3586
 30
0.0
 11
214.3
 21
20.7846
 31
0.0
  0
LINE
  5
13AB
  8
0
 62
1
 10
214.3
 20
20.7846
 30
0.0
 11
214.186
 21
20.2106
 31
0.0
  0
LINE
  5
13AC
  8
0
 62
1
 10
214.186
 20
20.2106
 30
0.0
 11
213.861
 21
19.7239
 31
0.0
  0
LINE
  5
13AD
  8
0
 62
1
 10
213.861
 20
19.7239
 30
0.0
 11
213.374
 21
19.3988
 31
0.0
  0
LINE
  5
13AE
  8
0
 62
1
 10
213.374
 20
19.3988
 30
0.0
 11
212.8
 21
19.2846
 31
0.0
  0
LINE
  5
13AF
  8
0
 62
1
 10
212.8
 20
19.2846
 30
0.0
 11
212.226
 21
19.3988
 31
0.0
  0
LINE
  5
13B0
  8
0
 62
1
 10
194.226
 20
19.3988
 30
0.0
 11
193.739
 21
19.7239
 31
0.0
  0
LINE
  5
13B1
  8
0
 62
1
 10
193.739
 20
19.7239
 30
0.0
 11
193.414
 21
20.2106
 31
0.0
  0
LINE
  5
13B2
  8
0
 62
1
 10
193.414
 20
20.2106
 30
0.0
 11
193.3
 21
20.7846
 31
0.0
  0
LINE
  5
13B3
  8
0
 62
1
 10
193.3
 20
20.7846
 30
0.0
 11
193.414
 21
21.3586
 31
0.0
  0
LINE
  5
13B4
  8
0
 62
1
 10
193.414
 20
21.3586
 30
0.0
 11
193.739
 21
21.8453
 31
0.0
  0
LINE
  5
13B5
  8
0
 62
1
 10
193.739
 20
21.8453
 30
0.0
 11
194.226
 21
22.1704
 31
0.0
  0
LINE
  5
13B6
  8
0
 62
1
 10
194.226
 20
22.1704
 30
0.0
 11
194.8
 21
22.2846
 31
0.0
  0
LINE
  5
13B7
  8
0
 62
1
 10
194.8
 20
22.2846
 30
0.0
 11
195.374
 21
22.1704
 31
0.0
  0
LINE
  5
13B8
  8
0
 62
1
 10
195.374
 20
22.1704
 30
0.0
 11
195.861
 21
21.8453
 31
0.0
  0
LINE
  5
13B9
  8
0
 62
1
 10
195.861
 20
21.8453
 30
0.0
 11
196.186
 21
21.3586
 31
0.0
  0
LINE
  5
13BA
  8
0
 62
1
 10
196.186
 20
21.3586
 30
0.0
 11
196.3
 21
20.7846
 31
0.0
  0
LINE
  5
13BB
  8
0
 62
1
 10
196.3
 20
20.7846
 30
0.0
 11
196.186
 21
20.2106
 31
0.0
  0
LINE
  5
13BC
  8
0
 62
1
 10
196.186
 20
20.2106
 30
0.0
 11
195.861
 21
19.7239
 31
0.0
  0
LINE
  5
13BD
  8
0
 62
1
 10
195.861
 20
19.7239
 30
0.0
 11
195.374
 21
19.3988
 31
0.0
  0
LINE
  5
13BE
  8
0
 62
1
 10
195.374
 20
19.3988
 30
0.0
 11
194.8
 21
19.2846
 31
0.0
  0
LINE
  5
13BF
  8
0
 62
1
 10
194.8
 20
19.2846
 30
0.0
 11
194.226
 21
19.3988
 31
0.0
  0
LINE
  5
13C0
  8
0
 62
1
 10
218.226
 20
19.3988
 30
0.0
 11
217.739
 21
19.7239
 31
0.0
  0
LINE
  5
13C1
  8
0
 62
1
 10
217.739
 20
19.7239
 30
0.0
 11
217.414
 21
20.2106
 31
0.0
  0
LINE
  5
13C2
  8
0
 62
1
 10
217.414
 20
20.2106
 30
0.0
 11
217.3
 21
20.7846
 31
0.0
  0
LINE
  5
13C3
  8
0
 62
1
 10
217.3
 20
20.7846
 30
0.0
 11
217.414
 21
21.3586
 31
0.0
  0
LINE
  5
13C4
  8
0
 62
1
 10
217.414
 20
21.3586
 30
0.0
 11
217.739
 21
21.8453
 31
0.0
  0
LINE
  5
13C5
  8
0
 62
1
 10
217.739
 20
21.8453
 30
0.0
 11
218.226
 21
22.1704
 31
0.0
  0
LINE
  5
13C6
  8
0
 62
1
 10
218.226
 20
22.1704
 30
0.0
 11
218.8
 21
22.2846
 31
0.0
  0
LINE
  5
13C7
  8
0
 62
1
 10
218.8
 20
22.2846
 30
0.0
 11
219.374
 21
22.1704
 31
0.0
  0
LINE
  5
13C8
  8
0
 62
1
 10
219.374
 20
22.1704
 30
0.0
 11
219.861
 21
21.8453
 31
0.0
  0
LINE
  5
13C9
  8
0
 62
1
 10
219.861
 20
21.8453
 30
0.0
 11
220.186
 21
21.3586
 31
0.0
  0
LINE
  5
13CA
  8
0
 62
1
 10
220.186
 20
21.3586
 30
0.0
 11
220.3
 21
20.7846
 31
0.0
  0
LINE
  5
13CB
  8
0
 62
1
 10
220.3
 20
20.7846
 30
0.0
 11
220.186
 21
20.2106
 31
0.0
  0
LINE
  5
13CC
  8
0
 62
1
 10
220.186
 20
20.2106
 30
0.0
 11
219.861
 21
19.7239
 31
0.0
  0
LINE
  5
13CD
  8
0
 62
1
 10
219.861
 20
19.7239
 30
0.0
 11
219.374
 21
19.3988
 31
0.0
  0
LINE
  5
13CE
  8
0
 62
1
 10
219.374
 20
19.3988
 30
0.0
 11
218.8
 21
19.2846
 31
0.0
  0
LINE
  5
13CF
  8
0
 62
1
 10
218.8
 20
19.2846
 30
0.0
 11
218.226
 21
19.3988
 31
0.0
  0
LINE
  5
13D0
  8
0
 62
1
 10
182.226
 20
19.3988
 30
0.0
 11
181.739
 21
19.7239
 31
0.0
  0
LINE
  5
13D1
  8
0
 62
1
 10
181.739
 20
19.7239
 30
0.0
 11
181.414
 21
20.2106
 31
0.0
  0
LINE
  5
13D2
  8
0
 62
1
 10
181.414
 20
20.2106
 30
0.0
 11
181.3
 21
20.7846
 31
0.0
  0
LINE
  5
13D3
  8
0
 62
1
 10
181.3
 20
20.7846
 30
0.0
 11
181.414
 21
21.3586
 31
0.0
  0
LINE
  5
13D4
  8
0
 62
1
 10
181.414
 20
21.3586
 30
0.0
 11
181.739
 21
21.8453
 31
0.0
  0
LINE
  5
13D5
  8
0
 62
1
 10
181.739
 20
21.8453
 30
0.0
 11
182.226
 21
22.1704
 31
0.0
  0
LINE
  5
13D6
  8
0
 62
1
 10
182.226
 20
22.1704
 30
0.0
 11
182.8
 21
22.2846
 31
0.0
  0
LINE
  5
13D7
  8
0
 62
1
 10
182.8
 20
22.2846
 30
0.0
 11
183.374
 21
22.1704
 31
0.0
  0
LINE
  5
13D8
  8
0
 62
1
 10
183.374
 20
22.1704
 30
0.0
 11
183.861
 21
21.8453
 31
0.0
  0
LINE
  5
13D9
  8
0
 62
1
 10
183.861
 20
21.8453
 30
0.0
 11
184.186
 21
21.3586
 31
0.0
  0
LINE
  5
13DA
  8
0
 62
1
 10
184.186
 20
21.3586
 30
0.0
 11
184.3
 21
20.7846
 31
0.0
  0
LINE
  5
13DB
  8
0
 62
1
 10
184.3
 20
20.7846
 30
0.0
 11
184.186
 21
20.2106
 31
0.0
  0
LINE
  5
13DC
  8
0
 62
1
 10
184.186
 20
20.2106
 30
0.0
 11
183.861
 21
19.7239
 31
0.0
  0
LINE
  5
13DD
  8
0
 62
1
 10
183.861
 20
19.7239
 30
0.0
 11
183.374
 21
19.3988
 31
0.0
  0
LINE
  5
13DE
  8
0
 62
1
 10
183.374
 20
19.3988
 30
0.0
 11
182.8
 21
19.2846
 31
0.0
  0
LINE
  5
13DF
  8
0
 62
1
 10
182.8
 20
19.2846
 30
0.0
 11
182.226
 21
19.3988
 31
0.0
  0
LINE
  5
13E0
  8
0
 62
1
 10
206.226
 20
19.3988
 30
0.0
 11
205.739
 21
19.7239
 31
0.0
  0
LINE
  5
13E1
  8
0
 62
1
 10
205.739
 20
19.7239
 30
0.0
 11
205.414
 21
20.2106
 31
0.0
  0
LINE
  5
13E2
  8
0
 62
1
 10
205.414
 20
20.2106
 30
0.0
 11
205.3
 21
20.7846
 31
0.0
  0
LINE
  5
13E3
  8
0
 62
1
 10
205.3
 20
20.7846
 30
0.0
 11
205.414
 21
21.3586
 31
0.0
  0
LINE
  5
13E4
  8
0
 62
1
 10
205.414
 20
21.3586
 30
0.0
 11
205.739
 21
21.8453
 31
0.0
  0
LINE
  5
13E5
  8
0
 62
1
 10
205.739
 20
21.8453
 30
0.0
 11
206.226
 21
22.1704
 31
0.0
  0
LINE
  5
13E6
  8
0
 62
1
 10
206.226
 20
22.1704
 30
0.0
 11
206.8
 21
22.2846
 31
0.0
  0
LINE
  5
13E7
  8
0
 62
1
 10
206.8
 20
22.2846
 30
0.0
 11
207.374
 21
22.1704
 31
0.0
  0
LINE
  5
13E8
  8
0
 62
1
 10
207.374
 20
22.1704
 30
0.0
 11
207.861
 21
21.8453
 31
0.0
  0
LINE
  5
13E9
  8
0
 62
1
 10
207.861
 20
21.8453
 30
0.0
 11
208.186
 21
21.3586
 31
0.0
  0
LINE
  5
13EA
  8
0
 62
1
 10
208.186
 20
21.3586
 30
0.0
 11
208.3
 21
20.7846
 31
0.0
  0
LINE
  5
13EB
  8
0
 62
1
 10
208.3
 20
20.7846
 30
0.0
 11
208.186
 21
20.2106
 31
0.0
  0
LINE
  5
13EC
  8
0
 62
1
 10
208.186
 20
20.2106
 30
0.0
 11
207.861
 21
19.7239
 31
0.0
  0
LINE
  5
13ED
  8
0
 62
1
 10
207.861
 20
19.7239
 30
0.0
 11
207.374
 21
19.3988
 31
0.0
  0
LINE
  5
13EE
  8
0
 62
1
 10
207.374
 20
19.3988
 30
0.0
 11
206.8
 21
19.2846
 31
0.0
  0
LINE
  5
13EF
  8
0
 62
1
 10
206.8
 20
19.2846
 30
0.0
 11
206.226
 21
19.3988
 31
0.0
  0
LINE
  5
13F0
  8
0
 62
1
 10
200.226
 20
19.3988
 30
0.0
 11
199.739
 21
19.7239
 31
0.0
  0
LINE
  5
13F1
  8
0
 62
1
 10
199.739
 20
19.7239
 30
0.0
 11
199.414
 21
20.2106
 31
0.0
  0
LINE
  5
13F2
  8
0
 62
1
 10
199.414
 20
20.2106
 30
0.0
 11
199.3
 21
20.7846
 31
0.0
  0
LINE
  5
13F3
  8
0
 62
1
 10
199.3
 20
20.7846
 30
0.0
 11
199.414
 21
21.3586
 31
0.0
  0
LINE
  5
13F4
  8
0
 62
1
 10
199.414
 20
21.3586
 30
0.0
 11
199.739
 21
21.8453
 31
0.0
  0
LINE
  5
13F5
  8
0
 62
1
 10
199.739
 20
21.8453
 30
0.0
 11
200.226
 21
22.1704
 31
0.0
  0
LINE
  5
13F6
  8
0
 62
1
 10
200.226
 20
22.1704
 30
0.0
 11
200.8
 21
22.2846
 31
0.0
  0
LINE
  5
13F7
  8
0
 62
1
 10
200.8
 20
22.2846
 30
0.0
 11
201.374
 21
22.1704
 31
0.0
  0
LINE
  5
13F8
  8
0
 62
1
 10
201.374
 20
22.1704
 30
0.0
 11
201.861
 21
21.8453
 31
0.0
  0
LINE
  5
13F9
  8
0
 62
1
 10
201.861
 20
21.8453
 30
0.0
 11
202.186
 21
21.3586
 31
0.0
  0
LINE
  5
13FA
  8
0
 62
1
 10
202.186
 20
21.3586
 30
0.0
 11
202.3
 21
20.7846
 31
0.0
  0
LINE
  5
13FB
  8
0
 62
1
 10
202.3
 20
20.7846
 30
0.0
 11
202.186
 21
20.2106
 31
0.0
  0
LINE
  5
13FC
  8
0
 62
1
 10
202.186
 20
20.2106
 30
0.0
 11
201.861
 21
19.7239
 31
0.0
  0
LINE
  5
13FD
  8
0
 62
1
 10
201.861
 20
19.7239
 30
0.0
 11
201.374
 21
19.3988
 31
0.0
  0
LINE
  5
13FE
  8
0
 62
1
 10
201.374
 20
19.3988
 30
0.0
 11
200.8
 21
19.2846
 31
0.0
  0
LINE
  5
13FF
  8
0
 62
1
 10
200.8
 20
19.2846
 30
0.0
 11
200.226
 21
19.3988
 31
0.0
  0
LINE
  5
1400
  8
0
 62
1
 10
188.226
 20
19.3988
 30
0.0
 11
187.739
 21
19.7239
 31
0.0
  0
LINE
  5
1401
  8
0
 62
1
 10
187.739
 20
19.7239
 30
0.0
 11
187.414
 21
20.2106
 31
0.0
  0
LINE
  5
1402
  8
0
 62
1
 10
187.414
 20
20.2106
 30
0.0
 11
187.3
 21
20.7846
 31
0.0
  0
LINE
  5
1403
  8
0
 62
1
 10
187.3
 20
20.7846
 30
0.0
 11
187.414
 21
21.3586
 31
0.0
  0
LINE
  5
1404
  8
0
 62
1
 10
187.414
 20
21.3586
 30
0.0
 11
187.739
 21
21.8453
 31
0.0
  0
LINE
  5
1405
  8
0
 62
1
 10
187.739
 20
21.8453
 30
0.0
 11
188.226
 21
22.1704
 31
0.0
  0
LINE
  5
1406
  8
0
 62
1
 10
188.226
 20
22.1704
 30
0.0
 11
188.8
 21
22.2846
 31
0.0
  0
LINE
  5
1407
  8
0
 62
1
 10
188.8
 20
22.2846
 30
0.0
 11
189.374
 21
22.1704
 31
0.0
  0
LINE
  5
1408
  8
0
 62
1
 10
189.374
 20
22.1704
 30
0.0
 11
189.861
 21
21.8453
 31
0.0
  0
LINE
  5
1409
  8
0
 62
1
 10
189.861
 20
21.8453
 30
0.0
 11
190.186
 21
21.3586
 31
0.0
  0
LINE
  5
140A
  8
0
 62
1
 10
190.186
 20
21.3586
 30
0.0
 11
190.3
 21
20.7846
 31
0.0
  0
LINE
  5
140B
  8
0
 62
1
 10
190.3
 20
20.7846
 30
0.0
 11
190.186
 21
20.2106
 31
0.0
  0
LINE
  5
140C
  8
0
 62
1
 10
190.186
 20
20.2106
 30
0.0
 11
189.861
 21
19.7239
 31
0.0
  0
LINE
  5
140D
  8
0
 62
1
 10
189.861
 20
19.7239
 30
0.0
 11
189.374
 21
19.3988
 31
0.0
  0
LINE
  5
140E
  8
0
 62
1
 10
189.374
 20
19.3988
 30
0.0
 11
188.8
 21
19.2846
 31
0.0
  0
LINE
  5
140F
  8
0
 62
1
 10
188.8
 20
19.2846
 30
0.0
 11
188.226
 21
19.3988
 31
0.0
  0
LINE
  5
1410
  8
0
 62
1
 10
146.226
 20
19.3988
 30
0.0
 11
145.739
 21
19.7239
 31
0.0
  0
LINE
  5
1411
  8
0
 62
1
 10
145.739
 20
19.7239
 30
0.0
 11
145.414
 21
20.2106
 31
0.0
  0
LINE
  5
1412
  8
0
 62
1
 10
145.414
 20
20.2106
 30
0.0
 11
145.3
 21
20.7846
 31
0.0
  0
LINE
  5
1413
  8
0
 62
1
 10
145.3
 20
20.7846
 30
0.0
 11
145.414
 21
21.3586
 31
0.0
  0
LINE
  5
1414
  8
0
 62
1
 10
145.414
 20
21.3586
 30
0.0
 11
145.739
 21
21.8453
 31
0.0
  0
LINE
  5
1415
  8
0
 62
1
 10
145.739
 20
21.8453
 30
0.0
 11
146.226
 21
22.1704
 31
0.0
  0
LINE
  5
1416
  8
0
 62
1
 10
146.226
 20
22.1704
 30
0.0
 11
146.8
 21
22.2846
 31
0.0
  0
LINE
  5
1417
  8
0
 62
1
 10
146.8
 20
22.2846
 30
0.0
 11
147.374
 21
22.1704
 31
0.0
  0
LINE
  5
1418
  8
0
 62
1
 10
147.374
 20
22.1704
 30
0.0
 11
147.861
 21
21.8453
 31
0.0
  0
LINE
  5
1419
  8
0
 62
1
 10
147.861
 20
21.8453
 30
0.0
 11
148.186
 21
21.3586
 31
0.0
  0
LINE
  5
141A
  8
0
 62
1
 10
148.186
 20
21.3586
 30
0.0
 11
148.3
 21
20.7846
 31
0.0
  0
LINE
  5
141B
  8
0
 62
1
 10
148.3
 20
20.7846
 30
0.0
 11
148.186
 21
20.2106
 31
0.0
  0
LINE
  5
141C
  8
0
 62
1
 10
148.186
 20
20.2106
 30
0.0
 11
147.861
 21
19.7239
 31
0.0
  0
LINE
  5
141D
  8
0
 62
1
 10
147.861
 20
19.7239
 30
0.0
 11
147.374
 21
19.3988
 31
0.0
  0
LINE
  5
141E
  8
0
 62
1
 10
147.374
 20
19.3988
 30
0.0
 11
146.8
 21
19.2846
 31
0.0
  0
LINE
  5
141F
  8
0
 62
1
 10
146.8
 20
19.2846
 30
0.0
 11
146.226
 21
19.3988
 31
0.0
  0
LINE
  5
1420
  8
0
 62
1
 10
176.226
 20
19.3988
 30
0.0
 11
175.739
 21
19.7239
 31
0.0
  0
LINE
  5
1421
  8
0
 62
1
 10
175.739
 20
19.7239
 30
0.0
 11
175.414
 21
20.2106
 31
0.0
  0
LINE
  5
1422
  8
0
 62
1
 10
175.414
 20
20.2106
 30
0.0
 11
175.3
 21
20.7846
 31
0.0
  0
LINE
  5
1423
  8
0
 62
1
 10
175.3
 20
20.7846
 30
0.0
 11
175.414
 21
21.3586
 31
0.0
  0
LINE
  5
1424
  8
0
 62
1
 10
175.414
 20
21.3586
 30
0.0
 11
175.739
 21
21.8453
 31
0.0
  0
LINE
  5
1425
  8
0
 62
1
 10
175.739
 20
21.8453
 30
0.0
 11
176.226
 21
22.1704
 31
0.0
  0
LINE
  5
1426
  8
0
 62
1
 10
176.226
 20
22.1704
 30
0.0
 11
176.8
 21
22.2846
 31
0.0
  0
LINE
  5
1427
  8
0
 62
1
 10
176.8
 20
22.2846
 30
0.0
 11
177.374
 21
22.1704
 31
0.0
  0
LINE
  5
1428
  8
0
 62
1
 10
177.374
 20
22.1704
 30
0.0
 11
177.861
 21
21.8453
 31
0.0
  0
LINE
  5
1429
  8
0
 62
1
 10
177.861
 20
21.8453
 30
0.0
 11
178.186
 21
21.3586
 31
0.0
  0
LINE
  5
142A
  8
0
 62
1
 10
178.186
 20
21.3586
 30
0.0
 11
178.3
 21
20.7846
 31
0.0
  0
LINE
  5
142B
  8
0
 62
1
 10
178.3
 20
20.7846
 30
0.0
 11
178.186
 21
20.2106
 31
0.0
  0
LINE
  5
142C
  8
0
 62
1
 10
178.186
 20
20.2106
 30
0.0
 11
177.861
 21
19.7239
 31
0.0
  0
LINE
  5
142D
  8
0
 62
1
 10
177.861
 20
19.7239
 30
0.0
 11
177.374
 21
19.3988
 31
0.0
  0
LINE
  5
142E
  8
0
 62
1
 10
177.374
 20
19.3988
 30
0.0
 11
176.8
 21
19.2846
 31
0.0
  0
LINE
  5
142F
  8
0
 62
1
 10
176.8
 20
19.2846
 30
0.0
 11
176.226
 21
19.3988
 31
0.0
  0
LINE
  5
1430
  8
0
 62
1
 10
158.226
 20
19.3988
 30
0.0
 11
157.739
 21
19.7239
 31
0.0
  0
LINE
  5
1431
  8
0
 62
1
 10
157.739
 20
19.7239
 30
0.0
 11
157.414
 21
20.2106
 31
0.0
  0
LINE
  5
1432
  8
0
 62
1
 10
157.414
 20
20.2106
 30
0.0
 11
157.3
 21
20.7846
 31
0.0
  0
LINE
  5
1433
  8
0
 62
1
 10
157.3
 20
20.7846
 30
0.0
 11
157.414
 21
21.3586
 31
0.0
  0
LINE
  5
1434
  8
0
 62
1
 10
157.414
 20
21.3586
 30
0.0
 11
157.739
 21
21.8453
 31
0.0
  0
LINE
  5
1435
  8
0
 62
1
 10
157.739
 20
21.8453
 30
0.0
 11
158.226
 21
22.1704
 31
0.0
  0
LINE
  5
1436
  8
0
 62
1
 10
158.226
 20
22.1704
 30
0.0
 11
158.8
 21
22.2846
 31
0.0
  0
LINE
  5
1437
  8
0
 62
1
 10
158.8
 20
22.2846
 30
0.0
 11
159.374
 21
22.1704
 31
0.0
  0
LINE
  5
1438
  8
0
 62
1
 10
159.374
 20
22.1704
 30
0.0
 11
159.861
 21
21.8453
 31
0.0
  0
LINE
  5
1439
  8
0
 62
1
 10
159.861
 20
21.8453
 30
0.0
 11
160.186
 21
21.3586
 31
0.0
  0
LINE
  5
143A
  8
0
 62
1
 10
160.186
 20
21.3586
 30
0.0
 11
160.3
 21
20.7846
 31
0.0
  0
LINE
  5
143B
  8
0
 62
1
 10
160.3
 20
20.7846
 30
0.0
 11
160.186
 21
20.2106
 31
0.0
  0
LINE
  5
143C
  8
0
 62
1
 10
160.186
 20
20.2106
 30
0.0
 11
159.861
 21
19.7239
 31
0.0
  0
LINE
  5
143D
  8
0
 62
1
 10
159.861
 20
19.7239
 30
0.0
 11
159.374
 21
19.3988
 31
0.0
  0
LINE
  5
143E
  8
0
 62
1
 10
159.374
 20
19.3988
 30
0.0
 11
158.8
 21
19.2846
 31
0.0
  0
LINE
  5
143F
  8
0
 62
1
 10
158.8
 20
19.2846
 30
0.0
 11
158.226
 21
19.3988
 31
0.0
  0
LINE
  5
1440
  8
0
 62
1
 10
152.226
 20
19.3988
 30
0.0
 11
151.739
 21
19.7239
 31
0.0
  0
LINE
  5
1441
  8
0
 62
1
 10
151.739
 20
19.7239
 30
0.0
 11
151.414
 21
20.2106
 31
0.0
  0
LINE
  5
1442
  8
0
 62
1
 10
151.414
 20
20.2106
 30
0.0
 11
151.3
 21
20.7846
 31
0.0
  0
LINE
  5
1443
  8
0
 62
1
 10
151.3
 20
20.7846
 30
0.0
 11
151.414
 21
21.3586
 31
0.0
  0
LINE
  5
1444
  8
0
 62
1
 10
151.414
 20
21.3586
 30
0.0
 11
151.739
 21
21.8453
 31
0.0
  0
LINE
  5
1445
  8
0
 62
1
 10
151.739
 20
21.8453
 30
0.0
 11
152.226
 21
22.1704
 31
0.0
  0
LINE
  5
1446
  8
0
 62
1
 10
152.226
 20
22.1704
 30
0.0
 11
152.8
 21
22.2846
 31
0.0
  0
LINE
  5
1447
  8
0
 62
1
 10
152.8
 20
22.2846
 30
0.0
 11
153.374
 21
22.1704
 31
0.0
  0
LINE
  5
1448
  8
0
 62
1
 10
153.374
 20
22.1704
 30
0.0
 11
153.861
 21
21.8453
 31
0.0
  0
LINE
  5
1449
  8
0
 62
1
 10
153.861
 20
21.8453
 30
0.0
 11
154.186
 21
21.3586
 31
0.0
  0
LINE
  5
144A
  8
0
 62
1
 10
154.186
 20
21.3586
 30
0.0
 11
154.3
 21
20.7846
 31
0.0
  0
LINE
  5
144B
  8
0
 62
1
 10
154.3
 20
20.7846
 30
0.0
 11
154.186
 21
20.2106
 31
0.0
  0
LINE
  5
144C
  8
0
 62
1
 10
154.186
 20
20.2106
 30
0.0
 11
153.861
 21
19.7239
 31
0.0
  0
LINE
  5
144D
  8
0
 62
1
 10
153.861
 20
19.7239
 30
0.0
 11
153.374
 21
19.3988
 31
0.0
  0
LINE
  5
144E
  8
0
 62
1
 10
153.374
 20
19.3988
 30
0.0
 11
152.8
 21
19.2846
 31
0.0
  0
LINE
  5
144F
  8
0
 62
1
 10
152.8
 20
19.2846
 30
0.0
 11
152.226
 21
19.3988
 31
0.0
  0
LINE
  5
1450
  8
0
 62
1
 10
164.226
 20
19.3988
 30
0.0
 11
163.739
 21
19.7239
 31
0.0
  0
LINE
  5
1451
  8
0
 62
1
 10
163.739
 20
19.7239
 30
0.0
 11
163.414
 21
20.2106
 31
0.0
  0
LINE
  5
1452
  8
0
 62
1
 10
163.414
 20
20.2106
 30
0.0
 11
163.3
 21
20.7846
 31
0.0
  0
LINE
  5
1453
  8
0
 62
1
 10
163.3
 20
20.7846
 30
0.0
 11
163.414
 21
21.3586
 31
0.0
  0
LINE
  5
1454
  8
0
 62
1
 10
163.414
 20
21.3586
 30
0.0
 11
163.739
 21
21.8453
 31
0.0
  0
LINE
  5
1455
  8
0
 62
1
 10
163.739
 20
21.8453
 30
0.0
 11
164.226
 21
22.1704
 31
0.0
  0
LINE
  5
1456
  8
0
 62
1
 10
164.226
 20
22.1704
 30
0.0
 11
164.8
 21
22.2846
 31
0.0
  0
LINE
  5
1457
  8
0
 62
1
 10
164.8
 20
22.2846
 30
0.0
 11
165.374
 21
22.1704
 31
0.0
  0
LINE
  5
1458
  8
0
 62
1
 10
165.374
 20
22.1704
 30
0.0
 11
165.861
 21
21.8453
 31
0.0
  0
LINE
  5
1459
  8
0
 62
1
 10
165.861
 20
21.8453
 30
0.0
 11
166.186
 21
21.3586
 31
0.0
  0
LINE
  5
145A
  8
0
 62
1
 10
166.186
 20
21.3586
 30
0.0
 11
166.3
 21
20.7846
 31
0.0
  0
LINE
  5
145B
  8
0
 62
1
 10
166.3
 20
20.7846
 30
0.0
 11
166.186
 21
20.2106
 31
0.0
  0
LINE
  5
145C
  8
0
 62
1
 10
166.186
 20
20.2106
 30
0.0
 11
165.861
 21
19.7239
 31
0.0
  0
LINE
  5
145D
  8
0
 62
1
 10
165.861
 20
19.7239
 30
0.0
 11
165.374
 21
19.3988
 31
0.0
  0
LINE
  5
145E
  8
0
 62
1
 10
165.374
 20
19.3988
 30
0.0
 11
164.8
 21
19.2846
 31
0.0
  0
LINE
  5
145F
  8
0
 62
1
 10
164.8
 20
19.2846
 30
0.0
 11
164.226
 21
19.3988
 31
0.0
  0
LINE
  5
1460
  8
0
 62
1
 10
170.226
 20
19.3988
 30
0.0
 11
169.739
 21
19.7239
 31
0.0
  0
LINE
  5
1461
  8
0
 62
1
 10
169.739
 20
19.7239
 30
0.0
 11
169.414
 21
20.2106
 31
0.0
  0
LINE
  5
1462
  8
0
 62
1
 10
169.414
 20
20.2106
 30
0.0
 11
169.3
 21
20.7846
 31
0.0
  0
LINE
  5
1463
  8
0
 62
1
 10
169.3
 20
20.7846
 30
0.0
 11
169.414
 21
21.3586
 31
0.0
  0
LINE
  5
1464
  8
0
 62
1
 10
169.414
 20
21.3586
 30
0.0
 11
169.739
 21
21.8453
 31
0.0
  0
LINE
  5
1465
  8
0
 62
1
 10
169.739
 20
21.8453
 30
0.0
 11
170.226
 21
22.1704
 31
0.0
  0
LINE
  5
1466
  8
0
 62
1
 10
170.226
 20
22.1704
 30
0.0
 11
170.8
 21
22.2846
 31
0.0
  0
LINE
  5
1467
  8
0
 62
1
 10
170.8
 20
22.2846
 30
0.0
 11
171.374
 21
22.1704
 31
0.0
  0
LINE
  5
1468
  8
0
 62
1
 10
171.374
 20
22.1704
 30
0.0
 11
171.861
 21
21.8453
 31
0.0
  0
LINE
  5
1469
  8
0
 62
1
 10
171.861
 20
21.8453
 30
0.0
 11
172.186
 21
21.3586
 31
0.0
  0
LINE
  5
146A
  8
0
 62
1
 10
172.186
 20
21.3586
 30
0.0
 11
172.3
 21
20.7846
 31
0.0
  0
LINE
  5
146B
  8
0
 62
1
 10
172.3
 20
20.7846
 30
0.0
 11
172.186
 21
20.2106
 31
0.0
  0
LINE
  5
146C
  8
0
 62
1
 10
172.186
 20
20.2106
 30
0.0
 11
171.861
 21
19.7239
 31
0.0
  0
LINE
  5
146D
  8
0
 62
1
 10
171.861
 20
19.7239
 30
0.0
 11
171.374
 21
19.3988
 31
0.0
  0
LINE
  5
146E
  8
0
 62
1
 10
171.374
 20
19.3988
 30
0.0
 11
170.8
 21
19.2846
 31
0.0
  0
LINE
  5
146F
  8
0
 62
1
 10
170.8
 20
19.2846
 30
0.0
 11
170.226
 21
19.3988
 31
0.0
  0
LINE
  5
1470
  8
0
 62
1
 10
203.226
 20
14.2026
 30
0.0
 11
202.739
 21
14.5278
 31
0.0
  0
LINE
  5
1471
  8
0
 62
1
 10
202.739
 20
14.5278
 30
0.0
 11
202.414
 21
15.0144
 31
0.0
  0
LINE
  5
1472
  8
0
 62
1
 10
202.414
 20
15.0144
 30
0.0
 11
202.3
 21
15.5885
 31
0.0
  0
LINE
  5
1473
  8
0
 62
1
 10
202.3
 20
15.5885
 30
0.0
 11
202.414
 21
16.1625
 31
0.0
  0
LINE
  5
1474
  8
0
 62
1
 10
202.414
 20
16.1625
 30
0.0
 11
202.739
 21
16.6491
 31
0.0
  0
LINE
  5
1475
  8
0
 62
1
 10
202.739
 20
16.6491
 30
0.0
 11
203.226
 21
16.9743
 31
0.0
  0
LINE
  5
1476
  8
0
 62
1
 10
203.226
 20
16.9743
 30
0.0
 11
203.8
 21
17.0885
 31
0.0
  0
LINE
  5
1477
  8
0
 62
1
 10
203.8
 20
17.0885
 30
0.0
 11
204.374
 21
16.9743
 31
0.0
  0
LINE
  5
1478
  8
0
 62
1
 10
204.374
 20
16.9743
 30
0.0
 11
204.861
 21
16.6491
 31
0.0
  0
LINE
  5
1479
  8
0
 62
1
 10
204.861
 20
16.6491
 30
0.0
 11
205.186
 21
16.1625
 31
0.0
  0
LINE
  5
147A
  8
0
 62
1
 10
205.186
 20
16.1625
 30
0.0
 11
205.3
 21
15.5885
 31
0.0
  0
LINE
  5
147B
  8
0
 62
1
 10
205.3
 20
15.5885
 30
0.0
 11
205.186
 21
15.0144
 31
0.0
  0
LINE
  5
147C
  8
0
 62
1
 10
205.186
 20
15.0144
 30
0.0
 11
204.861
 21
14.5278
 31
0.0
  0
LINE
  5
147D
  8
0
 62
1
 10
204.861
 20
14.5278
 30
0.0
 11
204.374
 21
14.2026
 31
0.0
  0
LINE
  5
147E
  8
0
 62
1
 10
204.374
 20
14.2026
 30
0.0
 11
203.8
 21
14.0885
 31
0.0
  0
LINE
  5
147F
  8
0
 62
1
 10
203.8
 20
14.0885
 30
0.0
 11
203.226
 21
14.2026
 31
0.0
  0
LINE
  5
1480
  8
0
 62
1
 10
185.226
 20
14.2026
 30
0.0
 11
184.739
 21
14.5278
 31
0.0
  0
LINE
  5
1481
  8
0
 62
1
 10
184.739
 20
14.5278
 30
0.0
 11
184.414
 21
15.0144
 31
0.0
  0
LINE
  5
1482
  8
0
 62
1
 10
184.414
 20
15.0144
 30
0.0
 11
184.3
 21
15.5885
 31
0.0
  0
LINE
  5
1483
  8
0
 62
1
 10
184.3
 20
15.5885
 30
0.0
 11
184.414
 21
16.1625
 31
0.0
  0
LINE
  5
1484
  8
0
 62
1
 10
184.414
 20
16.1625
 30
0.0
 11
184.739
 21
16.6491
 31
0.0
  0
LINE
  5
1485
  8
0
 62
1
 10
184.739
 20
16.6491
 30
0.0
 11
185.226
 21
16.9743
 31
0.0
  0
LINE
  5
1486
  8
0
 62
1
 10
185.226
 20
16.9743
 30
0.0
 11
185.8
 21
17.0885
 31
0.0
  0
LINE
  5
1487
  8
0
 62
1
 10
185.8
 20
17.0885
 30
0.0
 11
186.374
 21
16.9743
 31
0.0
  0
LINE
  5
1488
  8
0
 62
1
 10
186.374
 20
16.9743
 30
0.0
 11
186.861
 21
16.6491
 31
0.0
  0
LINE
  5
1489
  8
0
 62
1
 10
186.861
 20
16.6491
 30
0.0
 11
187.186
 21
16.1625
 31
0.0
  0
LINE
  5
148A
  8
0
 62
1
 10
187.186
 20
16.1625
 30
0.0
 11
187.3
 21
15.5885
 31
0.0
  0
LINE
  5
148B
  8
0
 62
1
 10
187.3
 20
15.5885
 30
0.0
 11
187.186
 21
15.0144
 31
0.0
  0
LINE
  5
148C
  8
0
 62
1
 10
187.186
 20
15.0144
 30
0.0
 11
186.861
 21
14.5278
 31
0.0
  0
LINE
  5
148D
  8
0
 62
1
 10
186.861
 20
14.5278
 30
0.0
 11
186.374
 21
14.2026
 31
0.0
  0
LINE
  5
148E
  8
0
 62
1
 10
186.374
 20
14.2026
 30
0.0
 11
185.8
 21
14.0885
 31
0.0
  0
LINE
  5
148F
  8
0
 62
1
 10
185.8
 20
14.0885
 30
0.0
 11
185.226
 21
14.2026
 31
0.0
  0
LINE
  5
1490
  8
0
 62
1
 10
221.226
 20
14.2026
 30
0.0
 11
220.739
 21
14.5278
 31
0.0
  0
LINE
  5
1491
  8
0
 62
1
 10
220.739
 20
14.5278
 30
0.0
 11
220.414
 21
15.0144
 31
0.0
  0
LINE
  5
1492
  8
0
 62
1
 10
220.414
 20
15.0144
 30
0.0
 11
220.3
 21
15.5885
 31
0.0
  0
LINE
  5
1493
  8
0
 62
1
 10
220.3
 20
15.5885
 30
0.0
 11
220.414
 21
16.1625
 31
0.0
  0
LINE
  5
1494
  8
0
 62
1
 10
220.414
 20
16.1625
 30
0.0
 11
220.739
 21
16.6491
 31
0.0
  0
LINE
  5
1495
  8
0
 62
1
 10
220.739
 20
16.6491
 30
0.0
 11
221.226
 21
16.9743
 31
0.0
  0
LINE
  5
1496
  8
0
 62
1
 10
221.226
 20
16.9743
 30
0.0
 11
221.8
 21
17.0885
 31
0.0
  0
LINE
  5
1497
  8
0
 62
1
 10
221.8
 20
17.0885
 30
0.0
 11
222.374
 21
16.9743
 31
0.0
  0
LINE
  5
1498
  8
0
 62
1
 10
222.374
 20
16.9743
 30
0.0
 11
222.861
 21
16.6491
 31
0.0
  0
LINE
  5
1499
  8
0
 62
1
 10
222.861
 20
16.6491
 30
0.0
 11
223.186
 21
16.1625
 31
0.0
  0
LINE
  5
149A
  8
0
 62
1
 10
223.186
 20
16.1625
 30
0.0
 11
223.3
 21
15.5885
 31
0.0
  0
LINE
  5
149B
  8
0
 62
1
 10
223.3
 20
15.5885
 30
0.0
 11
223.186
 21
15.0144
 31
0.0
  0
LINE
  5
149C
  8
0
 62
1
 10
223.186
 20
15.0144
 30
0.0
 11
222.861
 21
14.5278
 31
0.0
  0
LINE
  5
149D
  8
0
 62
1
 10
222.861
 20
14.5278
 30
0.0
 11
222.374
 21
14.2026
 31
0.0
  0
LINE
  5
149E
  8
0
 62
1
 10
222.374
 20
14.2026
 30
0.0
 11
221.8
 21
14.0885
 31
0.0
  0
LINE
  5
149F
  8
0
 62
1
 10
221.8
 20
14.0885
 30
0.0
 11
221.226
 21
14.2026
 31
0.0
  0
LINE
  5
14A0
  8
0
 62
1
 10
209.226
 20
14.2026
 30
0.0
 11
208.739
 21
14.5278
 31
0.0
  0
LINE
  5
14A1
  8
0
 62
1
 10
208.739
 20
14.5278
 30
0.0
 11
208.414
 21
15.0144
 31
0.0
  0
LINE
  5
14A2
  8
0
 62
1
 10
208.414
 20
15.0144
 30
0.0
 11
208.3
 21
15.5885
 31
0.0
  0
LINE
  5
14A3
  8
0
 62
1
 10
208.3
 20
15.5885
 30
0.0
 11
208.414
 21
16.1625
 31
0.0
  0
LINE
  5
14A4
  8
0
 62
1
 10
208.414
 20
16.1625
 30
0.0
 11
208.739
 21
16.6491
 31
0.0
  0
LINE
  5
14A5
  8
0
 62
1
 10
208.739
 20
16.6491
 30
0.0
 11
209.226
 21
16.9743
 31
0.0
  0
LINE
  5
14A6
  8
0
 62
1
 10
209.226
 20
16.9743
 30
0.0
 11
209.8
 21
17.0885
 31
0.0
  0
LINE
  5
14A7
  8
0
 62
1
 10
209.8
 20
17.0885
 30
0.0
 11
210.374
 21
16.9743
 31
0.0
  0
LINE
  5
14A8
  8
0
 62
1
 10
210.374
 20
16.9743
 30
0.0
 11
210.861
 21
16.6491
 31
0.0
  0
LINE
  5
14A9
  8
0
 62
1
 10
210.861
 20
16.6491
 30
0.0
 11
211.186
 21
16.1625
 31
0.0
  0
LINE
  5
14AA
  8
0
 62
1
 10
211.186
 20
16.1625
 30
0.0
 11
211.3
 21
15.5885
 31
0.0
  0
LINE
  5
14AB
  8
0
 62
1
 10
211.3
 20
15.5885
 30
0.0
 11
211.186
 21
15.0144
 31
0.0
  0
LINE
  5
14AC
  8
0
 62
1
 10
211.186
 20
15.0144
 30
0.0
 11
210.861
 21
14.5278
 31
0.0
  0
LINE
  5
14AD
  8
0
 62
1
 10
210.861
 20
14.5278
 30
0.0
 11
210.374
 21
14.2026
 31
0.0
  0
LINE
  5
14AE
  8
0
 62
1
 10
210.374
 20
14.2026
 30
0.0
 11
209.8
 21
14.0885
 31
0.0
  0
LINE
  5
14AF
  8
0
 62
1
 10
209.8
 20
14.0885
 30
0.0
 11
209.226
 21
14.2026
 31
0.0
  0
LINE
  5
14B0
  8
0
 62
1
 10
197.226
 20
14.2026
 30
0.0
 11
196.739
 21
14.5278
 31
0.0
  0
LINE
  5
14B1
  8
0
 62
1
 10
196.739
 20
14.5278
 30
0.0
 11
196.414
 21
15.0144
 31
0.0
  0
LINE
  5
14B2
  8
0
 62
1
 10
196.414
 20
15.0144
 30
0.0
 11
196.3
 21
15.5885
 31
0.0
  0
LINE
  5
14B3
  8
0
 62
1
 10
196.3
 20
15.5885
 30
0.0
 11
196.414
 21
16.1625
 31
0.0
  0
LINE
  5
14B4
  8
0
 62
1
 10
196.414
 20
16.1625
 30
0.0
 11
196.739
 21
16.6491
 31
0.0
  0
LINE
  5
14B5
  8
0
 62
1
 10
196.739
 20
16.6491
 30
0.0
 11
197.226
 21
16.9743
 31
0.0
  0
LINE
  5
14B6
  8
0
 62
1
 10
197.226
 20
16.9743
 30
0.0
 11
197.8
 21
17.0885
 31
0.0
  0
LINE
  5
14B7
  8
0
 62
1
 10
197.8
 20
17.0885
 30
0.0
 11
198.374
 21
16.9743
 31
0.0
  0
LINE
  5
14B8
  8
0
 62
1
 10
198.374
 20
16.9743
 30
0.0
 11
198.861
 21
16.6491
 31
0.0
  0
LINE
  5
14B9
  8
0
 62
1
 10
198.861
 20
16.6491
 30
0.0
 11
199.186
 21
16.1625
 31
0.0
  0
LINE
  5
14BA
  8
0
 62
1
 10
199.186
 20
16.1625
 30
0.0
 11
199.3
 21
15.5885
 31
0.0
  0
LINE
  5
14BB
  8
0
 62
1
 10
199.3
 20
15.5885
 30
0.0
 11
199.186
 21
15.0144
 31
0.0
  0
LINE
  5
14BC
  8
0
 62
1
 10
199.186
 20
15.0144
 30
0.0
 11
198.861
 21
14.5278
 31
0.0
  0
LINE
  5
14BD
  8
0
 62
1
 10
198.861
 20
14.5278
 30
0.0
 11
198.374
 21
14.2026
 31
0.0
  0
LINE
  5
14BE
  8
0
 62
1
 10
198.374
 20
14.2026
 30
0.0
 11
197.8
 21
14.0885
 31
0.0
  0
LINE
  5
14BF
  8
0
 62
1
 10
197.8
 20
14.0885
 30
0.0
 11
197.226
 21
14.2026
 31
0.0
  0
LINE
  5
14C0
  8
0
 62
1
 10
191.226
 20
14.2026
 30
0.0
 11
190.739
 21
14.5278
 31
0.0
  0
LINE
  5
14C1
  8
0
 62
1
 10
190.739
 20
14.5278
 30
0.0
 11
190.414
 21
15.0144
 31
0.0
  0
LINE
  5
14C2
  8
0
 62
1
 10
190.414
 20
15.0144
 30
0.0
 11
190.3
 21
15.5885
 31
0.0
  0
LINE
  5
14C3
  8
0
 62
1
 10
190.3
 20
15.5885
 30
0.0
 11
190.414
 21
16.1625
 31
0.0
  0
LINE
  5
14C4
  8
0
 62
1
 10
190.414
 20
16.1625
 30
0.0
 11
190.739
 21
16.6491
 31
0.0
  0
LINE
  5
14C5
  8
0
 62
1
 10
190.739
 20
16.6491
 30
0.0
 11
191.226
 21
16.9743
 31
0.0
  0
LINE
  5
14C6
  8
0
 62
1
 10
191.226
 20
16.9743
 30
0.0
 11
191.8
 21
17.0885
 31
0.0
  0
LINE
  5
14C7
  8
0
 62
1
 10
191.8
 20
17.0885
 30
0.0
 11
192.374
 21
16.9743
 31
0.0
  0
LINE
  5
14C8
  8
0
 62
1
 10
192.374
 20
16.9743
 30
0.0
 11
192.861
 21
16.6491
 31
0.0
  0
LINE
  5
14C9
  8
0
 62
1
 10
192.861
 20
16.6491
 30
0.0
 11
193.186
 21
16.1625
 31
0.0
  0
LINE
  5
14CA
  8
0
 62
1
 10
193.186
 20
16.1625
 30
0.0
 11
193.3
 21
15.5885
 31
0.0
  0
LINE
  5
14CB
  8
0
 62
1
 10
193.3
 20
15.5885
 30
0.0
 11
193.186
 21
15.0144
 31
0.0
  0
LINE
  5
14CC
  8
0
 62
1
 10
193.186
 20
15.0144
 30
0.0
 11
192.861
 21
14.5278
 31
0.0
  0
LINE
  5
14CD
  8
0
 62
1
 10
192.861
 20
14.5278
 30
0.0
 11
192.374
 21
14.2026
 31
0.0
  0
LINE
  5
14CE
  8
0
 62
1
 10
192.374
 20
14.2026
 30
0.0
 11
191.8
 21
14.0885
 31
0.0
  0
LINE
  5
14CF
  8
0
 62
1
 10
191.8
 20
14.0885
 30
0.0
 11
191.226
 21
14.2026
 31
0.0
  0
LINE
  5
14D0
  8
0
 62
1
 10
179.226
 20
14.2026
 30
0.0
 11
178.739
 21
14.5278
 31
0.0
  0
LINE
  5
14D1
  8
0
 62
1
 10
178.739
 20
14.5278
 30
0.0
 11
178.414
 21
15.0144
 31
0.0
  0
LINE
  5
14D2
  8
0
 62
1
 10
178.414
 20
15.0144
 30
0.0
 11
178.3
 21
15.5885
 31
0.0
  0
LINE
  5
14D3
  8
0
 62
1
 10
178.3
 20
15.5885
 30
0.0
 11
178.414
 21
16.1625
 31
0.0
  0
LINE
  5
14D4
  8
0
 62
1
 10
178.414
 20
16.1625
 30
0.0
 11
178.739
 21
16.6491
 31
0.0
  0
LINE
  5
14D5
  8
0
 62
1
 10
178.739
 20
16.6491
 30
0.0
 11
179.226
 21
16.9743
 31
0.0
  0
LINE
  5
14D6
  8
0
 62
1
 10
179.226
 20
16.9743
 30
0.0
 11
179.8
 21
17.0885
 31
0.0
  0
LINE
  5
14D7
  8
0
 62
1
 10
179.8
 20
17.0885
 30
0.0
 11
180.374
 21
16.9743
 31
0.0
  0
LINE
  5
14D8
  8
0
 62
1
 10
180.374
 20
16.9743
 30
0.0
 11
180.861
 21
16.6491
 31
0.0
  0
LINE
  5
14D9
  8
0
 62
1
 10
180.861
 20
16.6491
 30
0.0
 11
181.186
 21
16.1625
 31
0.0
  0
LINE
  5
14DA
  8
0
 62
1
 10
181.186
 20
16.1625
 30
0.0
 11
181.3
 21
15.5885
 31
0.0
  0
LINE
  5
14DB
  8
0
 62
1
 10
181.3
 20
15.5885
 30
0.0
 11
181.186
 21
15.0144
 31
0.0
  0
LINE
  5
14DC
  8
0
 62
1
 10
181.186
 20
15.0144
 30
0.0
 11
180.861
 21
14.5278
 31
0.0
  0
LINE
  5
14DD
  8
0
 62
1
 10
180.861
 20
14.5278
 30
0.0
 11
180.374
 21
14.2026
 31
0.0
  0
LINE
  5
14DE
  8
0
 62
1
 10
180.374
 20
14.2026
 30
0.0
 11
179.8
 21
14.0885
 31
0.0
  0
LINE
  5
14DF
  8
0
 62
1
 10
179.8
 20
14.0885
 30
0.0
 11
179.226
 21
14.2026
 31
0.0
  0
LINE
  5
14E0
  8
0
 62
1
 10
173.226
 20
14.2026
 30
0.0
 11
172.739
 21
14.5278
 31
0.0
  0
LINE
  5
14E1
  8
0
 62
1
 10
172.739
 20
14.5278
 30
0.0
 11
172.414
 21
15.0144
 31
0.0
  0
LINE
  5
14E2
  8
0
 62
1
 10
172.414
 20
15.0144
 30
0.0
 11
172.3
 21
15.5885
 31
0.0
  0
LINE
  5
14E3
  8
0
 62
1
 10
172.3
 20
15.5885
 30
0.0
 11
172.414
 21
16.1625
 31
0.0
  0
LINE
  5
14E4
  8
0
 62
1
 10
172.414
 20
16.1625
 30
0.0
 11
172.739
 21
16.6491
 31
0.0
  0
LINE
  5
14E5
  8
0
 62
1
 10
172.739
 20
16.6491
 30
0.0
 11
173.226
 21
16.9743
 31
0.0
  0
LINE
  5
14E6
  8
0
 62
1
 10
173.226
 20
16.9743
 30
0.0
 11
173.8
 21
17.0885
 31
0.0
  0
LINE
  5
14E7
  8
0
 62
1
 10
173.8
 20
17.0885
 30
0.0
 11
174.374
 21
16.9743
 31
0.0
  0
LINE
  5
14E8
  8
0
 62
1
 10
174.374
 20
16.9743
 30
0.0
 11
174.861
 21
16.6491
 31
0.0
  0
LINE
  5
14E9
  8
0
 62
1
 10
174.861
 20
16.6491
 30
0.0
 11
175.186
 21
16.1625
 31
0.0
  0
LINE
  5
14EA
  8
0
 62
1
 10
175.186
 20
16.1625
 30
0.0
 11
175.3
 21
15.5885
 31
0.0
  0
LINE
  5
14EB
  8
0
 62
1
 10
175.3
 20
15.5885
 30
0.0
 11
175.186
 21
15.0144
 31
0.0
  0
LINE
  5
14EC
  8
0
 62
1
 10
175.186
 20
15.0144
 30
0.0
 11
174.861
 21
14.5278
 31
0.0
  0
LINE
  5
14ED
  8
0
 62
1
 10
174.861
 20
14.5278
 30
0.0
 11
174.374
 21
14.2026
 31
0.0
  0
LINE
  5
14EE
  8
0
 62
1
 10
174.374
 20
14.2026
 30
0.0
 11
173.8
 21
14.0885
 31
0.0
  0
LINE
  5
14EF
  8
0
 62
1
 10
173.8
 20
14.0885
 30
0.0
 11
173.226
 21
14.2026
 31
0.0
  0
LINE
  5
14F0
  8
0
 62
1
 10
167.226
 20
14.2026
 30
0.0
 11
166.739
 21
14.5278
 31
0.0
  0
LINE
  5
14F1
  8
0
 62
1
 10
166.739
 20
14.5278
 30
0.0
 11
166.414
 21
15.0144
 31
0.0
  0
LINE
  5
14F2
  8
0
 62
1
 10
166.414
 20
15.0144
 30
0.0
 11
166.3
 21
15.5885
 31
0.0
  0
LINE
  5
14F3
  8
0
 62
1
 10
166.3
 20
15.5885
 30
0.0
 11
166.414
 21
16.1625
 31
0.0
  0
LINE
  5
14F4
  8
0
 62
1
 10
166.414
 20
16.1625
 30
0.0
 11
166.739
 21
16.6491
 31
0.0
  0
LINE
  5
14F5
  8
0
 62
1
 10
166.739
 20
16.6491
 30
0.0
 11
167.226
 21
16.9743
 31
0.0
  0
LINE
  5
14F6
  8
0
 62
1
 10
167.226
 20
16.9743
 30
0.0
 11
167.8
 21
17.0885
 31
0.0
  0
LINE
  5
14F7
  8
0
 62
1
 10
167.8
 20
17.0885
 30
0.0
 11
168.374
 21
16.9743
 31
0.0
  0
LINE
  5
14F8
  8
0
 62
1
 10
168.374
 20
16.9743
 30
0.0
 11
168.861
 21
16.6491
 31
0.0
  0
LINE
  5
14F9
  8
0
 62
1
 10
168.861
 20
16.6491
 30
0.0
 11
169.186
 21
16.1625
 31
0.0
  0
LINE
  5
14FA
  8
0
 62
1
 10
169.186
 20
16.1625
 30
0.0
 11
169.3
 21
15.5885
 31
0.0
  0
LINE
  5
14FB
  8
0
 62
1
 10
169.3
 20
15.5885
 30
0.0
 11
169.186
 21
15.0144
 31
0.0
  0
LINE
  5
14FC
  8
0
 62
1
 10
169.186
 20
15.0144
 30
0.0
 11
168.861
 21
14.5278
 31
0.0
  0
LINE
  5
14FD
  8
0
 62
1
 10
168.861
 20
14.5278
 30
0.0
 11
168.374
 21
14.2026
 31
0.0
  0
LINE
  5
14FE
  8
0
 62
1
 10
168.374
 20
14.2026
 30
0.0
 11
167.8
 21
14.0885
 31
0.0
  0
LINE
  5
14FF
  8
0
 62
1
 10
167.8
 20
14.0885
 30
0.0
 11
167.226
 21
14.2026
 31
0.0
  0
LINE
  5
1500
  8
0
 62
1
 10
161.226
 20
14.2026
 30
0.0
 11
160.739
 21
14.5278
 31
0.0
  0
LINE
  5
1501
  8
0
 62
1
 10
160.739
 20
14.5278
 30
0.0
 11
160.414
 21
15.0144
 31
0.0
  0
LINE
  5
1502
  8
0
 62
1
 10
160.414
 20
15.0144
 30
0.0
 11
160.3
 21
15.5885
 31
0.0
  0
LINE
  5
1503
  8
0
 62
1
 10
160.3
 20
15.5885
 30
0.0
 11
160.414
 21
16.1625
 31
0.0
  0
LINE
  5
1504
  8
0
 62
1
 10
160.414
 20
16.1625
 30
0.0
 11
160.739
 21
16.6491
 31
0.0
  0
LINE
  5
1505
  8
0
 62
1
 10
160.739
 20
16.6491
 30
0.0
 11
161.226
 21
16.9743
 31
0.0
  0
LINE
  5
1506
  8
0
 62
1
 10
161.226
 20
16.9743
 30
0.0
 11
161.8
 21
17.0885
 31
0.0
  0
LINE
  5
1507
  8
0
 62
1
 10
161.8
 20
17.0885
 30
0.0
 11
162.374
 21
16.9743
 31
0.0
  0
LINE
  5
1508
  8
0
 62
1
 10
162.374
 20
16.9743
 30
0.0
 11
162.861
 21
16.6491
 31
0.0
  0
LINE
  5
1509
  8
0
 62
1
 10
162.861
 20
16.6491
 30
0.0
 11
163.186
 21
16.1625
 31
0.0
  0
LINE
  5
150A
  8
0
 62
1
 10
163.186
 20
16.1625
 30
0.0
 11
163.3
 21
15.5885
 31
0.0
  0
LINE
  5
150B
  8
0
 62
1
 10
163.3
 20
15.5885
 30
0.0
 11
163.186
 21
15.0144
 31
0.0
  0
LINE
  5
150C
  8
0
 62
1
 10
163.186
 20
15.0144
 30
0.0
 11
162.861
 21
14.5278
 31
0.0
  0
LINE
  5
150D
  8
0
 62
1
 10
162.861
 20
14.5278
 30
0.0
 11
162.374
 21
14.2026
 31
0.0
  0
LINE
  5
150E
  8
0
 62
1
 10
162.374
 20
14.2026
 30
0.0
 11
161.8
 21
14.0885
 31
0.0
  0
LINE
  5
150F
  8
0
 62
1
 10
161.8
 20
14.0885
 30
0.0
 11
161.226
 21
14.2026
 31
0.0
  0
LINE
  5
1510
  8
0
 62
1
 10
155.226
 20
14.2026
 30
0.0
 11
154.739
 21
14.5278
 31
0.0
  0
LINE
  5
1511
  8
0
 62
1
 10
154.739
 20
14.5278
 30
0.0
 11
154.414
 21
15.0144
 31
0.0
  0
LINE
  5
1512
  8
0
 62
1
 10
154.414
 20
15.0144
 30
0.0
 11
154.3
 21
15.5885
 31
0.0
  0
LINE
  5
1513
  8
0
 62
1
 10
154.3
 20
15.5885
 30
0.0
 11
154.414
 21
16.1625
 31
0.0
  0
LINE
  5
1514
  8
0
 62
1
 10
154.414
 20
16.1625
 30
0.0
 11
154.739
 21
16.6491
 31
0.0
  0
LINE
  5
1515
  8
0
 62
1
 10
154.739
 20
16.6491
 30
0.0
 11
155.226
 21
16.9743
 31
0.0
  0
LINE
  5
1516
  8
0
 62
1
 10
155.226
 20
16.9743
 30
0.0
 11
155.8
 21
17.0885
 31
0.0
  0
LINE
  5
1517
  8
0
 62
1
 10
155.8
 20
17.0885
 30
0.0
 11
156.374
 21
16.9743
 31
0.0
  0
LINE
  5
1518
  8
0
 62
1
 10
156.374
 20
16.9743
 30
0.0
 11
156.861
 21
16.6491
 31
0.0
  0
LINE
  5
1519
  8
0
 62
1
 10
156.861
 20
16.6491
 30
0.0
 11
157.186
 21
16.1625
 31
0.0
  0
LINE
  5
151A
  8
0
 62
1
 10
157.186
 20
16.1625
 30
0.0
 11
157.3
 21
15.5885
 31
0.0
  0
LINE
  5
151B
  8
0
 62
1
 10
157.3
 20
15.5885
 30
0.0
 11
157.186
 21
15.0144
 31
0.0
  0
LINE
  5
151C
  8
0
 62
1
 10
157.186
 20
15.0144
 30
0.0
 11
156.861
 21
14.5278
 31
0.0
  0
LINE
  5
151D
  8
0
 62
1
 10
156.861
 20
14.5278
 30
0.0
 11
156.374
 21
14.2026
 31
0.0
  0
LINE
  5
151E
  8
0
 62
1
 10
156.374
 20
14.2026
 30
0.0
 11
155.8
 21
14.0885
 31
0.0
  0
LINE
  5
151F
  8
0
 62
1
 10
155.8
 20
14.0885
 30
0.0
 11
155.226
 21
14.2026
 31
0.0
  0
LINE
  5
1520
  8
0
 62
1
 10
149.226
 20
14.2026
 30
0.0
 11
148.739
 21
14.5278
 31
0.0
  0
LINE
  5
1521
  8
0
 62
1
 10
148.739
 20
14.5278
 30
0.0
 11
148.414
 21
15.0144
 31
0.0
  0
LINE
  5
1522
  8
0
 62
1
 10
148.414
 20
15.0144
 30
0.0
 11
148.3
 21
15.5885
 31
0.0
  0
LINE
  5
1523
  8
0
 62
1
 10
148.3
 20
15.5885
 30
0.0
 11
148.414
 21
16.1625
 31
0.0
  0
LINE
  5
1524
  8
0
 62
1
 10
148.414
 20
16.1625
 30
0.0
 11
148.739
 21
16.6491
 31
0.0
  0
LINE
  5
1525
  8
0
 62
1
 10
148.739
 20
16.6491
 30
0.0
 11
149.226
 21
16.9743
 31
0.0
  0
LINE
  5
1526
  8
0
 62
1
 10
149.226
 20
16.9743
 30
0.0
 11
149.8
 21
17.0885
 31
0.0
  0
LINE
  5
1527
  8
0
 62
1
 10
149.8
 20
17.0885
 30
0.0
 11
150.374
 21
16.9743
 31
0.0
  0
LINE
  5
1528
  8
0
 62
1
 10
150.374
 20
16.9743
 30
0.0
 11
150.861
 21
16.6491
 31
0.0
  0
LINE
  5
1529
  8
0
 62
1
 10
150.861
 20
16.6491
 30
0.0
 11
151.186
 21
16.1625
 31
0.0
  0
LINE
  5
152A
  8
0
 62
1
 10
151.186
 20
16.1625
 30
0.0
 11
151.3
 21
15.5885
 31
0.0
  0
LINE
  5
152B
  8
0
 62
1
 10
151.3
 20
15.5885
 30
0.0
 11
151.186
 21
15.0144
 31
0.0
  0
LINE
  5
152C
  8
0
 62
1
 10
151.186
 20
15.0144
 30
0.0
 11
150.861
 21
14.5278
 31
0.0
  0
LINE
  5
152D
  8
0
 62
1
 10
150.861
 20
14.5278
 30
0.0
 11
150.374
 21
14.2026
 31
0.0
  0
LINE
  5
152E
  8
0
 62
1
 10
150.374
 20
14.2026
 30
0.0
 11
149.8
 21
14.0885
 31
0.0
  0
LINE
  5
152F
  8
0
 62
1
 10
149.8
 20
14.0885
 30
0.0
 11
149.226
 21
14.2026
 31
0.0
  0
LINE
  5
1530
  8
0
 62
1
 10
143.226
 20
14.2026
 30
0.0
 11
142.739
 21
14.5278
 31
0.0
  0
LINE
  5
1531
  8
0
 62
1
 10
142.739
 20
14.5278
 30
0.0
 11
142.414
 21
15.0144
 31
0.0
  0
LINE
  5
1532
  8
0
 62
1
 10
142.414
 20
15.0144
 30
0.0
 11
142.3
 21
15.5885
 31
0.0
  0
LINE
  5
1533
  8
0
 62
1
 10
142.3
 20
15.5885
 30
0.0
 11
142.414
 21
16.1625
 31
0.0
  0
LINE
  5
1534
  8
0
 62
1
 10
142.414
 20
16.1625
 30
0.0
 11
142.739
 21
16.6491
 31
0.0
  0
LINE
  5
1535
  8
0
 62
1
 10
142.739
 20
16.6491
 30
0.0
 11
143.226
 21
16.9743
 31
0.0
  0
LINE
  5
1536
  8
0
 62
1
 10
143.226
 20
16.9743
 30
0.0
 11
143.8
 21
17.0885
 31
0.0
  0
LINE
  5
1537
  8
0
 62
1
 10
143.8
 20
17.0885
 30
0.0
 11
144.374
 21
16.9743
 31
0.0
  0
LINE
  5
1538
  8
0
 62
1
 10
144.374
 20
16.9743
 30
0.0
 11
144.861
 21
16.6491
 31
0.0
  0
LINE
  5
1539
  8
0
 62
1
 10
144.861
 20
16.6491
 30
0.0
 11
145.186
 21
16.1625
 31
0.0
  0
LINE
  5
153A
  8
0
 62
1
 10
145.186
 20
16.1625
 30
0.0
 11
145.3
 21
15.5885
 31
0.0
  0
LINE
  5
153B
  8
0
 62
1
 10
145.3
 20
15.5885
 30
0.0
 11
145.186
 21
15.0144
 31
0.0
  0
LINE
  5
153C
  8
0
 62
1
 10
145.186
 20
15.0144
 30
0.0
 11
144.861
 21
14.5278
 31
0.0
  0
LINE
  5
153D
  8
0
 62
1
 10
144.861
 20
14.5278
 30
0.0
 11
144.374
 21
14.2026
 31
0.0
  0
LINE
  5
153E
  8
0
 62
1
 10
144.374
 20
14.2026
 30
0.0
 11
143.8
 21
14.0885
 31
0.0
  0
LINE
  5
153F
  8
0
 62
1
 10
143.8
 20
14.0885
 30
0.0
 11
143.226
 21
14.2026
 31
0.0
  0
LINE
  5
1540
  8
0
 62
1
 10
215.226
 20
14.2026
 30
0.0
 11
214.739
 21
14.5278
 31
0.0
  0
LINE
  5
1541
  8
0
 62
1
 10
214.739
 20
14.5278
 30
0.0
 11
214.414
 21
15.0144
 31
0.0
  0
LINE
  5
1542
  8
0
 62
1
 10
214.414
 20
15.0144
 30
0.0
 11
214.3
 21
15.5885
 31
0.0
  0
LINE
  5
1543
  8
0
 62
1
 10
214.3
 20
15.5885
 30
0.0
 11
214.414
 21
16.1625
 31
0.0
  0
LINE
  5
1544
  8
0
 62
1
 10
214.414
 20
16.1625
 30
0.0
 11
214.739
 21
16.6491
 31
0.0
  0
LINE
  5
1545
  8
0
 62
1
 10
214.739
 20
16.6491
 30
0.0
 11
215.226
 21
16.9743
 31
0.0
  0
LINE
  5
1546
  8
0
 62
1
 10
215.226
 20
16.9743
 30
0.0
 11
215.8
 21
17.0885
 31
0.0
  0
LINE
  5
1547
  8
0
 62
1
 10
215.8
 20
17.0885
 30
0.0
 11
216.374
 21
16.9743
 31
0.0
  0
LINE
  5
1548
  8
0
 62
1
 10
216.374
 20
16.9743
 30
0.0
 11
216.861
 21
16.6491
 31
0.0
  0
LINE
  5
1549
  8
0
 62
1
 10
216.861
 20
16.6491
 30
0.0
 11
217.186
 21
16.1625
 31
0.0
  0
LINE
  5
154A
  8
0
 62
1
 10
217.186
 20
16.1625
 30
0.0
 11
217.3
 21
15.5885
 31
0.0
  0
LINE
  5
154B
  8
0
 62
1
 10
217.3
 20
15.5885
 30
0.0
 11
217.186
 21
15.0144
 31
0.0
  0
LINE
  5
154C
  8
0
 62
1
 10
217.186
 20
15.0144
 30
0.0
 11
216.861
 21
14.5278
 31
0.0
  0
LINE
  5
154D
  8
0
 62
1
 10
216.861
 20
14.5278
 30
0.0
 11
216.374
 21
14.2026
 31
0.0
  0
LINE
  5
154E
  8
0
 62
1
 10
216.374
 20
14.2026
 30
0.0
 11
215.8
 21
14.0885
 31
0.0
  0
LINE
  5
154F
  8
0
 62
1
 10
215.8
 20
14.0885
 30
0.0
 11
215.226
 21
14.2026
 31
0.0
  0
LINE
  5
1550
  8
0
 62
1
 10
194.226
 20
9.00648
 30
0.0
 11
193.739
 21
9.33163
 31
0.0
  0
LINE
  5
1551
  8
0
 62
1
 10
193.739
 20
9.33163
 30
0.0
 11
193.414
 21
9.81827
 31
0.0
  0
LINE
  5
1552
  8
0
 62
1
 10
193.414
 20
9.81827
 30
0.0
 11
193.3
 21
10.3923
 31
0.0
  0
LINE
  5
1553
  8
0
 62
1
 10
193.3
 20
10.3923
 30
0.0
 11
193.414
 21
10.9663
 31
0.0
  0
LINE
  5
1554
  8
0
 62
1
 10
193.414
 20
10.9663
 30
0.0
 11
193.739
 21
11.453
 31
0.0
  0
LINE
  5
1555
  8
0
 62
1
 10
193.739
 20
11.453
 30
0.0
 11
194.226
 21
11.7781
 31
0.0
  0
LINE
  5
1556
  8
0
 62
1
 10
194.226
 20
11.7781
 30
0.0
 11
194.8
 21
11.8923
 31
0.0
  0
LINE
  5
1557
  8
0
 62
1
 10
194.8
 20
11.8923
 30
0.0
 11
195.374
 21
11.7781
 31
0.0
  0
LINE
  5
1558
  8
0
 62
1
 10
195.374
 20
11.7781
 30
0.0
 11
195.861
 21
11.453
 31
0.0
  0
LINE
  5
1559
  8
0
 62
1
 10
195.861
 20
11.453
 30
0.0
 11
196.186
 21
10.9663
 31
0.0
  0
LINE
  5
155A
  8
0
 62
1
 10
196.186
 20
10.9663
 30
0.0
 11
196.3
 21
10.3923
 31
0.0
  0
LINE
  5
155B
  8
0
 62
1
 10
196.3
 20
10.3923
 30
0.0
 11
196.186
 21
9.81827
 31
0.0
  0
LINE
  5
155C
  8
0
 62
1
 10
196.186
 20
9.81827
 30
0.0
 11
195.861
 21
9.33163
 31
0.0
  0
LINE
  5
155D
  8
0
 62
1
 10
195.861
 20
9.33163
 30
0.0
 11
195.374
 21
9.00648
 31
0.0
  0
LINE
  5
155E
  8
0
 62
1
 10
195.374
 20
9.00648
 30
0.0
 11
194.8
 21
8.8923
 31
0.0
  0
LINE
  5
155F
  8
0
 62
1
 10
194.8
 20
8.8923
 30
0.0
 11
194.226
 21
9.00648
 31
0.0
  0
LINE
  5
1560
  8
0
 62
1
 10
182.226
 20
9.00648
 30
0.0
 11
181.739
 21
9.33163
 31
0.0
  0
LINE
  5
1561
  8
0
 62
1
 10
181.739
 20
9.33163
 30
0.0
 11
181.414
 21
9.81827
 31
0.0
  0
LINE
  5
1562
  8
0
 62
1
 10
181.414
 20
9.81827
 30
0.0
 11
181.3
 21
10.3923
 31
0.0
  0
LINE
  5
1563
  8
0
 62
1
 10
181.3
 20
10.3923
 30
0.0
 11
181.414
 21
10.9663
 31
0.0
  0
LINE
  5
1564
  8
0
 62
1
 10
181.414
 20
10.9663
 30
0.0
 11
181.739
 21
11.453
 31
0.0
  0
LINE
  5
1565
  8
0
 62
1
 10
181.739
 20
11.453
 30
0.0
 11
182.226
 21
11.7781
 31
0.0
  0
LINE
  5
1566
  8
0
 62
1
 10
182.226
 20
11.7781
 30
0.0
 11
182.8
 21
11.8923
 31
0.0
  0
LINE
  5
1567
  8
0
 62
1
 10
182.8
 20
11.8923
 30
0.0
 11
183.374
 21
11.7781
 31
0.0
  0
LINE
  5
1568
  8
0
 62
1
 10
183.374
 20
11.7781
 30
0.0
 11
183.861
 21
11.453
 31
0.0
  0
LINE
  5
1569
  8
0
 62
1
 10
183.861
 20
11.453
 30
0.0
 11
184.186
 21
10.9663
 31
0.0
  0
LINE
  5
156A
  8
0
 62
1
 10
184.186
 20
10.9663
 30
0.0
 11
184.3
 21
10.3923
 31
0.0
  0
LINE
  5
156B
  8
0
 62
1
 10
184.3
 20
10.3923
 30
0.0
 11
184.186
 21
9.81827
 31
0.0
  0
LINE
  5
156C
  8
0
 62
1
 10
184.186
 20
9.81827
 30
0.0
 11
183.861
 21
9.33163
 31
0.0
  0
LINE
  5
156D
  8
0
 62
1
 10
183.861
 20
9.33163
 30
0.0
 11
183.374
 21
9.00648
 31
0.0
  0
LINE
  5
156E
  8
0
 62
1
 10
183.374
 20
9.00648
 30
0.0
 11
182.8
 21
8.8923
 31
0.0
  0
LINE
  5
156F
  8
0
 62
1
 10
182.8
 20
8.8923
 30
0.0
 11
182.226
 21
9.00648
 31
0.0
  0
LINE
  5
1570
  8
0
 62
1
 10
176.226
 20
9.00648
 30
0.0
 11
175.739
 21
9.33163
 31
0.0
  0
LINE
  5
1571
  8
0
 62
1
 10
175.739
 20
9.33163
 30
0.0
 11
175.414
 21
9.81827
 31
0.0
  0
LINE
  5
1572
  8
0
 62
1
 10
175.414
 20
9.81827
 30
0.0
 11
175.3
 21
10.3923
 31
0.0
  0
LINE
  5
1573
  8
0
 62
1
 10
175.3
 20
10.3923
 30
0.0
 11
175.414
 21
10.9663
 31
0.0
  0
LINE
  5
1574
  8
0
 62
1
 10
175.414
 20
10.9663
 30
0.0
 11
175.739
 21
11.453
 31
0.0
  0
LINE
  5
1575
  8
0
 62
1
 10
175.739
 20
11.453
 30
0.0
 11
176.226
 21
11.7781
 31
0.0
  0
LINE
  5
1576
  8
0
 62
1
 10
176.226
 20
11.7781
 30
0.0
 11
176.8
 21
11.8923
 31
0.0
  0
LINE
  5
1577
  8
0
 62
1
 10
176.8
 20
11.8923
 30
0.0
 11
177.374
 21
11.7781
 31
0.0
  0
LINE
  5
1578
  8
0
 62
1
 10
177.374
 20
11.7781
 30
0.0
 11
177.861
 21
11.453
 31
0.0
  0
LINE
  5
1579
  8
0
 62
1
 10
177.861
 20
11.453
 30
0.0
 11
178.186
 21
10.9663
 31
0.0
  0
LINE
  5
157A
  8
0
 62
1
 10
178.186
 20
10.9663
 30
0.0
 11
178.3
 21
10.3923
 31
0.0
  0
LINE
  5
157B
  8
0
 62
1
 10
178.3
 20
10.3923
 30
0.0
 11
178.186
 21
9.81827
 31
0.0
  0
LINE
  5
157C
  8
0
 62
1
 10
178.186
 20
9.81827
 30
0.0
 11
177.861
 21
9.33163
 31
0.0
  0
LINE
  5
157D
  8
0
 62
1
 10
177.861
 20
9.33163
 30
0.0
 11
177.374
 21
9.00648
 31
0.0
  0
LINE
  5
157E
  8
0
 62
1
 10
177.374
 20
9.00648
 30
0.0
 11
176.8
 21
8.8923
 31
0.0
  0
LINE
  5
157F
  8
0
 62
1
 10
176.8
 20
8.8923
 30
0.0
 11
176.226
 21
9.00648
 31
0.0
  0
LINE
  5
1580
  8
0
 62
1
 10
170.226
 20
9.00648
 30
0.0
 11
169.739
 21
9.33163
 31
0.0
  0
LINE
  5
1581
  8
0
 62
1
 10
169.739
 20
9.33163
 30
0.0
 11
169.414
 21
9.81827
 31
0.0
  0
LINE
  5
1582
  8
0
 62
1
 10
169.414
 20
9.81827
 30
0.0
 11
169.3
 21
10.3923
 31
0.0
  0
LINE
  5
1583
  8
0
 62
1
 10
169.3
 20
10.3923
 30
0.0
 11
169.414
 21
10.9663
 31
0.0
  0
LINE
  5
1584
  8
0
 62
1
 10
169.414
 20
10.9663
 30
0.0
 11
169.739
 21
11.453
 31
0.0
  0
LINE
  5
1585
  8
0
 62
1
 10
169.739
 20
11.453
 30
0.0
 11
170.226
 21
11.7781
 31
0.0
  0
LINE
  5
1586
  8
0
 62
1
 10
170.226
 20
11.7781
 30
0.0
 11
170.8
 21
11.8923
 31
0.0
  0
LINE
  5
1587
  8
0
 62
1
 10
170.8
 20
11.8923
 30
0.0
 11
171.374
 21
11.7781
 31
0.0
  0
LINE
  5
1588
  8
0
 62
1
 10
171.374
 20
11.7781
 30
0.0
 11
171.861
 21
11.453
 31
0.0
  0
LINE
  5
1589
  8
0
 62
1
 10
171.861
 20
11.453
 30
0.0
 11
172.186
 21
10.9663
 31
0.0
  0
LINE
  5
158A
  8
0
 62
1
 10
172.186
 20
10.9663
 30
0.0
 11
172.3
 21
10.3923
 31
0.0
  0
LINE
  5
158B
  8
0
 62
1
 10
172.3
 20
10.3923
 30
0.0
 11
172.186
 21
9.81827
 31
0.0
  0
LINE
  5
158C
  8
0
 62
1
 10
172.186
 20
9.81827
 30
0.0
 11
171.861
 21
9.33163
 31
0.0
  0
LINE
  5
158D
  8
0
 62
1
 10
171.861
 20
9.33163
 30
0.0
 11
171.374
 21
9.00648
 31
0.0
  0
LINE
  5
158E
  8
0
 62
1
 10
171.374
 20
9.00648
 30
0.0
 11
170.8
 21
8.8923
 31
0.0
  0
LINE
  5
158F
  8
0
 62
1
 10
170.8
 20
8.8923
 30
0.0
 11
170.226
 21
9.00648
 31
0.0
  0
LINE
  5
1590
  8
0
 62
1
 10
200.226
 20
9.00648
 30
0.0
 11
199.739
 21
9.33163
 31
0.0
  0
LINE
  5
1591
  8
0
 62
1
 10
199.739
 20
9.33163
 30
0.0
 11
199.414
 21
9.81827
 31
0.0
  0
LINE
  5
1592
  8
0
 62
1
 10
199.414
 20
9.81827
 30
0.0
 11
199.3
 21
10.3923
 31
0.0
  0
LINE
  5
1593
  8
0
 62
1
 10
199.3
 20
10.3923
 30
0.0
 11
199.414
 21
10.9663
 31
0.0
  0
LINE
  5
1594
  8
0
 62
1
 10
199.414
 20
10.9663
 30
0.0
 11
199.739
 21
11.453
 31
0.0
  0
LINE
  5
1595
  8
0
 62
1
 10
199.739
 20
11.453
 30
0.0
 11
200.226
 21
11.7781
 31
0.0
  0
LINE
  5
1596
  8
0
 62
1
 10
200.226
 20
11.7781
 30
0.0
 11
200.8
 21
11.8923
 31
0.0
  0
LINE
  5
1597
  8
0
 62
1
 10
200.8
 20
11.8923
 30
0.0
 11
201.374
 21
11.7781
 31
0.0
  0
LINE
  5
1598
  8
0
 62
1
 10
201.374
 20
11.7781
 30
0.0
 11
201.861
 21
11.453
 31
0.0
  0
LINE
  5
1599
  8
0
 62
1
 10
201.861
 20
11.453
 30
0.0
 11
202.186
 21
10.9663
 31
0.0
  0
LINE
  5
159A
  8
0
 62
1
 10
202.186
 20
10.9663
 30
0.0
 11
202.3
 21
10.3923
 31
0.0
  0
LINE
  5
159B
  8
0
 62
1
 10
202.3
 20
10.3923
 30
0.0
 11
202.186
 21
9.81827
 31
0.0
  0
LINE
  5
159C
  8
0
 62
1
 10
202.186
 20
9.81827
 30
0.0
 11
201.861
 21
9.33163
 31
0.0
  0
LINE
  5
159D
  8
0
 62
1
 10
201.861
 20
9.33163
 30
0.0
 11
201.374
 21
9.00648
 31
0.0
  0
LINE
  5
159E
  8
0
 62
1
 10
201.374
 20
9.00648
 30
0.0
 11
200.8
 21
8.8923
 31
0.0
  0
LINE
  5
159F
  8
0
 62
1
 10
200.8
 20
8.8923
 30
0.0
 11
200.226
 21
9.00648
 31
0.0
  0
LINE
  5
15A0
  8
0
 62
1
 10
206.226
 20
9.00648
 30
0.0
 11
205.739
 21
9.33163
 31
0.0
  0
LINE
  5
15A1
  8
0
 62
1
 10
205.739
 20
9.33163
 30
0.0
 11
205.414
 21
9.81827
 31
0.0
  0
LINE
  5
15A2
  8
0
 62
1
 10
205.414
 20
9.81827
 30
0.0
 11
205.3
 21
10.3923
 31
0.0
  0
LINE
  5
15A3
  8
0
 62
1
 10
205.3
 20
10.3923
 30
0.0
 11
205.414
 21
10.9663
 31
0.0
  0
LINE
  5
15A4
  8
0
 62
1
 10
205.414
 20
10.9663
 30
0.0
 11
205.739
 21
11.453
 31
0.0
  0
LINE
  5
15A5
  8
0
 62
1
 10
205.739
 20
11.453
 30
0.0
 11
206.226
 21
11.7781
 31
0.0
  0
LINE
  5
15A6
  8
0
 62
1
 10
206.226
 20
11.7781
 30
0.0
 11
206.8
 21
11.8923
 31
0.0
  0
LINE
  5
15A7
  8
0
 62
1
 10
206.8
 20
11.8923
 30
0.0
 11
207.374
 21
11.7781
 31
0.0
  0
LINE
  5
15A8
  8
0
 62
1
 10
207.374
 20
11.7781
 30
0.0
 11
207.861
 21
11.453
 31
0.0
  0
LINE
  5
15A9
  8
0
 62
1
 10
207.861
 20
11.453
 30
0.0
 11
208.186
 21
10.9663
 31
0.0
  0
LINE
  5
15AA
  8
0
 62
1
 10
208.186
 20
10.9663
 30
0.0
 11
208.3
 21
10.3923
 31
0.0
  0
LINE
  5
15AB
  8
0
 62
1
 10
208.3
 20
10.3923
 30
0.0
 11
208.186
 21
9.81827
 31
0.0
  0
LINE
  5
15AC
  8
0
 62
1
 10
208.186
 20
9.81827
 30
0.0
 11
207.861
 21
9.33163
 31
0.0
  0
LINE
  5
15AD
  8
0
 62
1
 10
207.861
 20
9.33163
 30
0.0
 11
207.374
 21
9.00648
 31
0.0
  0
LINE
  5
15AE
  8
0
 62
1
 10
207.374
 20
9.00648
 30
0.0
 11
206.8
 21
8.8923
 31
0.0
  0
LINE
  5
15AF
  8
0
 62
1
 10
206.8
 20
8.8923
 30
0.0
 11
206.226
 21
9.00648
 31
0.0
  0
LINE
  5
15B0
  8
0
 62
1
 10
212.226
 20
9.00648
 30
0.0
 11
211.739
 21
9.33163
 31
0.0
  0
LINE
  5
15B1
  8
0
 62
1
 10
211.739
 20
9.33163
 30
0.0
 11
211.414
 21
9.81827
 31
0.0
  0
LINE
  5
15B2
  8
0
 62
1
 10
211.414
 20
9.81827
 30
0.0
 11
211.3
 21
10.3923
 31
0.0
  0
LINE
  5
15B3
  8
0
 62
1
 10
211.3
 20
10.3923
 30
0.0
 11
211.414
 21
10.9663
 31
0.0
  0
LINE
  5
15B4
  8
0
 62
1
 10
211.414
 20
10.9663
 30
0.0
 11
211.739
 21
11.453
 31
0.0
  0
LINE
  5
15B5
  8
0
 62
1
 10
211.739
 20
11.453
 30
0.0
 11
212.226
 21
11.7781
 31
0.0
  0
LINE
  5
15B6
  8
0
 62
1
 10
212.226
 20
11.7781
 30
0.0
 11
212.8
 21
11.8923
 31
0.0
  0
LINE
  5
15B7
  8
0
 62
1
 10
212.8
 20
11.8923
 30
0.0
 11
213.374
 21
11.7781
 31
0.0
  0
LINE
  5
15B8
  8
0
 62
1
 10
213.374
 20
11.7781
 30
0.0
 11
213.861
 21
11.453
 31
0.0
  0
LINE
  5
15B9
  8
0
 62
1
 10
213.861
 20
11.453
 30
0.0
 11
214.186
 21
10.9663
 31
0.0
  0
LINE
  5
15BA
  8
0
 62
1
 10
214.186
 20
10.9663
 30
0.0
 11
214.3
 21
10.3923
 31
0.0
  0
LINE
  5
15BB
  8
0
 62
1
 10
214.3
 20
10.3923
 30
0.0
 11
214.186
 21
9.81827
 31
0.0
  0
LINE
  5
15BC
  8
0
 62
1
 10
214.186
 20
9.81827
 30
0.0
 11
213.861
 21
9.33163
 31
0.0
  0
LINE
  5
15BD
  8
0
 62
1
 10
213.861
 20
9.33163
 30
0.0
 11
213.374
 21
9.00648
 31
0.0
  0
LINE
  5
15BE
  8
0
 62
1
 10
213.374
 20
9.00648
 30
0.0
 11
212.8
 21
8.8923
 31
0.0
  0
LINE
  5
15BF
  8
0
 62
1
 10
212.8
 20
8.8923
 30
0.0
 11
212.226
 21
9.00648
 31
0.0
  0
LINE
  5
15C0
  8
0
 62
1
 10
218.226
 20
9.00648
 30
0.0
 11
217.739
 21
9.33163
 31
0.0
  0
LINE
  5
15C1
  8
0
 62
1
 10
217.739
 20
9.33163
 30
0.0
 11
217.414
 21
9.81827
 31
0.0
  0
LINE
  5
15C2
  8
0
 62
1
 10
217.414
 20
9.81827
 30
0.0
 11
217.3
 21
10.3923
 31
0.0
  0
LINE
  5
15C3
  8
0
 62
1
 10
217.3
 20
10.3923
 30
0.0
 11
217.414
 21
10.9663
 31
0.0
  0
LINE
  5
15C4
  8
0
 62
1
 10
217.414
 20
10.9663
 30
0.0
 11
217.739
 21
11.453
 31
0.0
  0
LINE
  5
15C5
  8
0
 62
1
 10
217.739
 20
11.453
 30
0.0
 11
218.226
 21
11.7781
 31
0.0
  0
LINE
  5
15C6
  8
0
 62
1
 10
218.226
 20
11.7781
 30
0.0
 11
218.8
 21
11.8923
 31
0.0
  0
LINE
  5
15C7
  8
0
 62
1
 10
218.8
 20
11.8923
 30
0.0
 11
219.374
 21
11.7781
 31
0.0
  0
LINE
  5
15C8
  8
0
 62
1
 10
219.374
 20
11.7781
 30
0.0
 11
219.861
 21
11.453
 31
0.0
  0
LINE
  5
15C9
  8
0
 62
1
 10
219.861
 20
11.453
 30
0.0
 11
220.186
 21
10.9663
 31
0.0
  0
LINE
  5
15CA
  8
0
 62
1
 10
220.186
 20
10.9663
 30
0.0
 11
220.3
 21
10.3923
 31
0.0
  0
LINE
  5
15CB
  8
0
 62
1
 10
220.3
 20
10.3923
 30
0.0
 11
220.186
 21
9.81827
 31
0.0
  0
LINE
  5
15CC
  8
0
 62
1
 10
220.186
 20
9.81827
 30
0.0
 11
219.861
 21
9.33163
 31
0.0
  0
LINE
  5
15CD
  8
0
 62
1
 10
219.861
 20
9.33163
 30
0.0
 11
219.374
 21
9.00648
 31
0.0
  0
LINE
  5
15CE
  8
0
 62
1
 10
219.374
 20
9.00648
 30
0.0
 11
218.8
 21
8.8923
 31
0.0
  0
LINE
  5
15CF
  8
0
 62
1
 10
218.8
 20
8.8923
 30
0.0
 11
218.226
 21
9.00648
 31
0.0
  0
LINE
  5
15D0
  8
0
 62
1
 10
224.226
 20
9.00648
 30
0.0
 11
223.739
 21
9.33163
 31
0.0
  0
LINE
  5
15D1
  8
0
 62
1
 10
223.739
 20
9.33163
 30
0.0
 11
223.414
 21
9.81827
 31
0.0
  0
LINE
  5
15D2
  8
0
 62
1
 10
223.414
 20
9.81827
 30
0.0
 11
223.3
 21
10.3923
 31
0.0
  0
LINE
  5
15D3
  8
0
 62
1
 10
223.3
 20
10.3923
 30
0.0
 11
223.414
 21
10.9663
 31
0.0
  0
LINE
  5
15D4
  8
0
 62
1
 10
223.414
 20
10.9663
 30
0.0
 11
223.739
 21
11.453
 31
0.0
  0
LINE
  5
15D5
  8
0
 62
1
 10
223.739
 20
11.453
 30
0.0
 11
224.226
 21
11.7781
 31
0.0
  0
LINE
  5
15D6
  8
0
 62
1
 10
224.226
 20
11.7781
 30
0.0
 11
224.8
 21
11.8923
 31
0.0
  0
LINE
  5
15D7
  8
0
 62
1
 10
224.8
 20
11.8923
 30
0.0
 11
225.374
 21
11.7781
 31
0.0
  0
LINE
  5
15D8
  8
0
 62
1
 10
225.374
 20
11.7781
 30
0.0
 11
225.861
 21
11.453
 31
0.0
  0
LINE
  5
15D9
  8
0
 62
1
 10
225.861
 20
11.453
 30
0.0
 11
226.186
 21
10.9663
 31
0.0
  0
LINE
  5
15DA
  8
0
 62
1
 10
226.186
 20
10.9663
 30
0.0
 11
226.3
 21
10.3923
 31
0.0
  0
LINE
  5
15DB
  8
0
 62
1
 10
226.3
 20
10.3923
 30
0.0
 11
226.186
 21
9.81827
 31
0.0
  0
LINE
  5
15DC
  8
0
 62
1
 10
226.186
 20
9.81827
 30
0.0
 11
225.861
 21
9.33163
 31
0.0
  0
LINE
  5
15DD
  8
0
 62
1
 10
225.861
 20
9.33163
 30
0.0
 11
225.374
 21
9.00648
 31
0.0
  0
LINE
  5
15DE
  8
0
 62
1
 10
225.374
 20
9.00648
 30
0.0
 11
224.8
 21
8.8923
 31
0.0
  0
LINE
  5
15DF
  8
0
 62
1
 10
224.8
 20
8.8923
 30
0.0
 11
224.226
 21
9.00648
 31
0.0
  0
LINE
  5
15E0
  8
0
 62
1
 10
188.226
 20
9.00648
 30
0.0
 11
187.739
 21
9.33163
 31
0.0
  0
LINE
  5
15E1
  8
0
 62
1
 10
187.739
 20
9.33163
 30
0.0
 11
187.414
 21
9.81827
 31
0.0
  0
LINE
  5
15E2
  8
0
 62
1
 10
187.414
 20
9.81827
 30
0.0
 11
187.3
 21
10.3923
 31
0.0
  0
LINE
  5
15E3
  8
0
 62
1
 10
187.3
 20
10.3923
 30
0.0
 11
187.414
 21
10.9663
 31
0.0
  0
LINE
  5
15E4
  8
0
 62
1
 10
187.414
 20
10.9663
 30
0.0
 11
187.739
 21
11.453
 31
0.0
  0
LINE
  5
15E5
  8
0
 62
1
 10
187.739
 20
11.453
 30
0.0
 11
188.226
 21
11.7781
 31
0.0
  0
LINE
  5
15E6
  8
0
 62
1
 10
188.226
 20
11.7781
 30
0.0
 11
188.8
 21
11.8923
 31
0.0
  0
LINE
  5
15E7
  8
0
 62
1
 10
188.8
 20
11.8923
 30
0.0
 11
189.374
 21
11.7781
 31
0.0
  0
LINE
  5
15E8
  8
0
 62
1
 10
189.374
 20
11.7781
 30
0.0
 11
189.861
 21
11.453
 31
0.0
  0
LINE
  5
15E9
  8
0
 62
1
 10
189.861
 20
11.453
 30
0.0
 11
190.186
 21
10.9663
 31
0.0
  0
LINE
  5
15EA
  8
0
 62
1
 10
190.186
 20
10.9663
 30
0.0
 11
190.3
 21
10.3923
 31
0.0
  0
LINE
  5
15EB
  8
0
 62
1
 10
190.3
 20
10.3923
 30
0.0
 11
190.186
 21
9.81827
 31
0.0
  0
LINE
  5
15EC
  8
0
 62
1
 10
190.186
 20
9.81827
 30
0.0
 11
189.861
 21
9.33163
 31
0.0
  0
LINE
  5
15ED
  8
0
 62
1
 10
189.861
 20
9.33163
 30
0.0
 11
189.374
 21
9.00648
 31
0.0
  0
LINE
  5
15EE
  8
0
 62
1
 10
189.374
 20
9.00648
 30
0.0
 11
188.8
 21
8.8923
 31
0.0
  0
LINE
  5
15EF
  8
0
 62
1
 10
188.8
 20
8.8923
 30
0.0
 11
188.226
 21
9.00648
 31
0.0
  0
LINE
  5
15F0
  8
0
 62
1
 10
158.226
 20
9.00648
 30
0.0
 11
157.739
 21
9.33163
 31
0.0
  0
LINE
  5
15F1
  8
0
 62
1
 10
157.739
 20
9.33163
 30
0.0
 11
157.414
 21
9.81827
 31
0.0
  0
LINE
  5
15F2
  8
0
 62
1
 10
157.414
 20
9.81827
 30
0.0
 11
157.3
 21
10.3923
 31
0.0
  0
LINE
  5
15F3
  8
0
 62
1
 10
157.3
 20
10.3923
 30
0.0
 11
157.414
 21
10.9663
 31
0.0
  0
LINE
  5
15F4
  8
0
 62
1
 10
157.414
 20
10.9663
 30
0.0
 11
157.739
 21
11.453
 31
0.0
  0
LINE
  5
15F5
  8
0
 62
1
 10
157.739
 20
11.453
 30
0.0
 11
158.226
 21
11.7781
 31
0.0
  0
LINE
  5
15F6
  8
0
 62
1
 10
158.226
 20
11.7781
 30
0.0
 11
158.8
 21
11.8923
 31
0.0
  0
LINE
  5
15F7
  8
0
 62
1
 10
158.8
 20
11.8923
 30
0.0
 11
159.374
 21
11.7781
 31
0.0
  0
LINE
  5
15F8
  8
0
 62
1
 10
159.374
 20
11.7781
 30
0.0
 11
159.861
 21
11.453
 31
0.0
  0
LINE
  5
15F9
  8
0
 62
1
 10
159.861
 20
11.453
 30
0.0
 11
160.186
 21
10.9663
 31
0.0
  0
LINE
  5
15FA
  8
0
 62
1
 10
160.186
 20
10.9663
 30
0.0
 11
160.3
 21
10.3923
 31
0.0
  0
LINE
  5
15FB
  8
0
 62
1
 10
160.3
 20
10.3923
 30
0.0
 11
160.186
 21
9.81827
 31
0.0
  0
LINE
  5
15FC
  8
0
 62
1
 10
160.186
 20
9.81827
 30
0.0
 11
159.861
 21
9.33163
 31
0.0
  0
LINE
  5
15FD
  8
0
 62
1
 10
159.861
 20
9.33163
 30
0.0
 11
159.374
 21
9.00648
 31
0.0
  0
LINE
  5
15FE
  8
0
 62
1
 10
159.374
 20
9.00648
 30
0.0
 11
158.8
 21
8.8923
 31
0.0
  0
LINE
  5
15FF
  8
0
 62
1
 10
158.8
 20
8.8923
 30
0.0
 11
158.226
 21
9.00648
 31
0.0
  0
LINE
  5
1600
  8
0
 62
1
 10
152.226
 20
9.00648
 30
0.0
 11
151.739
 21
9.33163
 31
0.0
  0
LINE
  5
1601
  8
0
 62
1
 10
151.739
 20
9.33163
 30
0.0
 11
151.414
 21
9.81827
 31
0.0
  0
LINE
  5
1602
  8
0
 62
1
 10
151.414
 20
9.81827
 30
0.0
 11
151.3
 21
10.3923
 31
0.0
  0
LINE
  5
1603
  8
0
 62
1
 10
151.3
 20
10.3923
 30
0.0
 11
151.414
 21
10.9663
 31
0.0
  0
LINE
  5
1604
  8
0
 62
1
 10
151.414
 20
10.9663
 30
0.0
 11
151.739
 21
11.453
 31
0.0
  0
LINE
  5
1605
  8
0
 62
1
 10
151.739
 20
11.453
 30
0.0
 11
152.226
 21
11.7781
 31
0.0
  0
LINE
  5
1606
  8
0
 62
1
 10
152.226
 20
11.7781
 30
0.0
 11
152.8
 21
11.8923
 31
0.0
  0
LINE
  5
1607
  8
0
 62
1
 10
152.8
 20
11.8923
 30
0.0
 11
153.374
 21
11.7781
 31
0.0
  0
LINE
  5
1608
  8
0
 62
1
 10
153.374
 20
11.7781
 30
0.0
 11
153.861
 21
11.453
 31
0.0
  0
LINE
  5
1609
  8
0
 62
1
 10
153.861
 20
11.453
 30
0.0
 11
154.186
 21
10.9663
 31
0.0
  0
LINE
  5
160A
  8
0
 62
1
 10
154.186
 20
10.9663
 30
0.0
 11
154.3
 21
10.3923
 31
0.0
  0
LINE
  5
160B
  8
0
 62
1
 10
154.3
 20
10.3923
 30
0.0
 11
154.186
 21
9.81827
 31
0.0
  0
LINE
  5
160C
  8
0
 62
1
 10
154.186
 20
9.81827
 30
0.0
 11
153.861
 21
9.33163
 31
0.0
  0
LINE
  5
160D
  8
0
 62
1
 10
153.861
 20
9.33163
 30
0.0
 11
153.374
 21
9.00648
 31
0.0
  0
LINE
  5
160E
  8
0
 62
1
 10
153.374
 20
9.00648
 30
0.0
 11
152.8
 21
8.8923
 31
0.0
  0
LINE
  5
160F
  8
0
 62
1
 10
152.8
 20
8.8923
 30
0.0
 11
152.226
 21
9.00648
 31
0.0
  0
LINE
  5
1610
  8
0
 62
1
 10
146.226
 20
9.00648
 30
0.0
 11
145.739
 21
9.33163
 31
0.0
  0
LINE
  5
1611
  8
0
 62
1
 10
145.739
 20
9.33163
 30
0.0
 11
145.414
 21
9.81827
 31
0.0
  0
LINE
  5
1612
  8
0
 62
1
 10
145.414
 20
9.81827
 30
0.0
 11
145.3
 21
10.3923
 31
0.0
  0
LINE
  5
1613
  8
0
 62
1
 10
145.3
 20
10.3923
 30
0.0
 11
145.414
 21
10.9663
 31
0.0
  0
LINE
  5
1614
  8
0
 62
1
 10
145.414
 20
10.9663
 30
0.0
 11
145.739
 21
11.453
 31
0.0
  0
LINE
  5
1615
  8
0
 62
1
 10
145.739
 20
11.453
 30
0.0
 11
146.226
 21
11.7781
 31
0.0
  0
LINE
  5
1616
  8
0
 62
1
 10
146.226
 20
11.7781
 30
0.0
 11
146.8
 21
11.8923
 31
0.0
  0
LINE
  5
1617
  8
0
 62
1
 10
146.8
 20
11.8923
 30
0.0
 11
147.374
 21
11.7781
 31
0.0
  0
LINE
  5
1618
  8
0
 62
1
 10
147.374
 20
11.7781
 30
0.0
 11
147.861
 21
11.453
 31
0.0
  0
LINE
  5
1619
  8
0
 62
1
 10
147.861
 20
11.453
 30
0.0
 11
148.186
 21
10.9663
 31
0.0
  0
LINE
  5
161A
  8
0
 62
1
 10
148.186
 20
10.9663
 30
0.0
 11
148.3
 21
10.3923
 31
0.0
  0
LINE
  5
161B
  8
0
 62
1
 10
148.3
 20
10.3923
 30
0.0
 11
148.186
 21
9.81827
 31
0.0
  0
LINE
  5
161C
  8
0
 62
1
 10
148.186
 20
9.81827
 30
0.0
 11
147.861
 21
9.33163
 31
0.0
  0
LINE
  5
161D
  8
0
 62
1
 10
147.861
 20
9.33163
 30
0.0
 11
147.374
 21
9.00648
 31
0.0
  0
LINE
  5
161E
  8
0
 62
1
 10
147.374
 20
9.00648
 30
0.0
 11
146.8
 21
8.8923
 31
0.0
  0
LINE
  5
161F
  8
0
 62
1
 10
146.8
 20
8.8923
 30
0.0
 11
146.226
 21
9.00648
 31
0.0
  0
LINE
  5
1620
  8
0
 62
1
 10
140.226
 20
9.00648
 30
0.0
 11
139.739
 21
9.33163
 31
0.0
  0
LINE
  5
1621
  8
0
 62
1
 10
139.739
 20
9.33163
 30
0.0
 11
139.414
 21
9.81827
 31
0.0
  0
LINE
  5
1622
  8
0
 62
1
 10
139.414
 20
9.81827
 30
0.0
 11
139.3
 21
10.3923
 31
0.0
  0
LINE
  5
1623
  8
0
 62
1
 10
139.3
 20
10.3923
 30
0.0
 11
139.414
 21
10.9663
 31
0.0
  0
LINE
  5
1624
  8
0
 62
1
 10
139.414
 20
10.9663
 30
0.0
 11
139.739
 21
11.453
 31
0.0
  0
LINE
  5
1625
  8
0
 62
1
 10
139.739
 20
11.453
 30
0.0
 11
140.226
 21
11.7781
 31
0.0
  0
LINE
  5
1626
  8
0
 62
1
 10
140.226
 20
11.7781
 30
0.0
 11
140.8
 21
11.8923
 31
0.0
  0
LINE
  5
1627
  8
0
 62
1
 10
140.8
 20
11.8923
 30
0.0
 11
141.374
 21
11.7781
 31
0.0
  0
LINE
  5
1628
  8
0
 62
1
 10
141.374
 20
11.7781
 30
0.0
 11
141.861
 21
11.453
 31
0.0
  0
LINE
  5
1629
  8
0
 62
1
 10
141.861
 20
11.453
 30
0.0
 11
142.186
 21
10.9663
 31
0.0
  0
LINE
  5
162A
  8
0
 62
1
 10
142.186
 20
10.9663
 30
0.0
 11
142.3
 21
10.3923
 31
0.0
  0
LINE
  5
162B
  8
0
 62
1
 10
142.3
 20
10.3923
 30
0.0
 11
142.186
 21
9.81827
 31
0.0
  0
LINE
  5
162C
  8
0
 62
1
 10
142.186
 20
9.81827
 30
0.0
 11
141.861
 21
9.33163
 31
0.0
  0
LINE
  5
162D
  8
0
 62
1
 10
141.861
 20
9.33163
 30
0.0
 11
141.374
 21
9.00648
 31
0.0
  0
LINE
  5
162E
  8
0
 62
1
 10
141.374
 20
9.00648
 30
0.0
 11
140.8
 21
8.8923
 31
0.0
  0
LINE
  5
162F
  8
0
 62
1
 10
140.8
 20
8.8923
 30
0.0
 11
140.226
 21
9.00648
 31
0.0
  0
LINE
  5
1630
  8
0
 62
1
 10
164.226
 20
9.00648
 30
0.0
 11
163.739
 21
9.33163
 31
0.0
  0
LINE
  5
1631
  8
0
 62
1
 10
163.739
 20
9.33163
 30
0.0
 11
163.414
 21
9.81827
 31
0.0
  0
LINE
  5
1632
  8
0
 62
1
 10
163.414
 20
9.81827
 30
0.0
 11
163.3
 21
10.3923
 31
0.0
  0
LINE
  5
1633
  8
0
 62
1
 10
163.3
 20
10.3923
 30
0.0
 11
163.414
 21
10.9663
 31
0.0
  0
LINE
  5
1634
  8
0
 62
1
 10
163.414
 20
10.9663
 30
0.0
 11
163.739
 21
11.453
 31
0.0
  0
LINE
  5
1635
  8
0
 62
1
 10
163.739
 20
11.453
 30
0.0
 11
164.226
 21
11.7781
 31
0.0
  0
LINE
  5
1636
  8
0
 62
1
 10
164.226
 20
11.7781
 30
0.0
 11
164.8
 21
11.8923
 31
0.0
  0
LINE
  5
1637
  8
0
 62
1
 10
164.8
 20
11.8923
 30
0.0
 11
165.374
 21
11.7781
 31
0.0
  0
LINE
  5
1638
  8
0
 62
1
 10
165.374
 20
11.7781
 30
0.0
 11
165.861
 21
11.453
 31
0.0
  0
LINE
  5
1639
  8
0
 62
1
 10
165.861
 20
11.453
 30
0.0
 11
166.186
 21
10.9663
 31
0.0
  0
LINE
  5
163A
  8
0
 62
1
 10
166.186
 20
10.9663
 30
0.0
 11
166.3
 21
10.3923
 31
0.0
  0
LINE
  5
163B
  8
0
 62
1
 10
166.3
 20
10.3923
 30
0.0
 11
166.186
 21
9.81827
 31
0.0
  0
LINE
  5
163C
  8
0
 62
1
 10
166.186
 20
9.81827
 30
0.0
 11
165.861
 21
9.33163
 31
0.0
  0
LINE
  5
163D
  8
0
 62
1
 10
165.861
 20
9.33163
 30
0.0
 11
165.374
 21
9.00648
 31
0.0
  0
LINE
  5
163E
  8
0
 62
1
 10
165.374
 20
9.00648
 30
0.0
 11
164.8
 21
8.8923
 31
0.0
  0
LINE
  5
163F
  8
0
 62
1
 10
164.8
 20
8.8923
 30
0.0
 11
164.226
 21
9.00648
 31
0.0
  0
LINE
  5
1640
  8
0
 62
1
 10
191.226
 20
3.81032
 30
0.0
 11
190.739
 21
4.13548
 31
0.0
  0
LINE
  5
1641
  8
0
 62
1
 10
190.739
 20
4.13548
 30
0.0
 11
190.414
 21
4.62212
 31
0.0
  0
LINE
  5
1642
  8
0
 62
1
 10
190.414
 20
4.62212
 30
0.0
 11
190.3
 21
5.19615
 31
0.0
  0
LINE
  5
1643
  8
0
 62
1
 10
190.3
 20
5.19615
 30
0.0
 11
190.414
 21
5.77017
 31
0.0
  0
LINE
  5
1644
  8
0
 62
1
 10
190.414
 20
5.77017
 30
0.0
 11
190.739
 21
6.25681
 31
0.0
  0
LINE
  5
1645
  8
0
 62
1
 10
190.739
 20
6.25681
 30
0.0
 11
191.226
 21
6.58197
 31
0.0
  0
LINE
  5
1646
  8
0
 62
1
 10
191.226
 20
6.58197
 30
0.0
 11
191.8
 21
6.69615
 31
0.0
  0
LINE
  5
1647
  8
0
 62
1
 10
191.8
 20
6.69615
 30
0.0
 11
192.374
 21
6.58197
 31
0.0
  0
LINE
  5
1648
  8
0
 62
1
 10
192.374
 20
6.58197
 30
0.0
 11
192.861
 21
6.25681
 31
0.0
  0
LINE
  5
1649
  8
0
 62
1
 10
192.861
 20
6.25681
 30
0.0
 11
193.186
 21
5.77017
 31
0.0
  0
LINE
  5
164A
  8
0
 62
1
 10
193.186
 20
5.77017
 30
0.0
 11
193.3
 21
5.19615
 31
0.0
  0
LINE
  5
164B
  8
0
 62
1
 10
193.3
 20
5.19615
 30
0.0
 11
193.186
 21
4.62212
 31
0.0
  0
LINE
  5
164C
  8
0
 62
1
 10
193.186
 20
4.62212
 30
0.0
 11
192.861
 21
4.13548
 31
0.0
  0
LINE
  5
164D
  8
0
 62
1
 10
192.861
 20
4.13548
 30
0.0
 11
192.374
 21
3.81032
 31
0.0
  0
LINE
  5
164E
  8
0
 62
1
 10
192.374
 20
3.81032
 30
0.0
 11
191.8
 21
3.69615
 31
0.0
  0
LINE
  5
164F
  8
0
 62
1
 10
191.8
 20
3.69615
 30
0.0
 11
191.226
 21
3.81032
 31
0.0
  0
LINE
  5
1650
  8
0
 62
1
 10
161.226
 20
3.81032
 30
0.0
 11
160.739
 21
4.13548
 31
0.0
  0
LINE
  5
1651
  8
0
 62
1
 10
160.739
 20
4.13548
 30
0.0
 11
160.414
 21
4.62212
 31
0.0
  0
LINE
  5
1652
  8
0
 62
1
 10
160.414
 20
4.62212
 30
0.0
 11
160.3
 21
5.19615
 31
0.0
  0
LINE
  5
1653
  8
0
 62
1
 10
160.3
 20
5.19615
 30
0.0
 11
160.414
 21
5.77017
 31
0.0
  0
LINE
  5
1654
  8
0
 62
1
 10
160.414
 20
5.77017
 30
0.0
 11
160.739
 21
6.25681
 31
0.0
  0
LINE
  5
1655
  8
0
 62
1
 10
160.739
 20
6.25681
 30
0.0
 11
161.226
 21
6.58197
 31
0.0
  0
LINE
  5
1656
  8
0
 62
1
 10
161.226
 20
6.58197
 30
0.0
 11
161.8
 21
6.69615
 31
0.0
  0
LINE
  5
1657
  8
0
 62
1
 10
161.8
 20
6.69615
 30
0.0
 11
162.374
 21
6.58197
 31
0.0
  0
LINE
  5
1658
  8
0
 62
1
 10
162.374
 20
6.58197
 30
0.0
 11
162.861
 21
6.25681
 31
0.0
  0
LINE
  5
1659
  8
0
 62
1
 10
162.861
 20
6.25681
 30
0.0
 11
163.186
 21
5.77017
 31
0.0
  0
LINE
  5
165A
  8
0
 62
1
 10
163.186
 20
5.77017
 30
0.0
 11
163.3
 21
5.19615
 31
0.0
  0
LINE
  5
165B
  8
0
 62
1
 10
163.3
 20
5.19615
 30
0.0
 11
163.186
 21
4.62212
 31
0.0
  0
LINE
  5
165C
  8
0
 62
1
 10
163.186
 20
4.62212
 30
0.0
 11
162.861
 21
4.13548
 31
0.0
  0
LINE
  5
165D
  8
0
 62
1
 10
162.861
 20
4.13548
 30
0.0
 11
162.374
 21
3.81032
 31
0.0
  0
LINE
  5
165E
  8
0
 62
1
 10
162.374
 20
3.81032
 30
0.0
 11
161.8
 21
3.69615
 31
0.0
  0
LINE
  5
165F
  8
0
 62
1
 10
161.8
 20
3.69615
 30
0.0
 11
161.226
 21
3.81032
 31
0.0
  0
LINE
  5
1660
  8
0
 62
1
 10
221.226
 20
3.81032
 30
0.0
 11
220.739
 21
4.13548
 31
0.0
  0
LINE
  5
1661
  8
0
 62
1
 10
220.739
 20
4.13548
 30
0.0
 11
220.414
 21
4.62212
 31
0.0
  0
LINE
  5
1662
  8
0
 62
1
 10
220.414
 20
4.62212
 30
0.0
 11
220.3
 21
5.19615
 31
0.0
  0
LINE
  5
1663
  8
0
 62
1
 10
220.3
 20
5.19615
 30
0.0
 11
220.414
 21
5.77017
 31
0.0
  0
LINE
  5
1664
  8
0
 62
1
 10
220.414
 20
5.77017
 30
0.0
 11
220.739
 21
6.25681
 31
0.0
  0
LINE
  5
1665
  8
0
 62
1
 10
220.739
 20
6.25681
 30
0.0
 11
221.226
 21
6.58197
 31
0.0
  0
LINE
  5
1666
  8
0
 62
1
 10
221.226
 20
6.58197
 30
0.0
 11
221.8
 21
6.69615
 31
0.0
  0
LINE
  5
1667
  8
0
 62
1
 10
221.8
 20
6.69615
 30
0.0
 11
222.374
 21
6.58197
 31
0.0
  0
LINE
  5
1668
  8
0
 62
1
 10
222.374
 20
6.58197
 30
0.0
 11
222.861
 21
6.25681
 31
0.0
  0
LINE
  5
1669
  8
0
 62
1
 10
222.861
 20
6.25681
 30
0.0
 11
223.186
 21
5.77017
 31
0.0
  0
LINE
  5
166A
  8
0
 62
1
 10
223.186
 20
5.77017
 30
0.0
 11
223.3
 21
5.19615
 31
0.0
  0
LINE
  5
166B
  8
0
 62
1
 10
223.3
 20
5.19615
 30
0.0
 11
223.186
 21
4.62212
 31
0.0
  0
LINE
  5
166C
  8
0
 62
1
 10
223.186
 20
4.62212
 30
0.0
 11
222.861
 21
4.13548
 31
0.0
  0
LINE
  5
166D
  8
0
 62
1
 10
222.861
 20
4.13548
 30
0.0
 11
222.374
 21
3.81032
 31
0.0
  0
LINE
  5
166E
  8
0
 62
1
 10
222.374
 20
3.81032
 30
0.0
 11
221.8
 21
3.69615
 31
0.0
  0
LINE
  5
166F
  8
0
 62
1
 10
221.8
 20
3.69615
 30
0.0
 11
221.226
 21
3.81032
 31
0.0
  0
LINE
  5
1670
  8
0
 62
1
 10
215.226
 20
3.81032
 30
0.0
 11
214.739
 21
4.13548
 31
0.0
  0
LINE
  5
1671
  8
0
 62
1
 10
214.739
 20
4.13548
 30
0.0
 11
214.414
 21
4.62212
 31
0.0
  0
LINE
  5
1672
  8
0
 62
1
 10
214.414
 20
4.62212
 30
0.0
 11
214.3
 21
5.19615
 31
0.0
  0
LINE
  5
1673
  8
0
 62
1
 10
214.3
 20
5.19615
 30
0.0
 11
214.414
 21
5.77017
 31
0.0
  0
LINE
  5
1674
  8
0
 62
1
 10
214.414
 20
5.77017
 30
0.0
 11
214.739
 21
6.25681
 31
0.0
  0
LINE
  5
1675
  8
0
 62
1
 10
214.739
 20
6.25681
 30
0.0
 11
215.226
 21
6.58197
 31
0.0
  0
LINE
  5
1676
  8
0
 62
1
 10
215.226
 20
6.58197
 30
0.0
 11
215.8
 21
6.69615
 31
0.0
  0
LINE
  5
1677
  8
0
 62
1
 10
215.8
 20
6.69615
 30
0.0
 11
216.374
 21
6.58197
 31
0.0
  0
LINE
  5
1678
  8
0
 62
1
 10
216.374
 20
6.58197
 30
0.0
 11
216.861
 21
6.25681
 31
0.0
  0
LINE
  5
1679
  8
0
 62
1
 10
216.861
 20
6.25681
 30
0.0
 11
217.186
 21
5.77017
 31
0.0
  0
LINE
  5
167A
  8
0
 62
1
 10
217.186
 20
5.77017
 30
0.0
 11
217.3
 21
5.19615
 31
0.0
  0
LINE
  5
167B
  8
0
 62
1
 10
217.3
 20
5.19615
 30
0.0
 11
217.186
 21
4.62212
 31
0.0
  0
LINE
  5
167C
  8
0
 62
1
 10
217.186
 20
4.62212
 30
0.0
 11
216.861
 21
4.13548
 31
0.0
  0
LINE
  5
167D
  8
0
 62
1
 10
216.861
 20
4.13548
 30
0.0
 11
216.374
 21
3.81032
 31
0.0
  0
LINE
  5
167E
  8
0
 62
1
 10
216.374
 20
3.81032
 30
0.0
 11
215.8
 21
3.69615
 31
0.0
  0
LINE
  5
167F
  8
0
 62
1
 10
215.8
 20
3.69615
 30
0.0
 11
215.226
 21
3.81032
 31
0.0
  0
LINE
  5
1680
  8
0
 62
1
 10
209.226
 20
3.81032
 30
0.0
 11
208.739
 21
4.13548
 31
0.0
  0
LINE
  5
1681
  8
0
 62
1
 10
208.739
 20
4.13548
 30
0.0
 11
208.414
 21
4.62212
 31
0.0
  0
LINE
  5
1682
  8
0
 62
1
 10
208.414
 20
4.62212
 30
0.0
 11
208.3
 21
5.19615
 31
0.0
  0
LINE
  5
1683
  8
0
 62
1
 10
208.3
 20
5.19615
 30
0.0
 11
208.414
 21
5.77017
 31
0.0
  0
LINE
  5
1684
  8
0
 62
1
 10
208.414
 20
5.77017
 30
0.0
 11
208.739
 21
6.25681
 31
0.0
  0
LINE
  5
1685
  8
0
 62
1
 10
208.739
 20
6.25681
 30
0.0
 11
209.226
 21
6.58197
 31
0.0
  0
LINE
  5
1686
  8
0
 62
1
 10
209.226
 20
6.58197
 30
0.0
 11
209.8
 21
6.69615
 31
0.0
  0
LINE
  5
1687
  8
0
 62
1
 10
209.8
 20
6.69615
 30
0.0
 11
210.374
 21
6.58197
 31
0.0
  0
LINE
  5
1688
  8
0
 62
1
 10
210.374
 20
6.58197
 30
0.0
 11
210.861
 21
6.25681
 31
0.0
  0
LINE
  5
1689
  8
0
 62
1
 10
210.861
 20
6.25681
 30
0.0
 11
211.186
 21
5.77017
 31
0.0
  0
LINE
  5
168A
  8
0
 62
1
 10
211.186
 20
5.77017
 30
0.0
 11
211.3
 21
5.19615
 31
0.0
  0
LINE
  5
168B
  8
0
 62
1
 10
211.3
 20
5.19615
 30
0.0
 11
211.186
 21
4.62212
 31
0.0
  0
LINE
  5
168C
  8
0
 62
1
 10
211.186
 20
4.62212
 30
0.0
 11
210.861
 21
4.13548
 31
0.0
  0
LINE
  5
168D
  8
0
 62
1
 10
210.861
 20
4.13548
 30
0.0
 11
210.374
 21
3.81032
 31
0.0
  0
LINE
  5
168E
  8
0
 62
1
 10
210.374
 20
3.81032
 30
0.0
 11
209.8
 21
3.69615
 31
0.0
  0
LINE
  5
168F
  8
0
 62
1
 10
209.8
 20
3.69615
 30
0.0
 11
209.226
 21
3.81032
 31
0.0
  0
LINE
  5
1690
  8
0
 62
1
 10
203.226
 20
3.81032
 30
0.0
 11
202.739
 21
4.13548
 31
0.0
  0
LINE
  5
1691
  8
0
 62
1
 10
202.739
 20
4.13548
 30
0.0
 11
202.414
 21
4.62212
 31
0.0
  0
LINE
  5
1692
  8
0
 62
1
 10
202.414
 20
4.62212
 30
0.0
 11
202.3
 21
5.19615
 31
0.0
  0
LINE
  5
1693
  8
0
 62
1
 10
202.3
 20
5.19615
 30
0.0
 11
202.414
 21
5.77017
 31
0.0
  0
LINE
  5
1694
  8
0
 62
1
 10
202.414
 20
5.77017
 30
0.0
 11
202.739
 21
6.25681
 31
0.0
  0
LINE
  5
1695
  8
0
 62
1
 10
202.739
 20
6.25681
 30
0.0
 11
203.226
 21
6.58197
 31
0.0
  0
LINE
  5
1696
  8
0
 62
1
 10
203.226
 20
6.58197
 30
0.0
 11
203.8
 21
6.69615
 31
0.0
  0
LINE
  5
1697
  8
0
 62
1
 10
203.8
 20
6.69615
 30
0.0
 11
204.374
 21
6.58197
 31
0.0
  0
LINE
  5
1698
  8
0
 62
1
 10
204.374
 20
6.58197
 30
0.0
 11
204.861
 21
6.25681
 31
0.0
  0
LINE
  5
1699
  8
0
 62
1
 10
204.861
 20
6.25681
 30
0.0
 11
205.186
 21
5.77017
 31
0.0
  0
LINE
  5
169A
  8
0
 62
1
 10
205.186
 20
5.77017
 30
0.0
 11
205.3
 21
5.19615
 31
0.0
  0
LINE
  5
169B
  8
0
 62
1
 10
205.3
 20
5.19615
 30
0.0
 11
205.186
 21
4.62212
 31
0.0
  0
LINE
  5
169C
  8
0
 62
1
 10
205.186
 20
4.62212
 30
0.0
 11
204.861
 21
4.13548
 31
0.0
  0
LINE
  5
169D
  8
0
 62
1
 10
204.861
 20
4.13548
 30
0.0
 11
204.374
 21
3.81032
 31
0.0
  0
LINE
  5
169E
  8
0
 62
1
 10
204.374
 20
3.81032
 30
0.0
 11
203.8
 21
3.69615
 31
0.0
  0
LINE
  5
169F
  8
0
 62
1
 10
203.8
 20
3.69615
 30
0.0
 11
203.226
 21
3.81032
 31
0.0
  0
LINE
  5
16A0
  8
0
 62
1
 10
197.226
 20
3.81032
 30
0.0
 11
196.739
 21
4.13548
 31
0.0
  0
LINE
  5
16A1
  8
0
 62
1
 10
196.739
 20
4.13548
 30
0.0
 11
196.414
 21
4.62212
 31
0.0
  0
LINE
  5
16A2
  8
0
 62
1
 10
196.414
 20
4.62212
 30
0.0
 11
196.3
 21
5.19615
 31
0.0
  0
LINE
  5
16A3
  8
0
 62
1
 10
196.3
 20
5.19615
 30
0.0
 11
196.414
 21
5.77017
 31
0.0
  0
LINE
  5
16A4
  8
0
 62
1
 10
196.414
 20
5.77017
 30
0.0
 11
196.739
 21
6.25681
 31
0.0
  0
LINE
  5
16A5
  8
0
 62
1
 10
196.739
 20
6.25681
 30
0.0
 11
197.226
 21
6.58197
 31
0.0
  0
LINE
  5
16A6
  8
0
 62
1
 10
197.226
 20
6.58197
 30
0.0
 11
197.8
 21
6.69615
 31
0.0
  0
LINE
  5
16A7
  8
0
 62
1
 10
197.8
 20
6.69615
 30
0.0
 11
198.374
 21
6.58197
 31
0.0
  0
LINE
  5
16A8
  8
0
 62
1
 10
198.374
 20
6.58197
 30
0.0
 11
198.861
 21
6.25681
 31
0.0
  0
LINE
  5
16A9
  8
0
 62
1
 10
198.861
 20
6.25681
 30
0.0
 11
199.186
 21
5.77017
 31
0.0
  0
LINE
  5
16AA
  8
0
 62
1
 10
199.186
 20
5.77017
 30
0.0
 11
199.3
 21
5.19615
 31
0.0
  0
LINE
  5
16AB
  8
0
 62
1
 10
199.3
 20
5.19615
 30
0.0
 11
199.186
 21
4.62212
 31
0.0
  0
LINE
  5
16AC
  8
0
 62
1
 10
199.186
 20
4.62212
 30
0.0
 11
198.861
 21
4.13548
 31
0.0
  0
LINE
  5
16AD
  8
0
 62
1
 10
198.861
 20
4.13548
 30
0.0
 11
198.374
 21
3.81032
 31
0.0
  0
LINE
  5
16AE
  8
0
 62
1
 10
198.374
 20
3.81032
 30
0.0
 11
197.8
 21
3.69615
 31
0.0
  0
LINE
  5
16AF
  8
0
 62
1
 10
197.8
 20
3.69615
 30
0.0
 11
197.226
 21
3.81032
 31
0.0
  0
LINE
  5
16B0
  8
0
 62
1
 10
179.226
 20
3.81032
 30
0.0
 11
178.739
 21
4.13548
 31
0.0
  0
LINE
  5
16B1
  8
0
 62
1
 10
178.739
 20
4.13548
 30
0.0
 11
178.414
 21
4.62212
 31
0.0
  0
LINE
  5
16B2
  8
0
 62
1
 10
178.414
 20
4.62212
 30
0.0
 11
178.3
 21
5.19615
 31
0.0
  0
LINE
  5
16B3
  8
0
 62
1
 10
178.3
 20
5.19615
 30
0.0
 11
178.414
 21
5.77017
 31
0.0
  0
LINE
  5
16B4
  8
0
 62
1
 10
178.414
 20
5.77017
 30
0.0
 11
178.739
 21
6.25681
 31
0.0
  0
LINE
  5
16B5
  8
0
 62
1
 10
178.739
 20
6.25681
 30
0.0
 11
179.226
 21
6.58197
 31
0.0
  0
LINE
  5
16B6
  8
0
 62
1
 10
179.226
 20
6.58197
 30
0.0
 11
179.8
 21
6.69615
 31
0.0
  0
LINE
  5
16B7
  8
0
 62
1
 10
179.8
 20
6.69615
 30
0.0
 11
180.374
 21
6.58197
 31
0.0
  0
LINE
  5
16B8
  8
0
 62
1
 10
180.374
 20
6.58197
 30
0.0
 11
180.861
 21
6.25681
 31
0.0
  0
LINE
  5
16B9
  8
0
 62
1
 10
180.861
 20
6.25681
 30
0.0
 11
181.186
 21
5.77017
 31
0.0
  0
LINE
  5
16BA
  8
0
 62
1
 10
181.186
 20
5.77017
 30
0.0
 11
181.3
 21
5.19615
 31
0.0
  0
LINE
  5
16BB
  8
0
 62
1
 10
181.3
 20
5.19615
 30
0.0
 11
181.186
 21
4.62212
 31
0.0
  0
LINE
  5
16BC
  8
0
 62
1
 10
181.186
 20
4.62212
 30
0.0
 11
180.861
 21
4.13548
 31
0.0
  0
LINE
  5
16BD
  8
0
 62
1
 10
180.861
 20
4.13548
 30
0.0
 11
180.374
 21
3.81032
 31
0.0
  0
LINE
  5
16BE
  8
0
 62
1
 10
180.374
 20
3.81032
 30
0.0
 11
179.8
 21
3.69615
 31
0.0
  0
LINE
  5
16BF
  8
0
 62
1
 10
179.8
 20
3.69615
 30
0.0
 11
179.226
 21
3.81032
 31
0.0
  0
LINE
  5
16C0
  8
0
 62
1
 10
173.226
 20
3.81032
 30
0.0
 11
172.739
 21
4.13548
 31
0.0
  0
LINE
  5
16C1
  8
0
 62
1
 10
172.739
 20
4.13548
 30
0.0
 11
172.414
 21
4.62212
 31
0.0
  0
LINE
  5
16C2
  8
0
 62
1
 10
172.414
 20
4.62212
 30
0.0
 11
172.3
 21
5.19615
 31
0.0
  0
LINE
  5
16C3
  8
0
 62
1
 10
172.3
 20
5.19615
 30
0.0
 11
172.414
 21
5.77017
 31
0.0
  0
LINE
  5
16C4
  8
0
 62
1
 10
172.414
 20
5.77017
 30
0.0
 11
172.739
 21
6.25681
 31
0.0
  0
LINE
  5
16C5
  8
0
 62
1
 10
172.739
 20
6.25681
 30
0.0
 11
173.226
 21
6.58197
 31
0.0
  0
LINE
  5
16C6
  8
0
 62
1
 10
173.226
 20
6.58197
 30
0.0
 11
173.8
 21
6.69615
 31
0.0
  0
LINE
  5
16C7
  8
0
 62
1
 10
173.8
 20
6.69615
 30
0.0
 11
174.374
 21
6.58197
 31
0.0
  0
LINE
  5
16C8
  8
0
 62
1
 10
174.374
 20
6.58197
 30
0.0
 11
174.861
 21
6.25681
 31
0.0
  0
LINE
  5
16C9
  8
0
 62
1
 10
174.861
 20
6.25681
 30
0.0
 11
175.186
 21
5.77017
 31
0.0
  0
LINE
  5
16CA
  8
0
 62
1
 10
175.186
 20
5.77017
 30
0.0
 11
175.3
 21
5.19615
 31
0.0
  0
LINE
  5
16CB
  8
0
 62
1
 10
175.3
 20
5.19615
 30
0.0
 11
175.186
 21
4.62212
 31
0.0
  0
LINE
  5
16CC
  8
0
 62
1
 10
175.186
 20
4.62212
 30
0.0
 11
174.861
 21
4.13548
 31
0.0
  0
LINE
  5
16CD
  8
0
 62
1
 10
174.861
 20
4.13548
 30
0.0
 11
174.374
 21
3.81032
 31
0.0
  0
LINE
  5
16CE
  8
0
 62
1
 10
174.374
 20
3.81032
 30
0.0
 11
173.8
 21
3.69615
 31
0.0
  0
LINE
  5
16CF
  8
0
 62
1
 10
173.8
 20
3.69615
 30
0.0
 11
173.226
 21
3.81032
 31
0.0
  0
LINE
  5
16D0
  8
0
 62
1
 10
185.226
 20
3.81032
 30
0.0
 11
184.739
 21
4.13548
 31
0.0
  0
LINE
  5
16D1
  8
0
 62
1
 10
184.739
 20
4.13548
 30
0.0
 11
184.414
 21
4.62212
 31
0.0
  0
LINE
  5
16D2
  8
0
 62
1
 10
184.414
 20
4.62212
 30
0.0
 11
184.3
 21
5.19615
 31
0.0
  0
LINE
  5
16D3
  8
0
 62
1
 10
184.3
 20
5.19615
 30
0.0
 11
184.414
 21
5.77017
 31
0.0
  0
LINE
  5
16D4
  8
0
 62
1
 10
184.414
 20
5.77017
 30
0.0
 11
184.739
 21
6.25681
 31
0.0
  0
LINE
  5
16D5
  8
0
 62
1
 10
184.739
 20
6.25681
 30
0.0
 11
185.226
 21
6.58197
 31
0.0
  0
LINE
  5
16D6
  8
0
 62
1
 10
185.226
 20
6.58197
 30
0.0
 11
185.8
 21
6.69615
 31
0.0
  0
LINE
  5
16D7
  8
0
 62
1
 10
185.8
 20
6.69615
 30
0.0
 11
186.374
 21
6.58197
 31
0.0
  0
LINE
  5
16D8
  8
0
 62
1
 10
186.374
 20
6.58197
 30
0.0
 11
186.861
 21
6.25681
 31
0.0
  0
LINE
  5
16D9
  8
0
 62
1
 10
186.861
 20
6.25681
 30
0.0
 11
187.186
 21
5.77017
 31
0.0
  0
LINE
  5
16DA
  8
0
 62
1
 10
187.186
 20
5.77017
 30
0.0
 11
187.3
 21
5.19615
 31
0.0
  0
LINE
  5
16DB
  8
0
 62
1
 10
187.3
 20
5.19615
 30
0.0
 11
187.186
 21
4.62212
 31
0.0
  0
LINE
  5
16DC
  8
0
 62
1
 10
187.186
 20
4.62212
 30
0.0
 11
186.861
 21
4.13548
 31
0.0
  0
LINE
  5
16DD
  8
0
 62
1
 10
186.861
 20
4.13548
 30
0.0
 11
186.374
 21
3.81032
 31
0.0
  0
LINE
  5
16DE
  8
0
 62
1
 10
186.374
 20
3.81032
 30
0.0
 11
185.8
 21
3.69615
 31
0.0
  0
LINE
  5
16DF
  8
0
 62
1
 10
185.8
 20
3.69615
 30
0.0
 11
185.226
 21
3.81032
 31
0.0
  0
LINE
  5
16E0
  8
0
 62
1
 10
143.226
 20
3.81032
 30
0.0
 11
142.739
 21
4.13548
 31
0.0
  0
LINE
  5
16E1
  8
0
 62
1
 10
142.739
 20
4.13548
 30
0.0
 11
142.414
 21
4.62212
 31
0.0
  0
LINE
  5
16E2
  8
0
 62
1
 10
142.414
 20
4.62212
 30
0.0
 11
142.3
 21
5.19615
 31
0.0
  0
LINE
  5
16E3
  8
0
 62
1
 10
142.3
 20
5.19615
 30
0.0
 11
142.414
 21
5.77017
 31
0.0
  0
LINE
  5
16E4
  8
0
 62
1
 10
142.414
 20
5.77017
 30
0.0
 11
142.739
 21
6.25681
 31
0.0
  0
LINE
  5
16E5
  8
0
 62
1
 10
142.739
 20
6.25681
 30
0.0
 11
143.226
 21
6.58197
 31
0.0
  0
LINE
  5
16E6
  8
0
 62
1
 10
143.226
 20
6.58197
 30
0.0
 11
143.8
 21
6.69615
 31
0.0
  0
LINE
  5
16E7
  8
0
 62
1
 10
143.8
 20
6.69615
 30
0.0
 11
144.374
 21
6.58197
 31
0.0
  0
LINE
  5
16E8
  8
0
 62
1
 10
144.374
 20
6.58197
 30
0.0
 11
144.861
 21
6.25681
 31
0.0
  0
LINE
  5
16E9
  8
0
 62
1
 10
144.861
 20
6.25681
 30
0.0
 11
145.186
 21
5.77017
 31
0.0
  0
LINE
  5
16EA
  8
0
 62
1
 10
145.186
 20
5.77017
 30
0.0
 11
145.3
 21
5.19615
 31
0.0
  0
LINE
  5
16EB
  8
0
 62
1
 10
145.3
 20
5.19615
 30
0.0
 11
145.186
 21
4.62212
 31
0.0
  0
LINE
  5
16EC
  8
0
 62
1
 10
145.186
 20
4.62212
 30
0.0
 11
144.861
 21
4.13548
 31
0.0
  0
LINE
  5
16ED
  8
0
 62
1
 10
144.861
 20
4.13548
 30
0.0
 11
144.374
 21
3.81032
 31
0.0
  0
LINE
  5
16EE
  8
0
 62
1
 10
144.374
 20
3.81032
 30
0.0
 11
143.8
 21
3.69615
 31
0.0
  0
LINE
  5
16EF
  8
0
 62
1
 10
143.8
 20
3.69615
 30
0.0
 11
143.226
 21
3.81032
 31
0.0
  0
LINE
  5
16F0
  8
0
 62
1
 10
149.226
 20
3.81032
 30
0.0
 11
148.739
 21
4.13548
 31
0.0
  0
LINE
  5
16F1
  8
0
 62
1
 10
148.739
 20
4.13548
 30
0.0
 11
148.414
 21
4.62212
 31
0.0
  0
LINE
  5
16F2
  8
0
 62
1
 10
148.414
 20
4.62212
 30
0.0
 11
148.3
 21
5.19615
 31
0.0
  0
LINE
  5
16F3
  8
0
 62
1
 10
148.3
 20
5.19615
 30
0.0
 11
148.414
 21
5.77017
 31
0.0
  0
LINE
  5
16F4
  8
0
 62
1
 10
148.414
 20
5.77017
 30
0.0
 11
148.739
 21
6.25681
 31
0.0
  0
LINE
  5
16F5
  8
0
 62
1
 10
148.739
 20
6.25681
 30
0.0
 11
149.226
 21
6.58197
 31
0.0
  0
LINE
  5
16F6
  8
0
 62
1
 10
149.226
 20
6.58197
 30
0.0
 11
149.8
 21
6.69615
 31
0.0
  0
LINE
  5
16F7
  8
0
 62
1
 10
149.8
 20
6.69615
 30
0.0
 11
150.374
 21
6.58197
 31
0.0
  0
LINE
  5
16F8
  8
0
 62
1
 10
150.374
 20
6.58197
 30
0.0
 11
150.861
 21
6.25681
 31
0.0
  0
LINE
  5
16F9
  8
0
 62
1
 10
150.861
 20
6.25681
 30
0.0
 11
151.186
 21
5.77017
 31
0.0
  0
LINE
  5
16FA
  8
0
 62
1
 10
151.186
 20
5.77017
 30
0.0
 11
151.3
 21
5.19615
 31
0.0
  0
LINE
  5
16FB
  8
0
 62
1
 10
151.3
 20
5.19615
 30
0.0
 11
151.186
 21
4.62212
 31
0.0
  0
LINE
  5
16FC
  8
0
 62
1
 10
151.186
 20
4.62212
 30
0.0
 11
150.861
 21
4.13548
 31
0.0
  0
LINE
  5
16FD
  8
0
 62
1
 10
150.861
 20
4.13548
 30
0.0
 11
150.374
 21
3.81032
 31
0.0
  0
LINE
  5
16FE
  8
0
 62
1
 10
150.374
 20
3.81032
 30
0.0
 11
149.8
 21
3.69615
 31
0.0
  0
LINE
  5
16FF
  8
0
 62
1
 10
149.8
 20
3.69615
 30
0.0
 11
149.226
 21
3.81032
 31
0.0
  0
LINE
  5
1700
  8
0
 62
1
 10
155.226
 20
3.81032
 30
0.0
 11
154.739
 21
4.13548
 31
0.0
  0
LINE
  5
1701
  8
0
 62
1
 10
154.739
 20
4.13548
 30
0.0
 11
154.414
 21
4.62212
 31
0.0
  0
LINE
  5
1702
  8
0
 62
1
 10
154.414
 20
4.62212
 30
0.0
 11
154.3
 21
5.19615
 31
0.0
  0
LINE
  5
1703
  8
0
 62
1
 10
154.3
 20
5.19615
 30
0.0
 11
154.414
 21
5.77017
 31
0.0
  0
LINE
  5
1704
  8
0
 62
1
 10
154.414
 20
5.77017
 30
0.0
 11
154.739
 21
6.25681
 31
0.0
  0
LINE
  5
1705
  8
0
 62
1
 10
154.739
 20
6.25681
 30
0.0
 11
155.226
 21
6.58197
 31
0.0
  0
LINE
  5
1706
  8
0
 62
1
 10
155.226
 20
6.58197
 30
0.0
 11
155.8
 21
6.69615
 31
0.0
  0
LINE
  5
1707
  8
0
 62
1
 10
155.8
 20
6.69615
 30
0.0
 11
156.374
 21
6.58197
 31
0.0
  0
LINE
  5
1708
  8
0
 62
1
 10
156.374
 20
6.58197
 30
0.0
 11
156.861
 21
6.25681
 31
0.0
  0
LINE
  5
1709
  8
0
 62
1
 10
156.861
 20
6.25681
 30
0.0
 11
157.186
 21
5.77017
 31
0.0
  0
LINE
  5
170A
  8
0
 62
1
 10
157.186
 20
5.77017
 30
0.0
 11
157.3
 21
5.19615
 31
0.0
  0
LINE
  5
170B
  8
0
 62
1
 10
157.3
 20
5.19615
 30
0.0
 11
157.186
 21
4.62212
 31
0.0
  0
LINE
  5
170C
  8
0
 62
1
 10
157.186
 20
4.62212
 30
0.0
 11
156.861
 21
4.13548
 31
0.0
  0
LINE
  5
170D
  8
0
 62
1
 10
156.861
 20
4.13548
 30
0.0
 11
156.374
 21
3.81032
 31
0.0
  0
LINE
  5
170E
  8
0
 62
1
 10
156.374
 20
3.81032
 30
0.0
 11
155.8
 21
3.69615
 31
0.0
  0
LINE
  5
170F
  8
0
 62
1
 10
155.8
 20
3.69615
 30
0.0
 11
155.226
 21
3.81032
 31
0.0
  0
LINE
  5
1710
  8
0
 62
1
 10
167.226
 20
3.81032
 30
0.0
 11
166.739
 21
4.13548
 31
0.0
  0
LINE
  5
1711
  8
0
 62
1
 10
166.739
 20
4.13548
 30
0.0
 11
166.414
 21
4.62212
 31
0.0
  0
LINE
  5
1712
  8
0
 62
1
 10
166.414
 20
4.62212
 30
0.0
 11
166.3
 21
5.19615
 31
0.0
  0
LINE
  5
1713
  8
0
 62
1
 10
166.3
 20
5.19615
 30
0.0
 11
166.414
 21
5.77017
 31
0.0
  0
LINE
  5
1714
  8
0
 62
1
 10
166.414
 20
5.77017
 30
0.0
 11
166.739
 21
6.25681
 31
0.0
  0
LINE
  5
1715
  8
0
 62
1
 10
166.739
 20
6.25681
 30
0.0
 11
167.226
 21
6.58197
 31
0.0
  0
LINE
  5
1716
  8
0
 62
1
 10
167.226
 20
6.58197
 30
0.0
 11
167.8
 21
6.69615
 31
0.0
  0
LINE
  5
1717
  8
0
 62
1
 10
167.8
 20
6.69615
 30
0.0
 11
168.374
 21
6.58197
 31
0.0
  0
LINE
  5
1718
  8
0
 62
1
 10
168.374
 20
6.58197
 30
0.0
 11
168.861
 21
6.25681
 31
0.0
  0
LINE
  5
1719
  8
0
 62
1
 10
168.861
 20
6.25681
 30
0.0
 11
169.186
 21
5.77017
 31
0.0
  0
LINE
  5
171A
  8
0
 62
1
 10
169.186
 20
5.77017
 30
0.0
 11
169.3
 21
5.19615
 31
0.0
  0
LINE
  5
171B
  8
0
 62
1
 10
169.3
 20
5.19615
 30
0.0
 11
169.186
 21
4.62212
 31
0.0
  0
LINE
  5
171C
  8
0
 62
1
 10
169.186
 20
4.62212
 30
0.0
 11
168.861
 21
4.13548
 31
0.0
  0
LINE
  5
171D
  8
0
 62
1
 10
168.861
 20
4.13548
 30
0.0
 11
168.374
 21
3.81032
 31
0.0
  0
LINE
  5
171E
  8
0
 62
1
 10
168.374
 20
3.81032
 30
0.0
 11
167.8
 21
3.69615
 31
0.0
  0
LINE
  5
171F
  8
0
 62
1
 10
167.8
 20
3.69615
 30
0.0
 11
167.226
 21
3.81032
 31
0.0
  0
LINE
  5
1720
  8
0
 62
1
 10
212.226
 20
-1.38582
 30
0.0
 11
211.739
 21
-1.06065
 31
0.0
  0
LINE
  5
1721
  8
0
 62
1
 10
211.739
 20
-1.06065
 30
0.0
 11
211.414
 21
-0.57402
 31
0.0
  0
LINE
  5
1722
  8
0
 62
1
 10
211.414
 20
-0.57402
 30
0.0
 11
211.3
 21
0.0
 31
0.0
  0
LINE
  5
1723
  8
0
 62
1
 10
211.3
 20
0.0
 30
0.0
 11
211.414
 21
0.57402
 31
0.0
  0
LINE
  5
1724
  8
0
 62
1
 10
211.414
 20
0.57402
 30
0.0
 11
211.739
 21
1.06065
 31
0.0
  0
LINE
  5
1725
  8
0
 62
1
 10
211.739
 20
1.06065
 30
0.0
 11
212.226
 21
1.38582
 31
0.0
  0
LINE
  5
1726
  8
0
 62
1
 10
212.226
 20
1.38582
 30
0.0
 11
212.8
 21
1.5
 31
0.0
  0
LINE
  5
1727
  8
0
 62
1
 10
212.8
 20
1.5
 30
0.0
 11
213.374
 21
1.38582
 31
0.0
  0
LINE
  5
1728
  8
0
 62
1
 10
213.374
 20
1.38582
 30
0.0
 11
213.861
 21
1.06065
 31
0.0
  0
LINE
  5
1729
  8
0
 62
1
 10
213.861
 20
1.06065
 30
0.0
 11
214.186
 21
0.57402
 31
0.0
  0
LINE
  5
172A
  8
0
 62
1
 10
214.186
 20
0.57402
 30
0.0
 11
214.3
 21
0.0
 31
0.0
  0
LINE
  5
172B
  8
0
 62
1
 10
214.3
 20
0.0
 30
0.0
 11
214.186
 21
-0.57402
 31
0.0
  0
LINE
  5
172C
  8
0
 62
1
 10
214.186
 20
-0.57402
 30
0.0
 11
213.861
 21
-1.06065
 31
0.0
  0
LINE
  5
172D
  8
0
 62
1
 10
213.861
 20
-1.06065
 30
0.0
 11
213.374
 21
-1.38582
 31
0.0
  0
LINE
  5
172E
  8
0
 62
1
 10
213.374
 20
-1.38582
 30
0.0
 11
212.8
 21
-1.5
 31
0.0
  0
LINE
  5
172F
  8
0
 62
1
 10
212.8
 20
-1.5
 30
0.0
 11
212.226
 21
-1.38582
 31
0.0
  0
LINE
  5
1730
  8
0
 62
1
 10
206.226
 20
-1.38582
 30
0.0
 11
205.739
 21
-1.06065
 31
0.0
  0
LINE
  5
1731
  8
0
 62
1
 10
205.739
 20
-1.06065
 30
0.0
 11
205.414
 21
-0.57402
 31
0.0
  0
LINE
  5
1732
  8
0
 62
1
 10
205.414
 20
-0.57402
 30
0.0
 11
205.3
 21
0.0
 31
0.0
  0
LINE
  5
1733
  8
0
 62
1
 10
205.3
 20
0.0
 30
0.0
 11
205.414
 21
0.57402
 31
0.0
  0
LINE
  5
1734
  8
0
 62
1
 10
205.414
 20
0.57402
 30
0.0
 11
205.739
 21
1.06065
 31
0.0
  0
LINE
  5
1735
  8
0
 62
1
 10
205.739
 20
1.06065
 30
0.0
 11
206.226
 21
1.38582
 31
0.0
  0
LINE
  5
1736
  8
0
 62
1
 10
206.226
 20
1.38582
 30
0.0
 11
206.8
 21
1.5
 31
0.0
  0
LINE
  5
1737
  8
0
 62
1
 10
206.8
 20
1.5
 30
0.0
 11
207.374
 21
1.38582
 31
0.0
  0
LINE
  5
1738
  8
0
 62
1
 10
207.374
 20
1.38582
 30
0.0
 11
207.861
 21
1.06065
 31
0.0
  0
LINE
  5
1739
  8
0
 62
1
 10
207.861
 20
1.06065
 30
0.0
 11
208.186
 21
0.57402
 31
0.0
  0
LINE
  5
173A
  8
0
 62
1
 10
208.186
 20
0.57402
 30
0.0
 11
208.3
 21
0.0
 31
0.0
  0
LINE
  5
173B
  8
0
 62
1
 10
208.3
 20
0.0
 30
0.0
 11
208.186
 21
-0.57402
 31
0.0
  0
LINE
  5
173C
  8
0
 62
1
 10
208.186
 20
-0.57402
 30
0.0
 11
207.861
 21
-1.06065
 31
0.0
  0
LINE
  5
173D
  8
0
 62
1
 10
207.861
 20
-1.06065
 30
0.0
 11
207.374
 21
-1.38582
 31
0.0
  0
LINE
  5
173E
  8
0
 62
1
 10
207.374
 20
-1.38582
 30
0.0
 11
206.8
 21
-1.5
 31
0.0
  0
LINE
  5
173F
  8
0
 62
1
 10
206.8
 20
-1.5
 30
0.0
 11
206.226
 21
-1.38582
 31
0.0
  0
LINE
  5
1740
  8
0
 62
1
 10
182.226
 20
-1.38582
 30
0.0
 11
181.739
 21
-1.06065
 31
0.0
  0
LINE
  5
1741
  8
0
 62
1
 10
181.739
 20
-1.06065
 30
0.0
 11
181.414
 21
-0.57402
 31
0.0
  0
LINE
  5
1742
  8
0
 62
1
 10
181.414
 20
-0.57402
 30
0.0
 11
181.3
 21
0.0
 31
0.0
  0
LINE
  5
1743
  8
0
 62
1
 10
181.3
 20
0.0
 30
0.0
 11
181.414
 21
0.57402
 31
0.0
  0
LINE
  5
1744
  8
0
 62
1
 10
181.414
 20
0.57402
 30
0.0
 11
181.739
 21
1.06065
 31
0.0
  0
LINE
  5
1745
  8
0
 62
1
 10
181.739
 20
1.06065
 30
0.0
 11
182.226
 21
1.38582
 31
0.0
  0
LINE
  5
1746
  8
0
 62
1
 10
182.226
 20
1.38582
 30
0.0
 11
182.8
 21
1.5
 31
0.0
  0
LINE
  5
1747
  8
0
 62
1
 10
182.8
 20
1.5
 30
0.0
 11
183.374
 21
1.38582
 31
0.0
  0
LINE
  5
1748
  8
0
 62
1
 10
183.374
 20
1.38582
 30
0.0
 11
183.861
 21
1.06065
 31
0.0
  0
LINE
  5
1749
  8
0
 62
1
 10
183.861
 20
1.06065
 30
0.0
 11
184.186
 21
0.57402
 31
0.0
  0
LINE
  5
174A
  8
0
 62
1
 10
184.186
 20
0.57402
 30
0.0
 11
184.3
 21
0.0
 31
0.0
  0
LINE
  5
174B
  8
0
 62
1
 10
184.3
 20
0.0
 30
0.0
 11
184.186
 21
-0.57402
 31
0.0
  0
LINE
  5
174C
  8
0
 62
1
 10
184.186
 20
-0.57402
 30
0.0
 11
183.861
 21
-1.06065
 31
0.0
  0
LINE
  5
174D
  8
0
 62
1
 10
183.861
 20
-1.06065
 30
0.0
 11
183.374
 21
-1.38582
 31
0.0
  0
LINE
  5
174E
  8
0
 62
1
 10
183.374
 20
-1.38582
 30
0.0
 11
182.8
 21
-1.5
 31
0.0
  0
LINE
  5
174F
  8
0
 62
1
 10
182.8
 20
-1.5
 30
0.0
 11
182.226
 21
-1.38582
 31
0.0
  0
LINE
  5
1750
  8
0
 62
1
 10
224.226
 20
-1.38582
 30
0.0
 11
223.739
 21
-1.06065
 31
0.0
  0
LINE
  5
1751
  8
0
 62
1
 10
223.739
 20
-1.06065
 30
0.0
 11
223.414
 21
-0.57402
 31
0.0
  0
LINE
  5
1752
  8
0
 62
1
 10
223.414
 20
-0.57402
 30
0.0
 11
223.3
 21
0.0
 31
0.0
  0
LINE
  5
1753
  8
0
 62
1
 10
223.3
 20
0.0
 30
0.0
 11
223.414
 21
0.57402
 31
0.0
  0
LINE
  5
1754
  8
0
 62
1
 10
223.414
 20
0.57402
 30
0.0
 11
223.739
 21
1.06065
 31
0.0
  0
LINE
  5
1755
  8
0
 62
1
 10
223.739
 20
1.06065
 30
0.0
 11
224.226
 21
1.38582
 31
0.0
  0
LINE
  5
1756
  8
0
 62
1
 10
224.226
 20
1.38582
 30
0.0
 11
224.8
 21
1.5
 31
0.0
  0
LINE
  5
1757
  8
0
 62
1
 10
224.8
 20
1.5
 30
0.0
 11
225.374
 21
1.38582
 31
0.0
  0
LINE
  5
1758
  8
0
 62
1
 10
225.374
 20
1.38582
 30
0.0
 11
225.861
 21
1.06065
 31
0.0
  0
LINE
  5
1759
  8
0
 62
1
 10
225.861
 20
1.06065
 30
0.0
 11
226.186
 21
0.57402
 31
0.0
  0
LINE
  5
175A
  8
0
 62
1
 10
226.186
 20
0.57402
 30
0.0
 11
226.3
 21
0.0
 31
0.0
  0
LINE
  5
175B
  8
0
 62
1
 10
226.3
 20
0.0
 30
0.0
 11
226.186
 21
-0.57402
 31
0.0
  0
LINE
  5
175C
  8
0
 62
1
 10
226.186
 20
-0.57402
 30
0.0
 11
225.861
 21
-1.06065
 31
0.0
  0
LINE
  5
175D
  8
0
 62
1
 10
225.861
 20
-1.06065
 30
0.0
 11
225.374
 21
-1.38582
 31
0.0
  0
LINE
  5
175E
  8
0
 62
1
 10
225.374
 20
-1.38582
 30
0.0
 11
224.8
 21
-1.5
 31
0.0
  0
LINE
  5
175F
  8
0
 62
1
 10
224.8
 20
-1.5
 30
0.0
 11
224.226
 21
-1.38582
 31
0.0
  0
LINE
  5
1760
  8
0
 62
1
 10
218.226
 20
-1.38582
 30
0.0
 11
217.739
 21
-1.06065
 31
0.0
  0
LINE
  5
1761
  8
0
 62
1
 10
217.739
 20
-1.06065
 30
0.0
 11
217.414
 21
-0.57402
 31
0.0
  0
LINE
  5
1762
  8
0
 62
1
 10
217.414
 20
-0.57402
 30
0.0
 11
217.3
 21
0.0
 31
0.0
  0
LINE
  5
1763
  8
0
 62
1
 10
217.3
 20
0.0
 30
0.0
 11
217.414
 21
0.57402
 31
0.0
  0
LINE
  5
1764
  8
0
 62
1
 10
217.414
 20
0.57402
 30
0.0
 11
217.739
 21
1.06065
 31
0.0
  0
LINE
  5
1765
  8
0
 62
1
 10
217.739
 20
1.06065
 30
0.0
 11
218.226
 21
1.38582
 31
0.0
  0
LINE
  5
1766
  8
0
 62
1
 10
218.226
 20
1.38582
 30
0.0
 11
218.8
 21
1.5
 31
0.0
  0
LINE
  5
1767
  8
0
 62
1
 10
218.8
 20
1.5
 30
0.0
 11
219.374
 21
1.38582
 31
0.0
  0
LINE
  5
1768
  8
0
 62
1
 10
219.374
 20
1.38582
 30
0.0
 11
219.861
 21
1.06065
 31
0.0
  0
LINE
  5
1769
  8
0
 62
1
 10
219.861
 20
1.06065
 30
0.0
 11
220.186
 21
0.57402
 31
0.0
  0
LINE
  5
176A
  8
0
 62
1
 10
220.186
 20
0.57402
 30
0.0
 11
220.3
 21
0.0
 31
0.0
  0
LINE
  5
176B
  8
0
 62
1
 10
220.3
 20
0.0
 30
0.0
 11
220.186
 21
-0.57402
 31
0.0
  0
LINE
  5
176C
  8
0
 62
1
 10
220.186
 20
-0.57402
 30
0.0
 11
219.861
 21
-1.06065
 31
0.0
  0
LINE
  5
176D
  8
0
 62
1
 10
219.861
 20
-1.06065
 30
0.0
 11
219.374
 21
-1.38582
 31
0.0
  0
LINE
  5
176E
  8
0
 62
1
 10
219.374
 20
-1.38582
 30
0.0
 11
218.8
 21
-1.5
 31
0.0
  0
LINE
  5
176F
  8
0
 62
1
 10
218.8
 20
-1.5
 30
0.0
 11
218.226
 21
-1.38582
 31
0.0
  0
LINE
  5
1770
  8
0
 62
1
 10
200.226
 20
-1.38582
 30
0.0
 11
199.739
 21
-1.06065
 31
0.0
  0
LINE
  5
1771
  8
0
 62
1
 10
199.739
 20
-1.06065
 30
0.0
 11
199.414
 21
-0.57402
 31
0.0
  0
LINE
  5
1772
  8
0
 62
1
 10
199.414
 20
-0.57402
 30
0.0
 11
199.3
 21
0.0
 31
0.0
  0
LINE
  5
1773
  8
0
 62
1
 10
199.3
 20
0.0
 30
0.0
 11
199.414
 21
0.57402
 31
0.0
  0
LINE
  5
1774
  8
0
 62
1
 10
199.414
 20
0.57402
 30
0.0
 11
199.739
 21
1.06065
 31
0.0
  0
LINE
  5
1775
  8
0
 62
1
 10
199.739
 20
1.06065
 30
0.0
 11
200.226
 21
1.38582
 31
0.0
  0
LINE
  5
1776
  8
0
 62
1
 10
200.226
 20
1.38582
 30
0.0
 11
200.8
 21
1.5
 31
0.0
  0
LINE
  5
1777
  8
0
 62
1
 10
200.8
 20
1.5
 30
0.0
 11
201.374
 21
1.38582
 31
0.0
  0
LINE
  5
1778
  8
0
 62
1
 10
201.374
 20
1.38582
 30
0.0
 11
201.861
 21
1.06065
 31
0.0
  0
LINE
  5
1779
  8
0
 62
1
 10
201.861
 20
1.06065
 30
0.0
 11
202.186
 21
0.57402
 31
0.0
  0
LINE
  5
177A
  8
0
 62
1
 10
202.186
 20
0.57402
 30
0.0
 11
202.3
 21
0.0
 31
0.0
  0
LINE
  5
177B
  8
0
 62
1
 10
202.3
 20
0.0
 30
0.0
 11
202.186
 21
-0.57402
 31
0.0
  0
LINE
  5
177C
  8
0
 62
1
 10
202.186
 20
-0.57402
 30
0.0
 11
201.861
 21
-1.06065
 31
0.0
  0
LINE
  5
177D
  8
0
 62
1
 10
201.861
 20
-1.06065
 30
0.0
 11
201.374
 21
-1.38582
 31
0.0
  0
LINE
  5
177E
  8
0
 62
1
 10
201.374
 20
-1.38582
 30
0.0
 11
200.8
 21
-1.5
 31
0.0
  0
LINE
  5
177F
  8
0
 62
1
 10
200.8
 20
-1.5
 30
0.0
 11
200.226
 21
-1.38582
 31
0.0
  0
LINE
  5
1780
  8
0
 62
1
 10
140.226
 20
-1.38582
 30
0.0
 11
139.739
 21
-1.06065
 31
0.0
  0
LINE
  5
1781
  8
0
 62
1
 10
139.739
 20
-1.06065
 30
0.0
 11
139.414
 21
-0.57402
 31
0.0
  0
LINE
  5
1782
  8
0
 62
1
 10
139.414
 20
-0.57402
 30
0.0
 11
139.3
 21
0.0
 31
0.0
  0
LINE
  5
1783
  8
0
 62
1
 10
139.3
 20
0.0
 30
0.0
 11
139.414
 21
0.57402
 31
0.0
  0
LINE
  5
1784
  8
0
 62
1
 10
139.414
 20
0.57402
 30
0.0
 11
139.739
 21
1.06065
 31
0.0
  0
LINE
  5
1785
  8
0
 62
1
 10
139.739
 20
1.06065
 30
0.0
 11
140.226
 21
1.38582
 31
0.0
  0
LINE
  5
1786
  8
0
 62
1
 10
140.226
 20
1.38582
 30
0.0
 11
140.8
 21
1.5
 31
0.0
  0
LINE
  5
1787
  8
0
 62
1
 10
140.8
 20
1.5
 30
0.0
 11
141.374
 21
1.38582
 31
0.0
  0
LINE
  5
1788
  8
0
 62
1
 10
141.374
 20
1.38582
 30
0.0
 11
141.861
 21
1.06065
 31
0.0
  0
LINE
  5
1789
  8
0
 62
1
 10
141.861
 20
1.06065
 30
0.0
 11
142.186
 21
0.57402
 31
0.0
  0
LINE
  5
178A
  8
0
 62
1
 10
142.186
 20
0.57402
 30
0.0
 11
142.3
 21
0.0
 31
0.0
  0
LINE
  5
178B
  8
0
 62
1
 10
142.3
 20
0.0
 30
0.0
 11
142.186
 21
-0.57402
 31
0.0
  0
LINE
  5
178C
  8
0
 62
1
 10
142.186
 20
-0.57402
 30
0.0
 11
141.861
 21
-1.06065
 31
0.0
  0
LINE
  5
178D
  8
0
 62
1
 10
141.861
 20
-1.06065
 30
0.0
 11
141.374
 21
-1.38582
 31
0.0
  0
LINE
  5
178E
  8
0
 62
1
 10
141.374
 20
-1.38582
 30
0.0
 11
140.8
 21
-1.5
 31
0.0
  0
LINE
  5
178F
  8
0
 62
1
 10
140.8
 20
-1.5
 30
0.0
 11
140.226
 21
-1.38582
 31
0.0
  0
LINE
  5
1790
  8
0
 62
1
 10
194.226
 20
-1.38582
 30
0.0
 11
193.739
 21
-1.06065
 31
0.0
  0
LINE
  5
1791
  8
0
 62
1
 10
193.739
 20
-1.06065
 30
0.0
 11
193.414
 21
-0.57402
 31
0.0
  0
LINE
  5
1792
  8
0
 62
1
 10
193.414
 20
-0.57402
 30
0.0
 11
193.3
 21
0.0
 31
0.0
  0
LINE
  5
1793
  8
0
 62
1
 10
193.3
 20
0.0
 30
0.0
 11
193.414
 21
0.57402
 31
0.0
  0
LINE
  5
1794
  8
0
 62
1
 10
193.414
 20
0.57402
 30
0.0
 11
193.739
 21
1.06065
 31
0.0
  0
LINE
  5
1795
  8
0
 62
1
 10
193.739
 20
1.06065
 30
0.0
 11
194.226
 21
1.38582
 31
0.0
  0
LINE
  5
1796
  8
0
 62
1
 10
194.226
 20
1.38582
 30
0.0
 11
194.8
 21
1.5
 31
0.0
  0
LINE
  5
1797
  8
0
 62
1
 10
194.8
 20
1.5
 30
0.0
 11
195.374
 21
1.38582
 31
0.0
  0
LINE
  5
1798
  8
0
 62
1
 10
195.374
 20
1.38582
 30
0.0
 11
195.861
 21
1.06065
 31
0.0
  0
LINE
  5
1799
  8
0
 62
1
 10
195.861
 20
1.06065
 30
0.0
 11
196.186
 21
0.57402
 31
0.0
  0
LINE
  5
179A
  8
0
 62
1
 10
196.186
 20
0.57402
 30
0.0
 11
196.3
 21
0.0
 31
0.0
  0
LINE
  5
179B
  8
0
 62
1
 10
196.3
 20
0.0
 30
0.0
 11
196.186
 21
-0.57402
 31
0.0
  0
LINE
  5
179C
  8
0
 62
1
 10
196.186
 20
-0.57402
 30
0.0
 11
195.861
 21
-1.06065
 31
0.0
  0
LINE
  5
179D
  8
0
 62
1
 10
195.861
 20
-1.06065
 30
0.0
 11
195.374
 21
-1.38582
 31
0.0
  0
LINE
  5
179E
  8
0
 62
1
 10
195.374
 20
-1.38582
 30
0.0
 11
194.8
 21
-1.5
 31
0.0
  0
LINE
  5
179F
  8
0
 62
1
 10
194.8
 20
-1.5
 30
0.0
 11
194.226
 21
-1.38582
 31
0.0
  0
LINE
  5
17A0
  8
0
 62
1
 10
188.226
 20
-1.38582
 30
0.0
 11
187.739
 21
-1.06065
 31
0.0
  0
LINE
  5
17A1
  8
0
 62
1
 10
187.739
 20
-1.06065
 30
0.0
 11
187.414
 21
-0.57402
 31
0.0
  0
LINE
  5
17A2
  8
0
 62
1
 10
187.414
 20
-0.57402
 30
0.0
 11
187.3
 21
0.0
 31
0.0
  0
LINE
  5
17A3
  8
0
 62
1
 10
187.3
 20
0.0
 30
0.0
 11
187.414
 21
0.57402
 31
0.0
  0
LINE
  5
17A4
  8
0
 62
1
 10
187.414
 20
0.57402
 30
0.0
 11
187.739
 21
1.06065
 31
0.0
  0
LINE
  5
17A5
  8
0
 62
1
 10
187.739
 20
1.06065
 30
0.0
 11
188.226
 21
1.38582
 31
0.0
  0
LINE
  5
17A6
  8
0
 62
1
 10
188.226
 20
1.38582
 30
0.0
 11
188.8
 21
1.5
 31
0.0
  0
LINE
  5
17A7
  8
0
 62
1
 10
188.8
 20
1.5
 30
0.0
 11
189.374
 21
1.38582
 31
0.0
  0
LINE
  5
17A8
  8
0
 62
1
 10
189.374
 20
1.38582
 30
0.0
 11
189.861
 21
1.06065
 31
0.0
  0
LINE
  5
17A9
  8
0
 62
1
 10
189.861
 20
1.06065
 30
0.0
 11
190.186
 21
0.57402
 31
0.0
  0
LINE
  5
17AA
  8
0
 62
1
 10
190.186
 20
0.57402
 30
0.0
 11
190.3
 21
0.0
 31
0.0
  0
LINE
  5
17AB
  8
0
 62
1
 10
190.3
 20
0.0
 30
0.0
 11
190.186
 21
-0.57402
 31
0.0
  0
LINE
  5
17AC
  8
0
 62
1
 10
190.186
 20
-0.57402
 30
0.0
 11
189.861
 21
-1.06065
 31
0.0
  0
LINE
  5
17AD
  8
0
 62
1
 10
189.861
 20
-1.06065
 30
0.0
 11
189.374
 21
-1.38582
 31
0.0
  0
LINE
  5
17AE
  8
0
 62
1
 10
189.374
 20
-1.38582
 30
0.0
 11
188.8
 21
-1.5
 31
0.0
  0
LINE
  5
17AF
  8
0
 62
1
 10
188.8
 20
-1.5
 30
0.0
 11
188.226
 21
-1.38582
 31
0.0
  0
LINE
  5
17B0
  8
0
 62
1
 10
176.226
 20
-1.38582
 30
0.0
 11
175.739
 21
-1.06065
 31
0.0
  0
LINE
  5
17B1
  8
0
 62
1
 10
175.739
 20
-1.06065
 30
0.0
 11
175.414
 21
-0.57402
 31
0.0
  0
LINE
  5
17B2
  8
0
 62
1
 10
175.414
 20
-0.57402
 30
0.0
 11
175.3
 21
0.0
 31
0.0
  0
LINE
  5
17B3
  8
0
 62
1
 10
175.3
 20
0.0
 30
0.0
 11
175.414
 21
0.57402
 31
0.0
  0
LINE
  5
17B4
  8
0
 62
1
 10
175.414
 20
0.57402
 30
0.0
 11
175.739
 21
1.06065
 31
0.0
  0
LINE
  5
17B5
  8
0
 62
1
 10
175.739
 20
1.06065
 30
0.0
 11
176.226
 21
1.38582
 31
0.0
  0
LINE
  5
17B6
  8
0
 62
1
 10
176.226
 20
1.38582
 30
0.0
 11
176.8
 21
1.5
 31
0.0
  0
LINE
  5
17B7
  8
0
 62
1
 10
176.8
 20
1.5
 30
0.0
 11
177.374
 21
1.38582
 31
0.0
  0
LINE
  5
17B8
  8
0
 62
1
 10
177.374
 20
1.38582
 30
0.0
 11
177.861
 21
1.06065
 31
0.0
  0
LINE
  5
17B9
  8
0
 62
1
 10
177.861
 20
1.06065
 30
0.0
 11
178.186
 21
0.57402
 31
0.0
  0
LINE
  5
17BA
  8
0
 62
1
 10
178.186
 20
0.57402
 30
0.0
 11
178.3
 21
0.0
 31
0.0
  0
LINE
  5
17BB
  8
0
 62
1
 10
178.3
 20
0.0
 30
0.0
 11
178.186
 21
-0.57402
 31
0.0
  0
LINE
  5
17BC
  8
0
 62
1
 10
178.186
 20
-0.57402
 30
0.0
 11
177.861
 21
-1.06065
 31
0.0
  0
LINE
  5
17BD
  8
0
 62
1
 10
177.861
 20
-1.06065
 30
0.0
 11
177.374
 21
-1.38582
 31
0.0
  0
LINE
  5
17BE
  8
0
 62
1
 10
177.374
 20
-1.38582
 30
0.0
 11
176.8
 21
-1.5
 31
0.0
  0
LINE
  5
17BF
  8
0
 62
1
 10
176.8
 20
-1.5
 30
0.0
 11
176.226
 21
-1.38582
 31
0.0
  0
LINE
  5
17C0
  8
0
 62
1
 10
146.226
 20
-1.38582
 30
0.0
 11
145.739
 21
-1.06065
 31
0.0
  0
LINE
  5
17C1
  8
0
 62
1
 10
145.739
 20
-1.06065
 30
0.0
 11
145.414
 21
-0.57402
 31
0.0
  0
LINE
  5
17C2
  8
0
 62
1
 10
145.414
 20
-0.57402
 30
0.0
 11
145.3
 21
0.0
 31
0.0
  0
LINE
  5
17C3
  8
0
 62
1
 10
145.3
 20
0.0
 30
0.0
 11
145.414
 21
0.57402
 31
0.0
  0
LINE
  5
17C4
  8
0
 62
1
 10
145.414
 20
0.57402
 30
0.0
 11
145.739
 21
1.06065
 31
0.0
  0
LINE
  5
17C5
  8
0
 62
1
 10
145.739
 20
1.06065
 30
0.0
 11
146.226
 21
1.38582
 31
0.0
  0
LINE
  5
17C6
  8
0
 62
1
 10
146.226
 20
1.38582
 30
0.0
 11
146.8
 21
1.5
 31
0.0
  0
LINE
  5
17C7
  8
0
 62
1
 10
146.8
 20
1.5
 30
0.0
 11
147.374
 21
1.38582
 31
0.0
  0
LINE
  5
17C8
  8
0
 62
1
 10
147.374
 20
1.38582
 30
0.0
 11
147.861
 21
1.06065
 31
0.0
  0
LINE
  5
17C9
  8
0
 62
1
 10
147.861
 20
1.06065
 30
0.0
 11
148.186
 21
0.57402
 31
0.0
  0
LINE
  5
17CA
  8
0
 62
1
 10
148.186
 20
0.57402
 30
0.0
 11
148.3
 21
0.0
 31
0.0
  0
LINE
  5
17CB
  8
0
 62
1
 10
148.3
 20
0.0
 30
0.0
 11
148.186
 21
-0.57402
 31
0.0
  0
LINE
  5
17CC
  8
0
 62
1
 10
148.186
 20
-0.57402
 30
0.0
 11
147.861
 21
-1.06065
 31
0.0
  0
LINE
  5
17CD
  8
0
 62
1
 10
147.861
 20
-1.06065
 30
0.0
 11
147.374
 21
-1.38582
 31
0.0
  0
LINE
  5
17CE
  8
0
 62
1
 10
147.374
 20
-1.38582
 30
0.0
 11
146.8
 21
-1.5
 31
0.0
  0
LINE
  5
17CF
  8
0
 62
1
 10
146.8
 20
-1.5
 30
0.0
 11
146.226
 21
-1.38582
 31
0.0
  0
LINE
  5
17D0
  8
0
 62
1
 10
152.226
 20
-1.38582
 30
0.0
 11
151.739
 21
-1.06065
 31
0.0
  0
LINE
  5
17D1
  8
0
 62
1
 10
151.739
 20
-1.06065
 30
0.0
 11
151.414
 21
-0.57402
 31
0.0
  0
LINE
  5
17D2
  8
0
 62
1
 10
151.414
 20
-0.57402
 30
0.0
 11
151.3
 21
0.0
 31
0.0
  0
LINE
  5
17D3
  8
0
 62
1
 10
151.3
 20
0.0
 30
0.0
 11
151.414
 21
0.57402
 31
0.0
  0
LINE
  5
17D4
  8
0
 62
1
 10
151.414
 20
0.57402
 30
0.0
 11
151.739
 21
1.06065
 31
0.0
  0
LINE
  5
17D5
  8
0
 62
1
 10
151.739
 20
1.06065
 30
0.0
 11
152.226
 21
1.38582
 31
0.0
  0
LINE
  5
17D6
  8
0
 62
1
 10
152.226
 20
1.38582
 30
0.0
 11
152.8
 21
1.5
 31
0.0
  0
LINE
  5
17D7
  8
0
 62
1
 10
152.8
 20
1.5
 30
0.0
 11
153.374
 21
1.38582
 31
0.0
  0
LINE
  5
17D8
  8
0
 62
1
 10
153.374
 20
1.38582
 30
0.0
 11
153.861
 21
1.06065
 31
0.0
  0
LINE
  5
17D9
  8
0
 62
1
 10
153.861
 20
1.06065
 30
0.0
 11
154.186
 21
0.57402
 31
0.0
  0
LINE
  5
17DA
  8
0
 62
1
 10
154.186
 20
0.57402
 30
0.0
 11
154.3
 21
0.0
 31
0.0
  0
LINE
  5
17DB
  8
0
 62
1
 10
154.3
 20
0.0
 30
0.0
 11
154.186
 21
-0.57402
 31
0.0
  0
LINE
  5
17DC
  8
0
 62
1
 10
154.186
 20
-0.57402
 30
0.0
 11
153.861
 21
-1.06065
 31
0.0
  0
LINE
  5
17DD
  8
0
 62
1
 10
153.861
 20
-1.06065
 30
0.0
 11
153.374
 21
-1.38582
 31
0.0
  0
LINE
  5
17DE
  8
0
 62
1
 10
153.374
 20
-1.38582
 30
0.0
 11
152.8
 21
-1.5
 31
0.0
  0
LINE
  5
17DF
  8
0
 62
1
 10
152.8
 20
-1.5
 30
0.0
 11
152.226
 21
-1.38582
 31
0.0
  0
LINE
  5
17E0
  8
0
 62
1
 10
158.226
 20
-1.38582
 30
0.0
 11
157.739
 21
-1.06065
 31
0.0
  0
LINE
  5
17E1
  8
0
 62
1
 10
157.739
 20
-1.06065
 30
0.0
 11
157.414
 21
-0.57402
 31
0.0
  0
LINE
  5
17E2
  8
0
 62
1
 10
157.414
 20
-0.57402
 30
0.0
 11
157.3
 21
0.0
 31
0.0
  0
LINE
  5
17E3
  8
0
 62
1
 10
157.3
 20
0.0
 30
0.0
 11
157.414
 21
0.57402
 31
0.0
  0
LINE
  5
17E4
  8
0
 62
1
 10
157.414
 20
0.57402
 30
0.0
 11
157.739
 21
1.06065
 31
0.0
  0
LINE
  5
17E5
  8
0
 62
1
 10
157.739
 20
1.06065
 30
0.0
 11
158.226
 21
1.38582
 31
0.0
  0
LINE
  5
17E6
  8
0
 62
1
 10
158.226
 20
1.38582
 30
0.0
 11
158.8
 21
1.5
 31
0.0
  0
LINE
  5
17E7
  8
0
 62
1
 10
158.8
 20
1.5
 30
0.0
 11
159.374
 21
1.38582
 31
0.0
  0
LINE
  5
17E8
  8
0
 62
1
 10
159.374
 20
1.38582
 30
0.0
 11
159.861
 21
1.06065
 31
0.0
  0
LINE
  5
17E9
  8
0
 62
1
 10
159.861
 20
1.06065
 30
0.0
 11
160.186
 21
0.57402
 31
0.0
  0
LINE
  5
17EA
  8
0
 62
1
 10
160.186
 20
0.57402
 30
0.0
 11
160.3
 21
0.0
 31
0.0
  0
LINE
  5
17EB
  8
0
 62
1
 10
160.3
 20
0.0
 30
0.0
 11
160.186
 21
-0.57402
 31
0.0
  0
LINE
  5
17EC
  8
0
 62
1
 10
160.186
 20
-0.57402
 30
0.0
 11
159.861
 21
-1.06065
 31
0.0
  0
LINE
  5
17ED
  8
0
 62
1
 10
159.861
 20
-1.06065
 30
0.0
 11
159.374
 21
-1.38582
 31
0.0
  0
LINE
  5
17EE
  8
0
 62
1
 10
159.374
 20
-1.38582
 30
0.0
 11
158.8
 21
-1.5
 31
0.0
  0
LINE
  5
17EF
  8
0
 62
1
 10
158.8
 20
-1.5
 30
0.0
 11
158.226
 21
-1.38582
 31
0.0
  0
LINE
  5
17F0
  8
0
 62
1
 10
164.226
 20
-1.38582
 30
0.0
 11
163.739
 21
-1.06065
 31
0.0
  0
LINE
  5
17F1
  8
0
 62
1
 10
163.739
 20
-1.06065
 30
0.0
 11
163.414
 21
-0.57402
 31
0.0
  0
LINE
  5
17F2
  8
0
 62
1
 10
163.414
 20
-0.57402
 30
0.0
 11
163.3
 21
0.0
 31
0.0
  0
LINE
  5
17F3
  8
0
 62
1
 10
163.3
 20
0.0
 30
0.0
 11
163.414
 21
0.57402
 31
0.0
  0
LINE
  5
17F4
  8
0
 62
1
 10
163.414
 20
0.57402
 30
0.0
 11
163.739
 21
1.06065
 31
0.0
  0
LINE
  5
17F5
  8
0
 62
1
 10
163.739
 20
1.06065
 30
0.0
 11
164.226
 21
1.38582
 31
0.0
  0
LINE
  5
17F6
  8
0
 62
1
 10
164.226
 20
1.38582
 30
0.0
 11
164.8
 21
1.5
 31
0.0
  0
LINE
  5
17F7
  8
0
 62
1
 10
164.8
 20
1.5
 30
0.0
 11
165.374
 21
1.38582
 31
0.0
  0
LINE
  5
17F8
  8
0
 62
1
 10
165.374
 20
1.38582
 30
0.0
 11
165.861
 21
1.06065
 31
0.0
  0
LINE
  5
17F9
  8
0
 62
1
 10
165.861
 20
1.06065
 30
0.0
 11
166.186
 21
0.57402
 31
0.0
  0
LINE
  5
17FA
  8
0
 62
1
 10
166.186
 20
0.57402
 30
0.0
 11
166.3
 21
0.0
 31
0.0
  0
LINE
  5
17FB
  8
0
 62
1
 10
166.3
 20
0.0
 30
0.0
 11
166.186
 21
-0.57402
 31
0.0
  0
LINE
  5
17FC
  8
0
 62
1
 10
166.186
 20
-0.57402
 30
0.0
 11
165.861
 21
-1.06065
 31
0.0
  0
LINE
  5
17FD
  8
0
 62
1
 10
165.861
 20
-1.06065
 30
0.0
 11
165.374
 21
-1.38582
 31
0.0
  0
LINE
  5
17FE
  8
0
 62
1
 10
165.374
 20
-1.38582
 30
0.0
 11
164.8
 21
-1.5
 31
0.0
  0
LINE
  5
17FF
  8
0
 62
1
 10
164.8
 20
-1.5
 30
0.0
 11
164.226
 21
-1.38582
 31
0.0
  0
LINE
  5
1800
  8
0
 62
1
 10
170.226
 20
-1.38582
 30
0.0
 11
169.739
 21
-1.06065
 31
0.0
  0
LINE
  5
1801
  8
0
 62
1
 10
169.739
 20
-1.06065
 30
0.0
 11
169.414
 21
-0.57402
 31
0.0
  0
LINE
  5
1802
  8
0
 62
1
 10
169.414
 20
-0.57402
 30
0.0
 11
169.3
 21
0.0
 31
0.0
  0
LINE
  5
1803
  8
0
 62
1
 10
169.3
 20
0.0
 30
0.0
 11
169.414
 21
0.57402
 31
0.0
  0
LINE
  5
1804
  8
0
 62
1
 10
169.414
 20
0.57402
 30
0.0
 11
169.739
 21
1.06065
 31
0.0
  0
LINE
  5
1805
  8
0
 62
1
 10
169.739
 20
1.06065
 30
0.0
 11
170.226
 21
1.38582
 31
0.0
  0
LINE
  5
1806
  8
0
 62
1
 10
170.226
 20
1.38582
 30
0.0
 11
170.8
 21
1.5
 31
0.0
  0
LINE
  5
1807
  8
0
 62
1
 10
170.8
 20
1.5
 30
0.0
 11
171.374
 21
1.38582
 31
0.0
  0
LINE
  5
1808
  8
0
 62
1
 10
171.374
 20
1.38582
 30
0.0
 11
171.861
 21
1.06065
 31
0.0
  0
LINE
  5
1809
  8
0
 62
1
 10
171.861
 20
1.06065
 30
0.0
 11
172.186
 21
0.57402
 31
0.0
  0
LINE
  5
180A
  8
0
 62
1
 10
172.186
 20
0.57402
 30
0.0
 11
172.3
 21
0.0
 31
0.0
  0
LINE
  5
180B
  8
0
 62
1
 10
172.3
 20
0.0
 30
0.0
 11
172.186
 21
-0.57402
 31
0.0
  0
LINE
  5
180C
  8
0
 62
1
 10
172.186
 20
-0.57402
 30
0.0
 11
171.861
 21
-1.06065
 31
0.0
  0
LINE
  5
180D
  8
0
 62
1
 10
171.861
 20
-1.06065
 30
0.0
 11
171.374
 21
-1.38582
 31
0.0
  0
LINE
  5
180E
  8
0
 62
1
 10
171.374
 20
-1.38582
 30
0.0
 11
170.8
 21
-1.5
 31
0.0
  0
LINE
  5
180F
  8
0
 62
1
 10
170.8
 20
-1.5
 30
0.0
 11
170.226
 21
-1.38582
 31
0.0
  0
LINE
  5
1810
  8
0
 62
1
 10
221.226
 20
-6.58197
 30
0.0
 11
220.739
 21
-6.25681
 31
0.0
  0
LINE
  5
1811
  8
0
 62
1
 10
220.739
 20
-6.25681
 30
0.0
 11
220.414
 21
-5.77017
 31
0.0
  0
LINE
  5
1812
  8
0
 62
1
 10
220.414
 20
-5.77017
 30
0.0
 11
220.3
 21
-5.19615
 31
0.0
  0
LINE
  5
1813
  8
0
 62
1
 10
220.3
 20
-5.19615
 30
0.0
 11
220.414
 21
-4.62212
 31
0.0
  0
LINE
  5
1814
  8
0
 62
1
 10
220.414
 20
-4.62212
 30
0.0
 11
220.739
 21
-4.13548
 31
0.0
  0
LINE
  5
1815
  8
0
 62
1
 10
220.739
 20
-4.13548
 30
0.0
 11
221.226
 21
-3.81032
 31
0.0
  0
LINE
  5
1816
  8
0
 62
1
 10
221.226
 20
-3.81032
 30
0.0
 11
221.8
 21
-3.69615
 31
0.0
  0
LINE
  5
1817
  8
0
 62
1
 10
221.8
 20
-3.69615
 30
0.0
 11
222.374
 21
-3.81032
 31
0.0
  0
LINE
  5
1818
  8
0
 62
1
 10
222.374
 20
-3.81032
 30
0.0
 11
222.861
 21
-4.13548
 31
0.0
  0
LINE
  5
1819
  8
0
 62
1
 10
222.861
 20
-4.13548
 30
0.0
 11
223.186
 21
-4.62212
 31
0.0
  0
LINE
  5
181A
  8
0
 62
1
 10
223.186
 20
-4.62212
 30
0.0
 11
223.3
 21
-5.19615
 31
0.0
  0
LINE
  5
181B
  8
0
 62
1
 10
223.3
 20
-5.19615
 30
0.0
 11
223.186
 21
-5.77017
 31
0.0
  0
LINE
  5
181C
  8
0
 62
1
 10
223.186
 20
-5.77017
 30
0.0
 11
222.861
 21
-6.25681
 31
0.0
  0
LINE
  5
181D
  8
0
 62
1
 10
222.861
 20
-6.25681
 30
0.0
 11
222.374
 21
-6.58197
 31
0.0
  0
LINE
  5
181E
  8
0
 62
1
 10
222.374
 20
-6.58197
 30
0.0
 11
221.8
 21
-6.69615
 31
0.0
  0
LINE
  5
181F
  8
0
 62
1
 10
221.8
 20
-6.69615
 30
0.0
 11
221.226
 21
-6.58197
 31
0.0
  0
LINE
  5
1820
  8
0
 62
1
 10
185.226
 20
-6.58197
 30
0.0
 11
184.739
 21
-6.25681
 31
0.0
  0
LINE
  5
1821
  8
0
 62
1
 10
184.739
 20
-6.25681
 30
0.0
 11
184.414
 21
-5.77017
 31
0.0
  0
LINE
  5
1822
  8
0
 62
1
 10
184.414
 20
-5.77017
 30
0.0
 11
184.3
 21
-5.19615
 31
0.0
  0
LINE
  5
1823
  8
0
 62
1
 10
184.3
 20
-5.19615
 30
0.0
 11
184.414
 21
-4.62212
 31
0.0
  0
LINE
  5
1824
  8
0
 62
1
 10
184.414
 20
-4.62212
 30
0.0
 11
184.739
 21
-4.13548
 31
0.0
  0
LINE
  5
1825
  8
0
 62
1
 10
184.739
 20
-4.13548
 30
0.0
 11
185.226
 21
-3.81032
 31
0.0
  0
LINE
  5
1826
  8
0
 62
1
 10
185.226
 20
-3.81032
 30
0.0
 11
185.8
 21
-3.69615
 31
0.0
  0
LINE
  5
1827
  8
0
 62
1
 10
185.8
 20
-3.69615
 30
0.0
 11
186.374
 21
-3.81032
 31
0.0
  0
LINE
  5
1828
  8
0
 62
1
 10
186.374
 20
-3.81032
 30
0.0
 11
186.861
 21
-4.13548
 31
0.0
  0
LINE
  5
1829
  8
0
 62
1
 10
186.861
 20
-4.13548
 30
0.0
 11
187.186
 21
-4.62212
 31
0.0
  0
LINE
  5
182A
  8
0
 62
1
 10
187.186
 20
-4.62212
 30
0.0
 11
187.3
 21
-5.19615
 31
0.0
  0
LINE
  5
182B
  8
0
 62
1
 10
187.3
 20
-5.19615
 30
0.0
 11
187.186
 21
-5.77017
 31
0.0
  0
LINE
  5
182C
  8
0
 62
1
 10
187.186
 20
-5.77017
 30
0.0
 11
186.861
 21
-6.25681
 31
0.0
  0
LINE
  5
182D
  8
0
 62
1
 10
186.861
 20
-6.25681
 30
0.0
 11
186.374
 21
-6.58197
 31
0.0
  0
LINE
  5
182E
  8
0
 62
1
 10
186.374
 20
-6.58197
 30
0.0
 11
185.8
 21
-6.69615
 31
0.0
  0
LINE
  5
182F
  8
0
 62
1
 10
185.8
 20
-6.69615
 30
0.0
 11
185.226
 21
-6.58197
 31
0.0
  0
LINE
  5
1830
  8
0
 62
1
 10
215.226
 20
-6.58197
 30
0.0
 11
214.739
 21
-6.25681
 31
0.0
  0
LINE
  5
1831
  8
0
 62
1
 10
214.739
 20
-6.25681
 30
0.0
 11
214.414
 21
-5.77017
 31
0.0
  0
LINE
  5
1832
  8
0
 62
1
 10
214.414
 20
-5.77017
 30
0.0
 11
214.3
 21
-5.19615
 31
0.0
  0
LINE
  5
1833
  8
0
 62
1
 10
214.3
 20
-5.19615
 30
0.0
 11
214.414
 21
-4.62212
 31
0.0
  0
LINE
  5
1834
  8
0
 62
1
 10
214.414
 20
-4.62212
 30
0.0
 11
214.739
 21
-4.13548
 31
0.0
  0
LINE
  5
1835
  8
0
 62
1
 10
214.739
 20
-4.13548
 30
0.0
 11
215.226
 21
-3.81032
 31
0.0
  0
LINE
  5
1836
  8
0
 62
1
 10
215.226
 20
-3.81032
 30
0.0
 11
215.8
 21
-3.69615
 31
0.0
  0
LINE
  5
1837
  8
0
 62
1
 10
215.8
 20
-3.69615
 30
0.0
 11
216.374
 21
-3.81032
 31
0.0
  0
LINE
  5
1838
  8
0
 62
1
 10
216.374
 20
-3.81032
 30
0.0
 11
216.861
 21
-4.13548
 31
0.0
  0
LINE
  5
1839
  8
0
 62
1
 10
216.861
 20
-4.13548
 30
0.0
 11
217.186
 21
-4.62212
 31
0.0
  0
LINE
  5
183A
  8
0
 62
1
 10
217.186
 20
-4.62212
 30
0.0
 11
217.3
 21
-5.19615
 31
0.0
  0
LINE
  5
183B
  8
0
 62
1
 10
217.3
 20
-5.19615
 30
0.0
 11
217.186
 21
-5.77017
 31
0.0
  0
LINE
  5
183C
  8
0
 62
1
 10
217.186
 20
-5.77017
 30
0.0
 11
216.861
 21
-6.25681
 31
0.0
  0
LINE
  5
183D
  8
0
 62
1
 10
216.861
 20
-6.25681
 30
0.0
 11
216.374
 21
-6.58197
 31
0.0
  0
LINE
  5
183E
  8
0
 62
1
 10
216.374
 20
-6.58197
 30
0.0
 11
215.8
 21
-6.69615
 31
0.0
  0
LINE
  5
183F
  8
0
 62
1
 10
215.8
 20
-6.69615
 30
0.0
 11
215.226
 21
-6.58197
 31
0.0
  0
LINE
  5
1840
  8
0
 62
1
 10
209.226
 20
-6.58197
 30
0.0
 11
208.739
 21
-6.25681
 31
0.0
  0
LINE
  5
1841
  8
0
 62
1
 10
208.739
 20
-6.25681
 30
0.0
 11
208.414
 21
-5.77017
 31
0.0
  0
LINE
  5
1842
  8
0
 62
1
 10
208.414
 20
-5.77017
 30
0.0
 11
208.3
 21
-5.19615
 31
0.0
  0
LINE
  5
1843
  8
0
 62
1
 10
208.3
 20
-5.19615
 30
0.0
 11
208.414
 21
-4.62212
 31
0.0
  0
LINE
  5
1844
  8
0
 62
1
 10
208.414
 20
-4.62212
 30
0.0
 11
208.739
 21
-4.13548
 31
0.0
  0
LINE
  5
1845
  8
0
 62
1
 10
208.739
 20
-4.13548
 30
0.0
 11
209.226
 21
-3.81032
 31
0.0
  0
LINE
  5
1846
  8
0
 62
1
 10
209.226
 20
-3.81032
 30
0.0
 11
209.8
 21
-3.69615
 31
0.0
  0
LINE
  5
1847
  8
0
 62
1
 10
209.8
 20
-3.69615
 30
0.0
 11
210.374
 21
-3.81032
 31
0.0
  0
LINE
  5
1848
  8
0
 62
1
 10
210.374
 20
-3.81032
 30
0.0
 11
210.861
 21
-4.13548
 31
0.0
  0
LINE
  5
1849
  8
0
 62
1
 10
210.861
 20
-4.13548
 30
0.0
 11
211.186
 21
-4.62212
 31
0.0
  0
LINE
  5
184A
  8
0
 62
1
 10
211.186
 20
-4.62212
 30
0.0
 11
211.3
 21
-5.19615
 31
0.0
  0
LINE
  5
184B
  8
0
 62
1
 10
211.3
 20
-5.19615
 30
0.0
 11
211.186
 21
-5.77017
 31
0.0
  0
LINE
  5
184C
  8
0
 62
1
 10
211.186
 20
-5.77017
 30
0.0
 11
210.861
 21
-6.25681
 31
0.0
  0
LINE
  5
184D
  8
0
 62
1
 10
210.861
 20
-6.25681
 30
0.0
 11
210.374
 21
-6.58197
 31
0.0
  0
LINE
  5
184E
  8
0
 62
1
 10
210.374
 20
-6.58197
 30
0.0
 11
209.8
 21
-6.69615
 31
0.0
  0
LINE
  5
184F
  8
0
 62
1
 10
209.8
 20
-6.69615
 30
0.0
 11
209.226
 21
-6.58197
 31
0.0
  0
LINE
  5
1850
  8
0
 62
1
 10
203.226
 20
-6.58197
 30
0.0
 11
202.739
 21
-6.25681
 31
0.0
  0
LINE
  5
1851
  8
0
 62
1
 10
202.739
 20
-6.25681
 30
0.0
 11
202.414
 21
-5.77017
 31
0.0
  0
LINE
  5
1852
  8
0
 62
1
 10
202.414
 20
-5.77017
 30
0.0
 11
202.3
 21
-5.19615
 31
0.0
  0
LINE
  5
1853
  8
0
 62
1
 10
202.3
 20
-5.19615
 30
0.0
 11
202.414
 21
-4.62212
 31
0.0
  0
LINE
  5
1854
  8
0
 62
1
 10
202.414
 20
-4.62212
 30
0.0
 11
202.739
 21
-4.13548
 31
0.0
  0
LINE
  5
1855
  8
0
 62
1
 10
202.739
 20
-4.13548
 30
0.0
 11
203.226
 21
-3.81032
 31
0.0
  0
LINE
  5
1856
  8
0
 62
1
 10
203.226
 20
-3.81032
 30
0.0
 11
203.8
 21
-3.69615
 31
0.0
  0
LINE
  5
1857
  8
0
 62
1
 10
203.8
 20
-3.69615
 30
0.0
 11
204.374
 21
-3.81032
 31
0.0
  0
LINE
  5
1858
  8
0
 62
1
 10
204.374
 20
-3.81032
 30
0.0
 11
204.861
 21
-4.13548
 31
0.0
  0
LINE
  5
1859
  8
0
 62
1
 10
204.861
 20
-4.13548
 30
0.0
 11
205.186
 21
-4.62212
 31
0.0
  0
LINE
  5
185A
  8
0
 62
1
 10
205.186
 20
-4.62212
 30
0.0
 11
205.3
 21
-5.19615
 31
0.0
  0
LINE
  5
185B
  8
0
 62
1
 10
205.3
 20
-5.19615
 30
0.0
 11
205.186
 21
-5.77017
 31
0.0
  0
LINE
  5
185C
  8
0
 62
1
 10
205.186
 20
-5.77017
 30
0.0
 11
204.861
 21
-6.25681
 31
0.0
  0
LINE
  5
185D
  8
0
 62
1
 10
204.861
 20
-6.25681
 30
0.0
 11
204.374
 21
-6.58197
 31
0.0
  0
LINE
  5
185E
  8
0
 62
1
 10
204.374
 20
-6.58197
 30
0.0
 11
203.8
 21
-6.69615
 31
0.0
  0
LINE
  5
185F
  8
0
 62
1
 10
203.8
 20
-6.69615
 30
0.0
 11
203.226
 21
-6.58197
 31
0.0
  0
LINE
  5
1860
  8
0
 62
1
 10
197.226
 20
-6.58197
 30
0.0
 11
196.739
 21
-6.25681
 31
0.0
  0
LINE
  5
1861
  8
0
 62
1
 10
196.739
 20
-6.25681
 30
0.0
 11
196.414
 21
-5.77017
 31
0.0
  0
LINE
  5
1862
  8
0
 62
1
 10
196.414
 20
-5.77017
 30
0.0
 11
196.3
 21
-5.19615
 31
0.0
  0
LINE
  5
1863
  8
0
 62
1
 10
196.3
 20
-5.19615
 30
0.0
 11
196.414
 21
-4.62212
 31
0.0
  0
LINE
  5
1864
  8
0
 62
1
 10
196.414
 20
-4.62212
 30
0.0
 11
196.739
 21
-4.13548
 31
0.0
  0
LINE
  5
1865
  8
0
 62
1
 10
196.739
 20
-4.13548
 30
0.0
 11
197.226
 21
-3.81032
 31
0.0
  0
LINE
  5
1866
  8
0
 62
1
 10
197.226
 20
-3.81032
 30
0.0
 11
197.8
 21
-3.69615
 31
0.0
  0
LINE
  5
1867
  8
0
 62
1
 10
197.8
 20
-3.69615
 30
0.0
 11
198.374
 21
-3.81032
 31
0.0
  0
LINE
  5
1868
  8
0
 62
1
 10
198.374
 20
-3.81032
 30
0.0
 11
198.861
 21
-4.13548
 31
0.0
  0
LINE
  5
1869
  8
0
 62
1
 10
198.861
 20
-4.13548
 30
0.0
 11
199.186
 21
-4.62212
 31
0.0
  0
LINE
  5
186A
  8
0
 62
1
 10
199.186
 20
-4.62212
 30
0.0
 11
199.3
 21
-5.19615
 31
0.0
  0
LINE
  5
186B
  8
0
 62
1
 10
199.3
 20
-5.19615
 30
0.0
 11
199.186
 21
-5.77017
 31
0.0
  0
LINE
  5
186C
  8
0
 62
1
 10
199.186
 20
-5.77017
 30
0.0
 11
198.861
 21
-6.25681
 31
0.0
  0
LINE
  5
186D
  8
0
 62
1
 10
198.861
 20
-6.25681
 30
0.0
 11
198.374
 21
-6.58197
 31
0.0
  0
LINE
  5
186E
  8
0
 62
1
 10
198.374
 20
-6.58197
 30
0.0
 11
197.8
 21
-6.69615
 31
0.0
  0
LINE
  5
186F
  8
0
 62
1
 10
197.8
 20
-6.69615
 30
0.0
 11
197.226
 21
-6.58197
 31
0.0
  0
LINE
  5
1870
  8
0
 62
1
 10
191.226
 20
-6.58197
 30
0.0
 11
190.739
 21
-6.25681
 31
0.0
  0
LINE
  5
1871
  8
0
 62
1
 10
190.739
 20
-6.25681
 30
0.0
 11
190.414
 21
-5.77017
 31
0.0
  0
LINE
  5
1872
  8
0
 62
1
 10
190.414
 20
-5.77017
 30
0.0
 11
190.3
 21
-5.19615
 31
0.0
  0
LINE
  5
1873
  8
0
 62
1
 10
190.3
 20
-5.19615
 30
0.0
 11
190.414
 21
-4.62212
 31
0.0
  0
LINE
  5
1874
  8
0
 62
1
 10
190.414
 20
-4.62212
 30
0.0
 11
190.739
 21
-4.13548
 31
0.0
  0
LINE
  5
1875
  8
0
 62
1
 10
190.739
 20
-4.13548
 30
0.0
 11
191.226
 21
-3.81032
 31
0.0
  0
LINE
  5
1876
  8
0
 62
1
 10
191.226
 20
-3.81032
 30
0.0
 11
191.8
 21
-3.69615
 31
0.0
  0
LINE
  5
1877
  8
0
 62
1
 10
191.8
 20
-3.69615
 30
0.0
 11
192.374
 21
-3.81032
 31
0.0
  0
LINE
  5
1878
  8
0
 62
1
 10
192.374
 20
-3.81032
 30
0.0
 11
192.861
 21
-4.13548
 31
0.0
  0
LINE
  5
1879
  8
0
 62
1
 10
192.861
 20
-4.13548
 30
0.0
 11
193.186
 21
-4.62212
 31
0.0
  0
LINE
  5
187A
  8
0
 62
1
 10
193.186
 20
-4.62212
 30
0.0
 11
193.3
 21
-5.19615
 31
0.0
  0
LINE
  5
187B
  8
0
 62
1
 10
193.3
 20
-5.19615
 30
0.0
 11
193.186
 21
-5.77017
 31
0.0
  0
LINE
  5
187C
  8
0
 62
1
 10
193.186
 20
-5.77017
 30
0.0
 11
192.861
 21
-6.25681
 31
0.0
  0
LINE
  5
187D
  8
0
 62
1
 10
192.861
 20
-6.25681
 30
0.0
 11
192.374
 21
-6.58197
 31
0.0
  0
LINE
  5
187E
  8
0
 62
1
 10
192.374
 20
-6.58197
 30
0.0
 11
191.8
 21
-6.69615
 31
0.0
  0
LINE
  5
187F
  8
0
 62
1
 10
191.8
 20
-6.69615
 30
0.0
 11
191.226
 21
-6.58197
 31
0.0
  0
LINE
  5
1880
  8
0
 62
1
 10
179.226
 20
-6.58197
 30
0.0
 11
178.739
 21
-6.25681
 31
0.0
  0
LINE
  5
1881
  8
0
 62
1
 10
178.739
 20
-6.25681
 30
0.0
 11
178.414
 21
-5.77017
 31
0.0
  0
LINE
  5
1882
  8
0
 62
1
 10
178.414
 20
-5.77017
 30
0.0
 11
178.3
 21
-5.19615
 31
0.0
  0
LINE
  5
1883
  8
0
 62
1
 10
178.3
 20
-5.19615
 30
0.0
 11
178.414
 21
-4.62212
 31
0.0
  0
LINE
  5
1884
  8
0
 62
1
 10
178.414
 20
-4.62212
 30
0.0
 11
178.739
 21
-4.13548
 31
0.0
  0
LINE
  5
1885
  8
0
 62
1
 10
178.739
 20
-4.13548
 30
0.0
 11
179.226
 21
-3.81032
 31
0.0
  0
LINE
  5
1886
  8
0
 62
1
 10
179.226
 20
-3.81032
 30
0.0
 11
179.8
 21
-3.69615
 31
0.0
  0
LINE
  5
1887
  8
0
 62
1
 10
179.8
 20
-3.69615
 30
0.0
 11
180.374
 21
-3.81032
 31
0.0
  0
LINE
  5
1888
  8
0
 62
1
 10
180.374
 20
-3.81032
 30
0.0
 11
180.861
 21
-4.13548
 31
0.0
  0
LINE
  5
1889
  8
0
 62
1
 10
180.861
 20
-4.13548
 30
0.0
 11
181.186
 21
-4.62212
 31
0.0
  0
LINE
  5
188A
  8
0
 62
1
 10
181.186
 20
-4.62212
 30
0.0
 11
181.3
 21
-5.19615
 31
0.0
  0
LINE
  5
188B
  8
0
 62
1
 10
181.3
 20
-5.19615
 30
0.0
 11
181.186
 21
-5.77017
 31
0.0
  0
LINE
  5
188C
  8
0
 62
1
 10
181.186
 20
-5.77017
 30
0.0
 11
180.861
 21
-6.25681
 31
0.0
  0
LINE
  5
188D
  8
0
 62
1
 10
180.861
 20
-6.25681
 30
0.0
 11
180.374
 21
-6.58197
 31
0.0
  0
LINE
  5
188E
  8
0
 62
1
 10
180.374
 20
-6.58197
 30
0.0
 11
179.8
 21
-6.69615
 31
0.0
  0
LINE
  5
188F
  8
0
 62
1
 10
179.8
 20
-6.69615
 30
0.0
 11
179.226
 21
-6.58197
 31
0.0
  0
LINE
  5
1890
  8
0
 62
1
 10
173.226
 20
-6.58197
 30
0.0
 11
172.739
 21
-6.25681
 31
0.0
  0
LINE
  5
1891
  8
0
 62
1
 10
172.739
 20
-6.25681
 30
0.0
 11
172.414
 21
-5.77017
 31
0.0
  0
LINE
  5
1892
  8
0
 62
1
 10
172.414
 20
-5.77017
 30
0.0
 11
172.3
 21
-5.19615
 31
0.0
  0
LINE
  5
1893
  8
0
 62
1
 10
172.3
 20
-5.19615
 30
0.0
 11
172.414
 21
-4.62212
 31
0.0
  0
LINE
  5
1894
  8
0
 62
1
 10
172.414
 20
-4.62212
 30
0.0
 11
172.739
 21
-4.13548
 31
0.0
  0
LINE
  5
1895
  8
0
 62
1
 10
172.739
 20
-4.13548
 30
0.0
 11
173.226
 21
-3.81032
 31
0.0
  0
LINE
  5
1896
  8
0
 62
1
 10
173.226
 20
-3.81032
 30
0.0
 11
173.8
 21
-3.69615
 31
0.0
  0
LINE
  5
1897
  8
0
 62
1
 10
173.8
 20
-3.69615
 30
0.0
 11
174.374
 21
-3.81032
 31
0.0
  0
LINE
  5
1898
  8
0
 62
1
 10
174.374
 20
-3.81032
 30
0.0
 11
174.861
 21
-4.13548
 31
0.0
  0
LINE
  5
1899
  8
0
 62
1
 10
174.861
 20
-4.13548
 30
0.0
 11
175.186
 21
-4.62212
 31
0.0
  0
LINE
  5
189A
  8
0
 62
1
 10
175.186
 20
-4.62212
 30
0.0
 11
175.3
 21
-5.19615
 31
0.0
  0
LINE
  5
189B
  8
0
 62
1
 10
175.3
 20
-5.19615
 30
0.0
 11
175.186
 21
-5.77017
 31
0.0
  0
LINE
  5
189C
  8
0
 62
1
 10
175.186
 20
-5.77017
 30
0.0
 11
174.861
 21
-6.25681
 31
0.0
  0
LINE
  5
189D
  8
0
 62
1
 10
174.861
 20
-6.25681
 30
0.0
 11
174.374
 21
-6.58197
 31
0.0
  0
LINE
  5
189E
  8
0
 62
1
 10
174.374
 20
-6.58197
 30
0.0
 11
173.8
 21
-6.69615
 31
0.0
  0
LINE
  5
189F
  8
0
 62
1
 10
173.8
 20
-6.69615
 30
0.0
 11
173.226
 21
-6.58197
 31
0.0
  0
LINE
  5
18A0
  8
0
 62
1
 10
167.226
 20
-6.58197
 30
0.0
 11
166.739
 21
-6.25681
 31
0.0
  0
LINE
  5
18A1
  8
0
 62
1
 10
166.739
 20
-6.25681
 30
0.0
 11
166.414
 21
-5.77017
 31
0.0
  0
LINE
  5
18A2
  8
0
 62
1
 10
166.414
 20
-5.77017
 30
0.0
 11
166.3
 21
-5.19615
 31
0.0
  0
LINE
  5
18A3
  8
0
 62
1
 10
166.3
 20
-5.19615
 30
0.0
 11
166.414
 21
-4.62212
 31
0.0
  0
LINE
  5
18A4
  8
0
 62
1
 10
166.414
 20
-4.62212
 30
0.0
 11
166.739
 21
-4.13548
 31
0.0
  0
LINE
  5
18A5
  8
0
 62
1
 10
166.739
 20
-4.13548
 30
0.0
 11
167.226
 21
-3.81032
 31
0.0
  0
LINE
  5
18A6
  8
0
 62
1
 10
167.226
 20
-3.81032
 30
0.0
 11
167.8
 21
-3.69615
 31
0.0
  0
LINE
  5
18A7
  8
0
 62
1
 10
167.8
 20
-3.69615
 30
0.0
 11
168.374
 21
-3.81032
 31
0.0
  0
LINE
  5
18A8
  8
0
 62
1
 10
168.374
 20
-3.81032
 30
0.0
 11
168.861
 21
-4.13548
 31
0.0
  0
LINE
  5
18A9
  8
0
 62
1
 10
168.861
 20
-4.13548
 30
0.0
 11
169.186
 21
-4.62212
 31
0.0
  0
LINE
  5
18AA
  8
0
 62
1
 10
169.186
 20
-4.62212
 30
0.0
 11
169.3
 21
-5.19615
 31
0.0
  0
LINE
  5
18AB
  8
0
 62
1
 10
169.3
 20
-5.19615
 30
0.0
 11
169.186
 21
-5.77017
 31
0.0
  0
LINE
  5
18AC
  8
0
 62
1
 10
169.186
 20
-5.77017
 30
0.0
 11
168.861
 21
-6.25681
 31
0.0
  0
LINE
  5
18AD
  8
0
 62
1
 10
168.861
 20
-6.25681
 30
0.0
 11
168.374
 21
-6.58197
 31
0.0
  0
LINE
  5
18AE
  8
0
 62
1
 10
168.374
 20
-6.58197
 30
0.0
 11
167.8
 21
-6.69615
 31
0.0
  0
LINE
  5
18AF
  8
0
 62
1
 10
167.8
 20
-6.69615
 30
0.0
 11
167.226
 21
-6.58197
 31
0.0
  0
LINE
  5
18B0
  8
0
 62
1
 10
155.226
 20
-6.58197
 30
0.0
 11
154.739
 21
-6.25681
 31
0.0
  0
LINE
  5
18B1
  8
0
 62
1
 10
154.739
 20
-6.25681
 30
0.0
 11
154.414
 21
-5.77017
 31
0.0
  0
LINE
  5
18B2
  8
0
 62
1
 10
154.414
 20
-5.77017
 30
0.0
 11
154.3
 21
-5.19615
 31
0.0
  0
LINE
  5
18B3
  8
0
 62
1
 10
154.3
 20
-5.19615
 30
0.0
 11
154.414
 21
-4.62212
 31
0.0
  0
LINE
  5
18B4
  8
0
 62
1
 10
154.414
 20
-4.62212
 30
0.0
 11
154.739
 21
-4.13548
 31
0.0
  0
LINE
  5
18B5
  8
0
 62
1
 10
154.739
 20
-4.13548
 30
0.0
 11
155.226
 21
-3.81032
 31
0.0
  0
LINE
  5
18B6
  8
0
 62
1
 10
155.226
 20
-3.81032
 30
0.0
 11
155.8
 21
-3.69615
 31
0.0
  0
LINE
  5
18B7
  8
0
 62
1
 10
155.8
 20
-3.69615
 30
0.0
 11
156.374
 21
-3.81032
 31
0.0
  0
LINE
  5
18B8
  8
0
 62
1
 10
156.374
 20
-3.81032
 30
0.0
 11
156.861
 21
-4.13548
 31
0.0
  0
LINE
  5
18B9
  8
0
 62
1
 10
156.861
 20
-4.13548
 30
0.0
 11
157.186
 21
-4.62212
 31
0.0
  0
LINE
  5
18BA
  8
0
 62
1
 10
157.186
 20
-4.62212
 30
0.0
 11
157.3
 21
-5.19615
 31
0.0
  0
LINE
  5
18BB
  8
0
 62
1
 10
157.3
 20
-5.19615
 30
0.0
 11
157.186
 21
-5.77017
 31
0.0
  0
LINE
  5
18BC
  8
0
 62
1
 10
157.186
 20
-5.77017
 30
0.0
 11
156.861
 21
-6.25681
 31
0.0
  0
LINE
  5
18BD
  8
0
 62
1
 10
156.861
 20
-6.25681
 30
0.0
 11
156.374
 21
-6.58197
 31
0.0
  0
LINE
  5
18BE
  8
0
 62
1
 10
156.374
 20
-6.58197
 30
0.0
 11
155.8
 21
-6.69615
 31
0.0
  0
LINE
  5
18BF
  8
0
 62
1
 10
155.8
 20
-6.69615
 30
0.0
 11
155.226
 21
-6.58197
 31
0.0
  0
LINE
  5
18C0
  8
0
 62
1
 10
149.226
 20
-6.58197
 30
0.0
 11
148.739
 21
-6.25681
 31
0.0
  0
LINE
  5
18C1
  8
0
 62
1
 10
148.739
 20
-6.25681
 30
0.0
 11
148.414
 21
-5.77017
 31
0.0
  0
LINE
  5
18C2
  8
0
 62
1
 10
148.414
 20
-5.77017
 30
0.0
 11
148.3
 21
-5.19615
 31
0.0
  0
LINE
  5
18C3
  8
0
 62
1
 10
148.3
 20
-5.19615
 30
0.0
 11
148.414
 21
-4.62212
 31
0.0
  0
LINE
  5
18C4
  8
0
 62
1
 10
148.414
 20
-4.62212
 30
0.0
 11
148.739
 21
-4.13548
 31
0.0
  0
LINE
  5
18C5
  8
0
 62
1
 10
148.739
 20
-4.13548
 30
0.0
 11
149.226
 21
-3.81032
 31
0.0
  0
LINE
  5
18C6
  8
0
 62
1
 10
149.226
 20
-3.81032
 30
0.0
 11
149.8
 21
-3.69615
 31
0.0
  0
LINE
  5
18C7
  8
0
 62
1
 10
149.8
 20
-3.69615
 30
0.0
 11
150.374
 21
-3.81032
 31
0.0
  0
LINE
  5
18C8
  8
0
 62
1
 10
150.374
 20
-3.81032
 30
0.0
 11
150.861
 21
-4.13548
 31
0.0
  0
LINE
  5
18C9
  8
0
 62
1
 10
150.861
 20
-4.13548
 30
0.0
 11
151.186
 21
-4.62212
 31
0.0
  0
LINE
  5
18CA
  8
0
 62
1
 10
151.186
 20
-4.62212
 30
0.0
 11
151.3
 21
-5.19615
 31
0.0
  0
LINE
  5
18CB
  8
0
 62
1
 10
151.3
 20
-5.19615
 30
0.0
 11
151.186
 21
-5.77017
 31
0.0
  0
LINE
  5
18CC
  8
0
 62
1
 10
151.186
 20
-5.77017
 30
0.0
 11
150.861
 21
-6.25681
 31
0.0
  0
LINE
  5
18CD
  8
0
 62
1
 10
150.861
 20
-6.25681
 30
0.0
 11
150.374
 21
-6.58197
 31
0.0
  0
LINE
  5
18CE
  8
0
 62
1
 10
150.374
 20
-6.58197
 30
0.0
 11
149.8
 21
-6.69615
 31
0.0
  0
LINE
  5
18CF
  8
0
 62
1
 10
149.8
 20
-6.69615
 30
0.0
 11
149.226
 21
-6.58197
 31
0.0
  0
LINE
  5
18D0
  8
0
 62
1
 10
143.226
 20
-6.58197
 30
0.0
 11
142.739
 21
-6.25681
 31
0.0
  0
LINE
  5
18D1
  8
0
 62
1
 10
142.739
 20
-6.25681
 30
0.0
 11
142.414
 21
-5.77017
 31
0.0
  0
LINE
  5
18D2
  8
0
 62
1
 10
142.414
 20
-5.77017
 30
0.0
 11
142.3
 21
-5.19615
 31
0.0
  0
LINE
  5
18D3
  8
0
 62
1
 10
142.3
 20
-5.19615
 30
0.0
 11
142.414
 21
-4.62212
 31
0.0
  0
LINE
  5
18D4
  8
0
 62
1
 10
142.414
 20
-4.62212
 30
0.0
 11
142.739
 21
-4.13548
 31
0.0
  0
LINE
  5
18D5
  8
0
 62
1
 10
142.739
 20
-4.13548
 30
0.0
 11
143.226
 21
-3.81032
 31
0.0
  0
LINE
  5
18D6
  8
0
 62
1
 10
143.226
 20
-3.81032
 30
0.0
 11
143.8
 21
-3.69615
 31
0.0
  0
LINE
  5
18D7
  8
0
 62
1
 10
143.8
 20
-3.69615
 30
0.0
 11
144.374
 21
-3.81032
 31
0.0
  0
LINE
  5
18D8
  8
0
 62
1
 10
144.374
 20
-3.81032
 30
0.0
 11
144.861
 21
-4.13548
 31
0.0
  0
LINE
  5
18D9
  8
0
 62
1
 10
144.861
 20
-4.13548
 30
0.0
 11
145.186
 21
-4.62212
 31
0.0
  0
LINE
  5
18DA
  8
0
 62
1
 10
145.186
 20
-4.62212
 30
0.0
 11
145.3
 21
-5.19615
 31
0.0
  0
LINE
  5
18DB
  8
0
 62
1
 10
145.3
 20
-5.19615
 30
0.0
 11
145.186
 21
-5.77017
 31
0.0
  0
LINE
  5
18DC
  8
0
 62
1
 10
145.186
 20
-5.77017
 30
0.0
 11
144.861
 21
-6.25681
 31
0.0
  0
LINE
  5
18DD
  8
0
 62
1
 10
144.861
 20
-6.25681
 30
0.0
 11
144.374
 21
-6.58197
 31
0.0
  0
LINE
  5
18DE
  8
0
 62
1
 10
144.374
 20
-6.58197
 30
0.0
 11
143.8
 21
-6.69615
 31
0.0
  0
LINE
  5
18DF
  8
0
 62
1
 10
143.8
 20
-6.69615
 30
0.0
 11
143.226
 21
-6.58197
 31
0.0
  0
LINE
  5
18E0
  8
0
 62
1
 10
161.226
 20
-6.58197
 30
0.0
 11
160.739
 21
-6.25681
 31
0.0
  0
LINE
  5
18E1
  8
0
 62
1
 10
160.739
 20
-6.25681
 30
0.0
 11
160.414
 21
-5.77017
 31
0.0
  0
LINE
  5
18E2
  8
0
 62
1
 10
160.414
 20
-5.77017
 30
0.0
 11
160.3
 21
-5.19615
 31
0.0
  0
LINE
  5
18E3
  8
0
 62
1
 10
160.3
 20
-5.19615
 30
0.0
 11
160.414
 21
-4.62212
 31
0.0
  0
LINE
  5
18E4
  8
0
 62
1
 10
160.414
 20
-4.62212
 30
0.0
 11
160.739
 21
-4.13548
 31
0.0
  0
LINE
  5
18E5
  8
0
 62
1
 10
160.739
 20
-4.13548
 30
0.0
 11
161.226
 21
-3.81032
 31
0.0
  0
LINE
  5
18E6
  8
0
 62
1
 10
161.226
 20
-3.81032
 30
0.0
 11
161.8
 21
-3.69615
 31
0.0
  0
LINE
  5
18E7
  8
0
 62
1
 10
161.8
 20
-3.69615
 30
0.0
 11
162.374
 21
-3.81032
 31
0.0
  0
LINE
  5
18E8
  8
0
 62
1
 10
162.374
 20
-3.81032
 30
0.0
 11
162.861
 21
-4.13548
 31
0.0
  0
LINE
  5
18E9
  8
0
 62
1
 10
162.861
 20
-4.13548
 30
0.0
 11
163.186
 21
-4.62212
 31
0.0
  0
LINE
  5
18EA
  8
0
 62
1
 10
163.186
 20
-4.62212
 30
0.0
 11
163.3
 21
-5.19615
 31
0.0
  0
LINE
  5
18EB
  8
0
 62
1
 10
163.3
 20
-5.19615
 30
0.0
 11
163.186
 21
-5.77017
 31
0.0
  0
LINE
  5
18EC
  8
0
 62
1
 10
163.186
 20
-5.77017
 30
0.0
 11
162.861
 21
-6.25681
 31
0.0
  0
LINE
  5
18ED
  8
0
 62
1
 10
162.861
 20
-6.25681
 30
0.0
 11
162.374
 21
-6.58197
 31
0.0
  0
LINE
  5
18EE
  8
0
 62
1
 10
162.374
 20
-6.58197
 30
0.0
 11
161.8
 21
-6.69615
 31
0.0
  0
LINE
  5
18EF
  8
0
 62
1
 10
161.8
 20
-6.69615
 30
0.0
 11
161.226
 21
-6.58197
 31
0.0
  0
LINE
  5
18F0
  8
0
 62
1
 10
218.226
 20
-11.7781
 30
0.0
 11
217.739
 21
-11.453
 31
0.0
  0
LINE
  5
18F1
  8
0
 62
1
 10
217.739
 20
-11.453
 30
0.0
 11
217.414
 21
-10.9663
 31
0.0
  0
LINE
  5
18F2
  8
0
 62
1
 10
217.414
 20
-10.9663
 30
0.0
 11
217.3
 21
-10.3923
 31
0.0
  0
LINE
  5
18F3
  8
0
 62
1
 10
217.3
 20
-10.3923
 30
0.0
 11
217.414
 21
-9.81827
 31
0.0
  0
LINE
  5
18F4
  8
0
 62
1
 10
217.414
 20
-9.81827
 30
0.0
 11
217.739
 21
-9.33163
 31
0.0
  0
LINE
  5
18F5
  8
0
 62
1
 10
217.739
 20
-9.33163
 30
0.0
 11
218.226
 21
-9.00648
 31
0.0
  0
LINE
  5
18F6
  8
0
 62
1
 10
218.226
 20
-9.00648
 30
0.0
 11
218.8
 21
-8.8923
 31
0.0
  0
LINE
  5
18F7
  8
0
 62
1
 10
218.8
 20
-8.8923
 30
0.0
 11
219.374
 21
-9.00648
 31
0.0
  0
LINE
  5
18F8
  8
0
 62
1
 10
219.374
 20
-9.00648
 30
0.0
 11
219.861
 21
-9.33163
 31
0.0
  0
LINE
  5
18F9
  8
0
 62
1
 10
219.861
 20
-9.33163
 30
0.0
 11
220.186
 21
-9.81827
 31
0.0
  0
LINE
  5
18FA
  8
0
 62
1
 10
220.186
 20
-9.81827
 30
0.0
 11
220.3
 21
-10.3923
 31
0.0
  0
LINE
  5
18FB
  8
0
 62
1
 10
220.3
 20
-10.3923
 30
0.0
 11
220.186
 21
-10.9663
 31
0.0
  0
LINE
  5
18FC
  8
0
 62
1
 10
220.186
 20
-10.9663
 30
0.0
 11
219.861
 21
-11.453
 31
0.0
  0
LINE
  5
18FD
  8
0
 62
1
 10
219.861
 20
-11.453
 30
0.0
 11
219.374
 21
-11.7781
 31
0.0
  0
LINE
  5
18FE
  8
0
 62
1
 10
219.374
 20
-11.7781
 30
0.0
 11
218.8
 21
-11.8923
 31
0.0
  0
LINE
  5
18FF
  8
0
 62
1
 10
218.8
 20
-11.8923
 30
0.0
 11
218.226
 21
-11.7781
 31
0.0
  0
LINE
  5
1900
  8
0
 62
1
 10
164.226
 20
-11.7781
 30
0.0
 11
163.739
 21
-11.453
 31
0.0
  0
LINE
  5
1901
  8
0
 62
1
 10
163.739
 20
-11.453
 30
0.0
 11
163.414
 21
-10.9663
 31
0.0
  0
LINE
  5
1902
  8
0
 62
1
 10
163.414
 20
-10.9663
 30
0.0
 11
163.3
 21
-10.3923
 31
0.0
  0
LINE
  5
1903
  8
0
 62
1
 10
163.3
 20
-10.3923
 30
0.0
 11
163.414
 21
-9.81827
 31
0.0
  0
LINE
  5
1904
  8
0
 62
1
 10
163.414
 20
-9.81827
 30
0.0
 11
163.739
 21
-9.33163
 31
0.0
  0
LINE
  5
1905
  8
0
 62
1
 10
163.739
 20
-9.33163
 30
0.0
 11
164.226
 21
-9.00648
 31
0.0
  0
LINE
  5
1906
  8
0
 62
1
 10
164.226
 20
-9.00648
 30
0.0
 11
164.8
 21
-8.8923
 31
0.0
  0
LINE
  5
1907
  8
0
 62
1
 10
164.8
 20
-8.8923
 30
0.0
 11
165.374
 21
-9.00648
 31
0.0
  0
LINE
  5
1908
  8
0
 62
1
 10
165.374
 20
-9.00648
 30
0.0
 11
165.861
 21
-9.33163
 31
0.0
  0
LINE
  5
1909
  8
0
 62
1
 10
165.861
 20
-9.33163
 30
0.0
 11
166.186
 21
-9.81827
 31
0.0
  0
LINE
  5
190A
  8
0
 62
1
 10
166.186
 20
-9.81827
 30
0.0
 11
166.3
 21
-10.3923
 31
0.0
  0
LINE
  5
190B
  8
0
 62
1
 10
166.3
 20
-10.3923
 30
0.0
 11
166.186
 21
-10.9663
 31
0.0
  0
LINE
  5
190C
  8
0
 62
1
 10
166.186
 20
-10.9663
 30
0.0
 11
165.861
 21
-11.453
 31
0.0
  0
LINE
  5
190D
  8
0
 62
1
 10
165.861
 20
-11.453
 30
0.0
 11
165.374
 21
-11.7781
 31
0.0
  0
LINE
  5
190E
  8
0
 62
1
 10
165.374
 20
-11.7781
 30
0.0
 11
164.8
 21
-11.8923
 31
0.0
  0
LINE
  5
190F
  8
0
 62
1
 10
164.8
 20
-11.8923
 30
0.0
 11
164.226
 21
-11.7781
 31
0.0
  0
LINE
  5
1910
  8
0
 62
1
 10
224.226
 20
-11.7781
 30
0.0
 11
223.739
 21
-11.453
 31
0.0
  0
LINE
  5
1911
  8
0
 62
1
 10
223.739
 20
-11.453
 30
0.0
 11
223.414
 21
-10.9663
 31
0.0
  0
LINE
  5
1912
  8
0
 62
1
 10
223.414
 20
-10.9663
 30
0.0
 11
223.3
 21
-10.3923
 31
0.0
  0
LINE
  5
1913
  8
0
 62
1
 10
223.3
 20
-10.3923
 30
0.0
 11
223.414
 21
-9.81827
 31
0.0
  0
LINE
  5
1914
  8
0
 62
1
 10
223.414
 20
-9.81827
 30
0.0
 11
223.739
 21
-9.33163
 31
0.0
  0
LINE
  5
1915
  8
0
 62
1
 10
223.739
 20
-9.33163
 30
0.0
 11
224.226
 21
-9.00648
 31
0.0
  0
LINE
  5
1916
  8
0
 62
1
 10
224.226
 20
-9.00648
 30
0.0
 11
224.8
 21
-8.8923
 31
0.0
  0
LINE
  5
1917
  8
0
 62
1
 10
224.8
 20
-8.8923
 30
0.0
 11
225.374
 21
-9.00648
 31
0.0
  0
LINE
  5
1918
  8
0
 62
1
 10
225.374
 20
-9.00648
 30
0.0
 11
225.861
 21
-9.33163
 31
0.0
  0
LINE
  5
1919
  8
0
 62
1
 10
225.861
 20
-9.33163
 30
0.0
 11
226.186
 21
-9.81827
 31
0.0
  0
LINE
  5
191A
  8
0
 62
1
 10
226.186
 20
-9.81827
 30
0.0
 11
226.3
 21
-10.3923
 31
0.0
  0
LINE
  5
191B
  8
0
 62
1
 10
226.3
 20
-10.3923
 30
0.0
 11
226.186
 21
-10.9663
 31
0.0
  0
LINE
  5
191C
  8
0
 62
1
 10
226.186
 20
-10.9663
 30
0.0
 11
225.861
 21
-11.453
 31
0.0
  0
LINE
  5
191D
  8
0
 62
1
 10
225.861
 20
-11.453
 30
0.0
 11
225.374
 21
-11.7781
 31
0.0
  0
LINE
  5
191E
  8
0
 62
1
 10
225.374
 20
-11.7781
 30
0.0
 11
224.8
 21
-11.8923
 31
0.0
  0
LINE
  5
191F
  8
0
 62
1
 10
224.8
 20
-11.8923
 30
0.0
 11
224.226
 21
-11.7781
 31
0.0
  0
LINE
  5
1920
  8
0
 62
1
 10
212.226
 20
-11.7781
 30
0.0
 11
211.739
 21
-11.453
 31
0.0
  0
LINE
  5
1921
  8
0
 62
1
 10
211.739
 20
-11.453
 30
0.0
 11
211.414
 21
-10.9663
 31
0.0
  0
LINE
  5
1922
  8
0
 62
1
 10
211.414
 20
-10.9663
 30
0.0
 11
211.3
 21
-10.3923
 31
0.0
  0
LINE
  5
1923
  8
0
 62
1
 10
211.3
 20
-10.3923
 30
0.0
 11
211.414
 21
-9.81827
 31
0.0
  0
LINE
  5
1924
  8
0
 62
1
 10
211.414
 20
-9.81827
 30
0.0
 11
211.739
 21
-9.33163
 31
0.0
  0
LINE
  5
1925
  8
0
 62
1
 10
211.739
 20
-9.33163
 30
0.0
 11
212.226
 21
-9.00648
 31
0.0
  0
LINE
  5
1926
  8
0
 62
1
 10
212.226
 20
-9.00648
 30
0.0
 11
212.8
 21
-8.8923
 31
0.0
  0
LINE
  5
1927
  8
0
 62
1
 10
212.8
 20
-8.8923
 30
0.0
 11
213.374
 21
-9.00648
 31
0.0
  0
LINE
  5
1928
  8
0
 62
1
 10
213.374
 20
-9.00648
 30
0.0
 11
213.861
 21
-9.33163
 31
0.0
  0
LINE
  5
1929
  8
0
 62
1
 10
213.861
 20
-9.33163
 30
0.0
 11
214.186
 21
-9.81827
 31
0.0
  0
LINE
  5
192A
  8
0
 62
1
 10
214.186
 20
-9.81827
 30
0.0
 11
214.3
 21
-10.3923
 31
0.0
  0
LINE
  5
192B
  8
0
 62
1
 10
214.3
 20
-10.3923
 30
0.0
 11
214.186
 21
-10.9663
 31
0.0
  0
LINE
  5
192C
  8
0
 62
1
 10
214.186
 20
-10.9663
 30
0.0
 11
213.861
 21
-11.453
 31
0.0
  0
LINE
  5
192D
  8
0
 62
1
 10
213.861
 20
-11.453
 30
0.0
 11
213.374
 21
-11.7781
 31
0.0
  0
LINE
  5
192E
  8
0
 62
1
 10
213.374
 20
-11.7781
 30
0.0
 11
212.8
 21
-11.8923
 31
0.0
  0
LINE
  5
192F
  8
0
 62
1
 10
212.8
 20
-11.8923
 30
0.0
 11
212.226
 21
-11.7781
 31
0.0
  0
LINE
  5
1930
  8
0
 62
1
 10
206.226
 20
-11.7781
 30
0.0
 11
205.739
 21
-11.453
 31
0.0
  0
LINE
  5
1931
  8
0
 62
1
 10
205.739
 20
-11.453
 30
0.0
 11
205.414
 21
-10.9663
 31
0.0
  0
LINE
  5
1932
  8
0
 62
1
 10
205.414
 20
-10.9663
 30
0.0
 11
205.3
 21
-10.3923
 31
0.0
  0
LINE
  5
1933
  8
0
 62
1
 10
205.3
 20
-10.3923
 30
0.0
 11
205.414
 21
-9.81827
 31
0.0
  0
LINE
  5
1934
  8
0
 62
1
 10
205.414
 20
-9.81827
 30
0.0
 11
205.739
 21
-9.33163
 31
0.0
  0
LINE
  5
1935
  8
0
 62
1
 10
205.739
 20
-9.33163
 30
0.0
 11
206.226
 21
-9.00648
 31
0.0
  0
LINE
  5
1936
  8
0
 62
1
 10
206.226
 20
-9.00648
 30
0.0
 11
206.8
 21
-8.8923
 31
0.0
  0
LINE
  5
1937
  8
0
 62
1
 10
206.8
 20
-8.8923
 30
0.0
 11
207.374
 21
-9.00648
 31
0.0
  0
LINE
  5
1938
  8
0
 62
1
 10
207.374
 20
-9.00648
 30
0.0
 11
207.861
 21
-9.33163
 31
0.0
  0
LINE
  5
1939
  8
0
 62
1
 10
207.861
 20
-9.33163
 30
0.0
 11
208.186
 21
-9.81827
 31
0.0
  0
LINE
  5
193A
  8
0
 62
1
 10
208.186
 20
-9.81827
 30
0.0
 11
208.3
 21
-10.3923
 31
0.0
  0
LINE
  5
193B
  8
0
 62
1
 10
208.3
 20
-10.3923
 30
0.0
 11
208.186
 21
-10.9663
 31
0.0
  0
LINE
  5
193C
  8
0
 62
1
 10
208.186
 20
-10.9663
 30
0.0
 11
207.861
 21
-11.453
 31
0.0
  0
LINE
  5
193D
  8
0
 62
1
 10
207.861
 20
-11.453
 30
0.0
 11
207.374
 21
-11.7781
 31
0.0
  0
LINE
  5
193E
  8
0
 62
1
 10
207.374
 20
-11.7781
 30
0.0
 11
206.8
 21
-11.8923
 31
0.0
  0
LINE
  5
193F
  8
0
 62
1
 10
206.8
 20
-11.8923
 30
0.0
 11
206.226
 21
-11.7781
 31
0.0
  0
LINE
  5
1940
  8
0
 62
1
 10
200.226
 20
-11.7781
 30
0.0
 11
199.739
 21
-11.453
 31
0.0
  0
LINE
  5
1941
  8
0
 62
1
 10
199.739
 20
-11.453
 30
0.0
 11
199.414
 21
-10.9663
 31
0.0
  0
LINE
  5
1942
  8
0
 62
1
 10
199.414
 20
-10.9663
 30
0.0
 11
199.3
 21
-10.3923
 31
0.0
  0
LINE
  5
1943
  8
0
 62
1
 10
199.3
 20
-10.3923
 30
0.0
 11
199.414
 21
-9.81827
 31
0.0
  0
LINE
  5
1944
  8
0
 62
1
 10
199.414
 20
-9.81827
 30
0.0
 11
199.739
 21
-9.33163
 31
0.0
  0
LINE
  5
1945
  8
0
 62
1
 10
199.739
 20
-9.33163
 30
0.0
 11
200.226
 21
-9.00648
 31
0.0
  0
LINE
  5
1946
  8
0
 62
1
 10
200.226
 20
-9.00648
 30
0.0
 11
200.8
 21
-8.8923
 31
0.0
  0
LINE
  5
1947
  8
0
 62
1
 10
200.8
 20
-8.8923
 30
0.0
 11
201.374
 21
-9.00648
 31
0.0
  0
LINE
  5
1948
  8
0
 62
1
 10
201.374
 20
-9.00648
 30
0.0
 11
201.861
 21
-9.33163
 31
0.0
  0
LINE
  5
1949
  8
0
 62
1
 10
201.861
 20
-9.33163
 30
0.0
 11
202.186
 21
-9.81827
 31
0.0
  0
LINE
  5
194A
  8
0
 62
1
 10
202.186
 20
-9.81827
 30
0.0
 11
202.3
 21
-10.3923
 31
0.0
  0
LINE
  5
194B
  8
0
 62
1
 10
202.3
 20
-10.3923
 30
0.0
 11
202.186
 21
-10.9663
 31
0.0
  0
LINE
  5
194C
  8
0
 62
1
 10
202.186
 20
-10.9663
 30
0.0
 11
201.861
 21
-11.453
 31
0.0
  0
LINE
  5
194D
  8
0
 62
1
 10
201.861
 20
-11.453
 30
0.0
 11
201.374
 21
-11.7781
 31
0.0
  0
LINE
  5
194E
  8
0
 62
1
 10
201.374
 20
-11.7781
 30
0.0
 11
200.8
 21
-11.8923
 31
0.0
  0
LINE
  5
194F
  8
0
 62
1
 10
200.8
 20
-11.8923
 30
0.0
 11
200.226
 21
-11.7781
 31
0.0
  0
LINE
  5
1950
  8
0
 62
1
 10
194.226
 20
-11.7781
 30
0.0
 11
193.739
 21
-11.453
 31
0.0
  0
LINE
  5
1951
  8
0
 62
1
 10
193.739
 20
-11.453
 30
0.0
 11
193.414
 21
-10.9663
 31
0.0
  0
LINE
  5
1952
  8
0
 62
1
 10
193.414
 20
-10.9663
 30
0.0
 11
193.3
 21
-10.3923
 31
0.0
  0
LINE
  5
1953
  8
0
 62
1
 10
193.3
 20
-10.3923
 30
0.0
 11
193.414
 21
-9.81827
 31
0.0
  0
LINE
  5
1954
  8
0
 62
1
 10
193.414
 20
-9.81827
 30
0.0
 11
193.739
 21
-9.33163
 31
0.0
  0
LINE
  5
1955
  8
0
 62
1
 10
193.739
 20
-9.33163
 30
0.0
 11
194.226
 21
-9.00648
 31
0.0
  0
LINE
  5
1956
  8
0
 62
1
 10
194.226
 20
-9.00648
 30
0.0
 11
194.8
 21
-8.8923
 31
0.0
  0
LINE
  5
1957
  8
0
 62
1
 10
194.8
 20
-8.8923
 30
0.0
 11
195.374
 21
-9.00648
 31
0.0
  0
LINE
  5
1958
  8
0
 62
1
 10
195.374
 20
-9.00648
 30
0.0
 11
195.861
 21
-9.33163
 31
0.0
  0
LINE
  5
1959
  8
0
 62
1
 10
195.861
 20
-9.33163
 30
0.0
 11
196.186
 21
-9.81827
 31
0.0
  0
LINE
  5
195A
  8
0
 62
1
 10
196.186
 20
-9.81827
 30
0.0
 11
196.3
 21
-10.3923
 31
0.0
  0
LINE
  5
195B
  8
0
 62
1
 10
196.3
 20
-10.3923
 30
0.0
 11
196.186
 21
-10.9663
 31
0.0
  0
LINE
  5
195C
  8
0
 62
1
 10
196.186
 20
-10.9663
 30
0.0
 11
195.861
 21
-11.453
 31
0.0
  0
LINE
  5
195D
  8
0
 62
1
 10
195.861
 20
-11.453
 30
0.0
 11
195.374
 21
-11.7781
 31
0.0
  0
LINE
  5
195E
  8
0
 62
1
 10
195.374
 20
-11.7781
 30
0.0
 11
194.8
 21
-11.8923
 31
0.0
  0
LINE
  5
195F
  8
0
 62
1
 10
194.8
 20
-11.8923
 30
0.0
 11
194.226
 21
-11.7781
 31
0.0
  0
LINE
  5
1960
  8
0
 62
1
 10
182.226
 20
-11.7781
 30
0.0
 11
181.739
 21
-11.453
 31
0.0
  0
LINE
  5
1961
  8
0
 62
1
 10
181.739
 20
-11.453
 30
0.0
 11
181.414
 21
-10.9663
 31
0.0
  0
LINE
  5
1962
  8
0
 62
1
 10
181.414
 20
-10.9663
 30
0.0
 11
181.3
 21
-10.3923
 31
0.0
  0
LINE
  5
1963
  8
0
 62
1
 10
181.3
 20
-10.3923
 30
0.0
 11
181.414
 21
-9.81827
 31
0.0
  0
LINE
  5
1964
  8
0
 62
1
 10
181.414
 20
-9.81827
 30
0.0
 11
181.739
 21
-9.33163
 31
0.0
  0
LINE
  5
1965
  8
0
 62
1
 10
181.739
 20
-9.33163
 30
0.0
 11
182.226
 21
-9.00648
 31
0.0
  0
LINE
  5
1966
  8
0
 62
1
 10
182.226
 20
-9.00648
 30
0.0
 11
182.8
 21
-8.8923
 31
0.0
  0
LINE
  5
1967
  8
0
 62
1
 10
182.8
 20
-8.8923
 30
0.0
 11
183.374
 21
-9.00648
 31
0.0
  0
LINE
  5
1968
  8
0
 62
1
 10
183.374
 20
-9.00648
 30
0.0
 11
183.861
 21
-9.33163
 31
0.0
  0
LINE
  5
1969
  8
0
 62
1
 10
183.861
 20
-9.33163
 30
0.0
 11
184.186
 21
-9.81827
 31
0.0
  0
LINE
  5
196A
  8
0
 62
1
 10
184.186
 20
-9.81827
 30
0.0
 11
184.3
 21
-10.3923
 31
0.0
  0
LINE
  5
196B
  8
0
 62
1
 10
184.3
 20
-10.3923
 30
0.0
 11
184.186
 21
-10.9663
 31
0.0
  0
LINE
  5
196C
  8
0
 62
1
 10
184.186
 20
-10.9663
 30
0.0
 11
183.861
 21
-11.453
 31
0.0
  0
LINE
  5
196D
  8
0
 62
1
 10
183.861
 20
-11.453
 30
0.0
 11
183.374
 21
-11.7781
 31
0.0
  0
LINE
  5
196E
  8
0
 62
1
 10
183.374
 20
-11.7781
 30
0.0
 11
182.8
 21
-11.8923
 31
0.0
  0
LINE
  5
196F
  8
0
 62
1
 10
182.8
 20
-11.8923
 30
0.0
 11
182.226
 21
-11.7781
 31
0.0
  0
LINE
  5
1970
  8
0
 62
1
 10
176.226
 20
-11.7781
 30
0.0
 11
175.739
 21
-11.453
 31
0.0
  0
LINE
  5
1971
  8
0
 62
1
 10
175.739
 20
-11.453
 30
0.0
 11
175.414
 21
-10.9663
 31
0.0
  0
LINE
  5
1972
  8
0
 62
1
 10
175.414
 20
-10.9663
 30
0.0
 11
175.3
 21
-10.3923
 31
0.0
  0
LINE
  5
1973
  8
0
 62
1
 10
175.3
 20
-10.3923
 30
0.0
 11
175.414
 21
-9.81827
 31
0.0
  0
LINE
  5
1974
  8
0
 62
1
 10
175.414
 20
-9.81827
 30
0.0
 11
175.739
 21
-9.33163
 31
0.0
  0
LINE
  5
1975
  8
0
 62
1
 10
175.739
 20
-9.33163
 30
0.0
 11
176.226
 21
-9.00648
 31
0.0
  0
LINE
  5
1976
  8
0
 62
1
 10
176.226
 20
-9.00648
 30
0.0
 11
176.8
 21
-8.8923
 31
0.0
  0
LINE
  5
1977
  8
0
 62
1
 10
176.8
 20
-8.8923
 30
0.0
 11
177.374
 21
-9.00648
 31
0.0
  0
LINE
  5
1978
  8
0
 62
1
 10
177.374
 20
-9.00648
 30
0.0
 11
177.861
 21
-9.33163
 31
0.0
  0
LINE
  5
1979
  8
0
 62
1
 10
177.861
 20
-9.33163
 30
0.0
 11
178.186
 21
-9.81827
 31
0.0
  0
LINE
  5
197A
  8
0
 62
1
 10
178.186
 20
-9.81827
 30
0.0
 11
178.3
 21
-10.3923
 31
0.0
  0
LINE
  5
197B
  8
0
 62
1
 10
178.3
 20
-10.3923
 30
0.0
 11
178.186
 21
-10.9663
 31
0.0
  0
LINE
  5
197C
  8
0
 62
1
 10
178.186
 20
-10.9663
 30
0.0
 11
177.861
 21
-11.453
 31
0.0
  0
LINE
  5
197D
  8
0
 62
1
 10
177.861
 20
-11.453
 30
0.0
 11
177.374
 21
-11.7781
 31
0.0
  0
LINE
  5
197E
  8
0
 62
1
 10
177.374
 20
-11.7781
 30
0.0
 11
176.8
 21
-11.8923
 31
0.0
  0
LINE
  5
197F
  8
0
 62
1
 10
176.8
 20
-11.8923
 30
0.0
 11
176.226
 21
-11.7781
 31
0.0
  0
LINE
  5
1980
  8
0
 62
1
 10
170.226
 20
-11.7781
 30
0.0
 11
169.739
 21
-11.453
 31
0.0
  0
LINE
  5
1981
  8
0
 62
1
 10
169.739
 20
-11.453
 30
0.0
 11
169.414
 21
-10.9663
 31
0.0
  0
LINE
  5
1982
  8
0
 62
1
 10
169.414
 20
-10.9663
 30
0.0
 11
169.3
 21
-10.3923
 31
0.0
  0
LINE
  5
1983
  8
0
 62
1
 10
169.3
 20
-10.3923
 30
0.0
 11
169.414
 21
-9.81827
 31
0.0
  0
LINE
  5
1984
  8
0
 62
1
 10
169.414
 20
-9.81827
 30
0.0
 11
169.739
 21
-9.33163
 31
0.0
  0
LINE
  5
1985
  8
0
 62
1
 10
169.739
 20
-9.33163
 30
0.0
 11
170.226
 21
-9.00648
 31
0.0
  0
LINE
  5
1986
  8
0
 62
1
 10
170.226
 20
-9.00648
 30
0.0
 11
170.8
 21
-8.8923
 31
0.0
  0
LINE
  5
1987
  8
0
 62
1
 10
170.8
 20
-8.8923
 30
0.0
 11
171.374
 21
-9.00648
 31
0.0
  0
LINE
  5
1988
  8
0
 62
1
 10
171.374
 20
-9.00648
 30
0.0
 11
171.861
 21
-9.33163
 31
0.0
  0
LINE
  5
1989
  8
0
 62
1
 10
171.861
 20
-9.33163
 30
0.0
 11
172.186
 21
-9.81827
 31
0.0
  0
LINE
  5
198A
  8
0
 62
1
 10
172.186
 20
-9.81827
 30
0.0
 11
172.3
 21
-10.3923
 31
0.0
  0
LINE
  5
198B
  8
0
 62
1
 10
172.3
 20
-10.3923
 30
0.0
 11
172.186
 21
-10.9663
 31
0.0
  0
LINE
  5
198C
  8
0
 62
1
 10
172.186
 20
-10.9663
 30
0.0
 11
171.861
 21
-11.453
 31
0.0
  0
LINE
  5
198D
  8
0
 62
1
 10
171.861
 20
-11.453
 30
0.0
 11
171.374
 21
-11.7781
 31
0.0
  0
LINE
  5
198E
  8
0
 62
1
 10
171.374
 20
-11.7781
 30
0.0
 11
170.8
 21
-11.8923
 31
0.0
  0
LINE
  5
198F
  8
0
 62
1
 10
170.8
 20
-11.8923
 30
0.0
 11
170.226
 21
-11.7781
 31
0.0
  0
LINE
  5
1990
  8
0
 62
1
 10
158.226
 20
-11.7781
 30
0.0
 11
157.739
 21
-11.453
 31
0.0
  0
LINE
  5
1991
  8
0
 62
1
 10
157.739
 20
-11.453
 30
0.0
 11
157.414
 21
-10.9663
 31
0.0
  0
LINE
  5
1992
  8
0
 62
1
 10
157.414
 20
-10.9663
 30
0.0
 11
157.3
 21
-10.3923
 31
0.0
  0
LINE
  5
1993
  8
0
 62
1
 10
157.3
 20
-10.3923
 30
0.0
 11
157.414
 21
-9.81827
 31
0.0
  0
LINE
  5
1994
  8
0
 62
1
 10
157.414
 20
-9.81827
 30
0.0
 11
157.739
 21
-9.33163
 31
0.0
  0
LINE
  5
1995
  8
0
 62
1
 10
157.739
 20
-9.33163
 30
0.0
 11
158.226
 21
-9.00648
 31
0.0
  0
LINE
  5
1996
  8
0
 62
1
 10
158.226
 20
-9.00648
 30
0.0
 11
158.8
 21
-8.8923
 31
0.0
  0
LINE
  5
1997
  8
0
 62
1
 10
158.8
 20
-8.8923
 30
0.0
 11
159.374
 21
-9.00648
 31
0.0
  0
LINE
  5
1998
  8
0
 62
1
 10
159.374
 20
-9.00648
 30
0.0
 11
159.861
 21
-9.33163
 31
0.0
  0
LINE
  5
1999
  8
0
 62
1
 10
159.861
 20
-9.33163
 30
0.0
 11
160.186
 21
-9.81827
 31
0.0
  0
LINE
  5
199A
  8
0
 62
1
 10
160.186
 20
-9.81827
 30
0.0
 11
160.3
 21
-10.3923
 31
0.0
  0
LINE
  5
199B
  8
0
 62
1
 10
160.3
 20
-10.3923
 30
0.0
 11
160.186
 21
-10.9663
 31
0.0
  0
LINE
  5
199C
  8
0
 62
1
 10
160.186
 20
-10.9663
 30
0.0
 11
159.861
 21
-11.453
 31
0.0
  0
LINE
  5
199D
  8
0
 62
1
 10
159.861
 20
-11.453
 30
0.0
 11
159.374
 21
-11.7781
 31
0.0
  0
LINE
  5
199E
  8
0
 62
1
 10
159.374
 20
-11.7781
 30
0.0
 11
158.8
 21
-11.8923
 31
0.0
  0
LINE
  5
199F
  8
0
 62
1
 10
158.8
 20
-11.8923
 30
0.0
 11
158.226
 21
-11.7781
 31
0.0
  0
LINE
  5
19A0
  8
0
 62
1
 10
152.226
 20
-11.7781
 30
0.0
 11
151.739
 21
-11.453
 31
0.0
  0
LINE
  5
19A1
  8
0
 62
1
 10
151.739
 20
-11.453
 30
0.0
 11
151.414
 21
-10.9663
 31
0.0
  0
LINE
  5
19A2
  8
0
 62
1
 10
151.414
 20
-10.9663
 30
0.0
 11
151.3
 21
-10.3923
 31
0.0
  0
LINE
  5
19A3
  8
0
 62
1
 10
151.3
 20
-10.3923
 30
0.0
 11
151.414
 21
-9.81827
 31
0.0
  0
LINE
  5
19A4
  8
0
 62
1
 10
151.414
 20
-9.81827
 30
0.0
 11
151.739
 21
-9.33163
 31
0.0
  0
LINE
  5
19A5
  8
0
 62
1
 10
151.739
 20
-9.33163
 30
0.0
 11
152.226
 21
-9.00648
 31
0.0
  0
LINE
  5
19A6
  8
0
 62
1
 10
152.226
 20
-9.00648
 30
0.0
 11
152.8
 21
-8.8923
 31
0.0
  0
LINE
  5
19A7
  8
0
 62
1
 10
152.8
 20
-8.8923
 30
0.0
 11
153.374
 21
-9.00648
 31
0.0
  0
LINE
  5
19A8
  8
0
 62
1
 10
153.374
 20
-9.00648
 30
0.0
 11
153.861
 21
-9.33163
 31
0.0
  0
LINE
  5
19A9
  8
0
 62
1
 10
153.861
 20
-9.33163
 30
0.0
 11
154.186
 21
-9.81827
 31
0.0
  0
LINE
  5
19AA
  8
0
 62
1
 10
154.186
 20
-9.81827
 30
0.0
 11
154.3
 21
-10.3923
 31
0.0
  0
LINE
  5
19AB
  8
0
 62
1
 10
154.3
 20
-10.3923
 30
0.0
 11
154.186
 21
-10.9663
 31
0.0
  0
LINE
  5
19AC
  8
0
 62
1
 10
154.186
 20
-10.9663
 30
0.0
 11
153.861
 21
-11.453
 31
0.0
  0
LINE
  5
19AD
  8
0
 62
1
 10
153.861
 20
-11.453
 30
0.0
 11
153.374
 21
-11.7781
 31
0.0
  0
LINE
  5
19AE
  8
0
 62
1
 10
153.374
 20
-11.7781
 30
0.0
 11
152.8
 21
-11.8923
 31
0.0
  0
LINE
  5
19AF
  8
0
 62
1
 10
152.8
 20
-11.8923
 30
0.0
 11
152.226
 21
-11.7781
 31
0.0
  0
LINE
  5
19B0
  8
0
 62
1
 10
146.226
 20
-11.7781
 30
0.0
 11
145.739
 21
-11.453
 31
0.0
  0
LINE
  5
19B1
  8
0
 62
1
 10
145.739
 20
-11.453
 30
0.0
 11
145.414
 21
-10.9663
 31
0.0
  0
LINE
  5
19B2
  8
0
 62
1
 10
145.414
 20
-10.9663
 30
0.0
 11
145.3
 21
-10.3923
 31
0.0
  0
LINE
  5
19B3
  8
0
 62
1
 10
145.3
 20
-10.3923
 30
0.0
 11
145.414
 21
-9.81827
 31
0.0
  0
LINE
  5
19B4
  8
0
 62
1
 10
145.414
 20
-9.81827
 30
0.0
 11
145.739
 21
-9.33163
 31
0.0
  0
LINE
  5
19B5
  8
0
 62
1
 10
145.739
 20
-9.33163
 30
0.0
 11
146.226
 21
-9.00648
 31
0.0
  0
LINE
  5
19B6
  8
0
 62
1
 10
146.226
 20
-9.00648
 30
0.0
 11
146.8
 21
-8.8923
 31
0.0
  0
LINE
  5
19B7
  8
0
 62
1
 10
146.8
 20
-8.8923
 30
0.0
 11
147.374
 21
-9.00648
 31
0.0
  0
LINE
  5
19B8
  8
0
 62
1
 10
147.374
 20
-9.00648
 30
0.0
 11
147.861
 21
-9.33163
 31
0.0
  0
LINE
  5
19B9
  8
0
 62
1
 10
147.861
 20
-9.33163
 30
0.0
 11
148.186
 21
-9.81827
 31
0.0
  0
LINE
  5
19BA
  8
0
 62
1
 10
148.186
 20
-9.81827
 30
0.0
 11
148.3
 21
-10.3923
 31
0.0
  0
LINE
  5
19BB
  8
0
 62
1
 10
148.3
 20
-10.3923
 30
0.0
 11
148.186
 21
-10.9663
 31
0.0
  0
LINE
  5
19BC
  8
0
 62
1
 10
148.186
 20
-10.9663
 30
0.0
 11
147.861
 21
-11.453
 31
0.0
  0
LINE
  5
19BD
  8
0
 62
1
 10
147.861
 20
-11.453
 30
0.0
 11
147.374
 21
-11.7781
 31
0.0
  0
LINE
  5
19BE
  8
0
 62
1
 10
147.374
 20
-11.7781
 30
0.0
 11
146.8
 21
-11.8923
 31
0.0
  0
LINE
  5
19BF
  8
0
 62
1
 10
146.8
 20
-11.8923
 30
0.0
 11
146.226
 21
-11.7781
 31
0.0
  0
LINE
  5
19C0
  8
0
 62
1
 10
140.226
 20
-11.7781
 30
0.0
 11
139.739
 21
-11.453
 31
0.0
  0
LINE
  5
19C1
  8
0
 62
1
 10
139.739
 20
-11.453
 30
0.0
 11
139.414
 21
-10.9663
 31
0.0
  0
LINE
  5
19C2
  8
0
 62
1
 10
139.414
 20
-10.9663
 30
0.0
 11
139.3
 21
-10.3923
 31
0.0
  0
LINE
  5
19C3
  8
0
 62
1
 10
139.3
 20
-10.3923
 30
0.0
 11
139.414
 21
-9.81827
 31
0.0
  0
LINE
  5
19C4
  8
0
 62
1
 10
139.414
 20
-9.81827
 30
0.0
 11
139.739
 21
-9.33163
 31
0.0
  0
LINE
  5
19C5
  8
0
 62
1
 10
139.739
 20
-9.33163
 30
0.0
 11
140.226
 21
-9.00648
 31
0.0
  0
LINE
  5
19C6
  8
0
 62
1
 10
140.226
 20
-9.00648
 30
0.0
 11
140.8
 21
-8.8923
 31
0.0
  0
LINE
  5
19C7
  8
0
 62
1
 10
140.8
 20
-8.8923
 30
0.0
 11
141.374
 21
-9.00648
 31
0.0
  0
LINE
  5
19C8
  8
0
 62
1
 10
141.374
 20
-9.00648
 30
0.0
 11
141.861
 21
-9.33163
 31
0.0
  0
LINE
  5
19C9
  8
0
 62
1
 10
141.861
 20
-9.33163
 30
0.0
 11
142.186
 21
-9.81827
 31
0.0
  0
LINE
  5
19CA
  8
0
 62
1
 10
142.186
 20
-9.81827
 30
0.0
 11
142.3
 21
-10.3923
 31
0.0
  0
LINE
  5
19CB
  8
0
 62
1
 10
142.3
 20
-10.3923
 30
0.0
 11
142.186
 21
-10.9663
 31
0.0
  0
LINE
  5
19CC
  8
0
 62
1
 10
142.186
 20
-10.9663
 30
0.0
 11
141.861
 21
-11.453
 31
0.0
  0
LINE
  5
19CD
  8
0
 62
1
 10
141.861
 20
-11.453
 30
0.0
 11
141.374
 21
-11.7781
 31
0.0
  0
LINE
  5
19CE
  8
0
 62
1
 10
141.374
 20
-11.7781
 30
0.0
 11
140.8
 21
-11.8923
 31
0.0
  0
LINE
  5
19CF
  8
0
 62
1
 10
140.8
 20
-11.8923
 30
0.0
 11
140.226
 21
-11.7781
 31
0.0
  0
LINE
  5
19D0
  8
0
 62
1
 10
188.226
 20
-11.7781
 30
0.0
 11
187.739
 21
-11.453
 31
0.0
  0
LINE
  5
19D1
  8
0
 62
1
 10
187.739
 20
-11.453
 30
0.0
 11
187.414
 21
-10.9663
 31
0.0
  0
LINE
  5
19D2
  8
0
 62
1
 10
187.414
 20
-10.9663
 30
0.0
 11
187.3
 21
-10.3923
 31
0.0
  0
LINE
  5
19D3
  8
0
 62
1
 10
187.3
 20
-10.3923
 30
0.0
 11
187.414
 21
-9.81827
 31
0.0
  0
LINE
  5
19D4
  8
0
 62
1
 10
187.414
 20
-9.81827
 30
0.0
 11
187.739
 21
-9.33163
 31
0.0
  0
LINE
  5
19D5
  8
0
 62
1
 10
187.739
 20
-9.33163
 30
0.0
 11
188.226
 21
-9.00648
 31
0.0
  0
LINE
  5
19D6
  8
0
 62
1
 10
188.226
 20
-9.00648
 30
0.0
 11
188.8
 21
-8.8923
 31
0.0
  0
LINE
  5
19D7
  8
0
 62
1
 10
188.8
 20
-8.8923
 30
0.0
 11
189.374
 21
-9.00648
 31
0.0
  0
LINE
  5
19D8
  8
0
 62
1
 10
189.374
 20
-9.00648
 30
0.0
 11
189.861
 21
-9.33163
 31
0.0
  0
LINE
  5
19D9
  8
0
 62
1
 10
189.861
 20
-9.33163
 30
0.0
 11
190.186
 21
-9.81827
 31
0.0
  0
LINE
  5
19DA
  8
0
 62
1
 10
190.186
 20
-9.81827
 30
0.0
 11
190.3
 21
-10.3923
 31
0.0
  0
LINE
  5
19DB
  8
0
 62
1
 10
190.3
 20
-10.3923
 30
0.0
 11
190.186
 21
-10.9663
 31
0.0
  0
LINE
  5
19DC
  8
0
 62
1
 10
190.186
 20
-10.9663
 30
0.0
 11
189.861
 21
-11.453
 31
0.0
  0
LINE
  5
19DD
  8
0
 62
1
 10
189.861
 20
-11.453
 30
0.0
 11
189.374
 21
-11.7781
 31
0.0
  0
LINE
  5
19DE
  8
0
 62
1
 10
189.374
 20
-11.7781
 30
0.0
 11
188.8
 21
-11.8923
 31
0.0
  0
LINE
  5
19DF
  8
0
 62
1
 10
188.8
 20
-11.8923
 30
0.0
 11
188.226
 21
-11.7781
 31
0.0
  0
LINE
  5
19E0
  8
0
 62
1
 10
258.794
 20
-19.9685
 30
0.0
 11
258.59
 21
-19.9492
 31
0.0
  0
LINE
  5
19E1
  8
0
 62
1
 10
258.59
 20
-19.9492
 30
0.0
 11
258.386
 21
-19.917
 31
0.0
  0
LINE
  5
19E2
  8
0
 62
1
 10
258.386
 20
-19.917
 30
0.0
 11
258.186
 21
-19.8721
 31
0.0
  0
LINE
  5
19E3
  8
0
 62
1
 10
258.186
 20
-19.8721
 30
0.0
 11
257.988
 21
-19.8147
 31
0.0
  0
LINE
  5
19E4
  8
0
 62
1
 10
257.988
 20
-19.8147
 30
0.0
 11
257.794
 21
-19.745
 31
0.0
  0
LINE
  5
19E5
  8
0
 62
1
 10
257.794
 20
-19.745
 30
0.0
 11
257.606
 21
-19.6633
 31
0.0
  0
LINE
  5
19E6
  8
0
 62
1
 10
257.606
 20
-19.6633
 30
0.0
 11
257.422
 21
-19.5699
 31
0.0
  0
LINE
  5
19E7
  8
0
 62
1
 10
257.422
 20
-19.5699
 30
0.0
 11
257.245
 21
-19.4652
 31
0.0
  0
LINE
  5
19E8
  8
0
 62
1
 10
257.245
 20
-19.4652
 30
0.0
 11
257.075
 21
-19.3495
 31
0.0
  0
LINE
  5
19E9
  8
0
 62
1
 10
257.075
 20
-19.3495
 30
0.0
 11
256.912
 21
-19.2234
 31
0.0
  0
LINE
  5
19EA
  8
0
 62
1
 10
256.912
 20
-19.2234
 30
0.0
 11
256.758
 21
-19.0874
 31
0.0
  0
LINE
  5
19EB
  8
0
 62
1
 10
256.758
 20
-19.0874
 30
0.0
 11
256.613
 21
-18.9419
 31
0.0
  0
LINE
  5
19EC
  8
0
 62
1
 10
256.613
 20
-18.9419
 30
0.0
 11
256.477
 21
-18.7876
 31
0.0
  0
LINE
  5
19ED
  8
0
 62
1
 10
256.477
 20
-18.7876
 30
0.0
 11
256.35
 21
-18.625
 31
0.0
  0
LINE
  5
19EE
  8
0
 62
1
 10
256.35
 20
-18.625
 30
0.0
 11
256.235
 21
-18.4548
 31
0.0
  0
LINE
  5
19EF
  8
0
 62
1
 10
256.235
 20
-18.4548
 30
0.0
 11
256.13
 21
-18.2777
 31
0.0
  0
LINE
  5
19F0
  8
0
 62
1
 10
256.13
 20
-18.2777
 30
0.0
 11
256.037
 21
-18.0944
 31
0.0
  0
LINE
  5
19F1
  8
0
 62
1
 10
256.037
 20
-18.0944
 30
0.0
 11
255.955
 21
-17.9056
 31
0.0
  0
LINE
  5
19F2
  8
0
 62
1
 10
255.955
 20
-17.9056
 30
0.0
 11
255.885
 21
-17.712
 31
0.0
  0
LINE
  5
19F3
  8
0
 62
1
 10
255.885
 20
-17.712
 30
0.0
 11
255.828
 21
-17.5145
 31
0.0
  0
LINE
  5
19F4
  8
0
 62
1
 10
255.828
 20
-17.5145
 30
0.0
 11
255.783
 21
-17.3137
 31
0.0
  0
LINE
  5
19F5
  8
0
 62
1
 10
255.783
 20
-17.3137
 30
0.0
 11
255.751
 21
-17.1105
 31
0.0
  0
LINE
  5
19F6
  8
0
 62
1
 10
255.751
 20
-17.1105
 30
0.0
 11
255.731
 21
-16.9056
 31
0.0
  0
LINE
  5
19F7
  8
0
 62
1
 10
255.731
 20
-16.9056
 30
0.0
 11
255.725
 21
-16.7
 31
0.0
  0
LINE
  5
19F8
  8
0
 62
1
 10
255.725
 20
-16.7
 30
0.0
 11
255.731
 21
-16.4944
 31
0.0
  0
LINE
  5
19F9
  8
0
 62
1
 10
255.731
 20
-16.4944
 30
0.0
 11
255.751
 21
-16.2895
 31
0.0
  0
LINE
  5
19FA
  8
0
 62
1
 10
255.751
 20
-16.2895
 30
0.0
 11
255.783
 21
-16.0863
 31
0.0
  0
LINE
  5
19FB
  8
0
 62
1
 10
255.783
 20
-16.0863
 30
0.0
 11
255.828
 21
-15.8855
 31
0.0
  0
LINE
  5
19FC
  8
0
 62
1
 10
255.828
 20
-15.8855
 30
0.0
 11
255.885
 21
-15.688
 31
0.0
  0
LINE
  5
19FD
  8
0
 62
1
 10
255.885
 20
-15.688
 30
0.0
 11
255.955
 21
-15.4944
 31
0.0
  0
LINE
  5
19FE
  8
0
 62
1
 10
255.955
 20
-15.4944
 30
0.0
 11
256.037
 21
-15.3056
 31
0.0
  0
LINE
  5
19FF
  8
0
 62
1
 10
256.037
 20
-15.3056
 30
0.0
 11
256.13
 21
-15.1223
 31
0.0
  0
LINE
  5
1A00
  8
0
 62
1
 10
256.13
 20
-15.1223
 30
0.0
 11
256.235
 21
-14.9452
 31
0.0
  0
LINE
  5
1A01
  8
0
 62
1
 10
256.235
 20
-14.9452
 30
0.0
 11
256.35
 21
-14.775
 31
0.0
  0
LINE
  5
1A02
  8
0
 62
1
 10
256.35
 20
-14.775
 30
0.0
 11
256.477
 21
-14.6124
 31
0.0
  0
LINE
  5
1A03
  8
0
 62
1
 10
256.477
 20
-14.6124
 30
0.0
 11
256.613
 21
-14.4581
 31
0.0
  0
LINE
  5
1A04
  8
0
 62
1
 10
256.613
 20
-14.4581
 30
0.0
 11
256.758
 21
-14.3126
 31
0.0
  0
LINE
  5
1A05
  8
0
 62
1
 10
256.758
 20
-14.3126
 30
0.0
 11
256.912
 21
-14.1766
 31
0.0
  0
LINE
  5
1A06
  8
0
 62
1
 10
256.912
 20
-14.1766
 30
0.0
 11
257.075
 21
-14.0505
 31
0.0
  0
LINE
  5
1A07
  8
0
 62
1
 10
257.075
 20
-14.0505
 30
0.0
 11
257.245
 21
-13.9348
 31
0.0
  0
LINE
  5
1A08
  8
0
 62
1
 10
257.245
 20
-13.9348
 30
0.0
 11
257.422
 21
-13.8301
 31
0.0
  0
LINE
  5
1A09
  8
0
 62
1
 10
257.422
 20
-13.8301
 30
0.0
 11
257.606
 21
-13.7367
 31
0.0
  0
LINE
  5
1A0A
  8
0
 62
1
 10
257.606
 20
-13.7367
 30
0.0
 11
257.794
 21
-13.655
 31
0.0
  0
LINE
  5
1A0B
  8
0
 62
1
 10
257.794
 20
-13.655
 30
0.0
 11
257.988
 21
-13.5853
 31
0.0
  0
LINE
  5
1A0C
  8
0
 62
1
 10
257.988
 20
-13.5853
 30
0.0
 11
258.186
 21
-13.5279
 31
0.0
  0
LINE
  5
1A0D
  8
0
 62
1
 10
258.186
 20
-13.5279
 30
0.0
 11
258.386
 21
-13.483
 31
0.0
  0
LINE
  5
1A0E
  8
0
 62
1
 10
258.386
 20
-13.483
 30
0.0
 11
258.59
 21
-13.4508
 31
0.0
  0
LINE
  5
1A0F
  8
0
 62
1
 10
258.59
 20
-13.4508
 30
0.0
 11
258.794
 21
-13.4315
 31
0.0
  0
LINE
  5
1A10
  8
0
 62
1
 10
258.794
 20
-13.4315
 30
0.0
 11
259.0
 21
-13.425
 31
0.0
  0
LINE
  5
1A11
  8
0
 62
1
 10
259.0
 20
-13.425
 30
0.0
 11
259.206
 21
-13.4315
 31
0.0
  0
LINE
  5
1A12
  8
0
 62
1
 10
259.206
 20
-13.4315
 30
0.0
 11
259.41
 21
-13.4508
 31
0.0
  0
LINE
  5
1A13
  8
0
 62
1
 10
259.41
 20
-13.4508
 30
0.0
 11
259.614
 21
-13.483
 31
0.0
  0
LINE
  5
1A14
  8
0
 62
1
 10
259.614
 20
-13.483
 30
0.0
 11
259.814
 21
-13.5279
 31
0.0
  0
LINE
  5
1A15
  8
0
 62
1
 10
259.814
 20
-13.5279
 30
0.0
 11
260.012
 21
-13.5853
 31
0.0
  0
LINE
  5
1A16
  8
0
 62
1
 10
260.012
 20
-13.5853
 30
0.0
 11
260.206
 21
-13.655
 31
0.0
  0
LINE
  5
1A17
  8
0
 62
1
 10
260.206
 20
-13.655
 30
0.0
 11
260.394
 21
-13.7367
 31
0.0
  0
LINE
  5
1A18
  8
0
 62
1
 10
260.394
 20
-13.7367
 30
0.0
 11
260.578
 21
-13.8301
 31
0.0
  0
LINE
  5
1A19
  8
0
 62
1
 10
260.578
 20
-13.8301
 30
0.0
 11
260.755
 21
-13.9348
 31
0.0
  0
LINE
  5
1A1A
  8
0
 62
1
 10
260.755
 20
-13.9348
 30
0.0
 11
260.925
 21
-14.0505
 31
0.0
  0
LINE
  5
1A1B
  8
0
 62
1
 10
260.925
 20
-14.0505
 30
0.0
 11
261.088
 21
-14.1766
 31
0.0
  0
LINE
  5
1A1C
  8
0
 62
1
 10
261.088
 20
-14.1766
 30
0.0
 11
261.242
 21
-14.3126
 31
0.0
  0
LINE
  5
1A1D
  8
0
 62
1
 10
261.242
 20
-14.3126
 30
0.0
 11
261.387
 21
-14.4581
 31
0.0
  0
LINE
  5
1A1E
  8
0
 62
1
 10
261.387
 20
-14.4581
 30
0.0
 11
261.523
 21
-14.6124
 31
0.0
  0
LINE
  5
1A1F
  8
0
 62
1
 10
261.523
 20
-14.6124
 30
0.0
 11
261.65
 21
-14.775
 31
0.0
  0
LINE
  5
1A20
  8
0
 62
1
 10
261.65
 20
-14.775
 30
0.0
 11
261.765
 21
-14.9452
 31
0.0
  0
LINE
  5
1A21
  8
0
 62
1
 10
261.765
 20
-14.9452
 30
0.0
 11
261.87
 21
-15.1223
 31
0.0
  0
LINE
  5
1A22
  8
0
 62
1
 10
261.87
 20
-15.1223
 30
0.0
 11
261.963
 21
-15.3056
 31
0.0
  0
LINE
  5
1A23
  8
0
 62
1
 10
261.963
 20
-15.3056
 30
0.0
 11
262.045
 21
-15.4944
 31
0.0
  0
LINE
  5
1A24
  8
0
 62
1
 10
262.045
 20
-15.4944
 30
0.0
 11
262.115
 21
-15.688
 31
0.0
  0
LINE
  5
1A25
  8
0
 62
1
 10
262.115
 20
-15.688
 30
0.0
 11
262.172
 21
-15.8855
 31
0.0
  0
LINE
  5
1A26
  8
0
 62
1
 10
262.172
 20
-15.8855
 30
0.0
 11
262.217
 21
-16.0863
 31
0.0
  0
LINE
  5
1A27
  8
0
 62
1
 10
262.217
 20
-16.0863
 30
0.0
 11
262.249
 21
-16.2895
 31
0.0
  0
LINE
  5
1A28
  8
0
 62
1
 10
262.249
 20
-16.2895
 30
0.0
 11
262.269
 21
-16.4944
 31
0.0
  0
LINE
  5
1A29
  8
0
 62
1
 10
262.269
 20
-16.4944
 30
0.0
 11
262.275
 21
-16.7
 31
0.0
  0
LINE
  5
1A2A
  8
0
 62
1
 10
262.275
 20
-16.7
 30
0.0
 11
262.269
 21
-16.9056
 31
0.0
  0
LINE
  5
1A2B
  8
0
 62
1
 10
262.269
 20
-16.9056
 30
0.0
 11
262.249
 21
-17.1105
 31
0.0
  0
LINE
  5
1A2C
  8
0
 62
1
 10
262.249
 20
-17.1105
 30
0.0
 11
262.217
 21
-17.3137
 31
0.0
  0
LINE
  5
1A2D
  8
0
 62
1
 10
262.217
 20
-17.3137
 30
0.0
 11
262.172
 21
-17.5145
 31
0.0
  0
LINE
  5
1A2E
  8
0
 62
1
 10
262.172
 20
-17.5145
 30
0.0
 11
262.115
 21
-17.712
 31
0.0
  0
LINE
  5
1A2F
  8
0
 62
1
 10
262.115
 20
-17.712
 30
0.0
 11
262.045
 21
-17.9056
 31
0.0
  0
LINE
  5
1A30
  8
0
 62
1
 10
262.045
 20
-17.9056
 30
0.0
 11
261.963
 21
-18.0944
 31
0.0
  0
LINE
  5
1A31
  8
0
 62
1
 10
261.963
 20
-18.0944
 30
0.0
 11
261.87
 21
-18.2777
 31
0.0
  0
LINE
  5
1A32
  8
0
 62
1
 10
261.87
 20
-18.2777
 30
0.0
 11
261.765
 21
-18.4548
 31
0.0
  0
LINE
  5
1A33
  8
0
 62
1
 10
261.765
 20
-18.4548
 30
0.0
 11
261.65
 21
-18.625
 31
0.0
  0
LINE
  5
1A34
  8
0
 62
1
 10
261.65
 20
-18.625
 30
0.0
 11
261.523
 21
-18.7876
 31
0.0
  0
LINE
  5
1A35
  8
0
 62
1
 10
261.523
 20
-18.7876
 30
0.0
 11
261.387
 21
-18.9419
 31
0.0
  0
LINE
  5
1A36
  8
0
 62
1
 10
261.387
 20
-18.9419
 30
0.0
 11
261.242
 21
-19.0874
 31
0.0
  0
LINE
  5
1A37
  8
0
 62
1
 10
261.242
 20
-19.0874
 30
0.0
 11
261.088
 21
-19.2234
 31
0.0
  0
LINE
  5
1A38
  8
0
 62
1
 10
261.088
 20
-19.2234
 30
0.0
 11
260.925
 21
-19.3495
 31
0.0
  0
LINE
  5
1A39
  8
0
 62
1
 10
260.925
 20
-19.3495
 30
0.0
 11
260.755
 21
-19.4652
 31
0.0
  0
LINE
  5
1A3A
  8
0
 62
1
 10
260.755
 20
-19.4652
 30
0.0
 11
260.578
 21
-19.5699
 31
0.0
  0
LINE
  5
1A3B
  8
0
 62
1
 10
260.578
 20
-19.5699
 30
0.0
 11
260.394
 21
-19.6633
 31
0.0
  0
LINE
  5
1A3C
  8
0
 62
1
 10
260.394
 20
-19.6633
 30
0.0
 11
260.206
 21
-19.745
 31
0.0
  0
LINE
  5
1A3D
  8
0
 62
1
 10
260.206
 20
-19.745
 30
0.0
 11
260.012
 21
-19.8147
 31
0.0
  0
LINE
  5
1A3E
  8
0
 62
1
 10
260.012
 20
-19.8147
 30
0.0
 11
259.814
 21
-19.8721
 31
0.0
  0
LINE
  5
1A3F
  8
0
 62
1
 10
259.814
 20
-19.8721
 30
0.0
 11
259.614
 21
-19.917
 31
0.0
  0
LINE
  5
1A40
  8
0
 62
1
 10
259.614
 20
-19.917
 30
0.0
 11
259.41
 21
-19.9492
 31
0.0
  0
LINE
  5
1A41
  8
0
 62
1
 10
259.41
 20
-19.9492
 30
0.0
 11
259.206
 21
-19.9685
 31
0.0
  0
LINE
  5
1A42
  8
0
 62
1
 10
259.206
 20
-19.9685
 30
0.0
 11
259.0
 21
-19.975
 31
0.0
  0
LINE
  5
1A43
  8
0
 62
1
 10
259.0
 20
-19.975
 30
0.0
 11
258.794
 21
-19.9685
 31
0.0
  0
LINE
  5
1A44
  8
0
 62
1
 10
106.394
 20
-19.9685
 30
0.0
 11
106.19
 21
-19.9492
 31
0.0
  0
LINE
  5
1A45
  8
0
 62
1
 10
106.19
 20
-19.9492
 30
0.0
 11
105.986
 21
-19.917
 31
0.0
  0
LINE
  5
1A46
  8
0
 62
1
 10
105.986
 20
-19.917
 30
0.0
 11
105.786
 21
-19.8721
 31
0.0
  0
LINE
  5
1A47
  8
0
 62
1
 10
105.786
 20
-19.8721
 30
0.0
 11
105.588
 21
-19.8147
 31
0.0
  0
LINE
  5
1A48
  8
0
 62
1
 10
105.588
 20
-19.8147
 30
0.0
 11
105.394
 21
-19.745
 31
0.0
  0
LINE
  5
1A49
  8
0
 62
1
 10
105.394
 20
-19.745
 30
0.0
 11
105.206
 21
-19.6633
 31
0.0
  0
LINE
  5
1A4A
  8
0
 62
1
 10
105.206
 20
-19.6633
 30
0.0
 11
105.022
 21
-19.5699
 31
0.0
  0
LINE
  5
1A4B
  8
0
 62
1
 10
105.022
 20
-19.5699
 30
0.0
 11
104.845
 21
-19.4652
 31
0.0
  0
LINE
  5
1A4C
  8
0
 62
1
 10
104.845
 20
-19.4652
 30
0.0
 11
104.675
 21
-19.3495
 31
0.0
  0
LINE
  5
1A4D
  8
0
 62
1
 10
104.675
 20
-19.3495
 30
0.0
 11
104.512
 21
-19.2234
 31
0.0
  0
LINE
  5
1A4E
  8
0
 62
1
 10
104.512
 20
-19.2234
 30
0.0
 11
104.358
 21
-19.0874
 31
0.0
  0
LINE
  5
1A4F
  8
0
 62
1
 10
104.358
 20
-19.0874
 30
0.0
 11
104.213
 21
-18.9419
 31
0.0
  0
LINE
  5
1A50
  8
0
 62
1
 10
104.213
 20
-18.9419
 30
0.0
 11
104.077
 21
-18.7876
 31
0.0
  0
LINE
  5
1A51
  8
0
 62
1
 10
104.077
 20
-18.7876
 30
0.0
 11
103.95
 21
-18.625
 31
0.0
  0
LINE
  5
1A52
  8
0
 62
1
 10
103.95
 20
-18.625
 30
0.0
 11
103.835
 21
-18.4548
 31
0.0
  0
LINE
  5
1A53
  8
0
 62
1
 10
103.835
 20
-18.4548
 30
0.0
 11
103.73
 21
-18.2777
 31
0.0
  0
LINE
  5
1A54
  8
0
 62
1
 10
103.73
 20
-18.2777
 30
0.0
 11
103.637
 21
-18.0944
 31
0.0
  0
LINE
  5
1A55
  8
0
 62
1
 10
103.637
 20
-18.0944
 30
0.0
 11
103.555
 21
-17.9056
 31
0.0
  0
LINE
  5
1A56
  8
0
 62
1
 10
103.555
 20
-17.9056
 30
0.0
 11
103.485
 21
-17.712
 31
0.0
  0
LINE
  5
1A57
  8
0
 62
1
 10
103.485
 20
-17.712
 30
0.0
 11
103.428
 21
-17.5145
 31
0.0
  0
LINE
  5
1A58
  8
0
 62
1
 10
103.428
 20
-17.5145
 30
0.0
 11
103.383
 21
-17.3137
 31
0.0
  0
LINE
  5
1A59
  8
0
 62
1
 10
103.383
 20
-17.3137
 30
0.0
 11
103.351
 21
-17.1105
 31
0.0
  0
LINE
  5
1A5A
  8
0
 62
1
 10
103.351
 20
-17.1105
 30
0.0
 11
103.331
 21
-16.9056
 31
0.0
  0
LINE
  5
1A5B
  8
0
 62
1
 10
103.331
 20
-16.9056
 30
0.0
 11
103.325
 21
-16.7
 31
0.0
  0
LINE
  5
1A5C
  8
0
 62
1
 10
103.325
 20
-16.7
 30
0.0
 11
103.331
 21
-16.4944
 31
0.0
  0
LINE
  5
1A5D
  8
0
 62
1
 10
103.331
 20
-16.4944
 30
0.0
 11
103.351
 21
-16.2895
 31
0.0
  0
LINE
  5
1A5E
  8
0
 62
1
 10
103.351
 20
-16.2895
 30
0.0
 11
103.383
 21
-16.0863
 31
0.0
  0
LINE
  5
1A5F
  8
0
 62
1
 10
103.383
 20
-16.0863
 30
0.0
 11
103.428
 21
-15.8855
 31
0.0
  0
LINE
  5
1A60
  8
0
 62
1
 10
103.428
 20
-15.8855
 30
0.0
 11
103.485
 21
-15.688
 31
0.0
  0
LINE
  5
1A61
  8
0
 62
1
 10
103.485
 20
-15.688
 30
0.0
 11
103.555
 21
-15.4944
 31
0.0
  0
LINE
  5
1A62
  8
0
 62
1
 10
103.555
 20
-15.4944
 30
0.0
 11
103.637
 21
-15.3056
 31
0.0
  0
LINE
  5
1A63
  8
0
 62
1
 10
103.637
 20
-15.3056
 30
0.0
 11
103.73
 21
-15.1223
 31
0.0
  0
LINE
  5
1A64
  8
0
 62
1
 10
103.73
 20
-15.1223
 30
0.0
 11
103.835
 21
-14.9452
 31
0.0
  0
LINE
  5
1A65
  8
0
 62
1
 10
103.835
 20
-14.9452
 30
0.0
 11
103.95
 21
-14.775
 31
0.0
  0
LINE
  5
1A66
  8
0
 62
1
 10
103.95
 20
-14.775
 30
0.0
 11
104.077
 21
-14.6124
 31
0.0
  0
LINE
  5
1A67
  8
0
 62
1
 10
104.077
 20
-14.6124
 30
0.0
 11
104.213
 21
-14.4581
 31
0.0
  0
LINE
  5
1A68
  8
0
 62
1
 10
104.213
 20
-14.4581
 30
0.0
 11
104.358
 21
-14.3126
 31
0.0
  0
LINE
  5
1A69
  8
0
 62
1
 10
104.358
 20
-14.3126
 30
0.0
 11
104.512
 21
-14.1766
 31
0.0
  0
LINE
  5
1A6A
  8
0
 62
1
 10
104.512
 20
-14.1766
 30
0.0
 11
104.675
 21
-14.0505
 31
0.0
  0
LINE
  5
1A6B
  8
0
 62
1
 10
104.675
 20
-14.0505
 30
0.0
 11
104.845
 21
-13.9348
 31
0.0
  0
LINE
  5
1A6C
  8
0
 62
1
 10
104.845
 20
-13.9348
 30
0.0
 11
105.022
 21
-13.8301
 31
0.0
  0
LINE
  5
1A6D
  8
0
 62
1
 10
105.022
 20
-13.8301
 30
0.0
 11
105.206
 21
-13.7367
 31
0.0
  0
LINE
  5
1A6E
  8
0
 62
1
 10
105.206
 20
-13.7367
 30
0.0
 11
105.394
 21
-13.655
 31
0.0
  0
LINE
  5
1A6F
  8
0
 62
1
 10
105.394
 20
-13.655
 30
0.0
 11
105.588
 21
-13.5853
 31
0.0
  0
LINE
  5
1A70
  8
0
 62
1
 10
105.588
 20
-13.5853
 30
0.0
 11
105.786
 21
-13.5279
 31
0.0
  0
LINE
  5
1A71
  8
0
 62
1
 10
105.786
 20
-13.5279
 30
0.0
 11
105.986
 21
-13.483
 31
0.0
  0
LINE
  5
1A72
  8
0
 62
1
 10
105.986
 20
-13.483
 30
0.0
 11
106.19
 21
-13.4508
 31
0.0
  0
LINE
  5
1A73
  8
0
 62
1
 10
106.19
 20
-13.4508
 30
0.0
 11
106.394
 21
-13.4315
 31
0.0
  0
LINE
  5
1A74
  8
0
 62
1
 10
106.394
 20
-13.4315
 30
0.0
 11
106.6
 21
-13.425
 31
0.0
  0
LINE
  5
1A75
  8
0
 62
1
 10
106.6
 20
-13.425
 30
0.0
 11
106.806
 21
-13.4315
 31
0.0
  0
LINE
  5
1A76
  8
0
 62
1
 10
106.806
 20
-13.4315
 30
0.0
 11
107.01
 21
-13.4508
 31
0.0
  0
LINE
  5
1A77
  8
0
 62
1
 10
107.01
 20
-13.4508
 30
0.0
 11
107.214
 21
-13.483
 31
0.0
  0
LINE
  5
1A78
  8
0
 62
1
 10
107.214
 20
-13.483
 30
0.0
 11
107.414
 21
-13.5279
 31
0.0
  0
LINE
  5
1A79
  8
0
 62
1
 10
107.414
 20
-13.5279
 30
0.0
 11
107.612
 21
-13.5853
 31
0.0
  0
LINE
  5
1A7A
  8
0
 62
1
 10
107.612
 20
-13.5853
 30
0.0
 11
107.806
 21
-13.655
 31
0.0
  0
LINE
  5
1A7B
  8
0
 62
1
 10
107.806
 20
-13.655
 30
0.0
 11
107.994
 21
-13.7367
 31
0.0
  0
LINE
  5
1A7C
  8
0
 62
1
 10
107.994
 20
-13.7367
 30
0.0
 11
108.178
 21
-13.8301
 31
0.0
  0
LINE
  5
1A7D
  8
0
 62
1
 10
108.178
 20
-13.8301
 30
0.0
 11
108.355
 21
-13.9348
 31
0.0
  0
LINE
  5
1A7E
  8
0
 62
1
 10
108.355
 20
-13.9348
 30
0.0
 11
108.525
 21
-14.0505
 31
0.0
  0
LINE
  5
1A7F
  8
0
 62
1
 10
108.525
 20
-14.0505
 30
0.0
 11
108.688
 21
-14.1766
 31
0.0
  0
LINE
  5
1A80
  8
0
 62
1
 10
108.688
 20
-14.1766
 30
0.0
 11
108.842
 21
-14.3126
 31
0.0
  0
LINE
  5
1A81
  8
0
 62
1
 10
108.842
 20
-14.3126
 30
0.0
 11
108.987
 21
-14.4581
 31
0.0
  0
LINE
  5
1A82
  8
0
 62
1
 10
108.987
 20
-14.4581
 30
0.0
 11
109.123
 21
-14.6124
 31
0.0
  0
LINE
  5
1A83
  8
0
 62
1
 10
109.123
 20
-14.6124
 30
0.0
 11
109.25
 21
-14.775
 31
0.0
  0
LINE
  5
1A84
  8
0
 62
1
 10
109.25
 20
-14.775
 30
0.0
 11
109.365
 21
-14.9452
 31
0.0
  0
LINE
  5
1A85
  8
0
 62
1
 10
109.365
 20
-14.9452
 30
0.0
 11
109.47
 21
-15.1223
 31
0.0
  0
LINE
  5
1A86
  8
0
 62
1
 10
109.47
 20
-15.1223
 30
0.0
 11
109.563
 21
-15.3056
 31
0.0
  0
LINE
  5
1A87
  8
0
 62
1
 10
109.563
 20
-15.3056
 30
0.0
 11
109.645
 21
-15.4944
 31
0.0
  0
LINE
  5
1A88
  8
0
 62
1
 10
109.645
 20
-15.4944
 30
0.0
 11
109.715
 21
-15.688
 31
0.0
  0
LINE
  5
1A89
  8
0
 62
1
 10
109.715
 20
-15.688
 30
0.0
 11
109.772
 21
-15.8855
 31
0.0
  0
LINE
  5
1A8A
  8
0
 62
1
 10
109.772
 20
-15.8855
 30
0.0
 11
109.817
 21
-16.0863
 31
0.0
  0
LINE
  5
1A8B
  8
0
 62
1
 10
109.817
 20
-16.0863
 30
0.0
 11
109.849
 21
-16.2895
 31
0.0
  0
LINE
  5
1A8C
  8
0
 62
1
 10
109.849
 20
-16.2895
 30
0.0
 11
109.869
 21
-16.4944
 31
0.0
  0
LINE
  5
1A8D
  8
0
 62
1
 10
109.869
 20
-16.4944
 30
0.0
 11
109.875
 21
-16.7
 31
0.0
  0
LINE
  5
1A8E
  8
0
 62
1
 10
109.875
 20
-16.7
 30
0.0
 11
109.869
 21
-16.9056
 31
0.0
  0
LINE
  5
1A8F
  8
0
 62
1
 10
109.869
 20
-16.9056
 30
0.0
 11
109.849
 21
-17.1105
 31
0.0
  0
LINE
  5
1A90
  8
0
 62
1
 10
109.849
 20
-17.1105
 30
0.0
 11
109.817
 21
-17.3137
 31
0.0
  0
LINE
  5
1A91
  8
0
 62
1
 10
109.817
 20
-17.3137
 30
0.0
 11
109.772
 21
-17.5145
 31
0.0
  0
LINE
  5
1A92
  8
0
 62
1
 10
109.772
 20
-17.5145
 30
0.0
 11
109.715
 21
-17.712
 31
0.0
  0
LINE
  5
1A93
  8
0
 62
1
 10
109.715
 20
-17.712
 30
0.0
 11
109.645
 21
-17.9056
 31
0.0
  0
LINE
  5
1A94
  8
0
 62
1
 10
109.645
 20
-17.9056
 30
0.0
 11
109.563
 21
-18.0944
 31
0.0
  0
LINE
  5
1A95
  8
0
 62
1
 10
109.563
 20
-18.0944
 30
0.0
 11
109.47
 21
-18.2777
 31
0.0
  0
LINE
  5
1A96
  8
0
 62
1
 10
109.47
 20
-18.2777
 30
0.0
 11
109.365
 21
-18.4548
 31
0.0
  0
LINE
  5
1A97
  8
0
 62
1
 10
109.365
 20
-18.4548
 30
0.0
 11
109.25
 21
-18.625
 31
0.0
  0
LINE
  5
1A98
  8
0
 62
1
 10
109.25
 20
-18.625
 30
0.0
 11
109.123
 21
-18.7876
 31
0.0
  0
LINE
  5
1A99
  8
0
 62
1
 10
109.123
 20
-18.7876
 30
0.0
 11
108.987
 21
-18.9419
 31
0.0
  0
LINE
  5
1A9A
  8
0
 62
1
 10
108.987
 20
-18.9419
 30
0.0
 11
108.842
 21
-19.0874
 31
0.0
  0
LINE
  5
1A9B
  8
0
 62
1
 10
108.842
 20
-19.0874
 30
0.0
 11
108.688
 21
-19.2234
 31
0.0
  0
LINE
  5
1A9C
  8
0
 62
1
 10
108.688
 20
-19.2234
 30
0.0
 11
108.525
 21
-19.3495
 31
0.0
  0
LINE
  5
1A9D
  8
0
 62
1
 10
108.525
 20
-19.3495
 30
0.0
 11
108.355
 21
-19.4652
 31
0.0
  0
LINE
  5
1A9E
  8
0
 62
1
 10
108.355
 20
-19.4652
 30
0.0
 11
108.178
 21
-19.5699
 31
0.0
  0
LINE
  5
1A9F
  8
0
 62
1
 10
108.178
 20
-19.5699
 30
0.0
 11
107.994
 21
-19.6633
 31
0.0
  0
LINE
  5
1AA0
  8
0
 62
1
 10
107.994
 20
-19.6633
 30
0.0
 11
107.806
 21
-19.745
 31
0.0
  0
LINE
  5
1AA1
  8
0
 62
1
 10
107.806
 20
-19.745
 30
0.0
 11
107.612
 21
-19.8147
 31
0.0
  0
LINE
  5
1AA2
  8
0
 62
1
 10
107.612
 20
-19.8147
 30
0.0
 11
107.414
 21
-19.8721
 31
0.0
  0
LINE
  5
1AA3
  8
0
 62
1
 10
107.414
 20
-19.8721
 30
0.0
 11
107.214
 21
-19.917
 31
0.0
  0
LINE
  5
1AA4
  8
0
 62
1
 10
107.214
 20
-19.917
 30
0.0
 11
107.01
 21
-19.9492
 31
0.0
  0
LINE
  5
1AA5
  8
0
 62
1
 10
107.01
 20
-19.9492
 30
0.0
 11
106.806
 21
-19.9685
 31
0.0
  0
LINE
  5
1AA6
  8
0
 62
1
 10
106.806
 20
-19.9685
 30
0.0
 11
106.6
 21
-19.975
 31
0.0
  0
LINE
  5
1AA7
  8
0
 62
1
 10
106.6
 20
-19.975
 30
0.0
 11
106.394
 21
-19.9685
 31
0.0
  0
LINE
  5
1AA8
  8
0
 62
1
 10
221.226
 20
-16.9743
 30
0.0
 11
220.739
 21
-16.6491
 31
0.0
  0
LINE
  5
1AA9
  8
0
 62
1
 10
220.739
 20
-16.6491
 30
0.0
 11
220.414
 21
-16.1625
 31
0.0
  0
LINE
  5
1AAA
  8
0
 62
1
 10
220.414
 20
-16.1625
 30
0.0
 11
220.3
 21
-15.5885
 31
0.0
  0
LINE
  5
1AAB
  8
0
 62
1
 10
220.3
 20
-15.5885
 30
0.0
 11
220.414
 21
-15.0144
 31
0.0
  0
LINE
  5
1AAC
  8
0
 62
1
 10
220.414
 20
-15.0144
 30
0.0
 11
220.739
 21
-14.5278
 31
0.0
  0
LINE
  5
1AAD
  8
0
 62
1
 10
220.739
 20
-14.5278
 30
0.0
 11
221.226
 21
-14.2026
 31
0.0
  0
LINE
  5
1AAE
  8
0
 62
1
 10
221.226
 20
-14.2026
 30
0.0
 11
221.8
 21
-14.0885
 31
0.0
  0
LINE
  5
1AAF
  8
0
 62
1
 10
221.8
 20
-14.0885
 30
0.0
 11
222.374
 21
-14.2026
 31
0.0
  0
LINE
  5
1AB0
  8
0
 62
1
 10
222.374
 20
-14.2026
 30
0.0
 11
222.861
 21
-14.5278
 31
0.0
  0
LINE
  5
1AB1
  8
0
 62
1
 10
222.861
 20
-14.5278
 30
0.0
 11
223.186
 21
-15.0144
 31
0.0
  0
LINE
  5
1AB2
  8
0
 62
1
 10
223.186
 20
-15.0144
 30
0.0
 11
223.3
 21
-15.5885
 31
0.0
  0
LINE
  5
1AB3
  8
0
 62
1
 10
223.3
 20
-15.5885
 30
0.0
 11
223.186
 21
-16.1625
 31
0.0
  0
LINE
  5
1AB4
  8
0
 62
1
 10
223.186
 20
-16.1625
 30
0.0
 11
222.861
 21
-16.6491
 31
0.0
  0
LINE
  5
1AB5
  8
0
 62
1
 10
222.861
 20
-16.6491
 30
0.0
 11
222.374
 21
-16.9743
 31
0.0
  0
LINE
  5
1AB6
  8
0
 62
1
 10
222.374
 20
-16.9743
 30
0.0
 11
221.8
 21
-17.0885
 31
0.0
  0
LINE
  5
1AB7
  8
0
 62
1
 10
221.8
 20
-17.0885
 30
0.0
 11
221.226
 21
-16.9743
 31
0.0
  0
LINE
  5
1AB8
  8
0
 62
1
 10
215.226
 20
-16.9743
 30
0.0
 11
214.739
 21
-16.6491
 31
0.0
  0
LINE
  5
1AB9
  8
0
 62
1
 10
214.739
 20
-16.6491
 30
0.0
 11
214.414
 21
-16.1625
 31
0.0
  0
LINE
  5
1ABA
  8
0
 62
1
 10
214.414
 20
-16.1625
 30
0.0
 11
214.3
 21
-15.5885
 31
0.0
  0
LINE
  5
1ABB
  8
0
 62
1
 10
214.3
 20
-15.5885
 30
0.0
 11
214.414
 21
-15.0144
 31
0.0
  0
LINE
  5
1ABC
  8
0
 62
1
 10
214.414
 20
-15.0144
 30
0.0
 11
214.739
 21
-14.5278
 31
0.0
  0
LINE
  5
1ABD
  8
0
 62
1
 10
214.739
 20
-14.5278
 30
0.0
 11
215.226
 21
-14.2026
 31
0.0
  0
LINE
  5
1ABE
  8
0
 62
1
 10
215.226
 20
-14.2026
 30
0.0
 11
215.8
 21
-14.0885
 31
0.0
  0
LINE
  5
1ABF
  8
0
 62
1
 10
215.8
 20
-14.0885
 30
0.0
 11
216.374
 21
-14.2026
 31
0.0
  0
LINE
  5
1AC0
  8
0
 62
1
 10
216.374
 20
-14.2026
 30
0.0
 11
216.861
 21
-14.5278
 31
0.0
  0
LINE
  5
1AC1
  8
0
 62
1
 10
216.861
 20
-14.5278
 30
0.0
 11
217.186
 21
-15.0144
 31
0.0
  0
LINE
  5
1AC2
  8
0
 62
1
 10
217.186
 20
-15.0144
 30
0.0
 11
217.3
 21
-15.5885
 31
0.0
  0
LINE
  5
1AC3
  8
0
 62
1
 10
217.3
 20
-15.5885
 30
0.0
 11
217.186
 21
-16.1625
 31
0.0
  0
LINE
  5
1AC4
  8
0
 62
1
 10
217.186
 20
-16.1625
 30
0.0
 11
216.861
 21
-16.6491
 31
0.0
  0
LINE
  5
1AC5
  8
0
 62
1
 10
216.861
 20
-16.6491
 30
0.0
 11
216.374
 21
-16.9743
 31
0.0
  0
LINE
  5
1AC6
  8
0
 62
1
 10
216.374
 20
-16.9743
 30
0.0
 11
215.8
 21
-17.0885
 31
0.0
  0
LINE
  5
1AC7
  8
0
 62
1
 10
215.8
 20
-17.0885
 30
0.0
 11
215.226
 21
-16.9743
 31
0.0
  0
LINE
  5
1AC8
  8
0
 62
1
 10
209.226
 20
-16.9743
 30
0.0
 11
208.739
 21
-16.6491
 31
0.0
  0
LINE
  5
1AC9
  8
0
 62
1
 10
208.739
 20
-16.6491
 30
0.0
 11
208.414
 21
-16.1625
 31
0.0
  0
LINE
  5
1ACA
  8
0
 62
1
 10
208.414
 20
-16.1625
 30
0.0
 11
208.3
 21
-15.5885
 31
0.0
  0
LINE
  5
1ACB
  8
0
 62
1
 10
208.3
 20
-15.5885
 30
0.0
 11
208.414
 21
-15.0144
 31
0.0
  0
LINE
  5
1ACC
  8
0
 62
1
 10
208.414
 20
-15.0144
 30
0.0
 11
208.739
 21
-14.5278
 31
0.0
  0
LINE
  5
1ACD
  8
0
 62
1
 10
208.739
 20
-14.5278
 30
0.0
 11
209.226
 21
-14.2026
 31
0.0
  0
LINE
  5
1ACE
  8
0
 62
1
 10
209.226
 20
-14.2026
 30
0.0
 11
209.8
 21
-14.0885
 31
0.0
  0
LINE
  5
1ACF
  8
0
 62
1
 10
209.8
 20
-14.0885
 30
0.0
 11
210.374
 21
-14.2026
 31
0.0
  0
LINE
  5
1AD0
  8
0
 62
1
 10
210.374
 20
-14.2026
 30
0.0
 11
210.861
 21
-14.5278
 31
0.0
  0
LINE
  5
1AD1
  8
0
 62
1
 10
210.861
 20
-14.5278
 30
0.0
 11
211.186
 21
-15.0144
 31
0.0
  0
LINE
  5
1AD2
  8
0
 62
1
 10
211.186
 20
-15.0144
 30
0.0
 11
211.3
 21
-15.5885
 31
0.0
  0
LINE
  5
1AD3
  8
0
 62
1
 10
211.3
 20
-15.5885
 30
0.0
 11
211.186
 21
-16.1625
 31
0.0
  0
LINE
  5
1AD4
  8
0
 62
1
 10
211.186
 20
-16.1625
 30
0.0
 11
210.861
 21
-16.6491
 31
0.0
  0
LINE
  5
1AD5
  8
0
 62
1
 10
210.861
 20
-16.6491
 30
0.0
 11
210.374
 21
-16.9743
 31
0.0
  0
LINE
  5
1AD6
  8
0
 62
1
 10
210.374
 20
-16.9743
 30
0.0
 11
209.8
 21
-17.0885
 31
0.0
  0
LINE
  5
1AD7
  8
0
 62
1
 10
209.8
 20
-17.0885
 30
0.0
 11
209.226
 21
-16.9743
 31
0.0
  0
LINE
  5
1AD8
  8
0
 62
1
 10
203.226
 20
-16.9743
 30
0.0
 11
202.739
 21
-16.6491
 31
0.0
  0
LINE
  5
1AD9
  8
0
 62
1
 10
202.739
 20
-16.6491
 30
0.0
 11
202.414
 21
-16.1625
 31
0.0
  0
LINE
  5
1ADA
  8
0
 62
1
 10
202.414
 20
-16.1625
 30
0.0
 11
202.3
 21
-15.5885
 31
0.0
  0
LINE
  5
1ADB
  8
0
 62
1
 10
202.3
 20
-15.5885
 30
0.0
 11
202.414
 21
-15.0144
 31
0.0
  0
LINE
  5
1ADC
  8
0
 62
1
 10
202.414
 20
-15.0144
 30
0.0
 11
202.739
 21
-14.5278
 31
0.0
  0
LINE
  5
1ADD
  8
0
 62
1
 10
202.739
 20
-14.5278
 30
0.0
 11
203.226
 21
-14.2026
 31
0.0
  0
LINE
  5
1ADE
  8
0
 62
1
 10
203.226
 20
-14.2026
 30
0.0
 11
203.8
 21
-14.0885
 31
0.0
  0
LINE
  5
1ADF
  8
0
 62
1
 10
203.8
 20
-14.0885
 30
0.0
 11
204.374
 21
-14.2026
 31
0.0
  0
LINE
  5
1AE0
  8
0
 62
1
 10
204.374
 20
-14.2026
 30
0.0
 11
204.861
 21
-14.5278
 31
0.0
  0
LINE
  5
1AE1
  8
0
 62
1
 10
204.861
 20
-14.5278
 30
0.0
 11
205.186
 21
-15.0144
 31
0.0
  0
LINE
  5
1AE2
  8
0
 62
1
 10
205.186
 20
-15.0144
 30
0.0
 11
205.3
 21
-15.5885
 31
0.0
  0
LINE
  5
1AE3
  8
0
 62
1
 10
205.3
 20
-15.5885
 30
0.0
 11
205.186
 21
-16.1625
 31
0.0
  0
LINE
  5
1AE4
  8
0
 62
1
 10
205.186
 20
-16.1625
 30
0.0
 11
204.861
 21
-16.6491
 31
0.0
  0
LINE
  5
1AE5
  8
0
 62
1
 10
204.861
 20
-16.6491
 30
0.0
 11
204.374
 21
-16.9743
 31
0.0
  0
LINE
  5
1AE6
  8
0
 62
1
 10
204.374
 20
-16.9743
 30
0.0
 11
203.8
 21
-17.0885
 31
0.0
  0
LINE
  5
1AE7
  8
0
 62
1
 10
203.8
 20
-17.0885
 30
0.0
 11
203.226
 21
-16.9743
 31
0.0
  0
LINE
  5
1AE8
  8
0
 62
1
 10
197.226
 20
-16.9743
 30
0.0
 11
196.739
 21
-16.6491
 31
0.0
  0
LINE
  5
1AE9
  8
0
 62
1
 10
196.739
 20
-16.6491
 30
0.0
 11
196.414
 21
-16.1625
 31
0.0
  0
LINE
  5
1AEA
  8
0
 62
1
 10
196.414
 20
-16.1625
 30
0.0
 11
196.3
 21
-15.5885
 31
0.0
  0
LINE
  5
1AEB
  8
0
 62
1
 10
196.3
 20
-15.5885
 30
0.0
 11
196.414
 21
-15.0144
 31
0.0
  0
LINE
  5
1AEC
  8
0
 62
1
 10
196.414
 20
-15.0144
 30
0.0
 11
196.739
 21
-14.5278
 31
0.0
  0
LINE
  5
1AED
  8
0
 62
1
 10
196.739
 20
-14.5278
 30
0.0
 11
197.226
 21
-14.2026
 31
0.0
  0
LINE
  5
1AEE
  8
0
 62
1
 10
197.226
 20
-14.2026
 30
0.0
 11
197.8
 21
-14.0885
 31
0.0
  0
LINE
  5
1AEF
  8
0
 62
1
 10
197.8
 20
-14.0885
 30
0.0
 11
198.374
 21
-14.2026
 31
0.0
  0
LINE
  5
1AF0
  8
0
 62
1
 10
198.374
 20
-14.2026
 30
0.0
 11
198.861
 21
-14.5278
 31
0.0
  0
LINE
  5
1AF1
  8
0
 62
1
 10
198.861
 20
-14.5278
 30
0.0
 11
199.186
 21
-15.0144
 31
0.0
  0
LINE
  5
1AF2
  8
0
 62
1
 10
199.186
 20
-15.0144
 30
0.0
 11
199.3
 21
-15.5885
 31
0.0
  0
LINE
  5
1AF3
  8
0
 62
1
 10
199.3
 20
-15.5885
 30
0.0
 11
199.186
 21
-16.1625
 31
0.0
  0
LINE
  5
1AF4
  8
0
 62
1
 10
199.186
 20
-16.1625
 30
0.0
 11
198.861
 21
-16.6491
 31
0.0
  0
LINE
  5
1AF5
  8
0
 62
1
 10
198.861
 20
-16.6491
 30
0.0
 11
198.374
 21
-16.9743
 31
0.0
  0
LINE
  5
1AF6
  8
0
 62
1
 10
198.374
 20
-16.9743
 30
0.0
 11
197.8
 21
-17.0885
 31
0.0
  0
LINE
  5
1AF7
  8
0
 62
1
 10
197.8
 20
-17.0885
 30
0.0
 11
197.226
 21
-16.9743
 31
0.0
  0
LINE
  5
1AF8
  8
0
 62
1
 10
191.226
 20
-16.9743
 30
0.0
 11
190.739
 21
-16.6491
 31
0.0
  0
LINE
  5
1AF9
  8
0
 62
1
 10
190.739
 20
-16.6491
 30
0.0
 11
190.414
 21
-16.1625
 31
0.0
  0
LINE
  5
1AFA
  8
0
 62
1
 10
190.414
 20
-16.1625
 30
0.0
 11
190.3
 21
-15.5885
 31
0.0
  0
LINE
  5
1AFB
  8
0
 62
1
 10
190.3
 20
-15.5885
 30
0.0
 11
190.414
 21
-15.0144
 31
0.0
  0
LINE
  5
1AFC
  8
0
 62
1
 10
190.414
 20
-15.0144
 30
0.0
 11
190.739
 21
-14.5278
 31
0.0
  0
LINE
  5
1AFD
  8
0
 62
1
 10
190.739
 20
-14.5278
 30
0.0
 11
191.226
 21
-14.2026
 31
0.0
  0
LINE
  5
1AFE
  8
0
 62
1
 10
191.226
 20
-14.2026
 30
0.0
 11
191.8
 21
-14.0885
 31
0.0
  0
LINE
  5
1AFF
  8
0
 62
1
 10
191.8
 20
-14.0885
 30
0.0
 11
192.374
 21
-14.2026
 31
0.0
  0
LINE
  5
1B00
  8
0
 62
1
 10
192.374
 20
-14.2026
 30
0.0
 11
192.861
 21
-14.5278
 31
0.0
  0
LINE
  5
1B01
  8
0
 62
1
 10
192.861
 20
-14.5278
 30
0.0
 11
193.186
 21
-15.0144
 31
0.0
  0
LINE
  5
1B02
  8
0
 62
1
 10
193.186
 20
-15.0144
 30
0.0
 11
193.3
 21
-15.5885
 31
0.0
  0
LINE
  5
1B03
  8
0
 62
1
 10
193.3
 20
-15.5885
 30
0.0
 11
193.186
 21
-16.1625
 31
0.0
  0
LINE
  5
1B04
  8
0
 62
1
 10
193.186
 20
-16.1625
 30
0.0
 11
192.861
 21
-16.6491
 31
0.0
  0
LINE
  5
1B05
  8
0
 62
1
 10
192.861
 20
-16.6491
 30
0.0
 11
192.374
 21
-16.9743
 31
0.0
  0
LINE
  5
1B06
  8
0
 62
1
 10
192.374
 20
-16.9743
 30
0.0
 11
191.8
 21
-17.0885
 31
0.0
  0
LINE
  5
1B07
  8
0
 62
1
 10
191.8
 20
-17.0885
 30
0.0
 11
191.226
 21
-16.9743
 31
0.0
  0
LINE
  5
1B08
  8
0
 62
1
 10
179.226
 20
-16.9743
 30
0.0
 11
178.739
 21
-16.6491
 31
0.0
  0
LINE
  5
1B09
  8
0
 62
1
 10
178.739
 20
-16.6491
 30
0.0
 11
178.414
 21
-16.1625
 31
0.0
  0
LINE
  5
1B0A
  8
0
 62
1
 10
178.414
 20
-16.1625
 30
0.0
 11
178.3
 21
-15.5885
 31
0.0
  0
LINE
  5
1B0B
  8
0
 62
1
 10
178.3
 20
-15.5885
 30
0.0
 11
178.414
 21
-15.0144
 31
0.0
  0
LINE
  5
1B0C
  8
0
 62
1
 10
178.414
 20
-15.0144
 30
0.0
 11
178.739
 21
-14.5278
 31
0.0
  0
LINE
  5
1B0D
  8
0
 62
1
 10
178.739
 20
-14.5278
 30
0.0
 11
179.226
 21
-14.2026
 31
0.0
  0
LINE
  5
1B0E
  8
0
 62
1
 10
179.226
 20
-14.2026
 30
0.0
 11
179.8
 21
-14.0885
 31
0.0
  0
LINE
  5
1B0F
  8
0
 62
1
 10
179.8
 20
-14.0885
 30
0.0
 11
180.374
 21
-14.2026
 31
0.0
  0
LINE
  5
1B10
  8
0
 62
1
 10
180.374
 20
-14.2026
 30
0.0
 11
180.861
 21
-14.5278
 31
0.0
  0
LINE
  5
1B11
  8
0
 62
1
 10
180.861
 20
-14.5278
 30
0.0
 11
181.186
 21
-15.0144
 31
0.0
  0
LINE
  5
1B12
  8
0
 62
1
 10
181.186
 20
-15.0144
 30
0.0
 11
181.3
 21
-15.5885
 31
0.0
  0
LINE
  5
1B13
  8
0
 62
1
 10
181.3
 20
-15.5885
 30
0.0
 11
181.186
 21
-16.1625
 31
0.0
  0
LINE
  5
1B14
  8
0
 62
1
 10
181.186
 20
-16.1625
 30
0.0
 11
180.861
 21
-16.6491
 31
0.0
  0
LINE
  5
1B15
  8
0
 62
1
 10
180.861
 20
-16.6491
 30
0.0
 11
180.374
 21
-16.9743
 31
0.0
  0
LINE
  5
1B16
  8
0
 62
1
 10
180.374
 20
-16.9743
 30
0.0
 11
179.8
 21
-17.0885
 31
0.0
  0
LINE
  5
1B17
  8
0
 62
1
 10
179.8
 20
-17.0885
 30
0.0
 11
179.226
 21
-16.9743
 31
0.0
  0
LINE
  5
1B18
  8
0
 62
1
 10
173.226
 20
-16.9743
 30
0.0
 11
172.739
 21
-16.6491
 31
0.0
  0
LINE
  5
1B19
  8
0
 62
1
 10
172.739
 20
-16.6491
 30
0.0
 11
172.414
 21
-16.1625
 31
0.0
  0
LINE
  5
1B1A
  8
0
 62
1
 10
172.414
 20
-16.1625
 30
0.0
 11
172.3
 21
-15.5885
 31
0.0
  0
LINE
  5
1B1B
  8
0
 62
1
 10
172.3
 20
-15.5885
 30
0.0
 11
172.414
 21
-15.0144
 31
0.0
  0
LINE
  5
1B1C
  8
0
 62
1
 10
172.414
 20
-15.0144
 30
0.0
 11
172.739
 21
-14.5278
 31
0.0
  0
LINE
  5
1B1D
  8
0
 62
1
 10
172.739
 20
-14.5278
 30
0.0
 11
173.226
 21
-14.2026
 31
0.0
  0
LINE
  5
1B1E
  8
0
 62
1
 10
173.226
 20
-14.2026
 30
0.0
 11
173.8
 21
-14.0885
 31
0.0
  0
LINE
  5
1B1F
  8
0
 62
1
 10
173.8
 20
-14.0885
 30
0.0
 11
174.374
 21
-14.2026
 31
0.0
  0
LINE
  5
1B20
  8
0
 62
1
 10
174.374
 20
-14.2026
 30
0.0
 11
174.861
 21
-14.5278
 31
0.0
  0
LINE
  5
1B21
  8
0
 62
1
 10
174.861
 20
-14.5278
 30
0.0
 11
175.186
 21
-15.0144
 31
0.0
  0
LINE
  5
1B22
  8
0
 62
1
 10
175.186
 20
-15.0144
 30
0.0
 11
175.3
 21
-15.5885
 31
0.0
  0
LINE
  5
1B23
  8
0
 62
1
 10
175.3
 20
-15.5885
 30
0.0
 11
175.186
 21
-16.1625
 31
0.0
  0
LINE
  5
1B24
  8
0
 62
1
 10
175.186
 20
-16.1625
 30
0.0
 11
174.861
 21
-16.6491
 31
0.0
  0
LINE
  5
1B25
  8
0
 62
1
 10
174.861
 20
-16.6491
 30
0.0
 11
174.374
 21
-16.9743
 31
0.0
  0
LINE
  5
1B26
  8
0
 62
1
 10
174.374
 20
-16.9743
 30
0.0
 11
173.8
 21
-17.0885
 31
0.0
  0
LINE
  5
1B27
  8
0
 62
1
 10
173.8
 20
-17.0885
 30
0.0
 11
173.226
 21
-16.9743
 31
0.0
  0
LINE
  5
1B28
  8
0
 62
1
 10
161.226
 20
-16.9743
 30
0.0
 11
160.739
 21
-16.6491
 31
0.0
  0
LINE
  5
1B29
  8
0
 62
1
 10
160.739
 20
-16.6491
 30
0.0
 11
160.414
 21
-16.1625
 31
0.0
  0
LINE
  5
1B2A
  8
0
 62
1
 10
160.414
 20
-16.1625
 30
0.0
 11
160.3
 21
-15.5885
 31
0.0
  0
LINE
  5
1B2B
  8
0
 62
1
 10
160.3
 20
-15.5885
 30
0.0
 11
160.414
 21
-15.0144
 31
0.0
  0
LINE
  5
1B2C
  8
0
 62
1
 10
160.414
 20
-15.0144
 30
0.0
 11
160.739
 21
-14.5278
 31
0.0
  0
LINE
  5
1B2D
  8
0
 62
1
 10
160.739
 20
-14.5278
 30
0.0
 11
161.226
 21
-14.2026
 31
0.0
  0
LINE
  5
1B2E
  8
0
 62
1
 10
161.226
 20
-14.2026
 30
0.0
 11
161.8
 21
-14.0885
 31
0.0
  0
LINE
  5
1B2F
  8
0
 62
1
 10
161.8
 20
-14.0885
 30
0.0
 11
162.374
 21
-14.2026
 31
0.0
  0
LINE
  5
1B30
  8
0
 62
1
 10
162.374
 20
-14.2026
 30
0.0
 11
162.861
 21
-14.5278
 31
0.0
  0
LINE
  5
1B31
  8
0
 62
1
 10
162.861
 20
-14.5278
 30
0.0
 11
163.186
 21
-15.0144
 31
0.0
  0
LINE
  5
1B32
  8
0
 62
1
 10
163.186
 20
-15.0144
 30
0.0
 11
163.3
 21
-15.5885
 31
0.0
  0
LINE
  5
1B33
  8
0
 62
1
 10
163.3
 20
-15.5885
 30
0.0
 11
163.186
 21
-16.1625
 31
0.0
  0
LINE
  5
1B34
  8
0
 62
1
 10
163.186
 20
-16.1625
 30
0.0
 11
162.861
 21
-16.6491
 31
0.0
  0
LINE
  5
1B35
  8
0
 62
1
 10
162.861
 20
-16.6491
 30
0.0
 11
162.374
 21
-16.9743
 31
0.0
  0
LINE
  5
1B36
  8
0
 62
1
 10
162.374
 20
-16.9743
 30
0.0
 11
161.8
 21
-17.0885
 31
0.0
  0
LINE
  5
1B37
  8
0
 62
1
 10
161.8
 20
-17.0885
 30
0.0
 11
161.226
 21
-16.9743
 31
0.0
  0
LINE
  5
1B38
  8
0
 62
1
 10
155.226
 20
-16.9743
 30
0.0
 11
154.739
 21
-16.6491
 31
0.0
  0
LINE
  5
1B39
  8
0
 62
1
 10
154.739
 20
-16.6491
 30
0.0
 11
154.414
 21
-16.1625
 31
0.0
  0
LINE
  5
1B3A
  8
0
 62
1
 10
154.414
 20
-16.1625
 30
0.0
 11
154.3
 21
-15.5885
 31
0.0
  0
LINE
  5
1B3B
  8
0
 62
1
 10
154.3
 20
-15.5885
 30
0.0
 11
154.414
 21
-15.0144
 31
0.0
  0
LINE
  5
1B3C
  8
0
 62
1
 10
154.414
 20
-15.0144
 30
0.0
 11
154.739
 21
-14.5278
 31
0.0
  0
LINE
  5
1B3D
  8
0
 62
1
 10
154.739
 20
-14.5278
 30
0.0
 11
155.226
 21
-14.2026
 31
0.0
  0
LINE
  5
1B3E
  8
0
 62
1
 10
155.226
 20
-14.2026
 30
0.0
 11
155.8
 21
-14.0885
 31
0.0
  0
LINE
  5
1B3F
  8
0
 62
1
 10
155.8
 20
-14.0885
 30
0.0
 11
156.374
 21
-14.2026
 31
0.0
  0
LINE
  5
1B40
  8
0
 62
1
 10
156.374
 20
-14.2026
 30
0.0
 11
156.861
 21
-14.5278
 31
0.0
  0
LINE
  5
1B41
  8
0
 62
1
 10
156.861
 20
-14.5278
 30
0.0
 11
157.186
 21
-15.0144
 31
0.0
  0
LINE
  5
1B42
  8
0
 62
1
 10
157.186
 20
-15.0144
 30
0.0
 11
157.3
 21
-15.5885
 31
0.0
  0
LINE
  5
1B43
  8
0
 62
1
 10
157.3
 20
-15.5885
 30
0.0
 11
157.186
 21
-16.1625
 31
0.0
  0
LINE
  5
1B44
  8
0
 62
1
 10
157.186
 20
-16.1625
 30
0.0
 11
156.861
 21
-16.6491
 31
0.0
  0
LINE
  5
1B45
  8
0
 62
1
 10
156.861
 20
-16.6491
 30
0.0
 11
156.374
 21
-16.9743
 31
0.0
  0
LINE
  5
1B46
  8
0
 62
1
 10
156.374
 20
-16.9743
 30
0.0
 11
155.8
 21
-17.0885
 31
0.0
  0
LINE
  5
1B47
  8
0
 62
1
 10
155.8
 20
-17.0885
 30
0.0
 11
155.226
 21
-16.9743
 31
0.0
  0
LINE
  5
1B48
  8
0
 62
1
 10
143.226
 20
-16.9743
 30
0.0
 11
142.739
 21
-16.6491
 31
0.0
  0
LINE
  5
1B49
  8
0
 62
1
 10
142.739
 20
-16.6491
 30
0.0
 11
142.414
 21
-16.1625
 31
0.0
  0
LINE
  5
1B4A
  8
0
 62
1
 10
142.414
 20
-16.1625
 30
0.0
 11
142.3
 21
-15.5885
 31
0.0
  0
LINE
  5
1B4B
  8
0
 62
1
 10
142.3
 20
-15.5885
 30
0.0
 11
142.414
 21
-15.0144
 31
0.0
  0
LINE
  5
1B4C
  8
0
 62
1
 10
142.414
 20
-15.0144
 30
0.0
 11
142.739
 21
-14.5278
 31
0.0
  0
LINE
  5
1B4D
  8
0
 62
1
 10
142.739
 20
-14.5278
 30
0.0
 11
143.226
 21
-14.2026
 31
0.0
  0
LINE
  5
1B4E
  8
0
 62
1
 10
143.226
 20
-14.2026
 30
0.0
 11
143.8
 21
-14.0885
 31
0.0
  0
LINE
  5
1B4F
  8
0
 62
1
 10
143.8
 20
-14.0885
 30
0.0
 11
144.374
 21
-14.2026
 31
0.0
  0
LINE
  5
1B50
  8
0
 62
1
 10
144.374
 20
-14.2026
 30
0.0
 11
144.861
 21
-14.5278
 31
0.0
  0
LINE
  5
1B51
  8
0
 62
1
 10
144.861
 20
-14.5278
 30
0.0
 11
145.186
 21
-15.0144
 31
0.0
  0
LINE
  5
1B52
  8
0
 62
1
 10
145.186
 20
-15.0144
 30
0.0
 11
145.3
 21
-15.5885
 31
0.0
  0
LINE
  5
1B53
  8
0
 62
1
 10
145.3
 20
-15.5885
 30
0.0
 11
145.186
 21
-16.1625
 31
0.0
  0
LINE
  5
1B54
  8
0
 62
1
 10
145.186
 20
-16.1625
 30
0.0
 11
144.861
 21
-16.6491
 31
0.0
  0
LINE
  5
1B55
  8
0
 62
1
 10
144.861
 20
-16.6491
 30
0.0
 11
144.374
 21
-16.9743
 31
0.0
  0
LINE
  5
1B56
  8
0
 62
1
 10
144.374
 20
-16.9743
 30
0.0
 11
143.8
 21
-17.0885
 31
0.0
  0
LINE
  5
1B57
  8
0
 62
1
 10
143.8
 20
-17.0885
 30
0.0
 11
143.226
 21
-16.9743
 31
0.0
  0
LINE
  5
1B58
  8
0
 62
1
 10
149.226
 20
-16.9743
 30
0.0
 11
148.739
 21
-16.6491
 31
0.0
  0
LINE
  5
1B59
  8
0
 62
1
 10
148.739
 20
-16.6491
 30
0.0
 11
148.414
 21
-16.1625
 31
0.0
  0
LINE
  5
1B5A
  8
0
 62
1
 10
148.414
 20
-16.1625
 30
0.0
 11
148.3
 21
-15.5885
 31
0.0
  0
LINE
  5
1B5B
  8
0
 62
1
 10
148.3
 20
-15.5885
 30
0.0
 11
148.414
 21
-15.0144
 31
0.0
  0
LINE
  5
1B5C
  8
0
 62
1
 10
148.414
 20
-15.0144
 30
0.0
 11
148.739
 21
-14.5278
 31
0.0
  0
LINE
  5
1B5D
  8
0
 62
1
 10
148.739
 20
-14.5278
 30
0.0
 11
149.226
 21
-14.2026
 31
0.0
  0
LINE
  5
1B5E
  8
0
 62
1
 10
149.226
 20
-14.2026
 30
0.0
 11
149.8
 21
-14.0885
 31
0.0
  0
LINE
  5
1B5F
  8
0
 62
1
 10
149.8
 20
-14.0885
 30
0.0
 11
150.374
 21
-14.2026
 31
0.0
  0
LINE
  5
1B60
  8
0
 62
1
 10
150.374
 20
-14.2026
 30
0.0
 11
150.861
 21
-14.5278
 31
0.0
  0
LINE
  5
1B61
  8
0
 62
1
 10
150.861
 20
-14.5278
 30
0.0
 11
151.186
 21
-15.0144
 31
0.0
  0
LINE
  5
1B62
  8
0
 62
1
 10
151.186
 20
-15.0144
 30
0.0
 11
151.3
 21
-15.5885
 31
0.0
  0
LINE
  5
1B63
  8
0
 62
1
 10
151.3
 20
-15.5885
 30
0.0
 11
151.186
 21
-16.1625
 31
0.0
  0
LINE
  5
1B64
  8
0
 62
1
 10
151.186
 20
-16.1625
 30
0.0
 11
150.861
 21
-16.6491
 31
0.0
  0
LINE
  5
1B65
  8
0
 62
1
 10
150.861
 20
-16.6491
 30
0.0
 11
150.374
 21
-16.9743
 31
0.0
  0
LINE
  5
1B66
  8
0
 62
1
 10
150.374
 20
-16.9743
 30
0.0
 11
149.8
 21
-17.0885
 31
0.0
  0
LINE
  5
1B67
  8
0
 62
1
 10
149.8
 20
-17.0885
 30
0.0
 11
149.226
 21
-16.9743
 31
0.0
  0
LINE
  5
1B68
  8
0
 62
1
 10
185.226
 20
-16.9743
 30
0.0
 11
184.739
 21
-16.6491
 31
0.0
  0
LINE
  5
1B69
  8
0
 62
1
 10
184.739
 20
-16.6491
 30
0.0
 11
184.414
 21
-16.1625
 31
0.0
  0
LINE
  5
1B6A
  8
0
 62
1
 10
184.414
 20
-16.1625
 30
0.0
 11
184.3
 21
-15.5885
 31
0.0
  0
LINE
  5
1B6B
  8
0
 62
1
 10
184.3
 20
-15.5885
 30
0.0
 11
184.414
 21
-15.0144
 31
0.0
  0
LINE
  5
1B6C
  8
0
 62
1
 10
184.414
 20
-15.0144
 30
0.0
 11
184.739
 21
-14.5278
 31
0.0
  0
LINE
  5
1B6D
  8
0
 62
1
 10
184.739
 20
-14.5278
 30
0.0
 11
185.226
 21
-14.2026
 31
0.0
  0
LINE
  5
1B6E
  8
0
 62
1
 10
185.226
 20
-14.2026
 30
0.0
 11
185.8
 21
-14.0885
 31
0.0
  0
LINE
  5
1B6F
  8
0
 62
1
 10
185.8
 20
-14.0885
 30
0.0
 11
186.374
 21
-14.2026
 31
0.0
  0
LINE
  5
1B70
  8
0
 62
1
 10
186.374
 20
-14.2026
 30
0.0
 11
186.861
 21
-14.5278
 31
0.0
  0
LINE
  5
1B71
  8
0
 62
1
 10
186.861
 20
-14.5278
 30
0.0
 11
187.186
 21
-15.0144
 31
0.0
  0
LINE
  5
1B72
  8
0
 62
1
 10
187.186
 20
-15.0144
 30
0.0
 11
187.3
 21
-15.5885
 31
0.0
  0
LINE
  5
1B73
  8
0
 62
1
 10
187.3
 20
-15.5885
 30
0.0
 11
187.186
 21
-16.1625
 31
0.0
  0
LINE
  5
1B74
  8
0
 62
1
 10
187.186
 20
-16.1625
 30
0.0
 11
186.861
 21
-16.6491
 31
0.0
  0
LINE
  5
1B75
  8
0
 62
1
 10
186.861
 20
-16.6491
 30
0.0
 11
186.374
 21
-16.9743
 31
0.0
  0
LINE
  5
1B76
  8
0
 62
1
 10
186.374
 20
-16.9743
 30
0.0
 11
185.8
 21
-17.0885
 31
0.0
  0
LINE
  5
1B77
  8
0
 62
1
 10
185.8
 20
-17.0885
 30
0.0
 11
185.226
 21
-16.9743
 31
0.0
  0
LINE
  5
1B78
  8
0
 62
1
 10
167.226
 20
-16.9743
 30
0.0
 11
166.739
 21
-16.6491
 31
0.0
  0
LINE
  5
1B79
  8
0
 62
1
 10
166.739
 20
-16.6491
 30
0.0
 11
166.414
 21
-16.1625
 31
0.0
  0
LINE
  5
1B7A
  8
0
 62
1
 10
166.414
 20
-16.1625
 30
0.0
 11
166.3
 21
-15.5885
 31
0.0
  0
LINE
  5
1B7B
  8
0
 62
1
 10
166.3
 20
-15.5885
 30
0.0
 11
166.414
 21
-15.0144
 31
0.0
  0
LINE
  5
1B7C
  8
0
 62
1
 10
166.414
 20
-15.0144
 30
0.0
 11
166.739
 21
-14.5278
 31
0.0
  0
LINE
  5
1B7D
  8
0
 62
1
 10
166.739
 20
-14.5278
 30
0.0
 11
167.226
 21
-14.2026
 31
0.0
  0
LINE
  5
1B7E
  8
0
 62
1
 10
167.226
 20
-14.2026
 30
0.0
 11
167.8
 21
-14.0885
 31
0.0
  0
LINE
  5
1B7F
  8
0
 62
1
 10
167.8
 20
-14.0885
 30
0.0
 11
168.374
 21
-14.2026
 31
0.0
  0
LINE
  5
1B80
  8
0
 62
1
 10
168.374
 20
-14.2026
 30
0.0
 11
168.861
 21
-14.5278
 31
0.0
  0
LINE
  5
1B81
  8
0
 62
1
 10
168.861
 20
-14.5278
 30
0.0
 11
169.186
 21
-15.0144
 31
0.0
  0
LINE
  5
1B82
  8
0
 62
1
 10
169.186
 20
-15.0144
 30
0.0
 11
169.3
 21
-15.5885
 31
0.0
  0
LINE
  5
1B83
  8
0
 62
1
 10
169.3
 20
-15.5885
 30
0.0
 11
169.186
 21
-16.1625
 31
0.0
  0
LINE
  5
1B84
  8
0
 62
1
 10
169.186
 20
-16.1625
 30
0.0
 11
168.861
 21
-16.6491
 31
0.0
  0
LINE
  5
1B85
  8
0
 62
1
 10
168.861
 20
-16.6491
 30
0.0
 11
168.374
 21
-16.9743
 31
0.0
  0
LINE
  5
1B86
  8
0
 62
1
 10
168.374
 20
-16.9743
 30
0.0
 11
167.8
 21
-17.0885
 31
0.0
  0
LINE
  5
1B87
  8
0
 62
1
 10
167.8
 20
-17.0885
 30
0.0
 11
167.226
 21
-16.9743
 31
0.0
  0
LINE
  5
1B88
  8
0
 62
1
 10
188.226
 20
-22.1704
 30
0.0
 11
187.739
 21
-21.8453
 31
0.0
  0
LINE
  5
1B89
  8
0
 62
1
 10
187.739
 20
-21.8453
 30
0.0
 11
187.414
 21
-21.3586
 31
0.0
  0
LINE
  5
1B8A
  8
0
 62
1
 10
187.414
 20
-21.3586
 30
0.0
 11
187.3
 21
-20.7846
 31
0.0
  0
LINE
  5
1B8B
  8
0
 62
1
 10
187.3
 20
-20.7846
 30
0.0
 11
187.414
 21
-20.2106
 31
0.0
  0
LINE
  5
1B8C
  8
0
 62
1
 10
187.414
 20
-20.2106
 30
0.0
 11
187.739
 21
-19.7239
 31
0.0
  0
LINE
  5
1B8D
  8
0
 62
1
 10
187.739
 20
-19.7239
 30
0.0
 11
188.226
 21
-19.3988
 31
0.0
  0
LINE
  5
1B8E
  8
0
 62
1
 10
188.226
 20
-19.3988
 30
0.0
 11
188.8
 21
-19.2846
 31
0.0
  0
LINE
  5
1B8F
  8
0
 62
1
 10
188.8
 20
-19.2846
 30
0.0
 11
189.374
 21
-19.3988
 31
0.0
  0
LINE
  5
1B90
  8
0
 62
1
 10
189.374
 20
-19.3988
 30
0.0
 11
189.861
 21
-19.7239
 31
0.0
  0
LINE
  5
1B91
  8
0
 62
1
 10
189.861
 20
-19.7239
 30
0.0
 11
190.186
 21
-20.2106
 31
0.0
  0
LINE
  5
1B92
  8
0
 62
1
 10
190.186
 20
-20.2106
 30
0.0
 11
190.3
 21
-20.7846
 31
0.0
  0
LINE
  5
1B93
  8
0
 62
1
 10
190.3
 20
-20.7846
 30
0.0
 11
190.186
 21
-21.3586
 31
0.0
  0
LINE
  5
1B94
  8
0
 62
1
 10
190.186
 20
-21.3586
 30
0.0
 11
189.861
 21
-21.8453
 31
0.0
  0
LINE
  5
1B95
  8
0
 62
1
 10
189.861
 20
-21.8453
 30
0.0
 11
189.374
 21
-22.1704
 31
0.0
  0
LINE
  5
1B96
  8
0
 62
1
 10
189.374
 20
-22.1704
 30
0.0
 11
188.8
 21
-22.2846
 31
0.0
  0
LINE
  5
1B97
  8
0
 62
1
 10
188.8
 20
-22.2846
 30
0.0
 11
188.226
 21
-22.1704
 31
0.0
  0
LINE
  5
1B98
  8
0
 62
1
 10
146.226
 20
-22.1704
 30
0.0
 11
145.739
 21
-21.8453
 31
0.0
  0
LINE
  5
1B99
  8
0
 62
1
 10
145.739
 20
-21.8453
 30
0.0
 11
145.414
 21
-21.3586
 31
0.0
  0
LINE
  5
1B9A
  8
0
 62
1
 10
145.414
 20
-21.3586
 30
0.0
 11
145.3
 21
-20.7846
 31
0.0
  0
LINE
  5
1B9B
  8
0
 62
1
 10
145.3
 20
-20.7846
 30
0.0
 11
145.414
 21
-20.2106
 31
0.0
  0
LINE
  5
1B9C
  8
0
 62
1
 10
145.414
 20
-20.2106
 30
0.0
 11
145.739
 21
-19.7239
 31
0.0
  0
LINE
  5
1B9D
  8
0
 62
1
 10
145.739
 20
-19.7239
 30
0.0
 11
146.226
 21
-19.3988
 31
0.0
  0
LINE
  5
1B9E
  8
0
 62
1
 10
146.226
 20
-19.3988
 30
0.0
 11
146.8
 21
-19.2846
 31
0.0
  0
LINE
  5
1B9F
  8
0
 62
1
 10
146.8
 20
-19.2846
 30
0.0
 11
147.374
 21
-19.3988
 31
0.0
  0
LINE
  5
1BA0
  8
0
 62
1
 10
147.374
 20
-19.3988
 30
0.0
 11
147.861
 21
-19.7239
 31
0.0
  0
LINE
  5
1BA1
  8
0
 62
1
 10
147.861
 20
-19.7239
 30
0.0
 11
148.186
 21
-20.2106
 31
0.0
  0
LINE
  5
1BA2
  8
0
 62
1
 10
148.186
 20
-20.2106
 30
0.0
 11
148.3
 21
-20.7846
 31
0.0
  0
LINE
  5
1BA3
  8
0
 62
1
 10
148.3
 20
-20.7846
 30
0.0
 11
148.186
 21
-21.3586
 31
0.0
  0
LINE
  5
1BA4
  8
0
 62
1
 10
148.186
 20
-21.3586
 30
0.0
 11
147.861
 21
-21.8453
 31
0.0
  0
LINE
  5
1BA5
  8
0
 62
1
 10
147.861
 20
-21.8453
 30
0.0
 11
147.374
 21
-22.1704
 31
0.0
  0
LINE
  5
1BA6
  8
0
 62
1
 10
147.374
 20
-22.1704
 30
0.0
 11
146.8
 21
-22.2846
 31
0.0
  0
LINE
  5
1BA7
  8
0
 62
1
 10
146.8
 20
-22.2846
 30
0.0
 11
146.226
 21
-22.1704
 31
0.0
  0
LINE
  5
1BA8
  8
0
 62
1
 10
152.226
 20
-22.1704
 30
0.0
 11
151.739
 21
-21.8453
 31
0.0
  0
LINE
  5
1BA9
  8
0
 62
1
 10
151.739
 20
-21.8453
 30
0.0
 11
151.414
 21
-21.3586
 31
0.0
  0
LINE
  5
1BAA
  8
0
 62
1
 10
151.414
 20
-21.3586
 30
0.0
 11
151.3
 21
-20.7846
 31
0.0
  0
LINE
  5
1BAB
  8
0
 62
1
 10
151.3
 20
-20.7846
 30
0.0
 11
151.414
 21
-20.2106
 31
0.0
  0
LINE
  5
1BAC
  8
0
 62
1
 10
151.414
 20
-20.2106
 30
0.0
 11
151.739
 21
-19.7239
 31
0.0
  0
LINE
  5
1BAD
  8
0
 62
1
 10
151.739
 20
-19.7239
 30
0.0
 11
152.226
 21
-19.3988
 31
0.0
  0
LINE
  5
1BAE
  8
0
 62
1
 10
152.226
 20
-19.3988
 30
0.0
 11
152.8
 21
-19.2846
 31
0.0
  0
LINE
  5
1BAF
  8
0
 62
1
 10
152.8
 20
-19.2846
 30
0.0
 11
153.374
 21
-19.3988
 31
0.0
  0
LINE
  5
1BB0
  8
0
 62
1
 10
153.374
 20
-19.3988
 30
0.0
 11
153.861
 21
-19.7239
 31
0.0
  0
LINE
  5
1BB1
  8
0
 62
1
 10
153.861
 20
-19.7239
 30
0.0
 11
154.186
 21
-20.2106
 31
0.0
  0
LINE
  5
1BB2
  8
0
 62
1
 10
154.186
 20
-20.2106
 30
0.0
 11
154.3
 21
-20.7846
 31
0.0
  0
LINE
  5
1BB3
  8
0
 62
1
 10
154.3
 20
-20.7846
 30
0.0
 11
154.186
 21
-21.3586
 31
0.0
  0
LINE
  5
1BB4
  8
0
 62
1
 10
154.186
 20
-21.3586
 30
0.0
 11
153.861
 21
-21.8453
 31
0.0
  0
LINE
  5
1BB5
  8
0
 62
1
 10
153.861
 20
-21.8453
 30
0.0
 11
153.374
 21
-22.1704
 31
0.0
  0
LINE
  5
1BB6
  8
0
 62
1
 10
153.374
 20
-22.1704
 30
0.0
 11
152.8
 21
-22.2846
 31
0.0
  0
LINE
  5
1BB7
  8
0
 62
1
 10
152.8
 20
-22.2846
 30
0.0
 11
152.226
 21
-22.1704
 31
0.0
  0
LINE
  5
1BB8
  8
0
 62
1
 10
158.226
 20
-22.1704
 30
0.0
 11
157.739
 21
-21.8453
 31
0.0
  0
LINE
  5
1BB9
  8
0
 62
1
 10
157.739
 20
-21.8453
 30
0.0
 11
157.414
 21
-21.3586
 31
0.0
  0
LINE
  5
1BBA
  8
0
 62
1
 10
157.414
 20
-21.3586
 30
0.0
 11
157.3
 21
-20.7846
 31
0.0
  0
LINE
  5
1BBB
  8
0
 62
1
 10
157.3
 20
-20.7846
 30
0.0
 11
157.414
 21
-20.2106
 31
0.0
  0
LINE
  5
1BBC
  8
0
 62
1
 10
157.414
 20
-20.2106
 30
0.0
 11
157.739
 21
-19.7239
 31
0.0
  0
LINE
  5
1BBD
  8
0
 62
1
 10
157.739
 20
-19.7239
 30
0.0
 11
158.226
 21
-19.3988
 31
0.0
  0
LINE
  5
1BBE
  8
0
 62
1
 10
158.226
 20
-19.3988
 30
0.0
 11
158.8
 21
-19.2846
 31
0.0
  0
LINE
  5
1BBF
  8
0
 62
1
 10
158.8
 20
-19.2846
 30
0.0
 11
159.374
 21
-19.3988
 31
0.0
  0
LINE
  5
1BC0
  8
0
 62
1
 10
159.374
 20
-19.3988
 30
0.0
 11
159.861
 21
-19.7239
 31
0.0
  0
LINE
  5
1BC1
  8
0
 62
1
 10
159.861
 20
-19.7239
 30
0.0
 11
160.186
 21
-20.2106
 31
0.0
  0
LINE
  5
1BC2
  8
0
 62
1
 10
160.186
 20
-20.2106
 30
0.0
 11
160.3
 21
-20.7846
 31
0.0
  0
LINE
  5
1BC3
  8
0
 62
1
 10
160.3
 20
-20.7846
 30
0.0
 11
160.186
 21
-21.3586
 31
0.0
  0
LINE
  5
1BC4
  8
0
 62
1
 10
160.186
 20
-21.3586
 30
0.0
 11
159.861
 21
-21.8453
 31
0.0
  0
LINE
  5
1BC5
  8
0
 62
1
 10
159.861
 20
-21.8453
 30
0.0
 11
159.374
 21
-22.1704
 31
0.0
  0
LINE
  5
1BC6
  8
0
 62
1
 10
159.374
 20
-22.1704
 30
0.0
 11
158.8
 21
-22.2846
 31
0.0
  0
LINE
  5
1BC7
  8
0
 62
1
 10
158.8
 20
-22.2846
 30
0.0
 11
158.226
 21
-22.1704
 31
0.0
  0
LINE
  5
1BC8
  8
0
 62
1
 10
170.226
 20
-22.1704
 30
0.0
 11
169.739
 21
-21.8453
 31
0.0
  0
LINE
  5
1BC9
  8
0
 62
1
 10
169.739
 20
-21.8453
 30
0.0
 11
169.414
 21
-21.3586
 31
0.0
  0
LINE
  5
1BCA
  8
0
 62
1
 10
169.414
 20
-21.3586
 30
0.0
 11
169.3
 21
-20.7846
 31
0.0
  0
LINE
  5
1BCB
  8
0
 62
1
 10
169.3
 20
-20.7846
 30
0.0
 11
169.414
 21
-20.2106
 31
0.0
  0
LINE
  5
1BCC
  8
0
 62
1
 10
169.414
 20
-20.2106
 30
0.0
 11
169.739
 21
-19.7239
 31
0.0
  0
LINE
  5
1BCD
  8
0
 62
1
 10
169.739
 20
-19.7239
 30
0.0
 11
170.226
 21
-19.3988
 31
0.0
  0
LINE
  5
1BCE
  8
0
 62
1
 10
170.226
 20
-19.3988
 30
0.0
 11
170.8
 21
-19.2846
 31
0.0
  0
LINE
  5
1BCF
  8
0
 62
1
 10
170.8
 20
-19.2846
 30
0.0
 11
171.374
 21
-19.3988
 31
0.0
  0
LINE
  5
1BD0
  8
0
 62
1
 10
171.374
 20
-19.3988
 30
0.0
 11
171.861
 21
-19.7239
 31
0.0
  0
LINE
  5
1BD1
  8
0
 62
1
 10
171.861
 20
-19.7239
 30
0.0
 11
172.186
 21
-20.2106
 31
0.0
  0
LINE
  5
1BD2
  8
0
 62
1
 10
172.186
 20
-20.2106
 30
0.0
 11
172.3
 21
-20.7846
 31
0.0
  0
LINE
  5
1BD3
  8
0
 62
1
 10
172.3
 20
-20.7846
 30
0.0
 11
172.186
 21
-21.3586
 31
0.0
  0
LINE
  5
1BD4
  8
0
 62
1
 10
172.186
 20
-21.3586
 30
0.0
 11
171.861
 21
-21.8453
 31
0.0
  0
LINE
  5
1BD5
  8
0
 62
1
 10
171.861
 20
-21.8453
 30
0.0
 11
171.374
 21
-22.1704
 31
0.0
  0
LINE
  5
1BD6
  8
0
 62
1
 10
171.374
 20
-22.1704
 30
0.0
 11
170.8
 21
-22.2846
 31
0.0
  0
LINE
  5
1BD7
  8
0
 62
1
 10
170.8
 20
-22.2846
 30
0.0
 11
170.226
 21
-22.1704
 31
0.0
  0
LINE
  5
1BD8
  8
0
 62
1
 10
176.226
 20
-22.1704
 30
0.0
 11
175.739
 21
-21.8453
 31
0.0
  0
LINE
  5
1BD9
  8
0
 62
1
 10
175.739
 20
-21.8453
 30
0.0
 11
175.414
 21
-21.3586
 31
0.0
  0
LINE
  5
1BDA
  8
0
 62
1
 10
175.414
 20
-21.3586
 30
0.0
 11
175.3
 21
-20.7846
 31
0.0
  0
LINE
  5
1BDB
  8
0
 62
1
 10
175.3
 20
-20.7846
 30
0.0
 11
175.414
 21
-20.2106
 31
0.0
  0
LINE
  5
1BDC
  8
0
 62
1
 10
175.414
 20
-20.2106
 30
0.0
 11
175.739
 21
-19.7239
 31
0.0
  0
LINE
  5
1BDD
  8
0
 62
1
 10
175.739
 20
-19.7239
 30
0.0
 11
176.226
 21
-19.3988
 31
0.0
  0
LINE
  5
1BDE
  8
0
 62
1
 10
176.226
 20
-19.3988
 30
0.0
 11
176.8
 21
-19.2846
 31
0.0
  0
LINE
  5
1BDF
  8
0
 62
1
 10
176.8
 20
-19.2846
 30
0.0
 11
177.374
 21
-19.3988
 31
0.0
  0
LINE
  5
1BE0
  8
0
 62
1
 10
177.374
 20
-19.3988
 30
0.0
 11
177.861
 21
-19.7239
 31
0.0
  0
LINE
  5
1BE1
  8
0
 62
1
 10
177.861
 20
-19.7239
 30
0.0
 11
178.186
 21
-20.2106
 31
0.0
  0
LINE
  5
1BE2
  8
0
 62
1
 10
178.186
 20
-20.2106
 30
0.0
 11
178.3
 21
-20.7846
 31
0.0
  0
LINE
  5
1BE3
  8
0
 62
1
 10
178.3
 20
-20.7846
 30
0.0
 11
178.186
 21
-21.3586
 31
0.0
  0
LINE
  5
1BE4
  8
0
 62
1
 10
178.186
 20
-21.3586
 30
0.0
 11
177.861
 21
-21.8453
 31
0.0
  0
LINE
  5
1BE5
  8
0
 62
1
 10
177.861
 20
-21.8453
 30
0.0
 11
177.374
 21
-22.1704
 31
0.0
  0
LINE
  5
1BE6
  8
0
 62
1
 10
177.374
 20
-22.1704
 30
0.0
 11
176.8
 21
-22.2846
 31
0.0
  0
LINE
  5
1BE7
  8
0
 62
1
 10
176.8
 20
-22.2846
 30
0.0
 11
176.226
 21
-22.1704
 31
0.0
  0
LINE
  5
1BE8
  8
0
 62
1
 10
182.226
 20
-22.1704
 30
0.0
 11
181.739
 21
-21.8453
 31
0.0
  0
LINE
  5
1BE9
  8
0
 62
1
 10
181.739
 20
-21.8453
 30
0.0
 11
181.414
 21
-21.3586
 31
0.0
  0
LINE
  5
1BEA
  8
0
 62
1
 10
181.414
 20
-21.3586
 30
0.0
 11
181.3
 21
-20.7846
 31
0.0
  0
LINE
  5
1BEB
  8
0
 62
1
 10
181.3
 20
-20.7846
 30
0.0
 11
181.414
 21
-20.2106
 31
0.0
  0
LINE
  5
1BEC
  8
0
 62
1
 10
181.414
 20
-20.2106
 30
0.0
 11
181.739
 21
-19.7239
 31
0.0
  0
LINE
  5
1BED
  8
0
 62
1
 10
181.739
 20
-19.7239
 30
0.0
 11
182.226
 21
-19.3988
 31
0.0
  0
LINE
  5
1BEE
  8
0
 62
1
 10
182.226
 20
-19.3988
 30
0.0
 11
182.8
 21
-19.2846
 31
0.0
  0
LINE
  5
1BEF
  8
0
 62
1
 10
182.8
 20
-19.2846
 30
0.0
 11
183.374
 21
-19.3988
 31
0.0
  0
LINE
  5
1BF0
  8
0
 62
1
 10
183.374
 20
-19.3988
 30
0.0
 11
183.861
 21
-19.7239
 31
0.0
  0
LINE
  5
1BF1
  8
0
 62
1
 10
183.861
 20
-19.7239
 30
0.0
 11
184.186
 21
-20.2106
 31
0.0
  0
LINE
  5
1BF2
  8
0
 62
1
 10
184.186
 20
-20.2106
 30
0.0
 11
184.3
 21
-20.7846
 31
0.0
  0
LINE
  5
1BF3
  8
0
 62
1
 10
184.3
 20
-20.7846
 30
0.0
 11
184.186
 21
-21.3586
 31
0.0
  0
LINE
  5
1BF4
  8
0
 62
1
 10
184.186
 20
-21.3586
 30
0.0
 11
183.861
 21
-21.8453
 31
0.0
  0
LINE
  5
1BF5
  8
0
 62
1
 10
183.861
 20
-21.8453
 30
0.0
 11
183.374
 21
-22.1704
 31
0.0
  0
LINE
  5
1BF6
  8
0
 62
1
 10
183.374
 20
-22.1704
 30
0.0
 11
182.8
 21
-22.2846
 31
0.0
  0
LINE
  5
1BF7
  8
0
 62
1
 10
182.8
 20
-22.2846
 30
0.0
 11
182.226
 21
-22.1704
 31
0.0
  0
LINE
  5
1BF8
  8
0
 62
1
 10
194.226
 20
-22.1704
 30
0.0
 11
193.739
 21
-21.8453
 31
0.0
  0
LINE
  5
1BF9
  8
0
 62
1
 10
193.739
 20
-21.8453
 30
0.0
 11
193.414
 21
-21.3586
 31
0.0
  0
LINE
  5
1BFA
  8
0
 62
1
 10
193.414
 20
-21.3586
 30
0.0
 11
193.3
 21
-20.7846
 31
0.0
  0
LINE
  5
1BFB
  8
0
 62
1
 10
193.3
 20
-20.7846
 30
0.0
 11
193.414
 21
-20.2106
 31
0.0
  0
LINE
  5
1BFC
  8
0
 62
1
 10
193.414
 20
-20.2106
 30
0.0
 11
193.739
 21
-19.7239
 31
0.0
  0
LINE
  5
1BFD
  8
0
 62
1
 10
193.739
 20
-19.7239
 30
0.0
 11
194.226
 21
-19.3988
 31
0.0
  0
LINE
  5
1BFE
  8
0
 62
1
 10
194.226
 20
-19.3988
 30
0.0
 11
194.8
 21
-19.2846
 31
0.0
  0
LINE
  5
1BFF
  8
0
 62
1
 10
194.8
 20
-19.2846
 30
0.0
 11
195.374
 21
-19.3988
 31
0.0
  0
LINE
  5
1C00
  8
0
 62
1
 10
195.374
 20
-19.3988
 30
0.0
 11
195.861
 21
-19.7239
 31
0.0
  0
LINE
  5
1C01
  8
0
 62
1
 10
195.861
 20
-19.7239
 30
0.0
 11
196.186
 21
-20.2106
 31
0.0
  0
LINE
  5
1C02
  8
0
 62
1
 10
196.186
 20
-20.2106
 30
0.0
 11
196.3
 21
-20.7846
 31
0.0
  0
LINE
  5
1C03
  8
0
 62
1
 10
196.3
 20
-20.7846
 30
0.0
 11
196.186
 21
-21.3586
 31
0.0
  0
LINE
  5
1C04
  8
0
 62
1
 10
196.186
 20
-21.3586
 30
0.0
 11
195.861
 21
-21.8453
 31
0.0
  0
LINE
  5
1C05
  8
0
 62
1
 10
195.861
 20
-21.8453
 30
0.0
 11
195.374
 21
-22.1704
 31
0.0
  0
LINE
  5
1C06
  8
0
 62
1
 10
195.374
 20
-22.1704
 30
0.0
 11
194.8
 21
-22.2846
 31
0.0
  0
LINE
  5
1C07
  8
0
 62
1
 10
194.8
 20
-22.2846
 30
0.0
 11
194.226
 21
-22.1704
 31
0.0
  0
LINE
  5
1C08
  8
0
 62
1
 10
200.226
 20
-22.1704
 30
0.0
 11
199.739
 21
-21.8453
 31
0.0
  0
LINE
  5
1C09
  8
0
 62
1
 10
199.739
 20
-21.8453
 30
0.0
 11
199.414
 21
-21.3586
 31
0.0
  0
LINE
  5
1C0A
  8
0
 62
1
 10
199.414
 20
-21.3586
 30
0.0
 11
199.3
 21
-20.7846
 31
0.0
  0
LINE
  5
1C0B
  8
0
 62
1
 10
199.3
 20
-20.7846
 30
0.0
 11
199.414
 21
-20.2106
 31
0.0
  0
LINE
  5
1C0C
  8
0
 62
1
 10
199.414
 20
-20.2106
 30
0.0
 11
199.739
 21
-19.7239
 31
0.0
  0
LINE
  5
1C0D
  8
0
 62
1
 10
199.739
 20
-19.7239
 30
0.0
 11
200.226
 21
-19.3988
 31
0.0
  0
LINE
  5
1C0E
  8
0
 62
1
 10
200.226
 20
-19.3988
 30
0.0
 11
200.8
 21
-19.2846
 31
0.0
  0
LINE
  5
1C0F
  8
0
 62
1
 10
200.8
 20
-19.2846
 30
0.0
 11
201.374
 21
-19.3988
 31
0.0
  0
LINE
  5
1C10
  8
0
 62
1
 10
201.374
 20
-19.3988
 30
0.0
 11
201.861
 21
-19.7239
 31
0.0
  0
LINE
  5
1C11
  8
0
 62
1
 10
201.861
 20
-19.7239
 30
0.0
 11
202.186
 21
-20.2106
 31
0.0
  0
LINE
  5
1C12
  8
0
 62
1
 10
202.186
 20
-20.2106
 30
0.0
 11
202.3
 21
-20.7846
 31
0.0
  0
LINE
  5
1C13
  8
0
 62
1
 10
202.3
 20
-20.7846
 30
0.0
 11
202.186
 21
-21.3586
 31
0.0
  0
LINE
  5
1C14
  8
0
 62
1
 10
202.186
 20
-21.3586
 30
0.0
 11
201.861
 21
-21.8453
 31
0.0
  0
LINE
  5
1C15
  8
0
 62
1
 10
201.861
 20
-21.8453
 30
0.0
 11
201.374
 21
-22.1704
 31
0.0
  0
LINE
  5
1C16
  8
0
 62
1
 10
201.374
 20
-22.1704
 30
0.0
 11
200.8
 21
-22.2846
 31
0.0
  0
LINE
  5
1C17
  8
0
 62
1
 10
200.8
 20
-22.2846
 30
0.0
 11
200.226
 21
-22.1704
 31
0.0
  0
LINE
  5
1C18
  8
0
 62
1
 10
206.226
 20
-22.1704
 30
0.0
 11
205.739
 21
-21.8453
 31
0.0
  0
LINE
  5
1C19
  8
0
 62
1
 10
205.739
 20
-21.8453
 30
0.0
 11
205.414
 21
-21.3586
 31
0.0
  0
LINE
  5
1C1A
  8
0
 62
1
 10
205.414
 20
-21.3586
 30
0.0
 11
205.3
 21
-20.7846
 31
0.0
  0
LINE
  5
1C1B
  8
0
 62
1
 10
205.3
 20
-20.7846
 30
0.0
 11
205.414
 21
-20.2106
 31
0.0
  0
LINE
  5
1C1C
  8
0
 62
1
 10
205.414
 20
-20.2106
 30
0.0
 11
205.739
 21
-19.7239
 31
0.0
  0
LINE
  5
1C1D
  8
0
 62
1
 10
205.739
 20
-19.7239
 30
0.0
 11
206.226
 21
-19.3988
 31
0.0
  0
LINE
  5
1C1E
  8
0
 62
1
 10
206.226
 20
-19.3988
 30
0.0
 11
206.8
 21
-19.2846
 31
0.0
  0
LINE
  5
1C1F
  8
0
 62
1
 10
206.8
 20
-19.2846
 30
0.0
 11
207.374
 21
-19.3988
 31
0.0
  0
LINE
  5
1C20
  8
0
 62
1
 10
207.374
 20
-19.3988
 30
0.0
 11
207.861
 21
-19.7239
 31
0.0
  0
LINE
  5
1C21
  8
0
 62
1
 10
207.861
 20
-19.7239
 30
0.0
 11
208.186
 21
-20.2106
 31
0.0
  0
LINE
  5
1C22
  8
0
 62
1
 10
208.186
 20
-20.2106
 30
0.0
 11
208.3
 21
-20.7846
 31
0.0
  0
LINE
  5
1C23
  8
0
 62
1
 10
208.3
 20
-20.7846
 30
0.0
 11
208.186
 21
-21.3586
 31
0.0
  0
LINE
  5
1C24
  8
0
 62
1
 10
208.186
 20
-21.3586
 30
0.0
 11
207.861
 21
-21.8453
 31
0.0
  0
LINE
  5
1C25
  8
0
 62
1
 10
207.861
 20
-21.8453
 30
0.0
 11
207.374
 21
-22.1704
 31
0.0
  0
LINE
  5
1C26
  8
0
 62
1
 10
207.374
 20
-22.1704
 30
0.0
 11
206.8
 21
-22.2846
 31
0.0
  0
LINE
  5
1C27
  8
0
 62
1
 10
206.8
 20
-22.2846
 30
0.0
 11
206.226
 21
-22.1704
 31
0.0
  0
LINE
  5
1C28
  8
0
 62
1
 10
212.226
 20
-22.1704
 30
0.0
 11
211.739
 21
-21.8453
 31
0.0
  0
LINE
  5
1C29
  8
0
 62
1
 10
211.739
 20
-21.8453
 30
0.0
 11
211.414
 21
-21.3586
 31
0.0
  0
LINE
  5
1C2A
  8
0
 62
1
 10
211.414
 20
-21.3586
 30
0.0
 11
211.3
 21
-20.7846
 31
0.0
  0
LINE
  5
1C2B
  8
0
 62
1
 10
211.3
 20
-20.7846
 30
0.0
 11
211.414
 21
-20.2106
 31
0.0
  0
LINE
  5
1C2C
  8
0
 62
1
 10
211.414
 20
-20.2106
 30
0.0
 11
211.739
 21
-19.7239
 31
0.0
  0
LINE
  5
1C2D
  8
0
 62
1
 10
211.739
 20
-19.7239
 30
0.0
 11
212.226
 21
-19.3988
 31
0.0
  0
LINE
  5
1C2E
  8
0
 62
1
 10
212.226
 20
-19.3988
 30
0.0
 11
212.8
 21
-19.2846
 31
0.0
  0
LINE
  5
1C2F
  8
0
 62
1
 10
212.8
 20
-19.2846
 30
0.0
 11
213.374
 21
-19.3988
 31
0.0
  0
LINE
  5
1C30
  8
0
 62
1
 10
213.374
 20
-19.3988
 30
0.0
 11
213.861
 21
-19.7239
 31
0.0
  0
LINE
  5
1C31
  8
0
 62
1
 10
213.861
 20
-19.7239
 30
0.0
 11
214.186
 21
-20.2106
 31
0.0
  0
LINE
  5
1C32
  8
0
 62
1
 10
214.186
 20
-20.2106
 30
0.0
 11
214.3
 21
-20.7846
 31
0.0
  0
LINE
  5
1C33
  8
0
 62
1
 10
214.3
 20
-20.7846
 30
0.0
 11
214.186
 21
-21.3586
 31
0.0
  0
LINE
  5
1C34
  8
0
 62
1
 10
214.186
 20
-21.3586
 30
0.0
 11
213.861
 21
-21.8453
 31
0.0
  0
LINE
  5
1C35
  8
0
 62
1
 10
213.861
 20
-21.8453
 30
0.0
 11
213.374
 21
-22.1704
 31
0.0
  0
LINE
  5
1C36
  8
0
 62
1
 10
213.374
 20
-22.1704
 30
0.0
 11
212.8
 21
-22.2846
 31
0.0
  0
LINE
  5
1C37
  8
0
 62
1
 10
212.8
 20
-22.2846
 30
0.0
 11
212.226
 21
-22.1704
 31
0.0
  0
LINE
  5
1C38
  8
0
 62
1
 10
218.226
 20
-22.1704
 30
0.0
 11
217.739
 21
-21.8453
 31
0.0
  0
LINE
  5
1C39
  8
0
 62
1
 10
217.739
 20
-21.8453
 30
0.0
 11
217.414
 21
-21.3586
 31
0.0
  0
LINE
  5
1C3A
  8
0
 62
1
 10
217.414
 20
-21.3586
 30
0.0
 11
217.3
 21
-20.7846
 31
0.0
  0
LINE
  5
1C3B
  8
0
 62
1
 10
217.3
 20
-20.7846
 30
0.0
 11
217.414
 21
-20.2106
 31
0.0
  0
LINE
  5
1C3C
  8
0
 62
1
 10
217.414
 20
-20.2106
 30
0.0
 11
217.739
 21
-19.7239
 31
0.0
  0
LINE
  5
1C3D
  8
0
 62
1
 10
217.739
 20
-19.7239
 30
0.0
 11
218.226
 21
-19.3988
 31
0.0
  0
LINE
  5
1C3E
  8
0
 62
1
 10
218.226
 20
-19.3988
 30
0.0
 11
218.8
 21
-19.2846
 31
0.0
  0
LINE
  5
1C3F
  8
0
 62
1
 10
218.8
 20
-19.2846
 30
0.0
 11
219.374
 21
-19.3988
 31
0.0
  0
LINE
  5
1C40
  8
0
 62
1
 10
219.374
 20
-19.3988
 30
0.0
 11
219.861
 21
-19.7239
 31
0.0
  0
LINE
  5
1C41
  8
0
 62
1
 10
219.861
 20
-19.7239
 30
0.0
 11
220.186
 21
-20.2106
 31
0.0
  0
LINE
  5
1C42
  8
0
 62
1
 10
220.186
 20
-20.2106
 30
0.0
 11
220.3
 21
-20.7846
 31
0.0
  0
LINE
  5
1C43
  8
0
 62
1
 10
220.3
 20
-20.7846
 30
0.0
 11
220.186
 21
-21.3586
 31
0.0
  0
LINE
  5
1C44
  8
0
 62
1
 10
220.186
 20
-21.3586
 30
0.0
 11
219.861
 21
-21.8453
 31
0.0
  0
LINE
  5
1C45
  8
0
 62
1
 10
219.861
 20
-21.8453
 30
0.0
 11
219.374
 21
-22.1704
 31
0.0
  0
LINE
  5
1C46
  8
0
 62
1
 10
219.374
 20
-22.1704
 30
0.0
 11
218.8
 21
-22.2846
 31
0.0
  0
LINE
  5
1C47
  8
0
 62
1
 10
218.8
 20
-22.2846
 30
0.0
 11
218.226
 21
-22.1704
 31
0.0
  0
LINE
  5
1C48
  8
0
 62
1
 10
164.226
 20
-22.1704
 30
0.0
 11
163.739
 21
-21.8453
 31
0.0
  0
LINE
  5
1C49
  8
0
 62
1
 10
163.739
 20
-21.8453
 30
0.0
 11
163.414
 21
-21.3586
 31
0.0
  0
LINE
  5
1C4A
  8
0
 62
1
 10
163.414
 20
-21.3586
 30
0.0
 11
163.3
 21
-20.7846
 31
0.0
  0
LINE
  5
1C4B
  8
0
 62
1
 10
163.3
 20
-20.7846
 30
0.0
 11
163.414
 21
-20.2106
 31
0.0
  0
LINE
  5
1C4C
  8
0
 62
1
 10
163.414
 20
-20.2106
 30
0.0
 11
163.739
 21
-19.7239
 31
0.0
  0
LINE
  5
1C4D
  8
0
 62
1
 10
163.739
 20
-19.7239
 30
0.0
 11
164.226
 21
-19.3988
 31
0.0
  0
LINE
  5
1C4E
  8
0
 62
1
 10
164.226
 20
-19.3988
 30
0.0
 11
164.8
 21
-19.2846
 31
0.0
  0
LINE
  5
1C4F
  8
0
 62
1
 10
164.8
 20
-19.2846
 30
0.0
 11
165.374
 21
-19.3988
 31
0.0
  0
LINE
  5
1C50
  8
0
 62
1
 10
165.374
 20
-19.3988
 30
0.0
 11
165.861
 21
-19.7239
 31
0.0
  0
LINE
  5
1C51
  8
0
 62
1
 10
165.861
 20
-19.7239
 30
0.0
 11
166.186
 21
-20.2106
 31
0.0
  0
LINE
  5
1C52
  8
0
 62
1
 10
166.186
 20
-20.2106
 30
0.0
 11
166.3
 21
-20.7846
 31
0.0
  0
LINE
  5
1C53
  8
0
 62
1
 10
166.3
 20
-20.7846
 30
0.0
 11
166.186
 21
-21.3586
 31
0.0
  0
LINE
  5
1C54
  8
0
 62
1
 10
166.186
 20
-21.3586
 30
0.0
 11
165.861
 21
-21.8453
 31
0.0
  0
LINE
  5
1C55
  8
0
 62
1
 10
165.861
 20
-21.8453
 30
0.0
 11
165.374
 21
-22.1704
 31
0.0
  0
LINE
  5
1C56
  8
0
 62
1
 10
165.374
 20
-22.1704
 30
0.0
 11
164.8
 21
-22.2846
 31
0.0
  0
LINE
  5
1C57
  8
0
 62
1
 10
164.8
 20
-22.2846
 30
0.0
 11
164.226
 21
-22.1704
 31
0.0
  0
LINE
  5
1C58
  8
0
 62
1
 10
197.226
 20
-27.3666
 30
0.0
 11
196.739
 21
-27.0414
 31
0.0
  0
LINE
  5
1C59
  8
0
 62
1
 10
196.739
 20
-27.0414
 30
0.0
 11
196.414
 21
-26.5548
 31
0.0
  0
LINE
  5
1C5A
  8
0
 62
1
 10
196.414
 20
-26.5548
 30
0.0
 11
196.3
 21
-25.9808
 31
0.0
  0
LINE
  5
1C5B
  8
0
 62
1
 10
196.3
 20
-25.9808
 30
0.0
 11
196.414
 21
-25.4067
 31
0.0
  0
LINE
  5
1C5C
  8
0
 62
1
 10
196.414
 20
-25.4067
 30
0.0
 11
196.739
 21
-24.9201
 31
0.0
  0
LINE
  5
1C5D
  8
0
 62
1
 10
196.739
 20
-24.9201
 30
0.0
 11
197.226
 21
-24.5949
 31
0.0
  0
LINE
  5
1C5E
  8
0
 62
1
 10
197.226
 20
-24.5949
 30
0.0
 11
197.8
 21
-24.4808
 31
0.0
  0
LINE
  5
1C5F
  8
0
 62
1
 10
197.8
 20
-24.4808
 30
0.0
 11
198.374
 21
-24.5949
 31
0.0
  0
LINE
  5
1C60
  8
0
 62
1
 10
198.374
 20
-24.5949
 30
0.0
 11
198.861
 21
-24.9201
 31
0.0
  0
LINE
  5
1C61
  8
0
 62
1
 10
198.861
 20
-24.9201
 30
0.0
 11
199.186
 21
-25.4067
 31
0.0
  0
LINE
  5
1C62
  8
0
 62
1
 10
199.186
 20
-25.4067
 30
0.0
 11
199.3
 21
-25.9808
 31
0.0
  0
LINE
  5
1C63
  8
0
 62
1
 10
199.3
 20
-25.9808
 30
0.0
 11
199.186
 21
-26.5548
 31
0.0
  0
LINE
  5
1C64
  8
0
 62
1
 10
199.186
 20
-26.5548
 30
0.0
 11
198.861
 21
-27.0414
 31
0.0
  0
LINE
  5
1C65
  8
0
 62
1
 10
198.861
 20
-27.0414
 30
0.0
 11
198.374
 21
-27.3666
 31
0.0
  0
LINE
  5
1C66
  8
0
 62
1
 10
198.374
 20
-27.3666
 30
0.0
 11
197.8
 21
-27.4808
 31
0.0
  0
LINE
  5
1C67
  8
0
 62
1
 10
197.8
 20
-27.4808
 30
0.0
 11
197.226
 21
-27.3666
 31
0.0
  0
LINE
  5
1C68
  8
0
 62
1
 10
203.226
 20
-27.3666
 30
0.0
 11
202.739
 21
-27.0414
 31
0.0
  0
LINE
  5
1C69
  8
0
 62
1
 10
202.739
 20
-27.0414
 30
0.0
 11
202.414
 21
-26.5548
 31
0.0
  0
LINE
  5
1C6A
  8
0
 62
1
 10
202.414
 20
-26.5548
 30
0.0
 11
202.3
 21
-25.9808
 31
0.0
  0
LINE
  5
1C6B
  8
0
 62
1
 10
202.3
 20
-25.9808
 30
0.0
 11
202.414
 21
-25.4067
 31
0.0
  0
LINE
  5
1C6C
  8
0
 62
1
 10
202.414
 20
-25.4067
 30
0.0
 11
202.739
 21
-24.9201
 31
0.0
  0
LINE
  5
1C6D
  8
0
 62
1
 10
202.739
 20
-24.9201
 30
0.0
 11
203.226
 21
-24.5949
 31
0.0
  0
LINE
  5
1C6E
  8
0
 62
1
 10
203.226
 20
-24.5949
 30
0.0
 11
203.8
 21
-24.4808
 31
0.0
  0
LINE
  5
1C6F
  8
0
 62
1
 10
203.8
 20
-24.4808
 30
0.0
 11
204.374
 21
-24.5949
 31
0.0
  0
LINE
  5
1C70
  8
0
 62
1
 10
204.374
 20
-24.5949
 30
0.0
 11
204.861
 21
-24.9201
 31
0.0
  0
LINE
  5
1C71
  8
0
 62
1
 10
204.861
 20
-24.9201
 30
0.0
 11
205.186
 21
-25.4067
 31
0.0
  0
LINE
  5
1C72
  8
0
 62
1
 10
205.186
 20
-25.4067
 30
0.0
 11
205.3
 21
-25.9808
 31
0.0
  0
LINE
  5
1C73
  8
0
 62
1
 10
205.3
 20
-25.9808
 30
0.0
 11
205.186
 21
-26.5548
 31
0.0
  0
LINE
  5
1C74
  8
0
 62
1
 10
205.186
 20
-26.5548
 30
0.0
 11
204.861
 21
-27.0414
 31
0.0
  0
LINE
  5
1C75
  8
0
 62
1
 10
204.861
 20
-27.0414
 30
0.0
 11
204.374
 21
-27.3666
 31
0.0
  0
LINE
  5
1C76
  8
0
 62
1
 10
204.374
 20
-27.3666
 30
0.0
 11
203.8
 21
-27.4808
 31
0.0
  0
LINE
  5
1C77
  8
0
 62
1
 10
203.8
 20
-27.4808
 30
0.0
 11
203.226
 21
-27.3666
 31
0.0
  0
LINE
  5
1C78
  8
0
 62
1
 10
209.226
 20
-27.3666
 30
0.0
 11
208.739
 21
-27.0414
 31
0.0
  0
LINE
  5
1C79
  8
0
 62
1
 10
208.739
 20
-27.0414
 30
0.0
 11
208.414
 21
-26.5548
 31
0.0
  0
LINE
  5
1C7A
  8
0
 62
1
 10
208.414
 20
-26.5548
 30
0.0
 11
208.3
 21
-25.9808
 31
0.0
  0
LINE
  5
1C7B
  8
0
 62
1
 10
208.3
 20
-25.9808
 30
0.0
 11
208.414
 21
-25.4067
 31
0.0
  0
LINE
  5
1C7C
  8
0
 62
1
 10
208.414
 20
-25.4067
 30
0.0
 11
208.739
 21
-24.9201
 31
0.0
  0
LINE
  5
1C7D
  8
0
 62
1
 10
208.739
 20
-24.9201
 30
0.0
 11
209.226
 21
-24.5949
 31
0.0
  0
LINE
  5
1C7E
  8
0
 62
1
 10
209.226
 20
-24.5949
 30
0.0
 11
209.8
 21
-24.4808
 31
0.0
  0
LINE
  5
1C7F
  8
0
 62
1
 10
209.8
 20
-24.4808
 30
0.0
 11
210.374
 21
-24.5949
 31
0.0
  0
LINE
  5
1C80
  8
0
 62
1
 10
210.374
 20
-24.5949
 30
0.0
 11
210.861
 21
-24.9201
 31
0.0
  0
LINE
  5
1C81
  8
0
 62
1
 10
210.861
 20
-24.9201
 30
0.0
 11
211.186
 21
-25.4067
 31
0.0
  0
LINE
  5
1C82
  8
0
 62
1
 10
211.186
 20
-25.4067
 30
0.0
 11
211.3
 21
-25.9808
 31
0.0
  0
LINE
  5
1C83
  8
0
 62
1
 10
211.3
 20
-25.9808
 30
0.0
 11
211.186
 21
-26.5548
 31
0.0
  0
LINE
  5
1C84
  8
0
 62
1
 10
211.186
 20
-26.5548
 30
0.0
 11
210.861
 21
-27.0414
 31
0.0
  0
LINE
  5
1C85
  8
0
 62
1
 10
210.861
 20
-27.0414
 30
0.0
 11
210.374
 21
-27.3666
 31
0.0
  0
LINE
  5
1C86
  8
0
 62
1
 10
210.374
 20
-27.3666
 30
0.0
 11
209.8
 21
-27.4808
 31
0.0
  0
LINE
  5
1C87
  8
0
 62
1
 10
209.8
 20
-27.4808
 30
0.0
 11
209.226
 21
-27.3666
 31
0.0
  0
LINE
  5
1C88
  8
0
 62
1
 10
215.226
 20
-27.3666
 30
0.0
 11
214.739
 21
-27.0414
 31
0.0
  0
LINE
  5
1C89
  8
0
 62
1
 10
214.739
 20
-27.0414
 30
0.0
 11
214.414
 21
-26.5548
 31
0.0
  0
LINE
  5
1C8A
  8
0
 62
1
 10
214.414
 20
-26.5548
 30
0.0
 11
214.3
 21
-25.9808
 31
0.0
  0
LINE
  5
1C8B
  8
0
 62
1
 10
214.3
 20
-25.9808
 30
0.0
 11
214.414
 21
-25.4067
 31
0.0
  0
LINE
  5
1C8C
  8
0
 62
1
 10
214.414
 20
-25.4067
 30
0.0
 11
214.739
 21
-24.9201
 31
0.0
  0
LINE
  5
1C8D
  8
0
 62
1
 10
214.739
 20
-24.9201
 30
0.0
 11
215.226
 21
-24.5949
 31
0.0
  0
LINE
  5
1C8E
  8
0
 62
1
 10
215.226
 20
-24.5949
 30
0.0
 11
215.8
 21
-24.4808
 31
0.0
  0
LINE
  5
1C8F
  8
0
 62
1
 10
215.8
 20
-24.4808
 30
0.0
 11
216.374
 21
-24.5949
 31
0.0
  0
LINE
  5
1C90
  8
0
 62
1
 10
216.374
 20
-24.5949
 30
0.0
 11
216.861
 21
-24.9201
 31
0.0
  0
LINE
  5
1C91
  8
0
 62
1
 10
216.861
 20
-24.9201
 30
0.0
 11
217.186
 21
-25.4067
 31
0.0
  0
LINE
  5
1C92
  8
0
 62
1
 10
217.186
 20
-25.4067
 30
0.0
 11
217.3
 21
-25.9808
 31
0.0
  0
LINE
  5
1C93
  8
0
 62
1
 10
217.3
 20
-25.9808
 30
0.0
 11
217.186
 21
-26.5548
 31
0.0
  0
LINE
  5
1C94
  8
0
 62
1
 10
217.186
 20
-26.5548
 30
0.0
 11
216.861
 21
-27.0414
 31
0.0
  0
LINE
  5
1C95
  8
0
 62
1
 10
216.861
 20
-27.0414
 30
0.0
 11
216.374
 21
-27.3666
 31
0.0
  0
LINE
  5
1C96
  8
0
 62
1
 10
216.374
 20
-27.3666
 30
0.0
 11
215.8
 21
-27.4808
 31
0.0
  0
LINE
  5
1C97
  8
0
 62
1
 10
215.8
 20
-27.4808
 30
0.0
 11
215.226
 21
-27.3666
 31
0.0
  0
LINE
  5
1C98
  8
0
 62
1
 10
185.226
 20
-27.3666
 30
0.0
 11
184.739
 21
-27.0414
 31
0.0
  0
LINE
  5
1C99
  8
0
 62
1
 10
184.739
 20
-27.0414
 30
0.0
 11
184.414
 21
-26.5548
 31
0.0
  0
LINE
  5
1C9A
  8
0
 62
1
 10
184.414
 20
-26.5548
 30
0.0
 11
184.3
 21
-25.9808
 31
0.0
  0
LINE
  5
1C9B
  8
0
 62
1
 10
184.3
 20
-25.9808
 30
0.0
 11
184.414
 21
-25.4067
 31
0.0
  0
LINE
  5
1C9C
  8
0
 62
1
 10
184.414
 20
-25.4067
 30
0.0
 11
184.739
 21
-24.9201
 31
0.0
  0
LINE
  5
1C9D
  8
0
 62
1
 10
184.739
 20
-24.9201
 30
0.0
 11
185.226
 21
-24.5949
 31
0.0
  0
LINE
  5
1C9E
  8
0
 62
1
 10
185.226
 20
-24.5949
 30
0.0
 11
185.8
 21
-24.4808
 31
0.0
  0
LINE
  5
1C9F
  8
0
 62
1
 10
185.8
 20
-24.4808
 30
0.0
 11
186.374
 21
-24.5949
 31
0.0
  0
LINE
  5
1CA0
  8
0
 62
1
 10
186.374
 20
-24.5949
 30
0.0
 11
186.861
 21
-24.9201
 31
0.0
  0
LINE
  5
1CA1
  8
0
 62
1
 10
186.861
 20
-24.9201
 30
0.0
 11
187.186
 21
-25.4067
 31
0.0
  0
LINE
  5
1CA2
  8
0
 62
1
 10
187.186
 20
-25.4067
 30
0.0
 11
187.3
 21
-25.9808
 31
0.0
  0
LINE
  5
1CA3
  8
0
 62
1
 10
187.3
 20
-25.9808
 30
0.0
 11
187.186
 21
-26.5548
 31
0.0
  0
LINE
  5
1CA4
  8
0
 62
1
 10
187.186
 20
-26.5548
 30
0.0
 11
186.861
 21
-27.0414
 31
0.0
  0
LINE
  5
1CA5
  8
0
 62
1
 10
186.861
 20
-27.0414
 30
0.0
 11
186.374
 21
-27.3666
 31
0.0
  0
LINE
  5
1CA6
  8
0
 62
1
 10
186.374
 20
-27.3666
 30
0.0
 11
185.8
 21
-27.4808
 31
0.0
  0
LINE
  5
1CA7
  8
0
 62
1
 10
185.8
 20
-27.4808
 30
0.0
 11
185.226
 21
-27.3666
 31
0.0
  0
LINE
  5
1CA8
  8
0
 62
1
 10
191.226
 20
-27.3666
 30
0.0
 11
190.739
 21
-27.0414
 31
0.0
  0
LINE
  5
1CA9
  8
0
 62
1
 10
190.739
 20
-27.0414
 30
0.0
 11
190.414
 21
-26.5548
 31
0.0
  0
LINE
  5
1CAA
  8
0
 62
1
 10
190.414
 20
-26.5548
 30
0.0
 11
190.3
 21
-25.9808
 31
0.0
  0
LINE
  5
1CAB
  8
0
 62
1
 10
190.3
 20
-25.9808
 30
0.0
 11
190.414
 21
-25.4067
 31
0.0
  0
LINE
  5
1CAC
  8
0
 62
1
 10
190.414
 20
-25.4067
 30
0.0
 11
190.739
 21
-24.9201
 31
0.0
  0
LINE
  5
1CAD
  8
0
 62
1
 10
190.739
 20
-24.9201
 30
0.0
 11
191.226
 21
-24.5949
 31
0.0
  0
LINE
  5
1CAE
  8
0
 62
1
 10
191.226
 20
-24.5949
 30
0.0
 11
191.8
 21
-24.4808
 31
0.0
  0
LINE
  5
1CAF
  8
0
 62
1
 10
191.8
 20
-24.4808
 30
0.0
 11
192.374
 21
-24.5949
 31
0.0
  0
LINE
  5
1CB0
  8
0
 62
1
 10
192.374
 20
-24.5949
 30
0.0
 11
192.861
 21
-24.9201
 31
0.0
  0
LINE
  5
1CB1
  8
0
 62
1
 10
192.861
 20
-24.9201
 30
0.0
 11
193.186
 21
-25.4067
 31
0.0
  0
LINE
  5
1CB2
  8
0
 62
1
 10
193.186
 20
-25.4067
 30
0.0
 11
193.3
 21
-25.9808
 31
0.0
  0
LINE
  5
1CB3
  8
0
 62
1
 10
193.3
 20
-25.9808
 30
0.0
 11
193.186
 21
-26.5548
 31
0.0
  0
LINE
  5
1CB4
  8
0
 62
1
 10
193.186
 20
-26.5548
 30
0.0
 11
192.861
 21
-27.0414
 31
0.0
  0
LINE
  5
1CB5
  8
0
 62
1
 10
192.861
 20
-27.0414
 30
0.0
 11
192.374
 21
-27.3666
 31
0.0
  0
LINE
  5
1CB6
  8
0
 62
1
 10
192.374
 20
-27.3666
 30
0.0
 11
191.8
 21
-27.4808
 31
0.0
  0
LINE
  5
1CB7
  8
0
 62
1
 10
191.8
 20
-27.4808
 30
0.0
 11
191.226
 21
-27.3666
 31
0.0
  0
LINE
  5
1CB8
  8
0
 62
1
 10
179.226
 20
-27.3666
 30
0.0
 11
178.739
 21
-27.0414
 31
0.0
  0
LINE
  5
1CB9
  8
0
 62
1
 10
178.739
 20
-27.0414
 30
0.0
 11
178.414
 21
-26.5548
 31
0.0
  0
LINE
  5
1CBA
  8
0
 62
1
 10
178.414
 20
-26.5548
 30
0.0
 11
178.3
 21
-25.9808
 31
0.0
  0
LINE
  5
1CBB
  8
0
 62
1
 10
178.3
 20
-25.9808
 30
0.0
 11
178.414
 21
-25.4067
 31
0.0
  0
LINE
  5
1CBC
  8
0
 62
1
 10
178.414
 20
-25.4067
 30
0.0
 11
178.739
 21
-24.9201
 31
0.0
  0
LINE
  5
1CBD
  8
0
 62
1
 10
178.739
 20
-24.9201
 30
0.0
 11
179.226
 21
-24.5949
 31
0.0
  0
LINE
  5
1CBE
  8
0
 62
1
 10
179.226
 20
-24.5949
 30
0.0
 11
179.8
 21
-24.4808
 31
0.0
  0
LINE
  5
1CBF
  8
0
 62
1
 10
179.8
 20
-24.4808
 30
0.0
 11
180.374
 21
-24.5949
 31
0.0
  0
LINE
  5
1CC0
  8
0
 62
1
 10
180.374
 20
-24.5949
 30
0.0
 11
180.861
 21
-24.9201
 31
0.0
  0
LINE
  5
1CC1
  8
0
 62
1
 10
180.861
 20
-24.9201
 30
0.0
 11
181.186
 21
-25.4067
 31
0.0
  0
LINE
  5
1CC2
  8
0
 62
1
 10
181.186
 20
-25.4067
 30
0.0
 11
181.3
 21
-25.9808
 31
0.0
  0
LINE
  5
1CC3
  8
0
 62
1
 10
181.3
 20
-25.9808
 30
0.0
 11
181.186
 21
-26.5548
 31
0.0
  0
LINE
  5
1CC4
  8
0
 62
1
 10
181.186
 20
-26.5548
 30
0.0
 11
180.861
 21
-27.0414
 31
0.0
  0
LINE
  5
1CC5
  8
0
 62
1
 10
180.861
 20
-27.0414
 30
0.0
 11
180.374
 21
-27.3666
 31
0.0
  0
LINE
  5
1CC6
  8
0
 62
1
 10
180.374
 20
-27.3666
 30
0.0
 11
179.8
 21
-27.4808
 31
0.0
  0
LINE
  5
1CC7
  8
0
 62
1
 10
179.8
 20
-27.4808
 30
0.0
 11
179.226
 21
-27.3666
 31
0.0
  0
LINE
  5
1CC8
  8
0
 62
1
 10
167.226
 20
-27.3666
 30
0.0
 11
166.739
 21
-27.0414
 31
0.0
  0
LINE
  5
1CC9
  8
0
 62
1
 10
166.739
 20
-27.0414
 30
0.0
 11
166.414
 21
-26.5548
 31
0.0
  0
LINE
  5
1CCA
  8
0
 62
1
 10
166.414
 20
-26.5548
 30
0.0
 11
166.3
 21
-25.9808
 31
0.0
  0
LINE
  5
1CCB
  8
0
 62
1
 10
166.3
 20
-25.9808
 30
0.0
 11
166.414
 21
-25.4067
 31
0.0
  0
LINE
  5
1CCC
  8
0
 62
1
 10
166.414
 20
-25.4067
 30
0.0
 11
166.739
 21
-24.9201
 31
0.0
  0
LINE
  5
1CCD
  8
0
 62
1
 10
166.739
 20
-24.9201
 30
0.0
 11
167.226
 21
-24.5949
 31
0.0
  0
LINE
  5
1CCE
  8
0
 62
1
 10
167.226
 20
-24.5949
 30
0.0
 11
167.8
 21
-24.4808
 31
0.0
  0
LINE
  5
1CCF
  8
0
 62
1
 10
167.8
 20
-24.4808
 30
0.0
 11
168.374
 21
-24.5949
 31
0.0
  0
LINE
  5
1CD0
  8
0
 62
1
 10
168.374
 20
-24.5949
 30
0.0
 11
168.861
 21
-24.9201
 31
0.0
  0
LINE
  5
1CD1
  8
0
 62
1
 10
168.861
 20
-24.9201
 30
0.0
 11
169.186
 21
-25.4067
 31
0.0
  0
LINE
  5
1CD2
  8
0
 62
1
 10
169.186
 20
-25.4067
 30
0.0
 11
169.3
 21
-25.9808
 31
0.0
  0
LINE
  5
1CD3
  8
0
 62
1
 10
169.3
 20
-25.9808
 30
0.0
 11
169.186
 21
-26.5548
 31
0.0
  0
LINE
  5
1CD4
  8
0
 62
1
 10
169.186
 20
-26.5548
 30
0.0
 11
168.861
 21
-27.0414
 31
0.0
  0
LINE
  5
1CD5
  8
0
 62
1
 10
168.861
 20
-27.0414
 30
0.0
 11
168.374
 21
-27.3666
 31
0.0
  0
LINE
  5
1CD6
  8
0
 62
1
 10
168.374
 20
-27.3666
 30
0.0
 11
167.8
 21
-27.4808
 31
0.0
  0
LINE
  5
1CD7
  8
0
 62
1
 10
167.8
 20
-27.4808
 30
0.0
 11
167.226
 21
-27.3666
 31
0.0
  0
LINE
  5
1CD8
  8
0
 62
1
 10
173.226
 20
-27.3666
 30
0.0
 11
172.739
 21
-27.0414
 31
0.0
  0
LINE
  5
1CD9
  8
0
 62
1
 10
172.739
 20
-27.0414
 30
0.0
 11
172.414
 21
-26.5548
 31
0.0
  0
LINE
  5
1CDA
  8
0
 62
1
 10
172.414
 20
-26.5548
 30
0.0
 11
172.3
 21
-25.9808
 31
0.0
  0
LINE
  5
1CDB
  8
0
 62
1
 10
172.3
 20
-25.9808
 30
0.0
 11
172.414
 21
-25.4067
 31
0.0
  0
LINE
  5
1CDC
  8
0
 62
1
 10
172.414
 20
-25.4067
 30
0.0
 11
172.739
 21
-24.9201
 31
0.0
  0
LINE
  5
1CDD
  8
0
 62
1
 10
172.739
 20
-24.9201
 30
0.0
 11
173.226
 21
-24.5949
 31
0.0
  0
LINE
  5
1CDE
  8
0
 62
1
 10
173.226
 20
-24.5949
 30
0.0
 11
173.8
 21
-24.4808
 31
0.0
  0
LINE
  5
1CDF
  8
0
 62
1
 10
173.8
 20
-24.4808
 30
0.0
 11
174.374
 21
-24.5949
 31
0.0
  0
LINE
  5
1CE0
  8
0
 62
1
 10
174.374
 20
-24.5949
 30
0.0
 11
174.861
 21
-24.9201
 31
0.0
  0
LINE
  5
1CE1
  8
0
 62
1
 10
174.861
 20
-24.9201
 30
0.0
 11
175.186
 21
-25.4067
 31
0.0
  0
LINE
  5
1CE2
  8
0
 62
1
 10
175.186
 20
-25.4067
 30
0.0
 11
175.3
 21
-25.9808
 31
0.0
  0
LINE
  5
1CE3
  8
0
 62
1
 10
175.3
 20
-25.9808
 30
0.0
 11
175.186
 21
-26.5548
 31
0.0
  0
LINE
  5
1CE4
  8
0
 62
1
 10
175.186
 20
-26.5548
 30
0.0
 11
174.861
 21
-27.0414
 31
0.0
  0
LINE
  5
1CE5
  8
0
 62
1
 10
174.861
 20
-27.0414
 30
0.0
 11
174.374
 21
-27.3666
 31
0.0
  0
LINE
  5
1CE6
  8
0
 62
1
 10
174.374
 20
-27.3666
 30
0.0
 11
173.8
 21
-27.4808
 31
0.0
  0
LINE
  5
1CE7
  8
0
 62
1
 10
173.8
 20
-27.4808
 30
0.0
 11
173.226
 21
-27.3666
 31
0.0
  0
LINE
  5
1CE8
  8
0
 62
1
 10
155.226
 20
-27.3666
 30
0.0
 11
154.739
 21
-27.0414
 31
0.0
  0
LINE
  5
1CE9
  8
0
 62
1
 10
154.739
 20
-27.0414
 30
0.0
 11
154.414
 21
-26.5548
 31
0.0
  0
LINE
  5
1CEA
  8
0
 62
1
 10
154.414
 20
-26.5548
 30
0.0
 11
154.3
 21
-25.9808
 31
0.0
  0
LINE
  5
1CEB
  8
0
 62
1
 10
154.3
 20
-25.9808
 30
0.0
 11
154.414
 21
-25.4067
 31
0.0
  0
LINE
  5
1CEC
  8
0
 62
1
 10
154.414
 20
-25.4067
 30
0.0
 11
154.739
 21
-24.9201
 31
0.0
  0
LINE
  5
1CED
  8
0
 62
1
 10
154.739
 20
-24.9201
 30
0.0
 11
155.226
 21
-24.5949
 31
0.0
  0
LINE
  5
1CEE
  8
0
 62
1
 10
155.226
 20
-24.5949
 30
0.0
 11
155.8
 21
-24.4808
 31
0.0
  0
LINE
  5
1CEF
  8
0
 62
1
 10
155.8
 20
-24.4808
 30
0.0
 11
156.374
 21
-24.5949
 31
0.0
  0
LINE
  5
1CF0
  8
0
 62
1
 10
156.374
 20
-24.5949
 30
0.0
 11
156.861
 21
-24.9201
 31
0.0
  0
LINE
  5
1CF1
  8
0
 62
1
 10
156.861
 20
-24.9201
 30
0.0
 11
157.186
 21
-25.4067
 31
0.0
  0
LINE
  5
1CF2
  8
0
 62
1
 10
157.186
 20
-25.4067
 30
0.0
 11
157.3
 21
-25.9808
 31
0.0
  0
LINE
  5
1CF3
  8
0
 62
1
 10
157.3
 20
-25.9808
 30
0.0
 11
157.186
 21
-26.5548
 31
0.0
  0
LINE
  5
1CF4
  8
0
 62
1
 10
157.186
 20
-26.5548
 30
0.0
 11
156.861
 21
-27.0414
 31
0.0
  0
LINE
  5
1CF5
  8
0
 62
1
 10
156.861
 20
-27.0414
 30
0.0
 11
156.374
 21
-27.3666
 31
0.0
  0
LINE
  5
1CF6
  8
0
 62
1
 10
156.374
 20
-27.3666
 30
0.0
 11
155.8
 21
-27.4808
 31
0.0
  0
LINE
  5
1CF7
  8
0
 62
1
 10
155.8
 20
-27.4808
 30
0.0
 11
155.226
 21
-27.3666
 31
0.0
  0
LINE
  5
1CF8
  8
0
 62
1
 10
161.226
 20
-27.3666
 30
0.0
 11
160.739
 21
-27.0414
 31
0.0
  0
LINE
  5
1CF9
  8
0
 62
1
 10
160.739
 20
-27.0414
 30
0.0
 11
160.414
 21
-26.5548
 31
0.0
  0
LINE
  5
1CFA
  8
0
 62
1
 10
160.414
 20
-26.5548
 30
0.0
 11
160.3
 21
-25.9808
 31
0.0
  0
LINE
  5
1CFB
  8
0
 62
1
 10
160.3
 20
-25.9808
 30
0.0
 11
160.414
 21
-25.4067
 31
0.0
  0
LINE
  5
1CFC
  8
0
 62
1
 10
160.414
 20
-25.4067
 30
0.0
 11
160.739
 21
-24.9201
 31
0.0
  0
LINE
  5
1CFD
  8
0
 62
1
 10
160.739
 20
-24.9201
 30
0.0
 11
161.226
 21
-24.5949
 31
0.0
  0
LINE
  5
1CFE
  8
0
 62
1
 10
161.226
 20
-24.5949
 30
0.0
 11
161.8
 21
-24.4808
 31
0.0
  0
LINE
  5
1CFF
  8
0
 62
1
 10
161.8
 20
-24.4808
 30
0.0
 11
162.374
 21
-24.5949
 31
0.0
  0
LINE
  5
1D00
  8
0
 62
1
 10
162.374
 20
-24.5949
 30
0.0
 11
162.861
 21
-24.9201
 31
0.0
  0
LINE
  5
1D01
  8
0
 62
1
 10
162.861
 20
-24.9201
 30
0.0
 11
163.186
 21
-25.4067
 31
0.0
  0
LINE
  5
1D02
  8
0
 62
1
 10
163.186
 20
-25.4067
 30
0.0
 11
163.3
 21
-25.9808
 31
0.0
  0
LINE
  5
1D03
  8
0
 62
1
 10
163.3
 20
-25.9808
 30
0.0
 11
163.186
 21
-26.5548
 31
0.0
  0
LINE
  5
1D04
  8
0
 62
1
 10
163.186
 20
-26.5548
 30
0.0
 11
162.861
 21
-27.0414
 31
0.0
  0
LINE
  5
1D05
  8
0
 62
1
 10
162.861
 20
-27.0414
 30
0.0
 11
162.374
 21
-27.3666
 31
0.0
  0
LINE
  5
1D06
  8
0
 62
1
 10
162.374
 20
-27.3666
 30
0.0
 11
161.8
 21
-27.4808
 31
0.0
  0
LINE
  5
1D07
  8
0
 62
1
 10
161.8
 20
-27.4808
 30
0.0
 11
161.226
 21
-27.3666
 31
0.0
  0
LINE
  5
1D08
  8
0
 62
1
 10
149.226
 20
-27.3666
 30
0.0
 11
148.739
 21
-27.0414
 31
0.0
  0
LINE
  5
1D09
  8
0
 62
1
 10
148.739
 20
-27.0414
 30
0.0
 11
148.414
 21
-26.5548
 31
0.0
  0
LINE
  5
1D0A
  8
0
 62
1
 10
148.414
 20
-26.5548
 30
0.0
 11
148.3
 21
-25.9808
 31
0.0
  0
LINE
  5
1D0B
  8
0
 62
1
 10
148.3
 20
-25.9808
 30
0.0
 11
148.414
 21
-25.4067
 31
0.0
  0
LINE
  5
1D0C
  8
0
 62
1
 10
148.414
 20
-25.4067
 30
0.0
 11
148.739
 21
-24.9201
 31
0.0
  0
LINE
  5
1D0D
  8
0
 62
1
 10
148.739
 20
-24.9201
 30
0.0
 11
149.226
 21
-24.5949
 31
0.0
  0
LINE
  5
1D0E
  8
0
 62
1
 10
149.226
 20
-24.5949
 30
0.0
 11
149.8
 21
-24.4808
 31
0.0
  0
LINE
  5
1D0F
  8
0
 62
1
 10
149.8
 20
-24.4808
 30
0.0
 11
150.374
 21
-24.5949
 31
0.0
  0
LINE
  5
1D10
  8
0
 62
1
 10
150.374
 20
-24.5949
 30
0.0
 11
150.861
 21
-24.9201
 31
0.0
  0
LINE
  5
1D11
  8
0
 62
1
 10
150.861
 20
-24.9201
 30
0.0
 11
151.186
 21
-25.4067
 31
0.0
  0
LINE
  5
1D12
  8
0
 62
1
 10
151.186
 20
-25.4067
 30
0.0
 11
151.3
 21
-25.9808
 31
0.0
  0
LINE
  5
1D13
  8
0
 62
1
 10
151.3
 20
-25.9808
 30
0.0
 11
151.186
 21
-26.5548
 31
0.0
  0
LINE
  5
1D14
  8
0
 62
1
 10
151.186
 20
-26.5548
 30
0.0
 11
150.861
 21
-27.0414
 31
0.0
  0
LINE
  5
1D15
  8
0
 62
1
 10
150.861
 20
-27.0414
 30
0.0
 11
150.374
 21
-27.3666
 31
0.0
  0
LINE
  5
1D16
  8
0
 62
1
 10
150.374
 20
-27.3666
 30
0.0
 11
149.8
 21
-27.4808
 31
0.0
  0
LINE
  5
1D17
  8
0
 62
1
 10
149.8
 20
-27.4808
 30
0.0
 11
149.226
 21
-27.3666
 31
0.0
  0
LINE
  5
1D18
  8
0
 62
1
 10
170.226
 20
-32.5627
 30
0.0
 11
169.739
 21
-32.2376
 31
0.0
  0
LINE
  5
1D19
  8
0
 62
1
 10
169.739
 20
-32.2376
 30
0.0
 11
169.414
 21
-31.7509
 31
0.0
  0
LINE
  5
1D1A
  8
0
 62
1
 10
169.414
 20
-31.7509
 30
0.0
 11
169.3
 21
-31.1769
 31
0.0
  0
LINE
  5
1D1B
  8
0
 62
1
 10
169.3
 20
-31.1769
 30
0.0
 11
169.414
 21
-30.6029
 31
0.0
  0
LINE
  5
1D1C
  8
0
 62
1
 10
169.414
 20
-30.6029
 30
0.0
 11
169.739
 21
-30.1162
 31
0.0
  0
LINE
  5
1D1D
  8
0
 62
1
 10
169.739
 20
-30.1162
 30
0.0
 11
170.226
 21
-29.7911
 31
0.0
  0
LINE
  5
1D1E
  8
0
 62
1
 10
170.226
 20
-29.7911
 30
0.0
 11
170.8
 21
-29.6769
 31
0.0
  0
LINE
  5
1D1F
  8
0
 62
1
 10
170.8
 20
-29.6769
 30
0.0
 11
171.374
 21
-29.7911
 31
0.0
  0
LINE
  5
1D20
  8
0
 62
1
 10
171.374
 20
-29.7911
 30
0.0
 11
171.861
 21
-30.1162
 31
0.0
  0
LINE
  5
1D21
  8
0
 62
1
 10
171.861
 20
-30.1162
 30
0.0
 11
172.186
 21
-30.6029
 31
0.0
  0
LINE
  5
1D22
  8
0
 62
1
 10
172.186
 20
-30.6029
 30
0.0
 11
172.3
 21
-31.1769
 31
0.0
  0
LINE
  5
1D23
  8
0
 62
1
 10
172.3
 20
-31.1769
 30
0.0
 11
172.186
 21
-31.7509
 31
0.0
  0
LINE
  5
1D24
  8
0
 62
1
 10
172.186
 20
-31.7509
 30
0.0
 11
171.861
 21
-32.2376
 31
0.0
  0
LINE
  5
1D25
  8
0
 62
1
 10
171.861
 20
-32.2376
 30
0.0
 11
171.374
 21
-32.5627
 31
0.0
  0
LINE
  5
1D26
  8
0
 62
1
 10
171.374
 20
-32.5627
 30
0.0
 11
170.8
 21
-32.6769
 31
0.0
  0
LINE
  5
1D27
  8
0
 62
1
 10
170.8
 20
-32.6769
 30
0.0
 11
170.226
 21
-32.5627
 31
0.0
  0
LINE
  5
1D28
  8
0
 62
1
 10
164.226
 20
-32.5627
 30
0.0
 11
163.739
 21
-32.2376
 31
0.0
  0
LINE
  5
1D29
  8
0
 62
1
 10
163.739
 20
-32.2376
 30
0.0
 11
163.414
 21
-31.7509
 31
0.0
  0
LINE
  5
1D2A
  8
0
 62
1
 10
163.414
 20
-31.7509
 30
0.0
 11
163.3
 21
-31.1769
 31
0.0
  0
LINE
  5
1D2B
  8
0
 62
1
 10
163.3
 20
-31.1769
 30
0.0
 11
163.414
 21
-30.6029
 31
0.0
  0
LINE
  5
1D2C
  8
0
 62
1
 10
163.414
 20
-30.6029
 30
0.0
 11
163.739
 21
-30.1162
 31
0.0
  0
LINE
  5
1D2D
  8
0
 62
1
 10
163.739
 20
-30.1162
 30
0.0
 11
164.226
 21
-29.7911
 31
0.0
  0
LINE
  5
1D2E
  8
0
 62
1
 10
164.226
 20
-29.7911
 30
0.0
 11
164.8
 21
-29.6769
 31
0.0
  0
LINE
  5
1D2F
  8
0
 62
1
 10
164.8
 20
-29.6769
 30
0.0
 11
165.374
 21
-29.7911
 31
0.0
  0
LINE
  5
1D30
  8
0
 62
1
 10
165.374
 20
-29.7911
 30
0.0
 11
165.861
 21
-30.1162
 31
0.0
  0
LINE
  5
1D31
  8
0
 62
1
 10
165.861
 20
-30.1162
 30
0.0
 11
166.186
 21
-30.6029
 31
0.0
  0
LINE
  5
1D32
  8
0
 62
1
 10
166.186
 20
-30.6029
 30
0.0
 11
166.3
 21
-31.1769
 31
0.0
  0
LINE
  5
1D33
  8
0
 62
1
 10
166.3
 20
-31.1769
 30
0.0
 11
166.186
 21
-31.7509
 31
0.0
  0
LINE
  5
1D34
  8
0
 62
1
 10
166.186
 20
-31.7509
 30
0.0
 11
165.861
 21
-32.2376
 31
0.0
  0
LINE
  5
1D35
  8
0
 62
1
 10
165.861
 20
-32.2376
 30
0.0
 11
165.374
 21
-32.5627
 31
0.0
  0
LINE
  5
1D36
  8
0
 62
1
 10
165.374
 20
-32.5627
 30
0.0
 11
164.8
 21
-32.6769
 31
0.0
  0
LINE
  5
1D37
  8
0
 62
1
 10
164.8
 20
-32.6769
 30
0.0
 11
164.226
 21
-32.5627
 31
0.0
  0
LINE
  5
1D38
  8
0
 62
1
 10
152.226
 20
-32.5627
 30
0.0
 11
151.739
 21
-32.2376
 31
0.0
  0
LINE
  5
1D39
  8
0
 62
1
 10
151.739
 20
-32.2376
 30
0.0
 11
151.414
 21
-31.7509
 31
0.0
  0
LINE
  5
1D3A
  8
0
 62
1
 10
151.414
 20
-31.7509
 30
0.0
 11
151.3
 21
-31.1769
 31
0.0
  0
LINE
  5
1D3B
  8
0
 62
1
 10
151.3
 20
-31.1769
 30
0.0
 11
151.414
 21
-30.6029
 31
0.0
  0
LINE
  5
1D3C
  8
0
 62
1
 10
151.414
 20
-30.6029
 30
0.0
 11
151.739
 21
-30.1162
 31
0.0
  0
LINE
  5
1D3D
  8
0
 62
1
 10
151.739
 20
-30.1162
 30
0.0
 11
152.226
 21
-29.7911
 31
0.0
  0
LINE
  5
1D3E
  8
0
 62
1
 10
152.226
 20
-29.7911
 30
0.0
 11
152.8
 21
-29.6769
 31
0.0
  0
LINE
  5
1D3F
  8
0
 62
1
 10
152.8
 20
-29.6769
 30
0.0
 11
153.374
 21
-29.7911
 31
0.0
  0
LINE
  5
1D40
  8
0
 62
1
 10
153.374
 20
-29.7911
 30
0.0
 11
153.861
 21
-30.1162
 31
0.0
  0
LINE
  5
1D41
  8
0
 62
1
 10
153.861
 20
-30.1162
 30
0.0
 11
154.186
 21
-30.6029
 31
0.0
  0
LINE
  5
1D42
  8
0
 62
1
 10
154.186
 20
-30.6029
 30
0.0
 11
154.3
 21
-31.1769
 31
0.0
  0
LINE
  5
1D43
  8
0
 62
1
 10
154.3
 20
-31.1769
 30
0.0
 11
154.186
 21
-31.7509
 31
0.0
  0
LINE
  5
1D44
  8
0
 62
1
 10
154.186
 20
-31.7509
 30
0.0
 11
153.861
 21
-32.2376
 31
0.0
  0
LINE
  5
1D45
  8
0
 62
1
 10
153.861
 20
-32.2376
 30
0.0
 11
153.374
 21
-32.5627
 31
0.0
  0
LINE
  5
1D46
  8
0
 62
1
 10
153.374
 20
-32.5627
 30
0.0
 11
152.8
 21
-32.6769
 31
0.0
  0
LINE
  5
1D47
  8
0
 62
1
 10
152.8
 20
-32.6769
 30
0.0
 11
152.226
 21
-32.5627
 31
0.0
  0
LINE
  5
1D48
  8
0
 62
1
 10
158.226
 20
-32.5627
 30
0.0
 11
157.739
 21
-32.2376
 31
0.0
  0
LINE
  5
1D49
  8
0
 62
1
 10
157.739
 20
-32.2376
 30
0.0
 11
157.414
 21
-31.7509
 31
0.0
  0
LINE
  5
1D4A
  8
0
 62
1
 10
157.414
 20
-31.7509
 30
0.0
 11
157.3
 21
-31.1769
 31
0.0
  0
LINE
  5
1D4B
  8
0
 62
1
 10
157.3
 20
-31.1769
 30
0.0
 11
157.414
 21
-30.6029
 31
0.0
  0
LINE
  5
1D4C
  8
0
 62
1
 10
157.414
 20
-30.6029
 30
0.0
 11
157.739
 21
-30.1162
 31
0.0
  0
LINE
  5
1D4D
  8
0
 62
1
 10
157.739
 20
-30.1162
 30
0.0
 11
158.226
 21
-29.7911
 31
0.0
  0
LINE
  5
1D4E
  8
0
 62
1
 10
158.226
 20
-29.7911
 30
0.0
 11
158.8
 21
-29.6769
 31
0.0
  0
LINE
  5
1D4F
  8
0
 62
1
 10
158.8
 20
-29.6769
 30
0.0
 11
159.374
 21
-29.7911
 31
0.0
  0
LINE
  5
1D50
  8
0
 62
1
 10
159.374
 20
-29.7911
 30
0.0
 11
159.861
 21
-30.1162
 31
0.0
  0
LINE
  5
1D51
  8
0
 62
1
 10
159.861
 20
-30.1162
 30
0.0
 11
160.186
 21
-30.6029
 31
0.0
  0
LINE
  5
1D52
  8
0
 62
1
 10
160.186
 20
-30.6029
 30
0.0
 11
160.3
 21
-31.1769
 31
0.0
  0
LINE
  5
1D53
  8
0
 62
1
 10
160.3
 20
-31.1769
 30
0.0
 11
160.186
 21
-31.7509
 31
0.0
  0
LINE
  5
1D54
  8
0
 62
1
 10
160.186
 20
-31.7509
 30
0.0
 11
159.861
 21
-32.2376
 31
0.0
  0
LINE
  5
1D55
  8
0
 62
1
 10
159.861
 20
-32.2376
 30
0.0
 11
159.374
 21
-32.5627
 31
0.0
  0
LINE
  5
1D56
  8
0
 62
1
 10
159.374
 20
-32.5627
 30
0.0
 11
158.8
 21
-32.6769
 31
0.0
  0
LINE
  5
1D57
  8
0
 62
1
 10
158.8
 20
-32.6769
 30
0.0
 11
158.226
 21
-32.5627
 31
0.0
  0
LINE
  5
1D58
  8
0
 62
1
 10
176.226
 20
-32.5627
 30
0.0
 11
175.739
 21
-32.2376
 31
0.0
  0
LINE
  5
1D59
  8
0
 62
1
 10
175.739
 20
-32.2376
 30
0.0
 11
175.414
 21
-31.7509
 31
0.0
  0
LINE
  5
1D5A
  8
0
 62
1
 10
175.414
 20
-31.7509
 30
0.0
 11
175.3
 21
-31.1769
 31
0.0
  0
LINE
  5
1D5B
  8
0
 62
1
 10
175.3
 20
-31.1769
 30
0.0
 11
175.414
 21
-30.6029
 31
0.0
  0
LINE
  5
1D5C
  8
0
 62
1
 10
175.414
 20
-30.6029
 30
0.0
 11
175.739
 21
-30.1162
 31
0.0
  0
LINE
  5
1D5D
  8
0
 62
1
 10
175.739
 20
-30.1162
 30
0.0
 11
176.226
 21
-29.7911
 31
0.0
  0
LINE
  5
1D5E
  8
0
 62
1
 10
176.226
 20
-29.7911
 30
0.0
 11
176.8
 21
-29.6769
 31
0.0
  0
LINE
  5
1D5F
  8
0
 62
1
 10
176.8
 20
-29.6769
 30
0.0
 11
177.374
 21
-29.7911
 31
0.0
  0
LINE
  5
1D60
  8
0
 62
1
 10
177.374
 20
-29.7911
 30
0.0
 11
177.861
 21
-30.1162
 31
0.0
  0
LINE
  5
1D61
  8
0
 62
1
 10
177.861
 20
-30.1162
 30
0.0
 11
178.186
 21
-30.6029
 31
0.0
  0
LINE
  5
1D62
  8
0
 62
1
 10
178.186
 20
-30.6029
 30
0.0
 11
178.3
 21
-31.1769
 31
0.0
  0
LINE
  5
1D63
  8
0
 62
1
 10
178.3
 20
-31.1769
 30
0.0
 11
178.186
 21
-31.7509
 31
0.0
  0
LINE
  5
1D64
  8
0
 62
1
 10
178.186
 20
-31.7509
 30
0.0
 11
177.861
 21
-32.2376
 31
0.0
  0
LINE
  5
1D65
  8
0
 62
1
 10
177.861
 20
-32.2376
 30
0.0
 11
177.374
 21
-32.5627
 31
0.0
  0
LINE
  5
1D66
  8
0
 62
1
 10
177.374
 20
-32.5627
 30
0.0
 11
176.8
 21
-32.6769
 31
0.0
  0
LINE
  5
1D67
  8
0
 62
1
 10
176.8
 20
-32.6769
 30
0.0
 11
176.226
 21
-32.5627
 31
0.0
  0
LINE
  5
1D68
  8
0
 62
1
 10
182.226
 20
-32.5627
 30
0.0
 11
181.739
 21
-32.2376
 31
0.0
  0
LINE
  5
1D69
  8
0
 62
1
 10
181.739
 20
-32.2376
 30
0.0
 11
181.414
 21
-31.7509
 31
0.0
  0
LINE
  5
1D6A
  8
0
 62
1
 10
181.414
 20
-31.7509
 30
0.0
 11
181.3
 21
-31.1769
 31
0.0
  0
LINE
  5
1D6B
  8
0
 62
1
 10
181.3
 20
-31.1769
 30
0.0
 11
181.414
 21
-30.6029
 31
0.0
  0
LINE
  5
1D6C
  8
0
 62
1
 10
181.414
 20
-30.6029
 30
0.0
 11
181.739
 21
-30.1162
 31
0.0
  0
LINE
  5
1D6D
  8
0
 62
1
 10
181.739
 20
-30.1162
 30
0.0
 11
182.226
 21
-29.7911
 31
0.0
  0
LINE
  5
1D6E
  8
0
 62
1
 10
182.226
 20
-29.7911
 30
0.0
 11
182.8
 21
-29.6769
 31
0.0
  0
LINE
  5
1D6F
  8
0
 62
1
 10
182.8
 20
-29.6769
 30
0.0
 11
183.374
 21
-29.7911
 31
0.0
  0
LINE
  5
1D70
  8
0
 62
1
 10
183.374
 20
-29.7911
 30
0.0
 11
183.861
 21
-30.1162
 31
0.0
  0
LINE
  5
1D71
  8
0
 62
1
 10
183.861
 20
-30.1162
 30
0.0
 11
184.186
 21
-30.6029
 31
0.0
  0
LINE
  5
1D72
  8
0
 62
1
 10
184.186
 20
-30.6029
 30
0.0
 11
184.3
 21
-31.1769
 31
0.0
  0
LINE
  5
1D73
  8
0
 62
1
 10
184.3
 20
-31.1769
 30
0.0
 11
184.186
 21
-31.7509
 31
0.0
  0
LINE
  5
1D74
  8
0
 62
1
 10
184.186
 20
-31.7509
 30
0.0
 11
183.861
 21
-32.2376
 31
0.0
  0
LINE
  5
1D75
  8
0
 62
1
 10
183.861
 20
-32.2376
 30
0.0
 11
183.374
 21
-32.5627
 31
0.0
  0
LINE
  5
1D76
  8
0
 62
1
 10
183.374
 20
-32.5627
 30
0.0
 11
182.8
 21
-32.6769
 31
0.0
  0
LINE
  5
1D77
  8
0
 62
1
 10
182.8
 20
-32.6769
 30
0.0
 11
182.226
 21
-32.5627
 31
0.0
  0
LINE
  5
1D78
  8
0
 62
1
 10
194.226
 20
-32.5627
 30
0.0
 11
193.739
 21
-32.2376
 31
0.0
  0
LINE
  5
1D79
  8
0
 62
1
 10
193.739
 20
-32.2376
 30
0.0
 11
193.414
 21
-31.7509
 31
0.0
  0
LINE
  5
1D7A
  8
0
 62
1
 10
193.414
 20
-31.7509
 30
0.0
 11
193.3
 21
-31.1769
 31
0.0
  0
LINE
  5
1D7B
  8
0
 62
1
 10
193.3
 20
-31.1769
 30
0.0
 11
193.414
 21
-30.6029
 31
0.0
  0
LINE
  5
1D7C
  8
0
 62
1
 10
193.414
 20
-30.6029
 30
0.0
 11
193.739
 21
-30.1162
 31
0.0
  0
LINE
  5
1D7D
  8
0
 62
1
 10
193.739
 20
-30.1162
 30
0.0
 11
194.226
 21
-29.7911
 31
0.0
  0
LINE
  5
1D7E
  8
0
 62
1
 10
194.226
 20
-29.7911
 30
0.0
 11
194.8
 21
-29.6769
 31
0.0
  0
LINE
  5
1D7F
  8
0
 62
1
 10
194.8
 20
-29.6769
 30
0.0
 11
195.374
 21
-29.7911
 31
0.0
  0
LINE
  5
1D80
  8
0
 62
1
 10
195.374
 20
-29.7911
 30
0.0
 11
195.861
 21
-30.1162
 31
0.0
  0
LINE
  5
1D81
  8
0
 62
1
 10
195.861
 20
-30.1162
 30
0.0
 11
196.186
 21
-30.6029
 31
0.0
  0
LINE
  5
1D82
  8
0
 62
1
 10
196.186
 20
-30.6029
 30
0.0
 11
196.3
 21
-31.1769
 31
0.0
  0
LINE
  5
1D83
  8
0
 62
1
 10
196.3
 20
-31.1769
 30
0.0
 11
196.186
 21
-31.7509
 31
0.0
  0
LINE
  5
1D84
  8
0
 62
1
 10
196.186
 20
-31.7509
 30
0.0
 11
195.861
 21
-32.2376
 31
0.0
  0
LINE
  5
1D85
  8
0
 62
1
 10
195.861
 20
-32.2376
 30
0.0
 11
195.374
 21
-32.5627
 31
0.0
  0
LINE
  5
1D86
  8
0
 62
1
 10
195.374
 20
-32.5627
 30
0.0
 11
194.8
 21
-32.6769
 31
0.0
  0
LINE
  5
1D87
  8
0
 62
1
 10
194.8
 20
-32.6769
 30
0.0
 11
194.226
 21
-32.5627
 31
0.0
  0
LINE
  5
1D88
  8
0
 62
1
 10
200.226
 20
-32.5627
 30
0.0
 11
199.739
 21
-32.2376
 31
0.0
  0
LINE
  5
1D89
  8
0
 62
1
 10
199.739
 20
-32.2376
 30
0.0
 11
199.414
 21
-31.7509
 31
0.0
  0
LINE
  5
1D8A
  8
0
 62
1
 10
199.414
 20
-31.7509
 30
0.0
 11
199.3
 21
-31.1769
 31
0.0
  0
LINE
  5
1D8B
  8
0
 62
1
 10
199.3
 20
-31.1769
 30
0.0
 11
199.414
 21
-30.6029
 31
0.0
  0
LINE
  5
1D8C
  8
0
 62
1
 10
199.414
 20
-30.6029
 30
0.0
 11
199.739
 21
-30.1162
 31
0.0
  0
LINE
  5
1D8D
  8
0
 62
1
 10
199.739
 20
-30.1162
 30
0.0
 11
200.226
 21
-29.7911
 31
0.0
  0
LINE
  5
1D8E
  8
0
 62
1
 10
200.226
 20
-29.7911
 30
0.0
 11
200.8
 21
-29.6769
 31
0.0
  0
LINE
  5
1D8F
  8
0
 62
1
 10
200.8
 20
-29.6769
 30
0.0
 11
201.374
 21
-29.7911
 31
0.0
  0
LINE
  5
1D90
  8
0
 62
1
 10
201.374
 20
-29.7911
 30
0.0
 11
201.861
 21
-30.1162
 31
0.0
  0
LINE
  5
1D91
  8
0
 62
1
 10
201.861
 20
-30.1162
 30
0.0
 11
202.186
 21
-30.6029
 31
0.0
  0
LINE
  5
1D92
  8
0
 62
1
 10
202.186
 20
-30.6029
 30
0.0
 11
202.3
 21
-31.1769
 31
0.0
  0
LINE
  5
1D93
  8
0
 62
1
 10
202.3
 20
-31.1769
 30
0.0
 11
202.186
 21
-31.7509
 31
0.0
  0
LINE
  5
1D94
  8
0
 62
1
 10
202.186
 20
-31.7509
 30
0.0
 11
201.861
 21
-32.2376
 31
0.0
  0
LINE
  5
1D95
  8
0
 62
1
 10
201.861
 20
-32.2376
 30
0.0
 11
201.374
 21
-32.5627
 31
0.0
  0
LINE
  5
1D96
  8
0
 62
1
 10
201.374
 20
-32.5627
 30
0.0
 11
200.8
 21
-32.6769
 31
0.0
  0
LINE
  5
1D97
  8
0
 62
1
 10
200.8
 20
-32.6769
 30
0.0
 11
200.226
 21
-32.5627
 31
0.0
  0
LINE
  5
1D98
  8
0
 62
1
 10
212.226
 20
-32.5627
 30
0.0
 11
211.739
 21
-32.2376
 31
0.0
  0
LINE
  5
1D99
  8
0
 62
1
 10
211.739
 20
-32.2376
 30
0.0
 11
211.414
 21
-31.7509
 31
0.0
  0
LINE
  5
1D9A
  8
0
 62
1
 10
211.414
 20
-31.7509
 30
0.0
 11
211.3
 21
-31.1769
 31
0.0
  0
LINE
  5
1D9B
  8
0
 62
1
 10
211.3
 20
-31.1769
 30
0.0
 11
211.414
 21
-30.6029
 31
0.0
  0
LINE
  5
1D9C
  8
0
 62
1
 10
211.414
 20
-30.6029
 30
0.0
 11
211.739
 21
-30.1162
 31
0.0
  0
LINE
  5
1D9D
  8
0
 62
1
 10
211.739
 20
-30.1162
 30
0.0
 11
212.226
 21
-29.7911
 31
0.0
  0
LINE
  5
1D9E
  8
0
 62
1
 10
212.226
 20
-29.7911
 30
0.0
 11
212.8
 21
-29.6769
 31
0.0
  0
LINE
  5
1D9F
  8
0
 62
1
 10
212.8
 20
-29.6769
 30
0.0
 11
213.374
 21
-29.7911
 31
0.0
  0
LINE
  5
1DA0
  8
0
 62
1
 10
213.374
 20
-29.7911
 30
0.0
 11
213.861
 21
-30.1162
 31
0.0
  0
LINE
  5
1DA1
  8
0
 62
1
 10
213.861
 20
-30.1162
 30
0.0
 11
214.186
 21
-30.6029
 31
0.0
  0
LINE
  5
1DA2
  8
0
 62
1
 10
214.186
 20
-30.6029
 30
0.0
 11
214.3
 21
-31.1769
 31
0.0
  0
LINE
  5
1DA3
  8
0
 62
1
 10
214.3
 20
-31.1769
 30
0.0
 11
214.186
 21
-31.7509
 31
0.0
  0
LINE
  5
1DA4
  8
0
 62
1
 10
214.186
 20
-31.7509
 30
0.0
 11
213.861
 21
-32.2376
 31
0.0
  0
LINE
  5
1DA5
  8
0
 62
1
 10
213.861
 20
-32.2376
 30
0.0
 11
213.374
 21
-32.5627
 31
0.0
  0
LINE
  5
1DA6
  8
0
 62
1
 10
213.374
 20
-32.5627
 30
0.0
 11
212.8
 21
-32.6769
 31
0.0
  0
LINE
  5
1DA7
  8
0
 62
1
 10
212.8
 20
-32.6769
 30
0.0
 11
212.226
 21
-32.5627
 31
0.0
  0
LINE
  5
1DA8
  8
0
 62
1
 10
188.226
 20
-32.5627
 30
0.0
 11
187.739
 21
-32.2376
 31
0.0
  0
LINE
  5
1DA9
  8
0
 62
1
 10
187.739
 20
-32.2376
 30
0.0
 11
187.414
 21
-31.7509
 31
0.0
  0
LINE
  5
1DAA
  8
0
 62
1
 10
187.414
 20
-31.7509
 30
0.0
 11
187.3
 21
-31.1769
 31
0.0
  0
LINE
  5
1DAB
  8
0
 62
1
 10
187.3
 20
-31.1769
 30
0.0
 11
187.414
 21
-30.6029
 31
0.0
  0
LINE
  5
1DAC
  8
0
 62
1
 10
187.414
 20
-30.6029
 30
0.0
 11
187.739
 21
-30.1162
 31
0.0
  0
LINE
  5
1DAD
  8
0
 62
1
 10
187.739
 20
-30.1162
 30
0.0
 11
188.226
 21
-29.7911
 31
0.0
  0
LINE
  5
1DAE
  8
0
 62
1
 10
188.226
 20
-29.7911
 30
0.0
 11
188.8
 21
-29.6769
 31
0.0
  0
LINE
  5
1DAF
  8
0
 62
1
 10
188.8
 20
-29.6769
 30
0.0
 11
189.374
 21
-29.7911
 31
0.0
  0
LINE
  5
1DB0
  8
0
 62
1
 10
189.374
 20
-29.7911
 30
0.0
 11
189.861
 21
-30.1162
 31
0.0
  0
LINE
  5
1DB1
  8
0
 62
1
 10
189.861
 20
-30.1162
 30
0.0
 11
190.186
 21
-30.6029
 31
0.0
  0
LINE
  5
1DB2
  8
0
 62
1
 10
190.186
 20
-30.6029
 30
0.0
 11
190.3
 21
-31.1769
 31
0.0
  0
LINE
  5
1DB3
  8
0
 62
1
 10
190.3
 20
-31.1769
 30
0.0
 11
190.186
 21
-31.7509
 31
0.0
  0
LINE
  5
1DB4
  8
0
 62
1
 10
190.186
 20
-31.7509
 30
0.0
 11
189.861
 21
-32.2376
 31
0.0
  0
LINE
  5
1DB5
  8
0
 62
1
 10
189.861
 20
-32.2376
 30
0.0
 11
189.374
 21
-32.5627
 31
0.0
  0
LINE
  5
1DB6
  8
0
 62
1
 10
189.374
 20
-32.5627
 30
0.0
 11
188.8
 21
-32.6769
 31
0.0
  0
LINE
  5
1DB7
  8
0
 62
1
 10
188.8
 20
-32.6769
 30
0.0
 11
188.226
 21
-32.5627
 31
0.0
  0
LINE
  5
1DB8
  8
0
 62
1
 10
206.226
 20
-32.5627
 30
0.0
 11
205.739
 21
-32.2376
 31
0.0
  0
LINE
  5
1DB9
  8
0
 62
1
 10
205.739
 20
-32.2376
 30
0.0
 11
205.414
 21
-31.7509
 31
0.0
  0
LINE
  5
1DBA
  8
0
 62
1
 10
205.414
 20
-31.7509
 30
0.0
 11
205.3
 21
-31.1769
 31
0.0
  0
LINE
  5
1DBB
  8
0
 62
1
 10
205.3
 20
-31.1769
 30
0.0
 11
205.414
 21
-30.6029
 31
0.0
  0
LINE
  5
1DBC
  8
0
 62
1
 10
205.414
 20
-30.6029
 30
0.0
 11
205.739
 21
-30.1162
 31
0.0
  0
LINE
  5
1DBD
  8
0
 62
1
 10
205.739
 20
-30.1162
 30
0.0
 11
206.226
 21
-29.7911
 31
0.0
  0
LINE
  5
1DBE
  8
0
 62
1
 10
206.226
 20
-29.7911
 30
0.0
 11
206.8
 21
-29.6769
 31
0.0
  0
LINE
  5
1DBF
  8
0
 62
1
 10
206.8
 20
-29.6769
 30
0.0
 11
207.374
 21
-29.7911
 31
0.0
  0
LINE
  5
1DC0
  8
0
 62
1
 10
207.374
 20
-29.7911
 30
0.0
 11
207.861
 21
-30.1162
 31
0.0
  0
LINE
  5
1DC1
  8
0
 62
1
 10
207.861
 20
-30.1162
 30
0.0
 11
208.186
 21
-30.6029
 31
0.0
  0
LINE
  5
1DC2
  8
0
 62
1
 10
208.186
 20
-30.6029
 30
0.0
 11
208.3
 21
-31.1769
 31
0.0
  0
LINE
  5
1DC3
  8
0
 62
1
 10
208.3
 20
-31.1769
 30
0.0
 11
208.186
 21
-31.7509
 31
0.0
  0
LINE
  5
1DC4
  8
0
 62
1
 10
208.186
 20
-31.7509
 30
0.0
 11
207.861
 21
-32.2376
 31
0.0
  0
LINE
  5
1DC5
  8
0
 62
1
 10
207.861
 20
-32.2376
 30
0.0
 11
207.374
 21
-32.5627
 31
0.0
  0
LINE
  5
1DC6
  8
0
 62
1
 10
207.374
 20
-32.5627
 30
0.0
 11
206.8
 21
-32.6769
 31
0.0
  0
LINE
  5
1DC7
  8
0
 62
1
 10
206.8
 20
-32.6769
 30
0.0
 11
206.226
 21
-32.5627
 31
0.0
  0
LINE
  5
1DC8
  8
0
 62
1
 10
167.226
 20
-37.7589
 30
0.0
 11
166.739
 21
-37.4337
 31
0.0
  0
LINE
  5
1DC9
  8
0
 62
1
 10
166.739
 20
-37.4337
 30
0.0
 11
166.414
 21
-36.9471
 31
0.0
  0
LINE
  5
1DCA
  8
0
 62
1
 10
166.414
 20
-36.9471
 30
0.0
 11
166.3
 21
-36.3731
 31
0.0
  0
LINE
  5
1DCB
  8
0
 62
1
 10
166.3
 20
-36.3731
 30
0.0
 11
166.414
 21
-35.799
 31
0.0
  0
LINE
  5
1DCC
  8
0
 62
1
 10
166.414
 20
-35.799
 30
0.0
 11
166.739
 21
-35.3124
 31
0.0
  0
LINE
  5
1DCD
  8
0
 62
1
 10
166.739
 20
-35.3124
 30
0.0
 11
167.226
 21
-34.9872
 31
0.0
  0
LINE
  5
1DCE
  8
0
 62
1
 10
167.226
 20
-34.9872
 30
0.0
 11
167.8
 21
-34.8731
 31
0.0
  0
LINE
  5
1DCF
  8
0
 62
1
 10
167.8
 20
-34.8731
 30
0.0
 11
168.374
 21
-34.9872
 31
0.0
  0
LINE
  5
1DD0
  8
0
 62
1
 10
168.374
 20
-34.9872
 30
0.0
 11
168.861
 21
-35.3124
 31
0.0
  0
LINE
  5
1DD1
  8
0
 62
1
 10
168.861
 20
-35.3124
 30
0.0
 11
169.186
 21
-35.799
 31
0.0
  0
LINE
  5
1DD2
  8
0
 62
1
 10
169.186
 20
-35.799
 30
0.0
 11
169.3
 21
-36.3731
 31
0.0
  0
LINE
  5
1DD3
  8
0
 62
1
 10
169.3
 20
-36.3731
 30
0.0
 11
169.186
 21
-36.9471
 31
0.0
  0
LINE
  5
1DD4
  8
0
 62
1
 10
169.186
 20
-36.9471
 30
0.0
 11
168.861
 21
-37.4337
 31
0.0
  0
LINE
  5
1DD5
  8
0
 62
1
 10
168.861
 20
-37.4337
 30
0.0
 11
168.374
 21
-37.7589
 31
0.0
  0
LINE
  5
1DD6
  8
0
 62
1
 10
168.374
 20
-37.7589
 30
0.0
 11
167.8
 21
-37.8731
 31
0.0
  0
LINE
  5
1DD7
  8
0
 62
1
 10
167.8
 20
-37.8731
 30
0.0
 11
167.226
 21
-37.7589
 31
0.0
  0
LINE
  5
1DD8
  8
0
 62
1
 10
185.226
 20
-37.7589
 30
0.0
 11
184.739
 21
-37.4337
 31
0.0
  0
LINE
  5
1DD9
  8
0
 62
1
 10
184.739
 20
-37.4337
 30
0.0
 11
184.414
 21
-36.9471
 31
0.0
  0
LINE
  5
1DDA
  8
0
 62
1
 10
184.414
 20
-36.9471
 30
0.0
 11
184.3
 21
-36.3731
 31
0.0
  0
LINE
  5
1DDB
  8
0
 62
1
 10
184.3
 20
-36.3731
 30
0.0
 11
184.414
 21
-35.799
 31
0.0
  0
LINE
  5
1DDC
  8
0
 62
1
 10
184.414
 20
-35.799
 30
0.0
 11
184.739
 21
-35.3124
 31
0.0
  0
LINE
  5
1DDD
  8
0
 62
1
 10
184.739
 20
-35.3124
 30
0.0
 11
185.226
 21
-34.9872
 31
0.0
  0
LINE
  5
1DDE
  8
0
 62
1
 10
185.226
 20
-34.9872
 30
0.0
 11
185.8
 21
-34.8731
 31
0.0
  0
LINE
  5
1DDF
  8
0
 62
1
 10
185.8
 20
-34.8731
 30
0.0
 11
186.374
 21
-34.9872
 31
0.0
  0
LINE
  5
1DE0
  8
0
 62
1
 10
186.374
 20
-34.9872
 30
0.0
 11
186.861
 21
-35.3124
 31
0.0
  0
LINE
  5
1DE1
  8
0
 62
1
 10
186.861
 20
-35.3124
 30
0.0
 11
187.186
 21
-35.799
 31
0.0
  0
LINE
  5
1DE2
  8
0
 62
1
 10
187.186
 20
-35.799
 30
0.0
 11
187.3
 21
-36.3731
 31
0.0
  0
LINE
  5
1DE3
  8
0
 62
1
 10
187.3
 20
-36.3731
 30
0.0
 11
187.186
 21
-36.9471
 31
0.0
  0
LINE
  5
1DE4
  8
0
 62
1
 10
187.186
 20
-36.9471
 30
0.0
 11
186.861
 21
-37.4337
 31
0.0
  0
LINE
  5
1DE5
  8
0
 62
1
 10
186.861
 20
-37.4337
 30
0.0
 11
186.374
 21
-37.7589
 31
0.0
  0
LINE
  5
1DE6
  8
0
 62
1
 10
186.374
 20
-37.7589
 30
0.0
 11
185.8
 21
-37.8731
 31
0.0
  0
LINE
  5
1DE7
  8
0
 62
1
 10
185.8
 20
-37.8731
 30
0.0
 11
185.226
 21
-37.7589
 31
0.0
  0
LINE
  5
1DE8
  8
0
 62
1
 10
161.226
 20
-37.7589
 30
0.0
 11
160.739
 21
-37.4337
 31
0.0
  0
LINE
  5
1DE9
  8
0
 62
1
 10
160.739
 20
-37.4337
 30
0.0
 11
160.414
 21
-36.9471
 31
0.0
  0
LINE
  5
1DEA
  8
0
 62
1
 10
160.414
 20
-36.9471
 30
0.0
 11
160.3
 21
-36.3731
 31
0.0
  0
LINE
  5
1DEB
  8
0
 62
1
 10
160.3
 20
-36.3731
 30
0.0
 11
160.414
 21
-35.799
 31
0.0
  0
LINE
  5
1DEC
  8
0
 62
1
 10
160.414
 20
-35.799
 30
0.0
 11
160.739
 21
-35.3124
 31
0.0
  0
LINE
  5
1DED
  8
0
 62
1
 10
160.739
 20
-35.3124
 30
0.0
 11
161.226
 21
-34.9872
 31
0.0
  0
LINE
  5
1DEE
  8
0
 62
1
 10
161.226
 20
-34.9872
 30
0.0
 11
161.8
 21
-34.8731
 31
0.0
  0
LINE
  5
1DEF
  8
0
 62
1
 10
161.8
 20
-34.8731
 30
0.0
 11
162.374
 21
-34.9872
 31
0.0
  0
LINE
  5
1DF0
  8
0
 62
1
 10
162.374
 20
-34.9872
 30
0.0
 11
162.861
 21
-35.3124
 31
0.0
  0
LINE
  5
1DF1
  8
0
 62
1
 10
162.861
 20
-35.3124
 30
0.0
 11
163.186
 21
-35.799
 31
0.0
  0
LINE
  5
1DF2
  8
0
 62
1
 10
163.186
 20
-35.799
 30
0.0
 11
163.3
 21
-36.3731
 31
0.0
  0
LINE
  5
1DF3
  8
0
 62
1
 10
163.3
 20
-36.3731
 30
0.0
 11
163.186
 21
-36.9471
 31
0.0
  0
LINE
  5
1DF4
  8
0
 62
1
 10
163.186
 20
-36.9471
 30
0.0
 11
162.861
 21
-37.4337
 31
0.0
  0
LINE
  5
1DF5
  8
0
 62
1
 10
162.861
 20
-37.4337
 30
0.0
 11
162.374
 21
-37.7589
 31
0.0
  0
LINE
  5
1DF6
  8
0
 62
1
 10
162.374
 20
-37.7589
 30
0.0
 11
161.8
 21
-37.8731
 31
0.0
  0
LINE
  5
1DF7
  8
0
 62
1
 10
161.8
 20
-37.8731
 30
0.0
 11
161.226
 21
-37.7589
 31
0.0
  0
LINE
  5
1DF8
  8
0
 62
1
 10
173.226
 20
-37.7589
 30
0.0
 11
172.739
 21
-37.4337
 31
0.0
  0
LINE
  5
1DF9
  8
0
 62
1
 10
172.739
 20
-37.4337
 30
0.0
 11
172.414
 21
-36.9471
 31
0.0
  0
LINE
  5
1DFA
  8
0
 62
1
 10
172.414
 20
-36.9471
 30
0.0
 11
172.3
 21
-36.3731
 31
0.0
  0
LINE
  5
1DFB
  8
0
 62
1
 10
172.3
 20
-36.3731
 30
0.0
 11
172.414
 21
-35.799
 31
0.0
  0
LINE
  5
1DFC
  8
0
 62
1
 10
172.414
 20
-35.799
 30
0.0
 11
172.739
 21
-35.3124
 31
0.0
  0
LINE
  5
1DFD
  8
0
 62
1
 10
172.739
 20
-35.3124
 30
0.0
 11
173.226
 21
-34.9872
 31
0.0
  0
LINE
  5
1DFE
  8
0
 62
1
 10
173.226
 20
-34.9872
 30
0.0
 11
173.8
 21
-34.8731
 31
0.0
  0
LINE
  5
1DFF
  8
0
 62
1
 10
173.8
 20
-34.8731
 30
0.0
 11
174.374
 21
-34.9872
 31
0.0
  0
LINE
  5
1E00
  8
0
 62
1
 10
174.374
 20
-34.9872
 30
0.0
 11
174.861
 21
-35.3124
 31
0.0
  0
LINE
  5
1E01
  8
0
 62
1
 10
174.861
 20
-35.3124
 30
0.0
 11
175.186
 21
-35.799
 31
0.0
  0
LINE
  5
1E02
  8
0
 62
1
 10
175.186
 20
-35.799
 30
0.0
 11
175.3
 21
-36.3731
 31
0.0
  0
LINE
  5
1E03
  8
0
 62
1
 10
175.3
 20
-36.3731
 30
0.0
 11
175.186
 21
-36.9471
 31
0.0
  0
LINE
  5
1E04
  8
0
 62
1
 10
175.186
 20
-36.9471
 30
0.0
 11
174.861
 21
-37.4337
 31
0.0
  0
LINE
  5
1E05
  8
0
 62
1
 10
174.861
 20
-37.4337
 30
0.0
 11
174.374
 21
-37.7589
 31
0.0
  0
LINE
  5
1E06
  8
0
 62
1
 10
174.374
 20
-37.7589
 30
0.0
 11
173.8
 21
-37.8731
 31
0.0
  0
LINE
  5
1E07
  8
0
 62
1
 10
173.8
 20
-37.8731
 30
0.0
 11
173.226
 21
-37.7589
 31
0.0
  0
LINE
  5
1E08
  8
0
 62
1
 10
179.226
 20
-37.7589
 30
0.0
 11
178.739
 21
-37.4337
 31
0.0
  0
LINE
  5
1E09
  8
0
 62
1
 10
178.739
 20
-37.4337
 30
0.0
 11
178.414
 21
-36.9471
 31
0.0
  0
LINE
  5
1E0A
  8
0
 62
1
 10
178.414
 20
-36.9471
 30
0.0
 11
178.3
 21
-36.3731
 31
0.0
  0
LINE
  5
1E0B
  8
0
 62
1
 10
178.3
 20
-36.3731
 30
0.0
 11
178.414
 21
-35.799
 31
0.0
  0
LINE
  5
1E0C
  8
0
 62
1
 10
178.414
 20
-35.799
 30
0.0
 11
178.739
 21
-35.3124
 31
0.0
  0
LINE
  5
1E0D
  8
0
 62
1
 10
178.739
 20
-35.3124
 30
0.0
 11
179.226
 21
-34.9872
 31
0.0
  0
LINE
  5
1E0E
  8
0
 62
1
 10
179.226
 20
-34.9872
 30
0.0
 11
179.8
 21
-34.8731
 31
0.0
  0
LINE
  5
1E0F
  8
0
 62
1
 10
179.8
 20
-34.8731
 30
0.0
 11
180.374
 21
-34.9872
 31
0.0
  0
LINE
  5
1E10
  8
0
 62
1
 10
180.374
 20
-34.9872
 30
0.0
 11
180.861
 21
-35.3124
 31
0.0
  0
LINE
  5
1E11
  8
0
 62
1
 10
180.861
 20
-35.3124
 30
0.0
 11
181.186
 21
-35.799
 31
0.0
  0
LINE
  5
1E12
  8
0
 62
1
 10
181.186
 20
-35.799
 30
0.0
 11
181.3
 21
-36.3731
 31
0.0
  0
LINE
  5
1E13
  8
0
 62
1
 10
181.3
 20
-36.3731
 30
0.0
 11
181.186
 21
-36.9471
 31
0.0
  0
LINE
  5
1E14
  8
0
 62
1
 10
181.186
 20
-36.9471
 30
0.0
 11
180.861
 21
-37.4337
 31
0.0
  0
LINE
  5
1E15
  8
0
 62
1
 10
180.861
 20
-37.4337
 30
0.0
 11
180.374
 21
-37.7589
 31
0.0
  0
LINE
  5
1E16
  8
0
 62
1
 10
180.374
 20
-37.7589
 30
0.0
 11
179.8
 21
-37.8731
 31
0.0
  0
LINE
  5
1E17
  8
0
 62
1
 10
179.8
 20
-37.8731
 30
0.0
 11
179.226
 21
-37.7589
 31
0.0
  0
LINE
  5
1E18
  8
0
 62
1
 10
191.226
 20
-37.7589
 30
0.0
 11
190.739
 21
-37.4337
 31
0.0
  0
LINE
  5
1E19
  8
0
 62
1
 10
190.739
 20
-37.4337
 30
0.0
 11
190.414
 21
-36.9471
 31
0.0
  0
LINE
  5
1E1A
  8
0
 62
1
 10
190.414
 20
-36.9471
 30
0.0
 11
190.3
 21
-36.3731
 31
0.0
  0
LINE
  5
1E1B
  8
0
 62
1
 10
190.3
 20
-36.3731
 30
0.0
 11
190.414
 21
-35.799
 31
0.0
  0
LINE
  5
1E1C
  8
0
 62
1
 10
190.414
 20
-35.799
 30
0.0
 11
190.739
 21
-35.3124
 31
0.0
  0
LINE
  5
1E1D
  8
0
 62
1
 10
190.739
 20
-35.3124
 30
0.0
 11
191.226
 21
-34.9872
 31
0.0
  0
LINE
  5
1E1E
  8
0
 62
1
 10
191.226
 20
-34.9872
 30
0.0
 11
191.8
 21
-34.8731
 31
0.0
  0
LINE
  5
1E1F
  8
0
 62
1
 10
191.8
 20
-34.8731
 30
0.0
 11
192.374
 21
-34.9872
 31
0.0
  0
LINE
  5
1E20
  8
0
 62
1
 10
192.374
 20
-34.9872
 30
0.0
 11
192.861
 21
-35.3124
 31
0.0
  0
LINE
  5
1E21
  8
0
 62
1
 10
192.861
 20
-35.3124
 30
0.0
 11
193.186
 21
-35.799
 31
0.0
  0
LINE
  5
1E22
  8
0
 62
1
 10
193.186
 20
-35.799
 30
0.0
 11
193.3
 21
-36.3731
 31
0.0
  0
LINE
  5
1E23
  8
0
 62
1
 10
193.3
 20
-36.3731
 30
0.0
 11
193.186
 21
-36.9471
 31
0.0
  0
LINE
  5
1E24
  8
0
 62
1
 10
193.186
 20
-36.9471
 30
0.0
 11
192.861
 21
-37.4337
 31
0.0
  0
LINE
  5
1E25
  8
0
 62
1
 10
192.861
 20
-37.4337
 30
0.0
 11
192.374
 21
-37.7589
 31
0.0
  0
LINE
  5
1E26
  8
0
 62
1
 10
192.374
 20
-37.7589
 30
0.0
 11
191.8
 21
-37.8731
 31
0.0
  0
LINE
  5
1E27
  8
0
 62
1
 10
191.8
 20
-37.8731
 30
0.0
 11
191.226
 21
-37.7589
 31
0.0
  0
LINE
  5
1E28
  8
0
 62
1
 10
197.226
 20
-37.7589
 30
0.0
 11
196.739
 21
-37.4337
 31
0.0
  0
LINE
  5
1E29
  8
0
 62
1
 10
196.739
 20
-37.4337
 30
0.0
 11
196.414
 21
-36.9471
 31
0.0
  0
LINE
  5
1E2A
  8
0
 62
1
 10
196.414
 20
-36.9471
 30
0.0
 11
196.3
 21
-36.3731
 31
0.0
  0
LINE
  5
1E2B
  8
0
 62
1
 10
196.3
 20
-36.3731
 30
0.0
 11
196.414
 21
-35.799
 31
0.0
  0
LINE
  5
1E2C
  8
0
 62
1
 10
196.414
 20
-35.799
 30
0.0
 11
196.739
 21
-35.3124
 31
0.0
  0
LINE
  5
1E2D
  8
0
 62
1
 10
196.739
 20
-35.3124
 30
0.0
 11
197.226
 21
-34.9872
 31
0.0
  0
LINE
  5
1E2E
  8
0
 62
1
 10
197.226
 20
-34.9872
 30
0.0
 11
197.8
 21
-34.8731
 31
0.0
  0
LINE
  5
1E2F
  8
0
 62
1
 10
197.8
 20
-34.8731
 30
0.0
 11
198.374
 21
-34.9872
 31
0.0
  0
LINE
  5
1E30
  8
0
 62
1
 10
198.374
 20
-34.9872
 30
0.0
 11
198.861
 21
-35.3124
 31
0.0
  0
LINE
  5
1E31
  8
0
 62
1
 10
198.861
 20
-35.3124
 30
0.0
 11
199.186
 21
-35.799
 31
0.0
  0
LINE
  5
1E32
  8
0
 62
1
 10
199.186
 20
-35.799
 30
0.0
 11
199.3
 21
-36.3731
 31
0.0
  0
LINE
  5
1E33
  8
0
 62
1
 10
199.3
 20
-36.3731
 30
0.0
 11
199.186
 21
-36.9471
 31
0.0
  0
LINE
  5
1E34
  8
0
 62
1
 10
199.186
 20
-36.9471
 30
0.0
 11
198.861
 21
-37.4337
 31
0.0
  0
LINE
  5
1E35
  8
0
 62
1
 10
198.861
 20
-37.4337
 30
0.0
 11
198.374
 21
-37.7589
 31
0.0
  0
LINE
  5
1E36
  8
0
 62
1
 10
198.374
 20
-37.7589
 30
0.0
 11
197.8
 21
-37.8731
 31
0.0
  0
LINE
  5
1E37
  8
0
 62
1
 10
197.8
 20
-37.8731
 30
0.0
 11
197.226
 21
-37.7589
 31
0.0
  0
LINE
  5
1E38
  8
0
 62
1
 10
203.226
 20
-37.7589
 30
0.0
 11
202.739
 21
-37.4337
 31
0.0
  0
LINE
  5
1E39
  8
0
 62
1
 10
202.739
 20
-37.4337
 30
0.0
 11
202.414
 21
-36.9471
 31
0.0
  0
LINE
  5
1E3A
  8
0
 62
1
 10
202.414
 20
-36.9471
 30
0.0
 11
202.3
 21
-36.3731
 31
0.0
  0
LINE
  5
1E3B
  8
0
 62
1
 10
202.3
 20
-36.3731
 30
0.0
 11
202.414
 21
-35.799
 31
0.0
  0
LINE
  5
1E3C
  8
0
 62
1
 10
202.414
 20
-35.799
 30
0.0
 11
202.739
 21
-35.3124
 31
0.0
  0
LINE
  5
1E3D
  8
0
 62
1
 10
202.739
 20
-35.3124
 30
0.0
 11
203.226
 21
-34.9872
 31
0.0
  0
LINE
  5
1E3E
  8
0
 62
1
 10
203.226
 20
-34.9872
 30
0.0
 11
203.8
 21
-34.8731
 31
0.0
  0
LINE
  5
1E3F
  8
0
 62
1
 10
203.8
 20
-34.8731
 30
0.0
 11
204.374
 21
-34.9872
 31
0.0
  0
LINE
  5
1E40
  8
0
 62
1
 10
204.374
 20
-34.9872
 30
0.0
 11
204.861
 21
-35.3124
 31
0.0
  0
LINE
  5
1E41
  8
0
 62
1
 10
204.861
 20
-35.3124
 30
0.0
 11
205.186
 21
-35.799
 31
0.0
  0
LINE
  5
1E42
  8
0
 62
1
 10
205.186
 20
-35.799
 30
0.0
 11
205.3
 21
-36.3731
 31
0.0
  0
LINE
  5
1E43
  8
0
 62
1
 10
205.3
 20
-36.3731
 30
0.0
 11
205.186
 21
-36.9471
 31
0.0
  0
LINE
  5
1E44
  8
0
 62
1
 10
205.186
 20
-36.9471
 30
0.0
 11
204.861
 21
-37.4337
 31
0.0
  0
LINE
  5
1E45
  8
0
 62
1
 10
204.861
 20
-37.4337
 30
0.0
 11
204.374
 21
-37.7589
 31
0.0
  0
LINE
  5
1E46
  8
0
 62
1
 10
204.374
 20
-37.7589
 30
0.0
 11
203.8
 21
-37.8731
 31
0.0
  0
LINE
  5
1E47
  8
0
 62
1
 10
203.8
 20
-37.8731
 30
0.0
 11
203.226
 21
-37.7589
 31
0.0
  0
LINE
  5
1E48
  8
0
 62
1
 10
106.394
 20
-45.3685
 30
0.0
 11
106.19
 21
-45.3492
 31
0.0
  0
LINE
  5
1E49
  8
0
 62
1
 10
106.19
 20
-45.3492
 30
0.0
 11
105.986
 21
-45.317
 31
0.0
  0
LINE
  5
1E4A
  8
0
 62
1
 10
105.986
 20
-45.317
 30
0.0
 11
105.786
 21
-45.2721
 31
0.0
  0
LINE
  5
1E4B
  8
0
 62
1
 10
105.786
 20
-45.2721
 30
0.0
 11
105.588
 21
-45.2147
 31
0.0
  0
LINE
  5
1E4C
  8
0
 62
1
 10
105.588
 20
-45.2147
 30
0.0
 11
105.394
 21
-45.145
 31
0.0
  0
LINE
  5
1E4D
  8
0
 62
1
 10
105.394
 20
-45.145
 30
0.0
 11
105.206
 21
-45.0633
 31
0.0
  0
LINE
  5
1E4E
  8
0
 62
1
 10
105.206
 20
-45.0633
 30
0.0
 11
105.022
 21
-44.9699
 31
0.0
  0
LINE
  5
1E4F
  8
0
 62
1
 10
105.022
 20
-44.9699
 30
0.0
 11
104.845
 21
-44.8652
 31
0.0
  0
LINE
  5
1E50
  8
0
 62
1
 10
104.845
 20
-44.8652
 30
0.0
 11
104.675
 21
-44.7495
 31
0.0
  0
LINE
  5
1E51
  8
0
 62
1
 10
104.675
 20
-44.7495
 30
0.0
 11
104.512
 21
-44.6234
 31
0.0
  0
LINE
  5
1E52
  8
0
 62
1
 10
104.512
 20
-44.6234
 30
0.0
 11
104.358
 21
-44.4874
 31
0.0
  0
LINE
  5
1E53
  8
0
 62
1
 10
104.358
 20
-44.4874
 30
0.0
 11
104.213
 21
-44.3419
 31
0.0
  0
LINE
  5
1E54
  8
0
 62
1
 10
104.213
 20
-44.3419
 30
0.0
 11
104.077
 21
-44.1876
 31
0.0
  0
LINE
  5
1E55
  8
0
 62
1
 10
104.077
 20
-44.1876
 30
0.0
 11
103.95
 21
-44.025
 31
0.0
  0
LINE
  5
1E56
  8
0
 62
1
 10
103.95
 20
-44.025
 30
0.0
 11
103.835
 21
-43.8548
 31
0.0
  0
LINE
  5
1E57
  8
0
 62
1
 10
103.835
 20
-43.8548
 30
0.0
 11
103.73
 21
-43.6777
 31
0.0
  0
LINE
  5
1E58
  8
0
 62
1
 10
103.73
 20
-43.6777
 30
0.0
 11
103.637
 21
-43.4944
 31
0.0
  0
LINE
  5
1E59
  8
0
 62
1
 10
103.637
 20
-43.4944
 30
0.0
 11
103.555
 21
-43.3056
 31
0.0
  0
LINE
  5
1E5A
  8
0
 62
1
 10
103.555
 20
-43.3056
 30
0.0
 11
103.485
 21
-43.112
 31
0.0
  0
LINE
  5
1E5B
  8
0
 62
1
 10
103.485
 20
-43.112
 30
0.0
 11
103.428
 21
-42.9145
 31
0.0
  0
LINE
  5
1E5C
  8
0
 62
1
 10
103.428
 20
-42.9145
 30
0.0
 11
103.383
 21
-42.7137
 31
0.0
  0
LINE
  5
1E5D
  8
0
 62
1
 10
103.383
 20
-42.7137
 30
0.0
 11
103.351
 21
-42.5105
 31
0.0
  0
LINE
  5
1E5E
  8
0
 62
1
 10
103.351
 20
-42.5105
 30
0.0
 11
103.331
 21
-42.3056
 31
0.0
  0
LINE
  5
1E5F
  8
0
 62
1
 10
103.331
 20
-42.3056
 30
0.0
 11
103.325
 21
-42.1
 31
0.0
  0
LINE
  5
1E60
  8
0
 62
1
 10
103.325
 20
-42.1
 30
0.0
 11
103.331
 21
-41.8943
 31
0.0
  0
LINE
  5
1E61
  8
0
 62
1
 10
103.331
 20
-41.8943
 30
0.0
 11
103.351
 21
-41.6895
 31
0.0
  0
LINE
  5
1E62
  8
0
 62
1
 10
103.351
 20
-41.6895
 30
0.0
 11
103.383
 21
-41.4863
 31
0.0
  0
LINE
  5
1E63
  8
0
 62
1
 10
103.383
 20
-41.4863
 30
0.0
 11
103.428
 21
-41.2855
 31
0.0
  0
LINE
  5
1E64
  8
0
 62
1
 10
103.428
 20
-41.2855
 30
0.0
 11
103.485
 21
-41.088
 31
0.0
  0
LINE
  5
1E65
  8
0
 62
1
 10
103.485
 20
-41.088
 30
0.0
 11
103.555
 21
-40.8944
 31
0.0
  0
LINE
  5
1E66
  8
0
 62
1
 10
103.555
 20
-40.8944
 30
0.0
 11
103.637
 21
-40.7056
 31
0.0
  0
LINE
  5
1E67
  8
0
 62
1
 10
103.637
 20
-40.7056
 30
0.0
 11
103.73
 21
-40.5222
 31
0.0
  0
LINE
  5
1E68
  8
0
 62
1
 10
103.73
 20
-40.5222
 30
0.0
 11
103.835
 21
-40.3452
 31
0.0
  0
LINE
  5
1E69
  8
0
 62
1
 10
103.835
 20
-40.3452
 30
0.0
 11
103.95
 21
-40.175
 31
0.0
  0
LINE
  5
1E6A
  8
0
 62
1
 10
103.95
 20
-40.175
 30
0.0
 11
104.077
 21
-40.0124
 31
0.0
  0
LINE
  5
1E6B
  8
0
 62
1
 10
104.077
 20
-40.0124
 30
0.0
 11
104.213
 21
-39.8581
 31
0.0
  0
LINE
  5
1E6C
  8
0
 62
1
 10
104.213
 20
-39.8581
 30
0.0
 11
104.358
 21
-39.7126
 31
0.0
  0
LINE
  5
1E6D
  8
0
 62
1
 10
104.358
 20
-39.7126
 30
0.0
 11
104.512
 21
-39.5766
 31
0.0
  0
LINE
  5
1E6E
  8
0
 62
1
 10
104.512
 20
-39.5766
 30
0.0
 11
104.675
 21
-39.4505
 31
0.0
  0
LINE
  5
1E6F
  8
0
 62
1
 10
104.675
 20
-39.4505
 30
0.0
 11
104.845
 21
-39.3348
 31
0.0
  0
LINE
  5
1E70
  8
0
 62
1
 10
104.845
 20
-39.3348
 30
0.0
 11
105.022
 21
-39.2301
 31
0.0
  0
LINE
  5
1E71
  8
0
 62
1
 10
105.022
 20
-39.2301
 30
0.0
 11
105.206
 21
-39.1367
 31
0.0
  0
LINE
  5
1E72
  8
0
 62
1
 10
105.206
 20
-39.1367
 30
0.0
 11
105.394
 21
-39.055
 31
0.0
  0
LINE
  5
1E73
  8
0
 62
1
 10
105.394
 20
-39.055
 30
0.0
 11
105.588
 21
-38.9853
 31
0.0
  0
LINE
  5
1E74
  8
0
 62
1
 10
105.588
 20
-38.9853
 30
0.0
 11
105.786
 21
-38.9279
 31
0.0
  0
LINE
  5
1E75
  8
0
 62
1
 10
105.786
 20
-38.9279
 30
0.0
 11
105.986
 21
-38.883
 31
0.0
  0
LINE
  5
1E76
  8
0
 62
1
 10
105.986
 20
-38.883
 30
0.0
 11
106.19
 21
-38.8508
 31
0.0
  0
LINE
  5
1E77
  8
0
 62
1
 10
106.19
 20
-38.8508
 30
0.0
 11
106.394
 21
-38.8315
 31
0.0
  0
LINE
  5
1E78
  8
0
 62
1
 10
106.394
 20
-38.8315
 30
0.0
 11
106.6
 21
-38.825
 31
0.0
  0
LINE
  5
1E79
  8
0
 62
1
 10
106.6
 20
-38.825
 30
0.0
 11
106.806
 21
-38.8315
 31
0.0
  0
LINE
  5
1E7A
  8
0
 62
1
 10
106.806
 20
-38.8315
 30
0.0
 11
107.01
 21
-38.8508
 31
0.0
  0
LINE
  5
1E7B
  8
0
 62
1
 10
107.01
 20
-38.8508
 30
0.0
 11
107.214
 21
-38.883
 31
0.0
  0
LINE
  5
1E7C
  8
0
 62
1
 10
107.214
 20
-38.883
 30
0.0
 11
107.414
 21
-38.9279
 31
0.0
  0
LINE
  5
1E7D
  8
0
 62
1
 10
107.414
 20
-38.9279
 30
0.0
 11
107.612
 21
-38.9853
 31
0.0
  0
LINE
  5
1E7E
  8
0
 62
1
 10
107.612
 20
-38.9853
 30
0.0
 11
107.806
 21
-39.055
 31
0.0
  0
LINE
  5
1E7F
  8
0
 62
1
 10
107.806
 20
-39.055
 30
0.0
 11
107.994
 21
-39.1367
 31
0.0
  0
LINE
  5
1E80
  8
0
 62
1
 10
107.994
 20
-39.1367
 30
0.0
 11
108.178
 21
-39.2301
 31
0.0
  0
LINE
  5
1E81
  8
0
 62
1
 10
108.178
 20
-39.2301
 30
0.0
 11
108.355
 21
-39.3348
 31
0.0
  0
LINE
  5
1E82
  8
0
 62
1
 10
108.355
 20
-39.3348
 30
0.0
 11
108.525
 21
-39.4505
 31
0.0
  0
LINE
  5
1E83
  8
0
 62
1
 10
108.525
 20
-39.4505
 30
0.0
 11
108.688
 21
-39.5766
 31
0.0
  0
LINE
  5
1E84
  8
0
 62
1
 10
108.688
 20
-39.5766
 30
0.0
 11
108.842
 21
-39.7126
 31
0.0
  0
LINE
  5
1E85
  8
0
 62
1
 10
108.842
 20
-39.7126
 30
0.0
 11
108.987
 21
-39.8581
 31
0.0
  0
LINE
  5
1E86
  8
0
 62
1
 10
108.987
 20
-39.8581
 30
0.0
 11
109.123
 21
-40.0124
 31
0.0
  0
LINE
  5
1E87
  8
0
 62
1
 10
109.123
 20
-40.0124
 30
0.0
 11
109.25
 21
-40.175
 31
0.0
  0
LINE
  5
1E88
  8
0
 62
1
 10
109.25
 20
-40.175
 30
0.0
 11
109.365
 21
-40.3452
 31
0.0
  0
LINE
  5
1E89
  8
0
 62
1
 10
109.365
 20
-40.3452
 30
0.0
 11
109.47
 21
-40.5222
 31
0.0
  0
LINE
  5
1E8A
  8
0
 62
1
 10
109.47
 20
-40.5222
 30
0.0
 11
109.563
 21
-40.7056
 31
0.0
  0
LINE
  5
1E8B
  8
0
 62
1
 10
109.563
 20
-40.7056
 30
0.0
 11
109.645
 21
-40.8944
 31
0.0
  0
LINE
  5
1E8C
  8
0
 62
1
 10
109.645
 20
-40.8944
 30
0.0
 11
109.715
 21
-41.088
 31
0.0
  0
LINE
  5
1E8D
  8
0
 62
1
 10
109.715
 20
-41.088
 30
0.0
 11
109.772
 21
-41.2855
 31
0.0
  0
LINE
  5
1E8E
  8
0
 62
1
 10
109.772
 20
-41.2855
 30
0.0
 11
109.817
 21
-41.4863
 31
0.0
  0
LINE
  5
1E8F
  8
0
 62
1
 10
109.817
 20
-41.4863
 30
0.0
 11
109.849
 21
-41.6895
 31
0.0
  0
LINE
  5
1E90
  8
0
 62
1
 10
109.849
 20
-41.6895
 30
0.0
 11
109.869
 21
-41.8943
 31
0.0
  0
LINE
  5
1E91
  8
0
 62
1
 10
109.869
 20
-41.8943
 30
0.0
 11
109.875
 21
-42.1
 31
0.0
  0
LINE
  5
1E92
  8
0
 62
1
 10
109.875
 20
-42.1
 30
0.0
 11
109.869
 21
-42.3056
 31
0.0
  0
LINE
  5
1E93
  8
0
 62
1
 10
109.869
 20
-42.3056
 30
0.0
 11
109.849
 21
-42.5105
 31
0.0
  0
LINE
  5
1E94
  8
0
 62
1
 10
109.849
 20
-42.5105
 30
0.0
 11
109.817
 21
-42.7137
 31
0.0
  0
LINE
  5
1E95
  8
0
 62
1
 10
109.817
 20
-42.7137
 30
0.0
 11
109.772
 21
-42.9145
 31
0.0
  0
LINE
  5
1E96
  8
0
 62
1
 10
109.772
 20
-42.9145
 30
0.0
 11
109.715
 21
-43.112
 31
0.0
  0
LINE
  5
1E97
  8
0
 62
1
 10
109.715
 20
-43.112
 30
0.0
 11
109.645
 21
-43.3056
 31
0.0
  0
LINE
  5
1E98
  8
0
 62
1
 10
109.645
 20
-43.3056
 30
0.0
 11
109.563
 21
-43.4944
 31
0.0
  0
LINE
  5
1E99
  8
0
 62
1
 10
109.563
 20
-43.4944
 30
0.0
 11
109.47
 21
-43.6777
 31
0.0
  0
LINE
  5
1E9A
  8
0
 62
1
 10
109.47
 20
-43.6777
 30
0.0
 11
109.365
 21
-43.8548
 31
0.0
  0
LINE
  5
1E9B
  8
0
 62
1
 10
109.365
 20
-43.8548
 30
0.0
 11
109.25
 21
-44.025
 31
0.0
  0
LINE
  5
1E9C
  8
0
 62
1
 10
109.25
 20
-44.025
 30
0.0
 11
109.123
 21
-44.1876
 31
0.0
  0
LINE
  5
1E9D
  8
0
 62
1
 10
109.123
 20
-44.1876
 30
0.0
 11
108.987
 21
-44.3419
 31
0.0
  0
LINE
  5
1E9E
  8
0
 62
1
 10
108.987
 20
-44.3419
 30
0.0
 11
108.842
 21
-44.4874
 31
0.0
  0
LINE
  5
1E9F
  8
0
 62
1
 10
108.842
 20
-44.4874
 30
0.0
 11
108.688
 21
-44.6234
 31
0.0
  0
LINE
  5
1EA0
  8
0
 62
1
 10
108.688
 20
-44.6234
 30
0.0
 11
108.525
 21
-44.7495
 31
0.0
  0
LINE
  5
1EA1
  8
0
 62
1
 10
108.525
 20
-44.7495
 30
0.0
 11
108.355
 21
-44.8652
 31
0.0
  0
LINE
  5
1EA2
  8
0
 62
1
 10
108.355
 20
-44.8652
 30
0.0
 11
108.178
 21
-44.9699
 31
0.0
  0
LINE
  5
1EA3
  8
0
 62
1
 10
108.178
 20
-44.9699
 30
0.0
 11
107.994
 21
-45.0633
 31
0.0
  0
LINE
  5
1EA4
  8
0
 62
1
 10
107.994
 20
-45.0633
 30
0.0
 11
107.806
 21
-45.145
 31
0.0
  0
LINE
  5
1EA5
  8
0
 62
1
 10
107.806
 20
-45.145
 30
0.0
 11
107.612
 21
-45.2147
 31
0.0
  0
LINE
  5
1EA6
  8
0
 62
1
 10
107.612
 20
-45.2147
 30
0.0
 11
107.414
 21
-45.2721
 31
0.0
  0
LINE
  5
1EA7
  8
0
 62
1
 10
107.414
 20
-45.2721
 30
0.0
 11
107.214
 21
-45.317
 31
0.0
  0
LINE
  5
1EA8
  8
0
 62
1
 10
107.214
 20
-45.317
 30
0.0
 11
107.01
 21
-45.3492
 31
0.0
  0
LINE
  5
1EA9
  8
0
 62
1
 10
107.01
 20
-45.3492
 30
0.0
 11
106.806
 21
-45.3685
 31
0.0
  0
LINE
  5
1EAA
  8
0
 62
1
 10
106.806
 20
-45.3685
 30
0.0
 11
106.6
 21
-45.375
 31
0.0
  0
LINE
  5
1EAB
  8
0
 62
1
 10
106.6
 20
-45.375
 30
0.0
 11
106.394
 21
-45.3685
 31
0.0
  0
LINE
  5
1EAC
  8
0
 62
1
 10
258.794
 20
-45.3685
 30
0.0
 11
258.59
 21
-45.3492
 31
0.0
  0
LINE
  5
1EAD
  8
0
 62
1
 10
258.59
 20
-45.3492
 30
0.0
 11
258.386
 21
-45.317
 31
0.0
  0
LINE
  5
1EAE
  8
0
 62
1
 10
258.386
 20
-45.317
 30
0.0
 11
258.186
 21
-45.2721
 31
0.0
  0
LINE
  5
1EAF
  8
0
 62
1
 10
258.186
 20
-45.2721
 30
0.0
 11
257.988
 21
-45.2147
 31
0.0
  0
LINE
  5
1EB0
  8
0
 62
1
 10
257.988
 20
-45.2147
 30
0.0
 11
257.794
 21
-45.145
 31
0.0
  0
LINE
  5
1EB1
  8
0
 62
1
 10
257.794
 20
-45.145
 30
0.0
 11
257.606
 21
-45.0633
 31
0.0
  0
LINE
  5
1EB2
  8
0
 62
1
 10
257.606
 20
-45.0633
 30
0.0
 11
257.422
 21
-44.9699
 31
0.0
  0
LINE
  5
1EB3
  8
0
 62
1
 10
257.422
 20
-44.9699
 30
0.0
 11
257.245
 21
-44.8652
 31
0.0
  0
LINE
  5
1EB4
  8
0
 62
1
 10
257.245
 20
-44.8652
 30
0.0
 11
257.075
 21
-44.7495
 31
0.0
  0
LINE
  5
1EB5
  8
0
 62
1
 10
257.075
 20
-44.7495
 30
0.0
 11
256.912
 21
-44.6234
 31
0.0
  0
LINE
  5
1EB6
  8
0
 62
1
 10
256.912
 20
-44.6234
 30
0.0
 11
256.758
 21
-44.4874
 31
0.0
  0
LINE
  5
1EB7
  8
0
 62
1
 10
256.758
 20
-44.4874
 30
0.0
 11
256.613
 21
-44.3419
 31
0.0
  0
LINE
  5
1EB8
  8
0
 62
1
 10
256.613
 20
-44.3419
 30
0.0
 11
256.477
 21
-44.1876
 31
0.0
  0
LINE
  5
1EB9
  8
0
 62
1
 10
256.477
 20
-44.1876
 30
0.0
 11
256.35
 21
-44.025
 31
0.0
  0
LINE
  5
1EBA
  8
0
 62
1
 10
256.35
 20
-44.025
 30
0.0
 11
256.235
 21
-43.8548
 31
0.0
  0
LINE
  5
1EBB
  8
0
 62
1
 10
256.235
 20
-43.8548
 30
0.0
 11
256.13
 21
-43.6777
 31
0.0
  0
LINE
  5
1EBC
  8
0
 62
1
 10
256.13
 20
-43.6777
 30
0.0
 11
256.037
 21
-43.4944
 31
0.0
  0
LINE
  5
1EBD
  8
0
 62
1
 10
256.037
 20
-43.4944
 30
0.0
 11
255.955
 21
-43.3056
 31
0.0
  0
LINE
  5
1EBE
  8
0
 62
1
 10
255.955
 20
-43.3056
 30
0.0
 11
255.885
 21
-43.112
 31
0.0
  0
LINE
  5
1EBF
  8
0
 62
1
 10
255.885
 20
-43.112
 30
0.0
 11
255.828
 21
-42.9145
 31
0.0
  0
LINE
  5
1EC0
  8
0
 62
1
 10
255.828
 20
-42.9145
 30
0.0
 11
255.783
 21
-42.7137
 31
0.0
  0
LINE
  5
1EC1
  8
0
 62
1
 10
255.783
 20
-42.7137
 30
0.0
 11
255.751
 21
-42.5105
 31
0.0
  0
LINE
  5
1EC2
  8
0
 62
1
 10
255.751
 20
-42.5105
 30
0.0
 11
255.731
 21
-42.3056
 31
0.0
  0
LINE
  5
1EC3
  8
0
 62
1
 10
255.731
 20
-42.3056
 30
0.0
 11
255.725
 21
-42.1
 31
0.0
  0
LINE
  5
1EC4
  8
0
 62
1
 10
255.725
 20
-42.1
 30
0.0
 11
255.731
 21
-41.8943
 31
0.0
  0
LINE
  5
1EC5
  8
0
 62
1
 10
255.731
 20
-41.8943
 30
0.0
 11
255.751
 21
-41.6895
 31
0.0
  0
LINE
  5
1EC6
  8
0
 62
1
 10
255.751
 20
-41.6895
 30
0.0
 11
255.783
 21
-41.4863
 31
0.0
  0
LINE
  5
1EC7
  8
0
 62
1
 10
255.783
 20
-41.4863
 30
0.0
 11
255.828
 21
-41.2855
 31
0.0
  0
LINE
  5
1EC8
  8
0
 62
1
 10
255.828
 20
-41.2855
 30
0.0
 11
255.885
 21
-41.088
 31
0.0
  0
LINE
  5
1EC9
  8
0
 62
1
 10
255.885
 20
-41.088
 30
0.0
 11
255.955
 21
-40.8944
 31
0.0
  0
LINE
  5
1ECA
  8
0
 62
1
 10
255.955
 20
-40.8944
 30
0.0
 11
256.037
 21
-40.7056
 31
0.0
  0
LINE
  5
1ECB
  8
0
 62
1
 10
256.037
 20
-40.7056
 30
0.0
 11
256.13
 21
-40.5222
 31
0.0
  0
LINE
  5
1ECC
  8
0
 62
1
 10
256.13
 20
-40.5222
 30
0.0
 11
256.235
 21
-40.3452
 31
0.0
  0
LINE
  5
1ECD
  8
0
 62
1
 10
256.235
 20
-40.3452
 30
0.0
 11
256.35
 21
-40.175
 31
0.0
  0
LINE
  5
1ECE
  8
0
 62
1
 10
256.35
 20
-40.175
 30
0.0
 11
256.477
 21
-40.0124
 31
0.0
  0
LINE
  5
1ECF
  8
0
 62
1
 10
256.477
 20
-40.0124
 30
0.0
 11
256.613
 21
-39.8581
 31
0.0
  0
LINE
  5
1ED0
  8
0
 62
1
 10
256.613
 20
-39.8581
 30
0.0
 11
256.758
 21
-39.7126
 31
0.0
  0
LINE
  5
1ED1
  8
0
 62
1
 10
256.758
 20
-39.7126
 30
0.0
 11
256.912
 21
-39.5766
 31
0.0
  0
LINE
  5
1ED2
  8
0
 62
1
 10
256.912
 20
-39.5766
 30
0.0
 11
257.075
 21
-39.4505
 31
0.0
  0
LINE
  5
1ED3
  8
0
 62
1
 10
257.075
 20
-39.4505
 30
0.0
 11
257.245
 21
-39.3348
 31
0.0
  0
LINE
  5
1ED4
  8
0
 62
1
 10
257.245
 20
-39.3348
 30
0.0
 11
257.422
 21
-39.2301
 31
0.0
  0
LINE
  5
1ED5
  8
0
 62
1
 10
257.422
 20
-39.2301
 30
0.0
 11
257.606
 21
-39.1367
 31
0.0
  0
LINE
  5
1ED6
  8
0
 62
1
 10
257.606
 20
-39.1367
 30
0.0
 11
257.794
 21
-39.055
 31
0.0
  0
LINE
  5
1ED7
  8
0
 62
1
 10
257.794
 20
-39.055
 30
0.0
 11
257.988
 21
-38.9853
 31
0.0
  0
LINE
  5
1ED8
  8
0
 62
1
 10
257.988
 20
-38.9853
 30
0.0
 11
258.186
 21
-38.9279
 31
0.0
  0
LINE
  5
1ED9
  8
0
 62
1
 10
258.186
 20
-38.9279
 30
0.0
 11
258.386
 21
-38.883
 31
0.0
  0
LINE
  5
1EDA
  8
0
 62
1
 10
258.386
 20
-38.883
 30
0.0
 11
258.59
 21
-38.8508
 31
0.0
  0
LINE
  5
1EDB
  8
0
 62
1
 10
258.59
 20
-38.8508
 30
0.0
 11
258.794
 21
-38.8315
 31
0.0
  0
LINE
  5
1EDC
  8
0
 62
1
 10
258.794
 20
-38.8315
 30
0.0
 11
259.0
 21
-38.825
 31
0.0
  0
LINE
  5
1EDD
  8
0
 62
1
 10
259.0
 20
-38.825
 30
0.0
 11
259.206
 21
-38.8315
 31
0.0
  0
LINE
  5
1EDE
  8
0
 62
1
 10
259.206
 20
-38.8315
 30
0.0
 11
259.41
 21
-38.8508
 31
0.0
  0
LINE
  5
1EDF
  8
0
 62
1
 10
259.41
 20
-38.8508
 30
0.0
 11
259.614
 21
-38.883
 31
0.0
  0
LINE
  5
1EE0
  8
0
 62
1
 10
259.614
 20
-38.883
 30
0.0
 11
259.814
 21
-38.9279
 31
0.0
  0
LINE
  5
1EE1
  8
0
 62
1
 10
259.814
 20
-38.9279
 30
0.0
 11
260.012
 21
-38.9853
 31
0.0
  0
LINE
  5
1EE2
  8
0
 62
1
 10
260.012
 20
-38.9853
 30
0.0
 11
260.206
 21
-39.055
 31
0.0
  0
LINE
  5
1EE3
  8
0
 62
1
 10
260.206
 20
-39.055
 30
0.0
 11
260.394
 21
-39.1367
 31
0.0
  0
LINE
  5
1EE4
  8
0
 62
1
 10
260.394
 20
-39.1367
 30
0.0
 11
260.578
 21
-39.2301
 31
0.0
  0
LINE
  5
1EE5
  8
0
 62
1
 10
260.578
 20
-39.2301
 30
0.0
 11
260.755
 21
-39.3348
 31
0.0
  0
LINE
  5
1EE6
  8
0
 62
1
 10
260.755
 20
-39.3348
 30
0.0
 11
260.925
 21
-39.4505
 31
0.0
  0
LINE
  5
1EE7
  8
0
 62
1
 10
260.925
 20
-39.4505
 30
0.0
 11
261.088
 21
-39.5766
 31
0.0
  0
LINE
  5
1EE8
  8
0
 62
1
 10
261.088
 20
-39.5766
 30
0.0
 11
261.242
 21
-39.7126
 31
0.0
  0
LINE
  5
1EE9
  8
0
 62
1
 10
261.242
 20
-39.7126
 30
0.0
 11
261.387
 21
-39.8581
 31
0.0
  0
LINE
  5
1EEA
  8
0
 62
1
 10
261.387
 20
-39.8581
 30
0.0
 11
261.523
 21
-40.0124
 31
0.0
  0
LINE
  5
1EEB
  8
0
 62
1
 10
261.523
 20
-40.0124
 30
0.0
 11
261.65
 21
-40.175
 31
0.0
  0
LINE
  5
1EEC
  8
0
 62
1
 10
261.65
 20
-40.175
 30
0.0
 11
261.765
 21
-40.3452
 31
0.0
  0
LINE
  5
1EED
  8
0
 62
1
 10
261.765
 20
-40.3452
 30
0.0
 11
261.87
 21
-40.5222
 31
0.0
  0
LINE
  5
1EEE
  8
0
 62
1
 10
261.87
 20
-40.5222
 30
0.0
 11
261.963
 21
-40.7056
 31
0.0
  0
LINE
  5
1EEF
  8
0
 62
1
 10
261.963
 20
-40.7056
 30
0.0
 11
262.045
 21
-40.8944
 31
0.0
  0
LINE
  5
1EF0
  8
0
 62
1
 10
262.045
 20
-40.8944
 30
0.0
 11
262.115
 21
-41.088
 31
0.0
  0
LINE
  5
1EF1
  8
0
 62
1
 10
262.115
 20
-41.088
 30
0.0
 11
262.172
 21
-41.2855
 31
0.0
  0
LINE
  5
1EF2
  8
0
 62
1
 10
262.172
 20
-41.2855
 30
0.0
 11
262.217
 21
-41.4863
 31
0.0
  0
LINE
  5
1EF3
  8
0
 62
1
 10
262.217
 20
-41.4863
 30
0.0
 11
262.249
 21
-41.6895
 31
0.0
  0
LINE
  5
1EF4
  8
0
 62
1
 10
262.249
 20
-41.6895
 30
0.0
 11
262.269
 21
-41.8943
 31
0.0
  0
LINE
  5
1EF5
  8
0
 62
1
 10
262.269
 20
-41.8943
 30
0.0
 11
262.275
 21
-42.1
 31
0.0
  0
LINE
  5
1EF6
  8
0
 62
1
 10
262.275
 20
-42.1
 30
0.0
 11
262.269
 21
-42.3056
 31
0.0
  0
LINE
  5
1EF7
  8
0
 62
1
 10
262.269
 20
-42.3056
 30
0.0
 11
262.249
 21
-42.5105
 31
0.0
  0
LINE
  5
1EF8
  8
0
 62
1
 10
262.249
 20
-42.5105
 30
0.0
 11
262.217
 21
-42.7137
 31
0.0
  0
LINE
  5
1EF9
  8
0
 62
1
 10
262.217
 20
-42.7137
 30
0.0
 11
262.172
 21
-42.9145
 31
0.0
  0
LINE
  5
1EFA
  8
0
 62
1
 10
262.172
 20
-42.9145
 30
0.0
 11
262.115
 21
-43.112
 31
0.0
  0
LINE
  5
1EFB
  8
0
 62
1
 10
262.115
 20
-43.112
 30
0.0
 11
262.045
 21
-43.3056
 31
0.0
  0
LINE
  5
1EFC
  8
0
 62
1
 10
262.045
 20
-43.3056
 30
0.0
 11
261.963
 21
-43.4944
 31
0.0
  0
LINE
  5
1EFD
  8
0
 62
1
 10
261.963
 20
-43.4944
 30
0.0
 11
261.87
 21
-43.6777
 31
0.0
  0
LINE
  5
1EFE
  8
0
 62
1
 10
261.87
 20
-43.6777
 30
0.0
 11
261.765
 21
-43.8548
 31
0.0
  0
LINE
  5
1EFF
  8
0
 62
1
 10
261.765
 20
-43.8548
 30
0.0
 11
261.65
 21
-44.025
 31
0.0
  0
LINE
  5
1F00
  8
0
 62
1
 10
261.65
 20
-44.025
 30
0.0
 11
261.523
 21
-44.1876
 31
0.0
  0
LINE
  5
1F01
  8
0
 62
1
 10
261.523
 20
-44.1876
 30
0.0
 11
261.387
 21
-44.3419
 31
0.0
  0
LINE
  5
1F02
  8
0
 62
1
 10
261.387
 20
-44.3419
 30
0.0
 11
261.242
 21
-44.4874
 31
0.0
  0
LINE
  5
1F03
  8
0
 62
1
 10
261.242
 20
-44.4874
 30
0.0
 11
261.088
 21
-44.6234
 31
0.0
  0
LINE
  5
1F04
  8
0
 62
1
 10
261.088
 20
-44.6234
 30
0.0
 11
260.925
 21
-44.7495
 31
0.0
  0
LINE
  5
1F05
  8
0
 62
1
 10
260.925
 20
-44.7495
 30
0.0
 11
260.755
 21
-44.8652
 31
0.0
  0
LINE
  5
1F06
  8
0
 62
1
 10
260.755
 20
-44.8652
 30
0.0
 11
260.578
 21
-44.9699
 31
0.0
  0
LINE
  5
1F07
  8
0
 62
1
 10
260.578
 20
-44.9699
 30
0.0
 11
260.394
 21
-45.0633
 31
0.0
  0
LINE
  5
1F08
  8
0
 62
1
 10
260.394
 20
-45.0633
 30
0.0
 11
260.206
 21
-45.145
 31
0.0
  0
LINE
  5
1F09
  8
0
 62
1
 10
260.206
 20
-45.145
 30
0.0
 11
260.012
 21
-45.2147
 31
0.0
  0
LINE
  5
1F0A
  8
0
 62
1
 10
260.012
 20
-45.2147
 30
0.0
 11
259.814
 21
-45.2721
 31
0.0
  0
LINE
  5
1F0B
  8
0
 62
1
 10
259.814
 20
-45.2721
 30
0.0
 11
259.614
 21
-45.317
 31
0.0
  0
LINE
  5
1F0C
  8
0
 62
1
 10
259.614
 20
-45.317
 30
0.0
 11
259.41
 21
-45.3492
 31
0.0
  0
LINE
  5
1F0D
  8
0
 62
1
 10
259.41
 20
-45.3492
 30
0.0
 11
259.206
 21
-45.3685
 31
0.0
  0
LINE
  5
1F0E
  8
0
 62
1
 10
259.206
 20
-45.3685
 30
0.0
 11
259.0
 21
-45.375
 31
0.0
  0
LINE
  5
1F0F
  8
0
 62
1
 10
259.0
 20
-45.375
 30
0.0
 11
258.794
 21
-45.3685
 31
0.0
  0
LINE
  5
1F10
  8
0
 62
1
 10
141.401
 20
-43.6203
 30
0.0
 11
141.252
 21
-43.6063
 31
0.0
  0
LINE
  5
1F11
  8
0
 62
1
 10
141.252
 20
-43.6063
 30
0.0
 11
141.105
 21
-43.5829
 31
0.0
  0
LINE
  5
1F12
  8
0
 62
1
 10
141.105
 20
-43.5829
 30
0.0
 11
140.959
 21
-43.5504
 31
0.0
  0
LINE
  5
1F13
  8
0
 62
1
 10
140.959
 20
-43.5504
 30
0.0
 11
140.816
 21
-43.5088
 31
0.0
  0
LINE
  5
1F14
  8
0
 62
1
 10
140.816
 20
-43.5088
 30
0.0
 11
140.676
 21
-43.4582
 31
0.0
  0
LINE
  5
1F15
  8
0
 62
1
 10
140.676
 20
-43.4582
 30
0.0
 11
140.539
 21
-43.399
 31
0.0
  0
LINE
  5
1F16
  8
0
 62
1
 10
140.539
 20
-43.399
 30
0.0
 11
140.406
 21
-43.3312
 31
0.0
  0
LINE
  5
1F17
  8
0
 62
1
 10
140.406
 20
-43.3312
 30
0.0
 11
140.277
 21
-43.2553
 31
0.0
  0
LINE
  5
1F18
  8
0
 62
1
 10
140.277
 20
-43.2553
 30
0.0
 11
140.154
 21
-43.1714
 31
0.0
  0
LINE
  5
1F19
  8
0
 62
1
 10
140.154
 20
-43.1714
 30
0.0
 11
140.036
 21
-43.08
 31
0.0
  0
LINE
  5
1F1A
  8
0
 62
1
 10
140.036
 20
-43.08
 30
0.0
 11
139.924
 21
-42.9813
 31
0.0
  0
LINE
  5
1F1B
  8
0
 62
1
 10
139.924
 20
-42.9813
 30
0.0
 11
139.819
 21
-42.8758
 31
0.0
  0
LINE
  5
1F1C
  8
0
 62
1
 10
139.819
 20
-42.8758
 30
0.0
 11
139.72
 21
-42.7639
 31
0.0
  0
LINE
  5
1F1D
  8
0
 62
1
 10
139.72
 20
-42.7639
 30
0.0
 11
139.629
 21
-42.646
 31
0.0
  0
LINE
  5
1F1E
  8
0
 62
1
 10
139.629
 20
-42.646
 30
0.0
 11
139.545
 21
-42.5226
 31
0.0
  0
LINE
  5
1F1F
  8
0
 62
1
 10
139.545
 20
-42.5226
 30
0.0
 11
139.469
 21
-42.3941
 31
0.0
  0
LINE
  5
1F20
  8
0
 62
1
 10
139.469
 20
-42.3941
 30
0.0
 11
139.401
 21
-42.2612
 31
0.0
  0
LINE
  5
1F21
  8
0
 62
1
 10
139.401
 20
-42.2612
 30
0.0
 11
139.342
 21
-42.1243
 31
0.0
  0
LINE
  5
1F22
  8
0
 62
1
 10
139.342
 20
-42.1243
 30
0.0
 11
139.291
 21
-41.9839
 31
0.0
  0
LINE
  5
1F23
  8
0
 62
1
 10
139.291
 20
-41.9839
 30
0.0
 11
139.25
 21
-41.8406
 31
0.0
  0
LINE
  5
1F24
  8
0
 62
1
 10
139.25
 20
-41.8406
 30
0.0
 11
139.217
 21
-41.695
 31
0.0
  0
LINE
  5
1F25
  8
0
 62
1
 10
139.217
 20
-41.695
 30
0.0
 11
139.194
 21
-41.5477
 31
0.0
  0
LINE
  5
1F26
  8
0
 62
1
 10
139.194
 20
-41.5477
 30
0.0
 11
139.18
 21
-41.3991
 31
0.0
  0
LINE
  5
1F27
  8
0
 62
1
 10
139.18
 20
-41.3991
 30
0.0
 11
139.175
 21
-41.25
 31
0.0
  0
LINE
  5
1F28
  8
0
 62
1
 10
139.175
 20
-41.25
 30
0.0
 11
139.18
 21
-41.1009
 31
0.0
  0
LINE
  5
1F29
  8
0
 62
1
 10
139.18
 20
-41.1009
 30
0.0
 11
139.194
 21
-40.9523
 31
0.0
  0
LINE
  5
1F2A
  8
0
 62
1
 10
139.194
 20
-40.9523
 30
0.0
 11
139.217
 21
-40.805
 31
0.0
  0
LINE
  5
1F2B
  8
0
 62
1
 10
139.217
 20
-40.805
 30
0.0
 11
139.25
 21
-40.6593
 31
0.0
  0
LINE
  5
1F2C
  8
0
 62
1
 10
139.25
 20
-40.6593
 30
0.0
 11
139.291
 21
-40.5161
 31
0.0
  0
LINE
  5
1F2D
  8
0
 62
1
 10
139.291
 20
-40.5161
 30
0.0
 11
139.342
 21
-40.3757
 31
0.0
  0
LINE
  5
1F2E
  8
0
 62
1
 10
139.342
 20
-40.3757
 30
0.0
 11
139.401
 21
-40.2388
 31
0.0
  0
LINE
  5
1F2F
  8
0
 62
1
 10
139.401
 20
-40.2388
 30
0.0
 11
139.469
 21
-40.1058
 31
0.0
  0
LINE
  5
1F30
  8
0
 62
1
 10
139.469
 20
-40.1058
 30
0.0
 11
139.545
 21
-39.9774
 31
0.0
  0
LINE
  5
1F31
  8
0
 62
1
 10
139.545
 20
-39.9774
 30
0.0
 11
139.629
 21
-39.854
 31
0.0
  0
LINE
  5
1F32
  8
0
 62
1
 10
139.629
 20
-39.854
 30
0.0
 11
139.72
 21
-39.7361
 31
0.0
  0
LINE
  5
1F33
  8
0
 62
1
 10
139.72
 20
-39.7361
 30
0.0
 11
139.819
 21
-39.6242
 31
0.0
  0
LINE
  5
1F34
  8
0
 62
1
 10
139.819
 20
-39.6242
 30
0.0
 11
139.924
 21
-39.5187
 31
0.0
  0
LINE
  5
1F35
  8
0
 62
1
 10
139.924
 20
-39.5187
 30
0.0
 11
140.036
 21
-39.42
 31
0.0
  0
LINE
  5
1F36
  8
0
 62
1
 10
140.036
 20
-39.42
 30
0.0
 11
140.154
 21
-39.3286
 31
0.0
  0
LINE
  5
1F37
  8
0
 62
1
 10
140.154
 20
-39.3286
 30
0.0
 11
140.277
 21
-39.2447
 31
0.0
  0
LINE
  5
1F38
  8
0
 62
1
 10
140.277
 20
-39.2447
 30
0.0
 11
140.406
 21
-39.1688
 31
0.0
  0
LINE
  5
1F39
  8
0
 62
1
 10
140.406
 20
-39.1688
 30
0.0
 11
140.539
 21
-39.101
 31
0.0
  0
LINE
  5
1F3A
  8
0
 62
1
 10
140.539
 20
-39.101
 30
0.0
 11
140.676
 21
-39.0418
 31
0.0
  0
LINE
  5
1F3B
  8
0
 62
1
 10
140.676
 20
-39.0418
 30
0.0
 11
140.816
 21
-38.9912
 31
0.0
  0
LINE
  5
1F3C
  8
0
 62
1
 10
140.816
 20
-38.9912
 30
0.0
 11
140.959
 21
-38.9496
 31
0.0
  0
LINE
  5
1F3D
  8
0
 62
1
 10
140.959
 20
-38.9496
 30
0.0
 11
141.105
 21
-38.9171
 31
0.0
  0
LINE
  5
1F3E
  8
0
 62
1
 10
141.105
 20
-38.9171
 30
0.0
 11
141.252
 21
-38.8937
 31
0.0
  0
LINE
  5
1F3F
  8
0
 62
1
 10
141.252
 20
-38.8937
 30
0.0
 11
141.401
 21
-38.8797
 31
0.0
  0
LINE
  5
1F40
  8
0
 62
1
 10
141.401
 20
-38.8797
 30
0.0
 11
141.55
 21
-38.875
 31
0.0
  0
LINE
  5
1F41
  8
0
 62
1
 10
141.55
 20
-38.875
 30
0.0
 11
141.699
 21
-38.8797
 31
0.0
  0
LINE
  5
1F42
  8
0
 62
1
 10
141.699
 20
-38.8797
 30
0.0
 11
141.848
 21
-38.8937
 31
0.0
  0
LINE
  5
1F43
  8
0
 62
1
 10
141.848
 20
-38.8937
 30
0.0
 11
141.995
 21
-38.9171
 31
0.0
  0
LINE
  5
1F44
  8
0
 62
1
 10
141.995
 20
-38.9171
 30
0.0
 11
142.141
 21
-38.9496
 31
0.0
  0
LINE
  5
1F45
  8
0
 62
1
 10
142.141
 20
-38.9496
 30
0.0
 11
142.284
 21
-38.9912
 31
0.0
  0
LINE
  5
1F46
  8
0
 62
1
 10
142.284
 20
-38.9912
 30
0.0
 11
142.424
 21
-39.0418
 31
0.0
  0
LINE
  5
1F47
  8
0
 62
1
 10
142.424
 20
-39.0418
 30
0.0
 11
142.561
 21
-39.101
 31
0.0
  0
LINE
  5
1F48
  8
0
 62
1
 10
142.561
 20
-39.101
 30
0.0
 11
142.694
 21
-39.1688
 31
0.0
  0
LINE
  5
1F49
  8
0
 62
1
 10
142.694
 20
-39.1688
 30
0.0
 11
142.823
 21
-39.2447
 31
0.0
  0
LINE
  5
1F4A
  8
0
 62
1
 10
142.823
 20
-39.2447
 30
0.0
 11
142.946
 21
-39.3286
 31
0.0
  0
LINE
  5
1F4B
  8
0
 62
1
 10
142.946
 20
-39.3286
 30
0.0
 11
143.064
 21
-39.42
 31
0.0
  0
LINE
  5
1F4C
  8
0
 62
1
 10
143.064
 20
-39.42
 30
0.0
 11
143.176
 21
-39.5187
 31
0.0
  0
LINE
  5
1F4D
  8
0
 62
1
 10
143.176
 20
-39.5187
 30
0.0
 11
143.281
 21
-39.6242
 31
0.0
  0
LINE
  5
1F4E
  8
0
 62
1
 10
143.281
 20
-39.6242
 30
0.0
 11
143.38
 21
-39.7361
 31
0.0
  0
LINE
  5
1F4F
  8
0
 62
1
 10
143.38
 20
-39.7361
 30
0.0
 11
143.471
 21
-39.854
 31
0.0
  0
LINE
  5
1F50
  8
0
 62
1
 10
143.471
 20
-39.854
 30
0.0
 11
143.555
 21
-39.9774
 31
0.0
  0
LINE
  5
1F51
  8
0
 62
1
 10
143.555
 20
-39.9774
 30
0.0
 11
143.631
 21
-40.1058
 31
0.0
  0
LINE
  5
1F52
  8
0
 62
1
 10
143.631
 20
-40.1058
 30
0.0
 11
143.699
 21
-40.2388
 31
0.0
  0
LINE
  5
1F53
  8
0
 62
1
 10
143.699
 20
-40.2388
 30
0.0
 11
143.758
 21
-40.3757
 31
0.0
  0
LINE
  5
1F54
  8
0
 62
1
 10
143.758
 20
-40.3757
 30
0.0
 11
143.809
 21
-40.5161
 31
0.0
  0
LINE
  5
1F55
  8
0
 62
1
 10
143.809
 20
-40.5161
 30
0.0
 11
143.85
 21
-40.6593
 31
0.0
  0
LINE
  5
1F56
  8
0
 62
1
 10
143.85
 20
-40.6593
 30
0.0
 11
143.883
 21
-40.805
 31
0.0
  0
LINE
  5
1F57
  8
0
 62
1
 10
143.883
 20
-40.805
 30
0.0
 11
143.906
 21
-40.9523
 31
0.0
  0
LINE
  5
1F58
  8
0
 62
1
 10
143.906
 20
-40.9523
 30
0.0
 11
143.92
 21
-41.1009
 31
0.0
  0
LINE
  5
1F59
  8
0
 62
1
 10
143.92
 20
-41.1009
 30
0.0
 11
143.925
 21
-41.25
 31
0.0
  0
LINE
  5
1F5A
  8
0
 62
1
 10
143.925
 20
-41.25
 30
0.0
 11
143.92
 21
-41.3991
 31
0.0
  0
LINE
  5
1F5B
  8
0
 62
1
 10
143.92
 20
-41.3991
 30
0.0
 11
143.906
 21
-41.5477
 31
0.0
  0
LINE
  5
1F5C
  8
0
 62
1
 10
143.906
 20
-41.5477
 30
0.0
 11
143.883
 21
-41.695
 31
0.0
  0
LINE
  5
1F5D
  8
0
 62
1
 10
143.883
 20
-41.695
 30
0.0
 11
143.85
 21
-41.8406
 31
0.0
  0
LINE
  5
1F5E
  8
0
 62
1
 10
143.85
 20
-41.8406
 30
0.0
 11
143.809
 21
-41.9839
 31
0.0
  0
LINE
  5
1F5F
  8
0
 62
1
 10
143.809
 20
-41.9839
 30
0.0
 11
143.758
 21
-42.1243
 31
0.0
  0
LINE
  5
1F60
  8
0
 62
1
 10
143.758
 20
-42.1243
 30
0.0
 11
143.699
 21
-42.2612
 31
0.0
  0
LINE
  5
1F61
  8
0
 62
1
 10
143.699
 20
-42.2612
 30
0.0
 11
143.631
 21
-42.3941
 31
0.0
  0
LINE
  5
1F62
  8
0
 62
1
 10
143.631
 20
-42.3941
 30
0.0
 11
143.555
 21
-42.5226
 31
0.0
  0
LINE
  5
1F63
  8
0
 62
1
 10
143.555
 20
-42.5226
 30
0.0
 11
143.471
 21
-42.646
 31
0.0
  0
LINE
  5
1F64
  8
0
 62
1
 10
143.471
 20
-42.646
 30
0.0
 11
143.38
 21
-42.7639
 31
0.0
  0
LINE
  5
1F65
  8
0
 62
1
 10
143.38
 20
-42.7639
 30
0.0
 11
143.281
 21
-42.8758
 31
0.0
  0
LINE
  5
1F66
  8
0
 62
1
 10
143.281
 20
-42.8758
 30
0.0
 11
143.176
 21
-42.9813
 31
0.0
  0
LINE
  5
1F67
  8
0
 62
1
 10
143.176
 20
-42.9813
 30
0.0
 11
143.064
 21
-43.08
 31
0.0
  0
LINE
  5
1F68
  8
0
 62
1
 10
143.064
 20
-43.08
 30
0.0
 11
142.946
 21
-43.1714
 31
0.0
  0
LINE
  5
1F69
  8
0
 62
1
 10
142.946
 20
-43.1714
 30
0.0
 11
142.823
 21
-43.2553
 31
0.0
  0
LINE
  5
1F6A
  8
0
 62
1
 10
142.823
 20
-43.2553
 30
0.0
 11
142.694
 21
-43.3312
 31
0.0
  0
LINE
  5
1F6B
  8
0
 62
1
 10
142.694
 20
-43.3312
 30
0.0
 11
142.561
 21
-43.399
 31
0.0
  0
LINE
  5
1F6C
  8
0
 62
1
 10
142.561
 20
-43.399
 30
0.0
 11
142.424
 21
-43.4582
 31
0.0
  0
LINE
  5
1F6D
  8
0
 62
1
 10
142.424
 20
-43.4582
 30
0.0
 11
142.284
 21
-43.5088
 31
0.0
  0
LINE
  5
1F6E
  8
0
 62
1
 10
142.284
 20
-43.5088
 30
0.0
 11
142.141
 21
-43.5504
 31
0.0
  0
LINE
  5
1F6F
  8
0
 62
1
 10
142.141
 20
-43.5504
 30
0.0
 11
141.995
 21
-43.5829
 31
0.0
  0
LINE
  5
1F70
  8
0
 62
1
 10
141.995
 20
-43.5829
 30
0.0
 11
141.848
 21
-43.6063
 31
0.0
  0
LINE
  5
1F71
  8
0
 62
1
 10
141.848
 20
-43.6063
 30
0.0
 11
141.699
 21
-43.6203
 31
0.0
  0
LINE
  5
1F72
  8
0
 62
1
 10
141.699
 20
-43.6203
 30
0.0
 11
141.55
 21
-43.625
 31
0.0
  0
LINE
  5
1F73
  8
0
 62
1
 10
141.55
 20
-43.625
 30
0.0
 11
141.401
 21
-43.6203
 31
0.0
  0
LINE
  5
1F74
  8
0
 62
1
 10
223.901
 20
-43.6203
 30
0.0
 11
223.752
 21
-43.6063
 31
0.0
  0
LINE
  5
1F75
  8
0
 62
1
 10
223.752
 20
-43.6063
 30
0.0
 11
223.605
 21
-43.5829
 31
0.0
  0
LINE
  5
1F76
  8
0
 62
1
 10
223.605
 20
-43.5829
 30
0.0
 11
223.459
 21
-43.5504
 31
0.0
  0
LINE
  5
1F77
  8
0
 62
1
 10
223.459
 20
-43.5504
 30
0.0
 11
223.316
 21
-43.5088
 31
0.0
  0
LINE
  5
1F78
  8
0
 62
1
 10
223.316
 20
-43.5088
 30
0.0
 11
223.176
 21
-43.4582
 31
0.0
  0
LINE
  5
1F79
  8
0
 62
1
 10
223.176
 20
-43.4582
 30
0.0
 11
223.039
 21
-43.399
 31
0.0
  0
LINE
  5
1F7A
  8
0
 62
1
 10
223.039
 20
-43.399
 30
0.0
 11
222.906
 21
-43.3312
 31
0.0
  0
LINE
  5
1F7B
  8
0
 62
1
 10
222.906
 20
-43.3312
 30
0.0
 11
222.777
 21
-43.2553
 31
0.0
  0
LINE
  5
1F7C
  8
0
 62
1
 10
222.777
 20
-43.2553
 30
0.0
 11
222.654
 21
-43.1714
 31
0.0
  0
LINE
  5
1F7D
  8
0
 62
1
 10
222.654
 20
-43.1714
 30
0.0
 11
222.536
 21
-43.08
 31
0.0
  0
LINE
  5
1F7E
  8
0
 62
1
 10
222.536
 20
-43.08
 30
0.0
 11
222.424
 21
-42.9813
 31
0.0
  0
LINE
  5
1F7F
  8
0
 62
1
 10
222.424
 20
-42.9813
 30
0.0
 11
222.319
 21
-42.8758
 31
0.0
  0
LINE
  5
1F80
  8
0
 62
1
 10
222.319
 20
-42.8758
 30
0.0
 11
222.22
 21
-42.7639
 31
0.0
  0
LINE
  5
1F81
  8
0
 62
1
 10
222.22
 20
-42.7639
 30
0.0
 11
222.129
 21
-42.646
 31
0.0
  0
LINE
  5
1F82
  8
0
 62
1
 10
222.129
 20
-42.646
 30
0.0
 11
222.045
 21
-42.5226
 31
0.0
  0
LINE
  5
1F83
  8
0
 62
1
 10
222.045
 20
-42.5226
 30
0.0
 11
221.969
 21
-42.3941
 31
0.0
  0
LINE
  5
1F84
  8
0
 62
1
 10
221.969
 20
-42.3941
 30
0.0
 11
221.901
 21
-42.2612
 31
0.0
  0
LINE
  5
1F85
  8
0
 62
1
 10
221.901
 20
-42.2612
 30
0.0
 11
221.842
 21
-42.1243
 31
0.0
  0
LINE
  5
1F86
  8
0
 62
1
 10
221.842
 20
-42.1243
 30
0.0
 11
221.791
 21
-41.9839
 31
0.0
  0
LINE
  5
1F87
  8
0
 62
1
 10
221.791
 20
-41.9839
 30
0.0
 11
221.75
 21
-41.8406
 31
0.0
  0
LINE
  5
1F88
  8
0
 62
1
 10
221.75
 20
-41.8406
 30
0.0
 11
221.717
 21
-41.695
 31
0.0
  0
LINE
  5
1F89
  8
0
 62
1
 10
221.717
 20
-41.695
 30
0.0
 11
221.694
 21
-41.5477
 31
0.0
  0
LINE
  5
1F8A
  8
0
 62
1
 10
221.694
 20
-41.5477
 30
0.0
 11
221.68
 21
-41.3991
 31
0.0
  0
LINE
  5
1F8B
  8
0
 62
1
 10
221.68
 20
-41.3991
 30
0.0
 11
221.675
 21
-41.25
 31
0.0
  0
LINE
  5
1F8C
  8
0
 62
1
 10
221.675
 20
-41.25
 30
0.0
 11
221.68
 21
-41.1009
 31
0.0
  0
LINE
  5
1F8D
  8
0
 62
1
 10
221.68
 20
-41.1009
 30
0.0
 11
221.694
 21
-40.9523
 31
0.0
  0
LINE
  5
1F8E
  8
0
 62
1
 10
221.694
 20
-40.9523
 30
0.0
 11
221.717
 21
-40.805
 31
0.0
  0
LINE
  5
1F8F
  8
0
 62
1
 10
221.717
 20
-40.805
 30
0.0
 11
221.75
 21
-40.6593
 31
0.0
  0
LINE
  5
1F90
  8
0
 62
1
 10
221.75
 20
-40.6593
 30
0.0
 11
221.791
 21
-40.5161
 31
0.0
  0
LINE
  5
1F91
  8
0
 62
1
 10
221.791
 20
-40.5161
 30
0.0
 11
221.842
 21
-40.3757
 31
0.0
  0
LINE
  5
1F92
  8
0
 62
1
 10
221.842
 20
-40.3757
 30
0.0
 11
221.901
 21
-40.2388
 31
0.0
  0
LINE
  5
1F93
  8
0
 62
1
 10
221.901
 20
-40.2388
 30
0.0
 11
221.969
 21
-40.1058
 31
0.0
  0
LINE
  5
1F94
  8
0
 62
1
 10
221.969
 20
-40.1058
 30
0.0
 11
222.045
 21
-39.9774
 31
0.0
  0
LINE
  5
1F95
  8
0
 62
1
 10
222.045
 20
-39.9774
 30
0.0
 11
222.129
 21
-39.854
 31
0.0
  0
LINE
  5
1F96
  8
0
 62
1
 10
222.129
 20
-39.854
 30
0.0
 11
222.22
 21
-39.7361
 31
0.0
  0
LINE
  5
1F97
  8
0
 62
1
 10
222.22
 20
-39.7361
 30
0.0
 11
222.319
 21
-39.6242
 31
0.0
  0
LINE
  5
1F98
  8
0
 62
1
 10
222.319
 20
-39.6242
 30
0.0
 11
222.424
 21
-39.5187
 31
0.0
  0
LINE
  5
1F99
  8
0
 62
1
 10
222.424
 20
-39.5187
 30
0.0
 11
222.536
 21
-39.42
 31
0.0
  0
LINE
  5
1F9A
  8
0
 62
1
 10
222.536
 20
-39.42
 30
0.0
 11
222.654
 21
-39.3286
 31
0.0
  0
LINE
  5
1F9B
  8
0
 62
1
 10
222.654
 20
-39.3286
 30
0.0
 11
222.777
 21
-39.2447
 31
0.0
  0
LINE
  5
1F9C
  8
0
 62
1
 10
222.777
 20
-39.2447
 30
0.0
 11
222.906
 21
-39.1688
 31
0.0
  0
LINE
  5
1F9D
  8
0
 62
1
 10
222.906
 20
-39.1688
 30
0.0
 11
223.039
 21
-39.101
 31
0.0
  0
LINE
  5
1F9E
  8
0
 62
1
 10
223.039
 20
-39.101
 30
0.0
 11
223.176
 21
-39.0418
 31
0.0
  0
LINE
  5
1F9F
  8
0
 62
1
 10
223.176
 20
-39.0418
 30
0.0
 11
223.316
 21
-38.9912
 31
0.0
  0
LINE
  5
1FA0
  8
0
 62
1
 10
223.316
 20
-38.9912
 30
0.0
 11
223.459
 21
-38.9496
 31
0.0
  0
LINE
  5
1FA1
  8
0
 62
1
 10
223.459
 20
-38.9496
 30
0.0
 11
223.605
 21
-38.9171
 31
0.0
  0
LINE
  5
1FA2
  8
0
 62
1
 10
223.605
 20
-38.9171
 30
0.0
 11
223.752
 21
-38.8937
 31
0.0
  0
LINE
  5
1FA3
  8
0
 62
1
 10
223.752
 20
-38.8937
 30
0.0
 11
223.901
 21
-38.8797
 31
0.0
  0
LINE
  5
1FA4
  8
0
 62
1
 10
223.901
 20
-38.8797
 30
0.0
 11
224.05
 21
-38.875
 31
0.0
  0
LINE
  5
1FA5
  8
0
 62
1
 10
224.05
 20
-38.875
 30
0.0
 11
224.199
 21
-38.8797
 31
0.0
  0
LINE
  5
1FA6
  8
0
 62
1
 10
224.199
 20
-38.8797
 30
0.0
 11
224.348
 21
-38.8937
 31
0.0
  0
LINE
  5
1FA7
  8
0
 62
1
 10
224.348
 20
-38.8937
 30
0.0
 11
224.495
 21
-38.9171
 31
0.0
  0
LINE
  5
1FA8
  8
0
 62
1
 10
224.495
 20
-38.9171
 30
0.0
 11
224.641
 21
-38.9496
 31
0.0
  0
LINE
  5
1FA9
  8
0
 62
1
 10
224.641
 20
-38.9496
 30
0.0
 11
224.784
 21
-38.9912
 31
0.0
  0
LINE
  5
1FAA
  8
0
 62
1
 10
224.784
 20
-38.9912
 30
0.0
 11
224.924
 21
-39.0418
 31
0.0
  0
LINE
  5
1FAB
  8
0
 62
1
 10
224.924
 20
-39.0418
 30
0.0
 11
225.061
 21
-39.101
 31
0.0
  0
LINE
  5
1FAC
  8
0
 62
1
 10
225.061
 20
-39.101
 30
0.0
 11
225.194
 21
-39.1688
 31
0.0
  0
LINE
  5
1FAD
  8
0
 62
1
 10
225.194
 20
-39.1688
 30
0.0
 11
225.323
 21
-39.2447
 31
0.0
  0
LINE
  5
1FAE
  8
0
 62
1
 10
225.323
 20
-39.2447
 30
0.0
 11
225.446
 21
-39.3286
 31
0.0
  0
LINE
  5
1FAF
  8
0
 62
1
 10
225.446
 20
-39.3286
 30
0.0
 11
225.564
 21
-39.42
 31
0.0
  0
LINE
  5
1FB0
  8
0
 62
1
 10
225.564
 20
-39.42
 30
0.0
 11
225.676
 21
-39.5187
 31
0.0
  0
LINE
  5
1FB1
  8
0
 62
1
 10
225.676
 20
-39.5187
 30
0.0
 11
225.781
 21
-39.6242
 31
0.0
  0
LINE
  5
1FB2
  8
0
 62
1
 10
225.781
 20
-39.6242
 30
0.0
 11
225.88
 21
-39.7361
 31
0.0
  0
LINE
  5
1FB3
  8
0
 62
1
 10
225.88
 20
-39.7361
 30
0.0
 11
225.971
 21
-39.854
 31
0.0
  0
LINE
  5
1FB4
  8
0
 62
1
 10
225.971
 20
-39.854
 30
0.0
 11
226.055
 21
-39.9774
 31
0.0
  0
LINE
  5
1FB5
  8
0
 62
1
 10
226.055
 20
-39.9774
 30
0.0
 11
226.131
 21
-40.1058
 31
0.0
  0
LINE
  5
1FB6
  8
0
 62
1
 10
226.131
 20
-40.1058
 30
0.0
 11
226.199
 21
-40.2388
 31
0.0
  0
LINE
  5
1FB7
  8
0
 62
1
 10
226.199
 20
-40.2388
 30
0.0
 11
226.258
 21
-40.3757
 31
0.0
  0
LINE
  5
1FB8
  8
0
 62
1
 10
226.258
 20
-40.3757
 30
0.0
 11
226.309
 21
-40.5161
 31
0.0
  0
LINE
  5
1FB9
  8
0
 62
1
 10
226.309
 20
-40.5161
 30
0.0
 11
226.35
 21
-40.6593
 31
0.0
  0
LINE
  5
1FBA
  8
0
 62
1
 10
226.35
 20
-40.6593
 30
0.0
 11
226.383
 21
-40.805
 31
0.0
  0
LINE
  5
1FBB
  8
0
 62
1
 10
226.383
 20
-40.805
 30
0.0
 11
226.406
 21
-40.9523
 31
0.0
  0
LINE
  5
1FBC
  8
0
 62
1
 10
226.406
 20
-40.9523
 30
0.0
 11
226.42
 21
-41.1009
 31
0.0
  0
LINE
  5
1FBD
  8
0
 62
1
 10
226.42
 20
-41.1009
 30
0.0
 11
226.425
 21
-41.25
 31
0.0
  0
LINE
  5
1FBE
  8
0
 62
1
 10
226.425
 20
-41.25
 30
0.0
 11
226.42
 21
-41.3991
 31
0.0
  0
LINE
  5
1FBF
  8
0
 62
1
 10
226.42
 20
-41.3991
 30
0.0
 11
226.406
 21
-41.5477
 31
0.0
  0
LINE
  5
1FC0
  8
0
 62
1
 10
226.406
 20
-41.5477
 30
0.0
 11
226.383
 21
-41.695
 31
0.0
  0
LINE
  5
1FC1
  8
0
 62
1
 10
226.383
 20
-41.695
 30
0.0
 11
226.35
 21
-41.8406
 31
0.0
  0
LINE
  5
1FC2
  8
0
 62
1
 10
226.35
 20
-41.8406
 30
0.0
 11
226.309
 21
-41.9839
 31
0.0
  0
LINE
  5
1FC3
  8
0
 62
1
 10
226.309
 20
-41.9839
 30
0.0
 11
226.258
 21
-42.1243
 31
0.0
  0
LINE
  5
1FC4
  8
0
 62
1
 10
226.258
 20
-42.1243
 30
0.0
 11
226.199
 21
-42.2612
 31
0.0
  0
LINE
  5
1FC5
  8
0
 62
1
 10
226.199
 20
-42.2612
 30
0.0
 11
226.131
 21
-42.3941
 31
0.0
  0
LINE
  5
1FC6
  8
0
 62
1
 10
226.131
 20
-42.3941
 30
0.0
 11
226.055
 21
-42.5226
 31
0.0
  0
LINE
  5
1FC7
  8
0
 62
1
 10
226.055
 20
-42.5226
 30
0.0
 11
225.971
 21
-42.646
 31
0.0
  0
LINE
  5
1FC8
  8
0
 62
1
 10
225.971
 20
-42.646
 30
0.0
 11
225.88
 21
-42.7639
 31
0.0
  0
LINE
  5
1FC9
  8
0
 62
1
 10
225.88
 20
-42.7639
 30
0.0
 11
225.781
 21
-42.8758
 31
0.0
  0
LINE
  5
1FCA
  8
0
 62
1
 10
225.781
 20
-42.8758
 30
0.0
 11
225.676
 21
-42.9813
 31
0.0
  0
LINE
  5
1FCB
  8
0
 62
1
 10
225.676
 20
-42.9813
 30
0.0
 11
225.564
 21
-43.08
 31
0.0
  0
LINE
  5
1FCC
  8
0
 62
1
 10
225.564
 20
-43.08
 30
0.0
 11
225.446
 21
-43.1714
 31
0.0
  0
LINE
  5
1FCD
  8
0
 62
1
 10
225.446
 20
-43.1714
 30
0.0
 11
225.323
 21
-43.2553
 31
0.0
  0
LINE
  5
1FCE
  8
0
 62
1
 10
225.323
 20
-43.2553
 30
0.0
 11
225.194
 21
-43.3312
 31
0.0
  0
LINE
  5
1FCF
  8
0
 62
1
 10
225.194
 20
-43.3312
 30
0.0
 11
225.061
 21
-43.399
 31
0.0
  0
LINE
  5
1FD0
  8
0
 62
1
 10
225.061
 20
-43.399
 30
0.0
 11
224.924
 21
-43.4582
 31
0.0
  0
LINE
  5
1FD1
  8
0
 62
1
 10
224.924
 20
-43.4582
 30
0.0
 11
224.784
 21
-43.5088
 31
0.0
  0
LINE
  5
1FD2
  8
0
 62
1
 10
224.784
 20
-43.5088
 30
0.0
 11
224.641
 21
-43.5504
 31
0.0
  0
LINE
  5
1FD3
  8
0
 62
1
 10
224.641
 20
-43.5504
 30
0.0
 11
224.495
 21
-43.5829
 31
0.0
  0
LINE
  5
1FD4
  8
0
 62
1
 10
224.495
 20
-43.5829
 30
0.0
 11
224.348
 21
-43.6063
 31
0.0
  0
LINE
  5
1FD5
  8
0
 62
1
 10
224.348
 20
-43.6063
 30
0.0
 11
224.199
 21
-43.6203
 31
0.0
  0
LINE
  5
1FD6
  8
0
 62
1
 10
224.199
 20
-43.6203
 30
0.0
 11
224.05
 21
-43.625
 31
0.0
  0
LINE
  5
1FD7
  8
0
 62
1
 10
224.05
 20
-43.625
 30
0.0
 11
223.901
 21
-43.6203
 31
0.0
  0
LINE
  5
1FD8
  8
0
 62
1
 10
170.226
 20
-42.955
 30
0.0
 11
169.739
 21
-42.6299
 31
0.0
  0
LINE
  5
1FD9
  8
0
 62
1
 10
169.739
 20
-42.6299
 30
0.0
 11
169.414
 21
-42.1432
 31
0.0
  0
LINE
  5
1FDA
  8
0
 62
1
 10
169.414
 20
-42.1432
 30
0.0
 11
169.3
 21
-41.5692
 31
0.0
  0
LINE
  5
1FDB
  8
0
 62
1
 10
169.3
 20
-41.5692
 30
0.0
 11
169.414
 21
-40.9952
 31
0.0
  0
LINE
  5
1FDC
  8
0
 62
1
 10
169.414
 20
-40.9952
 30
0.0
 11
169.739
 21
-40.5085
 31
0.0
  0
LINE
  5
1FDD
  8
0
 62
1
 10
169.739
 20
-40.5085
 30
0.0
 11
170.226
 21
-40.1834
 31
0.0
  0
LINE
  5
1FDE
  8
0
 62
1
 10
170.226
 20
-40.1834
 30
0.0
 11
170.8
 21
-40.0692
 31
0.0
  0
LINE
  5
1FDF
  8
0
 62
1
 10
170.8
 20
-40.0692
 30
0.0
 11
171.374
 21
-40.1834
 31
0.0
  0
LINE
  5
1FE0
  8
0
 62
1
 10
171.374
 20
-40.1834
 30
0.0
 11
171.861
 21
-40.5085
 31
0.0
  0
LINE
  5
1FE1
  8
0
 62
1
 10
171.861
 20
-40.5085
 30
0.0
 11
172.186
 21
-40.9952
 31
0.0
  0
LINE
  5
1FE2
  8
0
 62
1
 10
172.186
 20
-40.9952
 30
0.0
 11
172.3
 21
-41.5692
 31
0.0
  0
LINE
  5
1FE3
  8
0
 62
1
 10
172.3
 20
-41.5692
 30
0.0
 11
172.186
 21
-42.1432
 31
0.0
  0
LINE
  5
1FE4
  8
0
 62
1
 10
172.186
 20
-42.1432
 30
0.0
 11
171.861
 21
-42.6299
 31
0.0
  0
LINE
  5
1FE5
  8
0
 62
1
 10
171.861
 20
-42.6299
 30
0.0
 11
171.374
 21
-42.955
 31
0.0
  0
LINE
  5
1FE6
  8
0
 62
1
 10
171.374
 20
-42.955
 30
0.0
 11
170.8
 21
-43.0692
 31
0.0
  0
LINE
  5
1FE7
  8
0
 62
1
 10
170.8
 20
-43.0692
 30
0.0
 11
170.226
 21
-42.955
 31
0.0
  0
LINE
  5
1FE8
  8
0
 62
1
 10
194.226
 20
-42.955
 30
0.0
 11
193.739
 21
-42.6299
 31
0.0
  0
LINE
  5
1FE9
  8
0
 62
1
 10
193.739
 20
-42.6299
 30
0.0
 11
193.414
 21
-42.1432
 31
0.0
  0
LINE
  5
1FEA
  8
0
 62
1
 10
193.414
 20
-42.1432
 30
0.0
 11
193.3
 21
-41.5692
 31
0.0
  0
LINE
  5
1FEB
  8
0
 62
1
 10
193.3
 20
-41.5692
 30
0.0
 11
193.414
 21
-40.9952
 31
0.0
  0
LINE
  5
1FEC
  8
0
 62
1
 10
193.414
 20
-40.9952
 30
0.0
 11
193.739
 21
-40.5085
 31
0.0
  0
LINE
  5
1FED
  8
0
 62
1
 10
193.739
 20
-40.5085
 30
0.0
 11
194.226
 21
-40.1834
 31
0.0
  0
LINE
  5
1FEE
  8
0
 62
1
 10
194.226
 20
-40.1834
 30
0.0
 11
194.8
 21
-40.0692
 31
0.0
  0
LINE
  5
1FEF
  8
0
 62
1
 10
194.8
 20
-40.0692
 30
0.0
 11
195.374
 21
-40.1834
 31
0.0
  0
LINE
  5
1FF0
  8
0
 62
1
 10
195.374
 20
-40.1834
 30
0.0
 11
195.861
 21
-40.5085
 31
0.0
  0
LINE
  5
1FF1
  8
0
 62
1
 10
195.861
 20
-40.5085
 30
0.0
 11
196.186
 21
-40.9952
 31
0.0
  0
LINE
  5
1FF2
  8
0
 62
1
 10
196.186
 20
-40.9952
 30
0.0
 11
196.3
 21
-41.5692
 31
0.0
  0
LINE
  5
1FF3
  8
0
 62
1
 10
196.3
 20
-41.5692
 30
0.0
 11
196.186
 21
-42.1432
 31
0.0
  0
LINE
  5
1FF4
  8
0
 62
1
 10
196.186
 20
-42.1432
 30
0.0
 11
195.861
 21
-42.6299
 31
0.0
  0
LINE
  5
1FF5
  8
0
 62
1
 10
195.861
 20
-42.6299
 30
0.0
 11
195.374
 21
-42.955
 31
0.0
  0
LINE
  5
1FF6
  8
0
 62
1
 10
195.374
 20
-42.955
 30
0.0
 11
194.8
 21
-43.0692
 31
0.0
  0
LINE
  5
1FF7
  8
0
 62
1
 10
194.8
 20
-43.0692
 30
0.0
 11
194.226
 21
-42.955
 31
0.0
  0
LINE
  5
1FF8
  8
0
 62
1
 10
188.226
 20
-42.955
 30
0.0
 11
187.739
 21
-42.6299
 31
0.0
  0
LINE
  5
1FF9
  8
0
 62
1
 10
187.739
 20
-42.6299
 30
0.0
 11
187.414
 21
-42.1432
 31
0.0
  0
LINE
  5
1FFA
  8
0
 62
1
 10
187.414
 20
-42.1432
 30
0.0
 11
187.3
 21
-41.5692
 31
0.0
  0
LINE
  5
1FFB
  8
0
 62
1
 10
187.3
 20
-41.5692
 30
0.0
 11
187.414
 21
-40.9952
 31
0.0
  0
LINE
  5
1FFC
  8
0
 62
1
 10
187.414
 20
-40.9952
 30
0.0
 11
187.739
 21
-40.5085
 31
0.0
  0
LINE
  5
1FFD
  8
0
 62
1
 10
187.739
 20
-40.5085
 30
0.0
 11
188.226
 21
-40.1834
 31
0.0
  0
LINE
  5
1FFE
  8
0
 62
1
 10
188.226
 20
-40.1834
 30
0.0
 11
188.8
 21
-40.0692
 31
0.0
  0
LINE
  5
1FFF
  8
0
 62
1
 10
188.8
 20
-40.0692
 30
0.0
 11
189.374
 21
-40.1834
 31
0.0
  0
LINE
  5
2000
  8
0
 62
1
 10
189.374
 20
-40.1834
 30
0.0
 11
189.861
 21
-40.5085
 31
0.0
  0
LINE
  5
2001
  8
0
 62
1
 10
189.861
 20
-40.5085
 30
0.0
 11
190.186
 21
-40.9952
 31
0.0
  0
LINE
  5
2002
  8
0
 62
1
 10
190.186
 20
-40.9952
 30
0.0
 11
190.3
 21
-41.5692
 31
0.0
  0
LINE
  5
2003
  8
0
 62
1
 10
190.3
 20
-41.5692
 30
0.0
 11
190.186
 21
-42.1432
 31
0.0
  0
LINE
  5
2004
  8
0
 62
1
 10
190.186
 20
-42.1432
 30
0.0
 11
189.861
 21
-42.6299
 31
0.0
  0
LINE
  5
2005
  8
0
 62
1
 10
189.861
 20
-42.6299
 30
0.0
 11
189.374
 21
-42.955
 31
0.0
  0
LINE
  5
2006
  8
0
 62
1
 10
189.374
 20
-42.955
 30
0.0
 11
188.8
 21
-43.0692
 31
0.0
  0
LINE
  5
2007
  8
0
 62
1
 10
188.8
 20
-43.0692
 30
0.0
 11
188.226
 21
-42.955
 31
0.0
  0
LINE
  5
2008
  8
0
 62
1
 10
182.226
 20
-42.955
 30
0.0
 11
181.739
 21
-42.6299
 31
0.0
  0
LINE
  5
2009
  8
0
 62
1
 10
181.739
 20
-42.6299
 30
0.0
 11
181.414
 21
-42.1432
 31
0.0
  0
LINE
  5
200A
  8
0
 62
1
 10
181.414
 20
-42.1432
 30
0.0
 11
181.3
 21
-41.5692
 31
0.0
  0
LINE
  5
200B
  8
0
 62
1
 10
181.3
 20
-41.5692
 30
0.0
 11
181.414
 21
-40.9952
 31
0.0
  0
LINE
  5
200C
  8
0
 62
1
 10
181.414
 20
-40.9952
 30
0.0
 11
181.739
 21
-40.5085
 31
0.0
  0
LINE
  5
200D
  8
0
 62
1
 10
181.739
 20
-40.5085
 30
0.0
 11
182.226
 21
-40.1834
 31
0.0
  0
LINE
  5
200E
  8
0
 62
1
 10
182.226
 20
-40.1834
 30
0.0
 11
182.8
 21
-40.0692
 31
0.0
  0
LINE
  5
200F
  8
0
 62
1
 10
182.8
 20
-40.0692
 30
0.0
 11
183.374
 21
-40.1834
 31
0.0
  0
LINE
  5
2010
  8
0
 62
1
 10
183.374
 20
-40.1834
 30
0.0
 11
183.861
 21
-40.5085
 31
0.0
  0
LINE
  5
2011
  8
0
 62
1
 10
183.861
 20
-40.5085
 30
0.0
 11
184.186
 21
-40.9952
 31
0.0
  0
LINE
  5
2012
  8
0
 62
1
 10
184.186
 20
-40.9952
 30
0.0
 11
184.3
 21
-41.5692
 31
0.0
  0
LINE
  5
2013
  8
0
 62
1
 10
184.3
 20
-41.5692
 30
0.0
 11
184.186
 21
-42.1432
 31
0.0
  0
LINE
  5
2014
  8
0
 62
1
 10
184.186
 20
-42.1432
 30
0.0
 11
183.861
 21
-42.6299
 31
0.0
  0
LINE
  5
2015
  8
0
 62
1
 10
183.861
 20
-42.6299
 30
0.0
 11
183.374
 21
-42.955
 31
0.0
  0
LINE
  5
2016
  8
0
 62
1
 10
183.374
 20
-42.955
 30
0.0
 11
182.8
 21
-43.0692
 31
0.0
  0
LINE
  5
2017
  8
0
 62
1
 10
182.8
 20
-43.0692
 30
0.0
 11
182.226
 21
-42.955
 31
0.0
  0
LINE
  5
2018
  8
0
 62
1
 10
176.226
 20
-42.955
 30
0.0
 11
175.739
 21
-42.6299
 31
0.0
  0
LINE
  5
2019
  8
0
 62
1
 10
175.739
 20
-42.6299
 30
0.0
 11
175.414
 21
-42.1432
 31
0.0
  0
LINE
  5
201A
  8
0
 62
1
 10
175.414
 20
-42.1432
 30
0.0
 11
175.3
 21
-41.5692
 31
0.0
  0
LINE
  5
201B
  8
0
 62
1
 10
175.3
 20
-41.5692
 30
0.0
 11
175.414
 21
-40.9952
 31
0.0
  0
LINE
  5
201C
  8
0
 62
1
 10
175.414
 20
-40.9952
 30
0.0
 11
175.739
 21
-40.5085
 31
0.0
  0
LINE
  5
201D
  8
0
 62
1
 10
175.739
 20
-40.5085
 30
0.0
 11
176.226
 21
-40.1834
 31
0.0
  0
LINE
  5
201E
  8
0
 62
1
 10
176.226
 20
-40.1834
 30
0.0
 11
176.8
 21
-40.0692
 31
0.0
  0
LINE
  5
201F
  8
0
 62
1
 10
176.8
 20
-40.0692
 30
0.0
 11
177.374
 21
-40.1834
 31
0.0
  0
LINE
  5
2020
  8
0
 62
1
 10
177.374
 20
-40.1834
 30
0.0
 11
177.861
 21
-40.5085
 31
0.0
  0
LINE
  5
2021
  8
0
 62
1
 10
177.861
 20
-40.5085
 30
0.0
 11
178.186
 21
-40.9952
 31
0.0
  0
LINE
  5
2022
  8
0
 62
1
 10
178.186
 20
-40.9952
 30
0.0
 11
178.3
 21
-41.5692
 31
0.0
  0
LINE
  5
2023
  8
0
 62
1
 10
178.3
 20
-41.5692
 30
0.0
 11
178.186
 21
-42.1432
 31
0.0
  0
LINE
  5
2024
  8
0
 62
1
 10
178.186
 20
-42.1432
 30
0.0
 11
177.861
 21
-42.6299
 31
0.0
  0
LINE
  5
2025
  8
0
 62
1
 10
177.861
 20
-42.6299
 30
0.0
 11
177.374
 21
-42.955
 31
0.0
  0
LINE
  5
2026
  8
0
 62
1
 10
177.374
 20
-42.955
 30
0.0
 11
176.8
 21
-43.0692
 31
0.0
  0
LINE
  5
2027
  8
0
 62
1
 10
176.8
 20
-43.0692
 30
0.0
 11
176.226
 21
-42.955
 31
0.0
  0
ENDSEC
  0
EOF
